"region","species","year","spawners","smoothedSpawners","spawnersAnomaly","spawners_short_trend","spawners_long_trend","runsize","smoothedRunsize","runsizeAnomaly","runsize_short_trend","runsize_long_trend","source_id","datasetversion"
"Yukon","Chinook",1982,35777,35777,-22.3,NA,21.5,162185,162185,73.4,NA,142.8,"JTC_202603","20260910"
"Yukon","Chinook",1983,55250,44460,-3.4,NA,20.7,183136,172342,84.2,NA,134.3,"JTC_202603","20260910"
"Yukon","Chinook",1984,68331,51308,11.5,NA,19.8,138298,160152,71.2,NA,126,"JTC_202603","20260910"
"Yukon","Chinook",1985,39082,47933,4.1,NA,19,158372,159705,70.7,NA,118,"JTC_202603","20260910"
"Yukon","Chinook",1986,49804,48301,4.9,NA,18.1,176175,162871,74.1,NA,110.4,"JTC_202603","20260910"
"Yukon","Chinook",1987,33795,45510,-1.1,NA,17.3,176108,165006,76.4,NA,102.9,"JTC_202603","20260910"
"Yukon","Chinook",1988,49442,48031,4.4,NA,16.5,160326,164690,76,NA,95.8,"JTC_202603","20260910"
"Yukon","Chinook",1989,60545,48769,6,NA,15.7,166594,162111,73.3,NA,88.9,"JTC_202603","20260910"
"Yukon","Chinook",1990,85985,50674,10.1,NA,14.9,178126,169096,80.7,NA,82.2,"JTC_202603","20260910"
"Yukon","Chinook",1991,51662,53086,15.3,NA,14,141490,165948,77.4,NA,75.8,"JTC_202603","20260910"
"Yukon","Chinook",1992,46024,52392,13.8,NA,13.2,179658,166491,78,NA,69.6,"JTC_202603","20260910"
"Yukon","Chinook",1993,55346,56882,23.6,NA,12.5,159529,163770,75.1,NA,63.6,"JTC_202603","20260910"
"Yukon","Chinook",1994,64047,59389,29,NA,11.7,192917,168899,80.5,NA,57.9,"JTC_202603","20260910"
"Yukon","Chinook",1995,69485,60768,32,NA,10.9,214663,176189,88.3,NA,52.3,"JTC_202603","20260910"
"Yukon","Chinook",1996,76425,59586,29.5,NA,10.1,195905,179005,91.3,NA,46.9,"JTC_202603","20260910"
"Yukon","Chinook",1997,83707,64577,40.3,NA,9.3,199464,189549,102.6,NA,41.8,"JTC_202603","20260910"
"Yukon","Chinook",1998,35520,61848,34.4,NA,8.6,97139,171085,82.9,NA,36.8,"JTC_202603","20260910"
"Yukon","Chinook",1999,47002,60186,30.8,NA,7.8,124131,164079,75.4,NA,31.9,"JTC_202603","20260910"
"Yukon","Chinook",2000,21345,50114,8.9,NA,7,53788,132619,41.8,NA,27.3,"JTC_202603","20260910"
"Yukon","Chinook",2001,68219,49961,8.5,NA,6.3,103240,117387,25.5,NA,22.8,"JTC_202603","20260910"
"Yukon","Chinook",2002,48542,46321,0.6,NA,5.5,93774,103823,11,NA,18.5,"JTC_202603","20260910"
"Yukon","Chinook",2003,94909,47301,2.8,NA,4.8,172467,101336,8.3,NA,14.3,"JTC_202603","20260910"
"Yukon","Chinook",2004,55433,50943,10.7,NA,4.1,127492,106035,13.3,NA,10.3,"JTC_202603","20260910"
"Yukon","Chinook",2005,69335,54353,18.1,NA,3.3,131682,107083,14.5,NA,6.4,"JTC_202603","20260910"
"Yukon","Chinook",2006,64261,65313,41.9,NA,2.6,126125,123426,31.9,NA,2.6,"JTC_202603","20260910"
"Yukon","Chinook",2007,36229,58775,27.7,NA,1.9,92824,121258,29.6,NA,-1,"JTC_202603","20260910"
"Yukon","Chinook",2008,33885,55357,20.3,21.2,1.2,69577,115374,23.3,13.3,-4.5,"JTC_202603","20260910"
"Yukon","Chinook",2009,64971,51969,12.9,17.4,0.5,86638,102867,10,6.6,-7.8,"JTC_202603","20260910"
"Yukon","Chinook",2010,32250,47483,3.2,13.7,-0.3,62767,91408,-2.3,0.4,-11.1,"JTC_202603","20260910"
"Yukon","Chinook",2011,47008,44505,-3.3,10.1,-1,70497,82368,-12,-5.5,-14.2,"JTC_202603","20260910"
"Yukon","Chinook",2012,32328,39690,-13.8,6.7,-1.7,51449,70934,-24.2,-11,-17.3,"JTC_202603","20260910"
"Yukon","Chinook",2013,28507,38135,-17.1,3.3,-2.3,39673,61564,-34.2,-16.2,-20.2,"JTC_202603","20260910"
"Yukon","Chinook",2014,63366,42329,-8,0.1,-3,65109,60886,-34.9,-21.1,-23,"JTC_202603","20260910"
"Yukon","Chinook",2015,82700,44066,-4.3,-3.1,-3.7,88362,61087,-34.7,-25.7,-25.7,"JTC_202603","20260910"
"Yukon","Chinook",2016,69171,50042,8.7,-6.1,-4.4,83745,64094,-31.5,-30.1,-28.3,"JTC_202603","20260910"
"Yukon","Chinook",2017,69394,53398,16,-9.1,-5.1,99898,67928,-27.4,-34.2,-30.8,"JTC_202603","20260910"
"Yukon","Chinook",2018,54604,58273,26.6,-12,-5.7,76807,72620,-22.4,-38,-33.3,"JTC_202603","20260910"
"Yukon","Chinook",2019,42149,62197,35.1,-14.7,-6.4,85421,82521,-11.8,-41.7,-35.6,"JTC_202603","20260910"
"Yukon","Chinook",2020,30630,55100,19.7,-17.4,-7,52148,79524,-15,-45.1,-37.9,"JTC_202603","20260910"
"Yukon","Chinook",2021,31512,46915,1.9,-20,-7.7,33250,67570,-27.8,-48.3,-40.1,"JTC_202603","20260910"
"Yukon","Chinook",2022,12004,35039,-23.9,-22.5,-8.3,13336,49747,-46.8,-51.3,-42.2,"JTC_202603","20260910"
"Yukon","Chinook",2023,14580,27016,-41.3,-25,-9,15826,36593,-60.9,-54.2,-44.2,"JTC_202603","20260910"
"Yukon","Chinook",2024,24176,23586,-48.8,-27.4,-9.6,25385,30427,-67.5,-56.8,-46.2,"JTC_202603","20260910"
"Yukon","Chinook",2025,23868,21453,-53.4,-29.6,-10.3,24891,24775,-73.5,-59.4,-48.1,"JTC_202603","20260910"
"Yukon","Chum",1980,22912,22912,-69.8,NA,-28.9,NA,NA,NA,NA,NA,"JTC_202603","20260910"
"Yukon","Chum",1981,47066,32839,-56.8,NA,-27.7,NA,NA,NA,NA,NA,"JTC_202603","20260910"
"Yukon","Chum",1982,31958,32542,-57.2,NA,-26.6,NA,NA,NA,NA,NA,"JTC_202603","20260910"
"Yukon","Chum",1983,90875,42068,-44.6,NA,-25.4,NA,NA,NA,NA,NA,"JTC_202603","20260910"
"Yukon","Chum",1984,56633,52747,-30.6,NA,-24.2,NA,NA,NA,NA,NA,"JTC_202603","20260910"
"Yukon","Chum",1985,62010,56512,-25.6,NA,-23.1,NA,NA,NA,NA,NA,"JTC_202603","20260910"
"Yukon","Chum",1986,87940,72785,-4.2,NA,-21.8,NA,NA,NA,NA,NA,"JTC_202603","20260910"
"Yukon","Chum",1987,80776,70672,-7,NA,-20.6,NA,NA,NA,NA,NA,"JTC_202603","20260910"
"Yukon","Chum",1988,36786,63446,-16.5,NA,-19.3,NA,NA,NA,NA,NA,"JTC_202603","20260910"
"Yukon","Chum",1989,35750,55285,-27.2,NA,-18.1,NA,NA,NA,NA,NA,"JTC_202603","20260910"
"Yukon","Chum",1990,51735,48418,-36.3,NA,-16.8,NA,NA,NA,NA,NA,"JTC_202603","20260910"
"Yukon","Chum",1991,78461,48067,-36.7,NA,-15.5,NA,NA,NA,NA,NA,"JTC_202603","20260910"
"Yukon","Chum",1992,49082,51661,-32,NA,-14.1,NA,NA,NA,NA,NA,"JTC_202603","20260910"
"Yukon","Chum",1993,29743,49339,-35.1,NA,-12.8,NA,NA,NA,NA,NA,"JTC_202603","20260910"
"Yukon","Chum",1994,98358,57935,-23.7,NA,-11.4,NA,NA,NA,NA,NA,"JTC_202603","20260910"
"Yukon","Chum",1995,158092,69025,-9.1,NA,-10,NA,NA,NA,NA,NA,"JTC_202603","20260910"
"Yukon","Chum",1996,122429,86746,14.2,NA,-8.6,NA,NA,NA,NA,NA,"JTC_202603","20260910"
"Yukon","Chum",1997,85419,112925,48.6,NA,-7.1,NA,NA,NA,NA,NA,"JTC_202603","20260910"
"Yukon","Chum",1998,46252,93512,23.1,NA,-5.7,NA,NA,NA,NA,NA,"JTC_202603","20260910"
"Yukon","Chum",1999,58552,72950,-4,NA,-4.2,NA,NA,NA,NA,NA,"JTC_202603","20260910"
"Yukon","Chum",2000,53732,59377,-21.8,NA,-2.6,NA,NA,NA,NA,NA,"JTC_202603","20260910"
"Yukon","Chum",2001,33491,46985,-38.2,NA,-1.1,90100,90100,-28.9,NA,106,"JTC_202603","20260910"
"Yukon","Chum",2002,98621,56776,-25.3,NA,0.5,89900,90000,-29,NA,95.5,"JTC_202603","20260910"
"Yukon","Chum",2003,143133,70993,-6.6,NA,2,170800,111427,-12.1,NA,85.5,"JTC_202603","20260910"
"Yukon","Chum",2004,154080,92384,21.6,NA,3.7,181300,125847,-0.8,NA,76.1,"JTC_202603","20260910"
"Yukon","Chum",2005,437498,175634,131.2,NA,5.3,504500,193587,52.7,NA,67.1,"JTC_202603","20260910"
"Yukon","Chum",2006,220898,214864,182.8,NA,7,284200,258132,103.6,NA,58.6,"JTC_202603","20260910"
"Yukon","Chum",2007,236987,243730,220.8,NA,8.6,278500,291694,130,NA,50.5,"JTC_202603","20260910"
"Yukon","Chum",2008,167898,249020,227.8,NA,10.4,237000,311900,146,NA,42.9,"JTC_202603","20260910"
"Yukon","Chum",2009,93626,169371,122.9,NA,12.1,128000,221361,74.6,NA,35.6,"JTC_202603","20260910"
"Yukon","Chum",2010,117789,144733,90.5,NA,13.9,143000,186436,47,NA,28.7,"JTC_202603","20260910"
"Yukon","Chum",2011,205566,139677,83.9,NA,15.7,326000,193922,52.9,NA,22.1,"JTC_202603","20260910"
"Yukon","Chum",2012,137662,132913,74.9,NA,17.5,238000,194127,53.1,NA,15.9,"JTC_202603","20260910"
"Yukon","Chum",2013,200262,160738,111.6,NA,19.4,303000,240793,89.9,NA,10,"JTC_202603","20260910"
"Yukon","Chum",2014,156796,172653,127.3,263.7,21.3,223000,269082,112.2,307.2,4.4,"JTC_202603","20260910"
"Yukon","Chum",2015,108658,147215,93.8,187.7,23.2,205000,239618,89,205.6,-0.9,"JTC_202603","20260910"
"Yukon","Chum",2016,145267,149208,96.4,127.5,25.1,298000,253472,99.9,129.4,-5.9,"JTC_202603","20260910"
"Yukon","Chum",2017,401585,177556,133.7,79.9,27.1,563000,295935,133.4,72.1,-10.7,"JTC_202603","20260910"
"Yukon","Chum",2018,154126,176795,132.7,42.3,29.1,279000,312983,146.8,29.2,-15.3,"JTC_202603","20260910"
"Yukon","Chum",2019,99866,173105,127.9,12.6,31.1,178000,302125,138.3,-3,-19.6,"JTC_202603","20260910"
"Yukon","Chum",2020,23512,109797,44.5,-11,33.2,25000,162599,28.2,-27.2,-23.7,"JTC_202603","20260910"
"Yukon","Chum",2021,23170,53812,-29.2,-29.6,35.3,23000,73101,-42.4,-45.4,-27.6,"JTC_202603","20260910"
"Yukon","Chum",2022,22034,33089,-56.4,-44.3,37.5,23000,39170,-69.1,-59,-31.3,"JTC_202603","20260910"
"Yukon","Chum",2023,22090,22692,-70.1,-56,39.6,23000,23484,-81.5,-69.2,-34.8,"JTC_202603","20260910"
"Yukon","Chum",2024,16174,20666,-72.8,-65.2,41.8,16000,21005,-83.4,-76.9,-38.1,"JTC_202603","20260910"
"Yukon","Chum",2025,19574,19813,-73.9,-72.5,44.1,20000,20284,-84,-82.7,-41.2,"JTC_202603","20260910"
"Northern Transboundary","Chinook",1976,35587,35587,-36.3,NA,37.4,37937,37937,-44.9,NA,28.3,"PSC_20260819","20260910"
"Northern Transboundary","Chinook",1977,53648,43694,-21.8,NA,35.6,60340,47844,-30.6,NA,27,"PSC_20260819","20260910"
"Northern Transboundary","Chinook",1978,35993,40960,-26.7,NA,33.8,42437,45970,-33.3,NA,25.7,"PSC_20260819","20260910"
"Northern Transboundary","Chinook",1979,51581,43390,-22.3,NA,32.1,65371,50199,-27.1,NA,24.4,"PSC_20260819","20260910"
"Northern Transboundary","Chinook",1980,80530,49102,-12.1,NA,30.4,97363,57311,-16.8,NA,23.1,"PSC_20260819","20260910"
"Northern Transboundary","Chinook",1981,94203,59656,6.8,NA,28.7,106349,70432,2.2,NA,21.9,"PSC_20260819","20260910"
"Northern Transboundary","Chinook",1982,73920,63606,13.9,NA,27,87131,75803,10,NA,20.6,"PSC_20260819","20260910"
"Northern Transboundary","Chinook",1983,26562,59856,7.2,NA,25.3,32827,72008,4.5,NA,19.4,"PSC_20260819","20260910"
"Northern Transboundary","Chinook",1984,41986,57442,2.8,NA,23.7,49852,68209,-1,NA,18.2,"PSC_20260819","20260910"
"Northern Transboundary","Chinook",1985,58040,53800,-3.7,NA,22.1,68905,63652,-7.6,NA,17,"PSC_20260819","20260910"
"Northern Transboundary","Chinook",1986,64069,49808,-10.8,NA,20.5,75540,59443,-13.7,NA,15.8,"PSC_20260819","20260910"
"Northern Transboundary","Chinook",1987,64843,48520,-13.1,NA,18.9,75529,57768,-16.1,NA,14.6,"PSC_20260819","20260910"
"Northern Transboundary","Chinook",1988,90930,62060,11.1,NA,17.4,101364,72381,5.1,NA,13.4,"PSC_20260819","20260910"
"Northern Transboundary","Chinook",1989,74789,69656,24.7,NA,15.8,88301,81148,17.8,NA,12.3,"PSC_20260819","20260910"
"Northern Transboundary","Chinook",1990,83536,74918,34.1,NA,14.3,99870,87401,26.9,NA,11.1,"PSC_20260819","20260910"
"Northern Transboundary","Chinook",1991,86518,79557,42.4,NA,12.8,103042,93000,35,NA,10,"PSC_20260819","20260910"
"Northern Transboundary","Chinook",1992,95791,86014,54,NA,11.4,109375,100148,45.4,NA,8.8,"PSC_20260819","20260910"
"Northern Transboundary","Chinook",1993,139004,93634,67.6,NA,9.9,159203,109612,59.1,NA,7.7,"PSC_20260819","20260910"
"Northern Transboundary","Chinook",1994,97432,98720,76.7,NA,8.5,113045,115163,67.2,NA,6.6,"PSC_20260819","20260910"
"Northern Transboundary","Chinook",1995,75361,96708,73.1,NA,7.1,87328,112114,62.7,NA,5.5,"PSC_20260819","20260910"
"Northern Transboundary","Chinook",1996,123890,103908,86,NA,5.7,142171,119569,73.6,NA,4.5,"PSC_20260819","20260910"
"Northern Transboundary","Chinook",1997,154428,114321,104.7,NA,4.3,177983,131798,91.3,NA,3.4,"PSC_20260819","20260910"
"Northern Transboundary","Chinook",1998,63840,97846,75.2,NA,2.9,72535,112624,63.5,NA,2.3,"PSC_20260819","20260910"
"Northern Transboundary","Chinook",1999,51348,86081,54.1,NA,1.6,64858,100780,46.3,NA,1.3,"PSC_20260819","20260910"
"Northern Transboundary","Chinook",2000,70433,84924,52,NA,0.3,82883,99732,44.8,NA,0.2,"PSC_20260819","20260910"
"Northern Transboundary","Chinook",2001,116772,83925,50.2,NA,-1,130938,98104,42.4,NA,-0.8,"PSC_20260819","20260910"
"Northern Transboundary","Chinook",2002,111488,78631,40.8,NA,-2.3,129102,92002,33.5,NA,-1.8,"PSC_20260819","20260910"
"Northern Transboundary","Chinook",2003,89163,84064,50.5,NA,-3.6,105134,99091,43.8,NA,-2.8,"PSC_20260819","20260910"
"Northern Transboundary","Chinook",2004,131015,101384,81.5,NA,-4.8,157036,118261,71.7,NA,-3.8,"PSC_20260819","20260910"
"Northern Transboundary","Chinook",2005,82948,104755,87.5,NA,-6.1,149459,133062,93.1,NA,-4.8,"PSC_20260819","20260910"
"Northern Transboundary","Chinook",2006,68917,94270,68.8,NA,-7.3,119638,130681,89.7,NA,-5.8,"PSC_20260819","20260910"
"Northern Transboundary","Chinook",2007,32136,73506,31.6,NA,-8.5,67783,114882,66.8,NA,-6.7,"PSC_20260819","20260910"
"Northern Transboundary","Chinook",2008,46882,64638,15.7,NA,-9.7,73046,106812,55,NA,-7.7,"PSC_20260819","20260910"
"Northern Transboundary","Chinook",2009,41972,51478,-7.8,NA,-10.9,68672,90527,31.4,NA,-8.6,"PSC_20260819","20260910"
"Northern Transboundary","Chinook",2010,53443,47145,-15.6,NA,-12.1,73308,78506,14,NA,-9.6,"PSC_20260819","20260910"
"Northern Transboundary","Chinook",2011,41033,42501,-23.9,-20.7,-13.2,59372,68241,-0.9,-1.2,-10.5,"PSC_20260819","20260910"
"Northern Transboundary","Chinook",2012,42072,44854,-19.7,-23.8,-14.3,63047,67260,-2.4,-7.7,-11.4,"PSC_20260819","20260910"
"Northern Transboundary","Chinook",2013,39778,43403,-22.3,-26.8,-15.4,51631,62750,-8.9,-13.7,-12.3,"PSC_20260819","20260910"
"Northern Transboundary","Chinook",2014,51263,45174,-19.1,-29.6,-16.5,64820,62030,-10,-19.3,-13.2,"PSC_20260819","20260910"
"Northern Transboundary","Chinook",2015,50861,44729,-19.9,-32.4,-17.6,63594,60292,-12.5,-24.5,-14.1,"PSC_20260819","20260910"
"Northern Transboundary","Chinook",2016,22245,39574,-29.2,-35,-18.7,32480,53440,-22.4,-29.5,-15,"PSC_20260819","20260910"
"Northern Transboundary","Chinook",2017,17290,33126,-40.7,-37.6,-19.8,22602,43527,-36.8,-34,-15.9,"PSC_20260819","20260910"
"Northern Transboundary","Chinook",2018,20222,28934,-48.2,-40,-20.8,22375,36824,-46.5,-38.3,-16.7,"PSC_20260819","20260910"
"Northern Transboundary","Chinook",2019,31694,26281,-53,-42.3,-21.8,34113,32387,-53,-42.4,-17.6,"PSC_20260819","20260910"
"Northern Transboundary","Chinook",2020,30676,23753,-57.5,-44.6,-22.9,33039,28412,-58.8,-46.1,-18.4,"PSC_20260819","20260910"
"Northern Transboundary","Chinook",2021,25279,24369,-56.4,-46.8,-23.9,27690,27519,-60.1,-49.6,-19.2,"PSC_20260819","20260910"
"Northern Transboundary","Chinook",2022,25163,26268,-53,-48.8,-24.9,28882,28902,-58,-52.9,-20.1,"PSC_20260819","20260910"
"Northern Transboundary","Chinook",2023,31551,28712,-48.6,-50.8,-25.8,34528,31522,-54.2,-56,-20.9,"PSC_20260819","20260910"
"Northern Transboundary","Chinook",2024,39124,29947,-46.4,-52.8,-26.8,42449,32931,-52.2,-58.8,-21.7,"PSC_20260819","20260910"
"Northern Transboundary","Chinook",2025,63916,34683,-37.9,-54.6,-27.8,65388,37748,-45.2,-61.5,-22.5,"Foos_20260708","20260910"
"Northern Transboundary","Sockeye",1984,138183,138183,-1.9,NA,-10.5,236171,236171,-26.1,NA,-4.4,"Foos_20250415","20260910"
"Northern Transboundary","Sockeye",1985,234057,179841,27.7,NA,-10.1,379306,299301,-6.4,NA,-4.2,"Foos_20250415","20260910"
"Northern Transboundary","Sockeye",1986,122211,158111,12.2,NA,-9.7,222060,270954,-15.2,NA,-4.1,"Foos_20250415","20260910"
"Northern Transboundary","Sockeye",1987,74490,130993,-7,NA,-9.2,158700,237037,-25.8,NA,-4,"Foos_20250415","20260910"
"Northern Transboundary","Sockeye",1988,71968,116205,-17.5,NA,-8.8,130440,210346,-34.2,NA,-3.8,"Foos_20250415","20260910"
"Northern Transboundary","Sockeye",1989,121408,113236,-19.6,NA,-8.4,240710,211149,-33.9,NA,-3.7,"Foos_20250415","20260910"
"Northern Transboundary","Sockeye",1990,95651,94680,-32.8,NA,-7.9,257896,195470,-38.8,NA,-3.5,"Foos_20250415","20260910"
"Northern Transboundary","Sockeye",1991,180097,102314,-27.4,NA,-7.5,369111,216380,-32.3,NA,-3.4,"Foos_20250415","20260910"
"Northern Transboundary","Sockeye",1992,200572,124730,-11.5,NA,-7.1,459886,267689,-16.3,NA,-3.2,"Foos_20250415","20260910"
"Northern Transboundary","Sockeye",1993,188717,151253,7.4,NA,-6.6,522404,353306,10.5,NA,-3.1,"Foos_20250415","20260910"
"Northern Transboundary","Sockeye",1994,140978,155842,10.6,NA,-6.2,402678,391600,22.5,NA,-2.9,"Foos_20250415","20260910"
"Northern Transboundary","Sockeye",1995,153130,171222,21.5,NA,-5.7,422415,432217,35.2,NA,-2.8,"Foos_20250415","20260910"
"Northern Transboundary","Sockeye",1996,154326,166015,17.8,NA,-5.3,664966,486217,52.1,NA,-2.6,"Foos_20250415","20260910"
"Northern Transboundary","Sockeye",1997,109225,147013,4.4,NA,-4.8,384541,469125,46.8,NA,-2.5,"Foos_20250415","20260910"
"Northern Transboundary","Sockeye",1998,88825,126445,-10.2,NA,-4.4,240671,401765,25.7,NA,-2.4,"Foos_20250415","20260910"
"Northern Transboundary","Sockeye",1999,86881,114777,-18.5,NA,-3.9,277273,372874,16.7,NA,-2.2,"Foos_20250415","20260910"
"Northern Transboundary","Sockeye",2000,80281,100871,-28.4,NA,-3.5,298910,347955,8.9,NA,-2.1,"Foos_20250415","20260910"
"Northern Transboundary","Sockeye",2001,165287,102265,-27.4,NA,-3,473675,325131,1.7,NA,-1.9,"Foos_20250415","20260910"
"Northern Transboundary","Sockeye",2002,117181,103713,-26.4,NA,-2.6,297106,308782,-3.4,NA,-1.8,"Foos_20250415","20260910"
"Northern Transboundary","Sockeye",2003,234996,125991,-10.6,NA,-2.1,522635,360585,12.8,NA,-1.6,"Foos_20250415","20260910"
"Northern Transboundary","Sockeye",2004,176091,145111,3,NA,-1.6,485099,403266,26.2,NA,-1.5,"Foos_20250415","20260910"
"Northern Transboundary","Sockeye",2005,146441,163648,16.2,NA,-1.2,396009,426604,33.5,NA,-1.3,"Foos_20250415","20260910"
"Northern Transboundary","Sockeye",2006,188583,168021,19.3,NA,-0.7,456770,423515,32.5,NA,-1.2,"Foos_20250415","20260910"
"Northern Transboundary","Sockeye",2007,117493,168110,19.3,NA,-0.2,351488,437994,37,NA,-1,"Foos_20250415","20260910"
"Northern Transboundary","Sockeye",2008,121020,147216,4.5,NA,0.2,302963,392741,22.9,NA,-0.9,"Foos_20250415","20260910"
"Northern Transboundary","Sockeye",2009,147621,142114,0.9,NA,0.7,320513,361501,13.1,NA,-0.7,"Foos_20250415","20260910"
"Northern Transboundary","Sockeye",2010,117322,135950,-3.5,NA,1.2,282268,337832,5.7,NA,-0.6,"Foos_20250415","20260910"
"Northern Transboundary","Sockeye",2011,151037,130046,-7.7,-12,1.7,384488,326391,2.1,0.1,-0.4,"Foos_20250415","20260910"
"Northern Transboundary","Sockeye",2012,141657,135002,-4.2,-9.8,2.1,287578,313550,-1.9,-1.2,-0.3,"Foos_20250415","20260910"
"Northern Transboundary","Sockeye",2013,108138,131997,-6.3,-7.6,2.6,300261,312989,-2.1,-2.4,-0.1,"Foos_20250415","20260910"
"Northern Transboundary","Sockeye",2014,132590,129193,-8.3,-5.3,3.1,252455,298399,-6.6,-3.7,0,"Foos_20250415","20260910"
"Northern Transboundary","Sockeye",2015,184720,141470,0.4,-3,3.6,341090,309912,-3,-4.9,0.2,"Foos_20250415","20260910"
"Northern Transboundary","Sockeye",2016,187927,147790,4.9,-0.6,4.1,474002,323160,1.1,-6.2,0.3,"Foos_20250415","20260910"
"Northern Transboundary","Sockeye",2017,108640,140151,-0.5,1.9,4.6,282606,322035,0.7,-7.4,0.5,"Foos_20250415","20260910"
"Northern Transboundary","Sockeye",2018,113093,141413,0.4,4.4,5.1,193079,294815,-7.8,-8.6,0.6,"Foos_20250415","20260910"
"Northern Transboundary","Sockeye",2019,137972,142543,1.2,7,5.6,258564,296228,-7.3,-9.8,0.8,"Foos_20250415","20260910"
"Northern Transboundary","Sockeye",2020,127606,132378,-6,9.6,6.1,169547,257579,-19.4,-10.9,0.9,"Foos_20250415","20260910"
"Northern Transboundary","Sockeye",2021,233806,138289,-1.8,12.3,6.6,303861,235662,-26.3,-12.1,1.1,"Foos_20250415","20260910"
"Northern Transboundary","Sockeye",2022,198127,155948,10.7,15.1,7.1,344269,245151,-23.3,-13.2,1.2,"Foos_20250415","20260910"
"Northern Transboundary","Sockeye",2023,159158,166977,18.5,18,7.6,257160,259613,-18.8,-14.3,1.4,"Foos_20250415","20260910"
"Northern Transboundary","Sockeye",2024,242586,186927,32.7,20.9,8.1,387708,281523,-11.9,-15.4,1.5,"Foos_20250415","20260910"
"Northern Transboundary","Sockeye",2025,209640,206440,46.5,23.9,8.6,379996,330835,3.5,-16.5,1.7,"Foos_20250415","20260910"
"Northern Transboundary","Coho",1987,55457,55457,-29.1,NA,-9.5,NA,NA,NA,NA,NA,"Foos_20250415","20260910"
"Northern Transboundary","Coho",1988,39450,46774,-40.2,NA,-9.1,NA,NA,NA,NA,NA,"Foos_20250415","20260910"
"Northern Transboundary","Coho",1989,56808,49904,-36.2,NA,-8.6,NA,NA,NA,NA,NA,"Foos_20250415","20260910"
"Northern Transboundary","Coho",1990,72196,54731,-30.1,NA,-8.2,NA,NA,NA,NA,NA,"Foos_20250415","20260910"
"Northern Transboundary","Coho",1991,127484,64815,-17.2,NA,-7.7,NA,NA,NA,NA,NA,"Foos_20250415","20260910"
"Northern Transboundary","Coho",1992,83729,70382,-10.1,NA,-7.3,164015,164015,46.4,NA,26.5,"Foos_20250415","20260910"
"Northern Transboundary","Coho",1993,119330,87822,12.2,NA,-6.9,159667,161826,44.4,NA,25,"Foos_20250415","20260910"
"Northern Transboundary","Coho",1994,96343,97607,24.7,NA,-6.4,212328,177161,58.1,NA,23.6,"Foos_20250415","20260910"
"Northern Transboundary","Coho",1995,55710,92676,18.4,NA,-6,128688,163554,46,NA,22.1,"Foos_20250415","20260910"
"Northern Transboundary","Coho",1996,44635,75130,-4,NA,-5.5,66706,136698,22,NA,20.7,"Foos_20250415","20260910"
"Northern Transboundary","Coho",1997,32345,62115,-20.6,NA,-5.1,41514,103854,-7.3,NA,19.2,"Foos_20250415","20260910"
"Northern Transboundary","Coho",1998,61382,54382,-30.5,NA,-4.6,83514,91229,-18.6,NA,17.8,"Foos_20250415","20260910"
"Northern Transboundary","Coho",1999,60768,49594,-36.6,NA,-4.1,75352,74157,-33.8,NA,16.4,"Foos_20250415","20260910"
"Northern Transboundary","Coho",2000,64700,51100,-34.7,NA,-3.7,81667,67710,-39.6,NA,15,"Foos_20250415","20260910"
"Northern Transboundary","Coho",2001,104394,60565,-22.6,NA,-3.2,119232,76050,-32.1,NA,13.7,"Foos_20250415","20260910"
"Northern Transboundary","Coho",2002,219360,88816,13.5,NA,-2.8,256400,109457,-2.3,NA,12.3,"Foos_20250415","20260910"
"Northern Transboundary","Coho",2003,183112,110516,41.2,NA,-2.3,211894,131860,17.7,NA,11,"Foos_20250415","20260910"
"Northern Transboundary","Coho",2004,129327,128537,64.3,NA,-1.8,164909,154221,37.7,NA,9.7,"Foos_20250415","20260910"
"Northern Transboundary","Coho",2005,135558,149030,90.4,NA,-1.4,165535,177629,58.5,NA,8.4,"Foos_20250415","20260910"
"Northern Transboundary","Coho",2006,122384,153845,96.6,NA,-0.9,170223,190738,70.2,NA,7.1,"Foos_20250415","20260910"
"Northern Transboundary","Coho",2007,74246,123876,58.3,NA,-0.4,98936,157661,40.7,NA,5.8,"Foos_20250415","20260910"
"Northern Transboundary","Coho",2008,95226,108691,38.9,NA,0.1,123589,141546,26.3,NA,4.6,"Foos_20250415","20260910"
"Northern Transboundary","Coho",2009,103950,104045,33,NA,0.6,156662,140101,25,NA,3.4,"Foos_20250415","20260910"
"Northern Transboundary","Coho",2010,126830,102669,31.2,NA,1,196492,144988,29.4,NA,2.1,"Foos_20250415","20260910"
"Northern Transboundary","Coho",2011,70871,92042,17.6,13.9,1.5,92742,128406,14.6,12.7,0.9,"Foos_20250415","20260910"
"Northern Transboundary","Coho",2012,70775,91165,16.5,11,2,96401,127741,14,9.3,-0.3,"Foos_20250415","20260910"
"Northern Transboundary","Coho",2013,68117,85257,8.9,8.2,2.5,103792,123358,10.1,6.1,-1.5,"Foos_20250415","20260910"
"Northern Transboundary","Coho",2014,124171,88342,12.9,5.4,3,171888,125667,12.2,2.9,-2.6,"Foos_20250415","20260910"
"Northern Transboundary","Coho",2015,60178,76105,-2.7,2.8,3.5,79919,104974,-6.3,-0.2,-3.8,"Foos_20250415","20260910"
"Northern Transboundary","Coho",2016,87704,79419,1.5,0.2,4,111217,108858,-2.8,-3.1,-4.9,"Foos_20250415","20260910"
"Northern Transboundary","Coho",2017,57868,76284,-2.5,-2.4,4.5,78056,104358,-6.9,-6,-6,"Foos_20250415","20260910"
"Northern Transboundary","Coho",2018,51173,72043,-7.9,-4.9,5,85485,100386,-10.4,-8.8,-7.2,"Foos_20250415","20260910"
"Northern Transboundary","Coho",2019,82759,66428,-15.1,-7.3,5.5,105110,90981,-18.8,-11.5,-8.3,"Foos_20250415","20260910"
"Northern Transboundary","Coho",2020,52063,64531,-17.5,-9.6,6,61935,86459,-22.8,-14.2,-9.3,"Foos_20250415","20260910"
"Northern Transboundary","Coho",2021,75526,62630,-20,-11.9,6.5,100032,84646,-24.4,-16.7,-10.4,"Foos_20250415","20260910"
"Northern Transboundary","Coho",2022,66034,64306,-17.8,-14.1,7,90441,87176,-22.2,-19.2,-11.5,"Foos_20250415","20260910"
"Northern Transboundary","Coho",2023,89022,71836,-8.2,-16.3,7.5,117931,92970,-17,-21.6,-12.5,"Foos_20250415","20260910"
"Northern Transboundary","Coho",2024,64996,68447,-12.5,-18.4,8,93635,90845,-18.9,-24,-13.6,"Foos_20250415","20260910"
"Northern Transboundary","Coho",2025,47568,67222,-14.1,-20.5,8.6,67181,92334,-17.6,-26.2,-14.6,"Foos_20250415","20260910"
"Northern Transboundary","Pink",1984,27345,27346,205.4,NA,78.1,NA,NA,NA,NA,NA,"Foos_20260708","20260910"
"Northern Transboundary","Pink",1985,35719,31253,249.1,NA,73.2,NA,NA,NA,NA,NA,"Foos_20260708","20260910"
"Northern Transboundary","Pink",1986,12575,21193,136.7,NA,68.5,NA,NA,NA,NA,NA,"Foos_20260708","20260910"
"Northern Transboundary","Pink",1987,55232,26354,194.4,NA,63.9,NA,NA,NA,NA,NA,"Foos_20260708","20260910"
"Northern Transboundary","Pink",1988,3816,14518,62.2,NA,59.4,NA,NA,NA,NA,NA,"Foos_20260708","20260910"
"Northern Transboundary","Pink",1989,26304,10019,11.9,NA,55.1,NA,NA,NA,NA,NA,"Foos_20260708","20260910"
"Northern Transboundary","Pink",1990,11735,17570,96.2,NA,50.8,NA,NA,NA,NA,NA,"Foos_20260708","20260910"
"Northern Transboundary","Pink",1991,22920,16401,83.2,NA,46.7,NA,NA,NA,NA,NA,"Foos_20260708","20260910"
"Northern Transboundary","Pink",1992,12067,16630,85.7,NA,42.7,NA,NA,NA,NA,NA,"Foos_20260708","20260910"
"Northern Transboundary","Pink",1993,1869,4749,-47,NA,38.8,NA,NA,NA,NA,NA,"Foos_20260708","20260910"
"Northern Transboundary","Pink",1994,32965,7849,-12.3,NA,35,NA,NA,NA,NA,NA,"Foos_20260708","20260910"
"Northern Transboundary","Pink",1995,1473,6969,-22.2,NA,31.3,NA,NA,NA,NA,NA,"Foos_20260708","20260910"
"Northern Transboundary","Pink",1996,19365,5341,-40.3,NA,27.7,NA,NA,NA,NA,NA,"Foos_20260708","20260910"
"Northern Transboundary","Pink",1997,4130,8943,-0.1,NA,24.3,NA,NA,NA,NA,NA,"Foos_20260708","20260910"
"Northern Transboundary","Pink",1998,21559,9436,5.4,NA,20.9,NA,NA,NA,NA,NA,"Foos_20260708","20260910"
"Northern Transboundary","Pink",1999,19307,20402,127.9,NA,17.6,NA,NA,NA,NA,NA,"Foos_20260708","20260910"
"Northern Transboundary","Pink",2000,5036,9861,10.1,NA,14.3,NA,NA,NA,NA,NA,"Foos_20260708","20260910"
"Northern Transboundary","Pink",2001,6961,5921,-33.9,NA,11.2,NA,NA,NA,NA,NA,"Foos_20260708","20260910"
"Northern Transboundary","Pink",2002,4297,5469,-38.9,NA,8.2,NA,NA,NA,NA,NA,"Foos_20260708","20260910"
"Northern Transboundary","Pink",2003,11395,6997,-21.8,NA,5.2,NA,NA,NA,NA,NA,"Foos_20260708","20260910"
"Northern Transboundary","Pink",2004,6692,8732,-2.5,NA,2.4,NA,NA,NA,NA,NA,"Foos_20260708","20260910"
"Northern Transboundary","Pink",2005,12218,9042,1,NA,-0.4,NA,NA,NA,NA,NA,"Foos_20260708","20260910"
"Northern Transboundary","Pink",2006,17177,14487,61.8,NA,-3.2,NA,NA,NA,NA,NA,"Foos_20260708","20260910"
"Northern Transboundary","Pink",2007,9932,13062,45.9,NA,-5.8,NA,NA,NA,NA,NA,"Foos_20260708","20260910"
"Northern Transboundary","Pink",2008,3629,6003,-32.9,NA,-8.4,NA,NA,NA,NA,NA,"Foos_20260708","20260910"
"Northern Transboundary","Pink",2009,7441,5196,-42,NA,-10.9,NA,NA,NA,NA,NA,"Foos_20260708","20260910"
"Northern Transboundary","Pink",2010,7146,7292,-18.6,NA,-13.3,NA,NA,NA,NA,NA,"Foos_20260708","20260910"
"Northern Transboundary","Pink",2011,13967,9990,11.6,NA,-15.7,NA,NA,NA,NA,NA,"Foos_20260708","20260910"
"Northern Transboundary","Pink",2012,6246,9340,4.3,NA,-18,NA,NA,NA,NA,NA,"Foos_20260708","20260910"
"Northern Transboundary","Pink",2013,6864,6548,-26.9,NA,-20.2,NA,NA,NA,NA,NA,"Foos_20260708","20260910"
"Northern Transboundary","Pink",2014,1902,3614,-59.6,NA,-22.4,NA,NA,NA,NA,NA,"Foos_20260708","20260910"
"Northern Transboundary","Pink",2015,19413,6077,-32.1,NA,-24.5,NA,NA,NA,NA,NA,"Foos_20260708","20260910"
"Northern Transboundary","Pink",2016,1170,4766,-46.8,NA,-26.6,NA,NA,NA,NA,NA,"Foos_20260708","20260910"
"Northern Transboundary","Pink",2017,17227,4490,-49.9,NA,-28.6,NA,NA,NA,NA,NA,"Foos_20260708","20260910"
"Northern Transboundary","Pink",2018,2694,6812,-23.9,NA,-30.5,NA,NA,NA,NA,NA,"Foos_20260708","20260910"
"Northern Transboundary","Pink",2019,22521,7789,-13,NA,-32.4,NA,NA,NA,NA,NA,"Foos_20260708","20260910"
"Northern Transboundary","Pink",2020,6245,11859,32.5,88.5,-34.3,NA,NA,NA,NA,NA,"Foos_20260708","20260910"
"Northern Transboundary","Pink",2021,40913,15984,78.5,35,-36.1,NA,NA,NA,NA,NA,"Foos_20260708","20260910"
"Northern Transboundary","Pink",2022,2710,10529,17.6,-3.2,-37.8,NA,NA,NA,NA,NA,"Foos_20260708","20260910"
"Northern Transboundary","Pink",2023,18323,7046,-21.3,-30.7,-39.5,NA,NA,NA,NA,NA,"Foos_20260708","20260910"
"Northern Transboundary","Pink",2024,733,3665,-59.1,-50.3,-41.2,NA,NA,NA,NA,NA,"Foos_20260708","20260910"
"Northern Transboundary","Pink",2025,12398,3015,-66.3,-64.4,-42.8,NA,NA,NA,NA,NA,"Foos_20260708","20260910"
"Northern Transboundary","Chum",1984,416,416,78.9,NA,203.3,NA,NA,NA,NA,NA,"Foos_20260708","20260910"
"Northern Transboundary","Chum",1985,1776,860,269.5,NA,188.1,NA,NA,NA,NA,NA,"Foos_20260708","20260910"
"Northern Transboundary","Chum",1986,139,468,101.1,NA,173.7,NA,NA,NA,NA,NA,"Foos_20260708","20260910"
"Northern Transboundary","Chum",1987,1979,671,188.4,NA,160,NA,NA,NA,NA,NA,"Foos_20260708","20260910"
"Northern Transboundary","Chum",1988,1044,844,262.8,NA,147,NA,NA,NA,NA,NA,"Foos_20260708","20260910"
"Northern Transboundary","Chum",1989,544,628,169.9,NA,134.7,NA,NA,NA,NA,NA,"Foos_20260708","20260910"
"Northern Transboundary","Chum",1990,657,927,298.3,NA,123,NA,NA,NA,NA,NA,"Foos_20260708","20260910"
"Northern Transboundary","Chum",1991,1034,788,238.6,NA,111.8,NA,NA,NA,NA,NA,"Foos_20260708","20260910"
"Northern Transboundary","Chum",1992,246,550,136.1,NA,101.2,NA,NA,NA,NA,NA,"Foos_20260708","20260910"
"Northern Transboundary","Chum",1993,397,508,118.2,NA,91.2,NA,NA,NA,NA,NA,"Foos_20260708","20260910"
"Northern Transboundary","Chum",1994,446,461,98.1,NA,81.6,NA,NA,NA,NA,NA,"Foos_20260708","20260910"
"Northern Transboundary","Chum",1995,188,301,29.3,NA,72.6,NA,NA,NA,NA,NA,"Foos_20260708","20260910"
"Northern Transboundary","Chum",1996,348,328,40.9,NA,63.9,NA,NA,NA,NA,NA,"Foos_20260708","20260910"
"Northern Transboundary","Chum",1997,404,329,41.5,NA,55.7,NA,NA,NA,NA,NA,"Foos_20260708","20260910"
"Northern Transboundary","Chum",1998,165,257,10.4,NA,48,NA,NA,NA,NA,NA,"Foos_20260708","20260910"
"Northern Transboundary","Chum",1999,135,236,1.6,NA,40.6,NA,NA,NA,NA,NA,"Foos_20260708","20260910"
"Northern Transboundary","Chum",2000,326,233,0,NA,33.5,NA,NA,NA,NA,NA,"Foos_20260708","20260910"
"Northern Transboundary","Chum",2001,191,193,-17.1,NA,26.9,NA,NA,NA,NA,NA,"Foos_20260708","20260910"
"Northern Transboundary","Chum",2002,155,190,-18.4,NA,20.5,NA,NA,NA,NA,NA,"Foos_20260708","20260910"
"Northern Transboundary","Chum",2003,197,209,-10.2,NA,14.5,NA,NA,NA,NA,NA,"Foos_20260708","20260910"
"Northern Transboundary","Chum",2004,327,209,-10.2,NA,8.8,NA,NA,NA,NA,NA,"Foos_20260708","20260910"
"Northern Transboundary","Chum",2005,199,211,-9.2,NA,3.4,NA,NA,NA,NA,NA,"Foos_20260708","20260910"
"Northern Transboundary","Chum",2006,368,262,12.7,NA,-1.8,NA,NA,NA,NA,NA,"Foos_20260708","20260910"
"Northern Transboundary","Chum",2007,386,310,33.3,NA,-6.7,NA,NA,NA,NA,NA,"Foos_20260708","20260910"
"Northern Transboundary","Chum",2008,270,296,27,NA,-11.4,NA,NA,NA,NA,NA,"Foos_20260708","20260910"
"Northern Transboundary","Chum",2009,186,291,24.9,NA,-15.8,NA,NA,NA,NA,NA,"Foos_20260708","20260910"
"Northern Transboundary","Chum",2010,76,196,-15.9,NA,-20,NA,NA,NA,NA,NA,"Foos_20260708","20260910"
"Northern Transboundary","Chum",2011,139,152,-34.8,NA,-24,NA,NA,NA,NA,NA,"Foos_20260708","20260910"
"Northern Transboundary","Chum",2012,249,149,-36.2,NA,-27.8,NA,NA,NA,NA,NA,"Foos_20260708","20260910"
"Northern Transboundary","Chum",2013,396,180,-22.9,NA,-31.4,NA,NA,NA,NA,NA,"Foos_20260708","20260910"
"Northern Transboundary","Chum",2014,242,240,3.1,-29.7,-34.8,NA,NA,NA,NA,NA,"Foos_20260708","20260910"
"Northern Transboundary","Chum",2015,76,206,-11.4,-33.9,-38.1,NA,NA,NA,NA,NA,"Foos_20260708","20260910"
"Northern Transboundary","Chum",2016,56,142,-38.8,-37.9,-41.2,NA,NA,NA,NA,NA,"Foos_20260708","20260910"
"Northern Transboundary","Chum",2017,220,123,-47.2,-41.6,-44.1,NA,NA,NA,NA,NA,"Foos_20260708","20260910"
"Northern Transboundary","Chum",2018,54,84,-63.7,-45.1,-46.9,NA,NA,NA,NA,NA,"Foos_20260708","20260910"
"Northern Transboundary","Chum",2019,157,101,-56.6,-48.4,-49.6,NA,NA,NA,NA,NA,"Foos_20260708","20260910"
"Northern Transboundary","Chum",2020,58,102,-56.3,-51.5,-52.1,NA,NA,NA,NA,NA,"Foos_20260708","20260910"
"Northern Transboundary","Chum",2021,44,68,-70.7,-54.4,-54.5,NA,NA,NA,NA,NA,"Foos_20260708","20260910"
"Northern Transboundary","Chum",2022,199,94,-59.4,-57.1,-56.8,NA,NA,NA,NA,NA,"Foos_20260708","20260910"
"Northern Transboundary","Chum",2023,157,95,-59.4,-59.7,-58.9,NA,NA,NA,NA,NA,"Foos_20260708","20260910"
"Northern Transboundary","Chum",2024,88,105,-54.9,-62.1,-61,NA,NA,NA,NA,NA,"Foos_20260708","20260910"
"Northern Transboundary","Chum",2025,103,130,-44.2,-64.4,-62.9,NA,NA,NA,NA,NA,"Foos_20260708","20260910"
"Northern Transboundary","Steelhead",1987,44,44,-3.7,NA,41.9,NA,NA,NA,NA,NA,"Foos_20260708","20260910"
"Northern Transboundary","Steelhead",1988,33,38,-17.1,NA,39.4,NA,NA,NA,NA,NA,"Foos_20260708","20260910"
"Northern Transboundary","Steelhead",1989,32,36,-21.5,NA,36.8,NA,NA,NA,NA,NA,"Foos_20260708","20260910"
"Northern Transboundary","Steelhead",1990,38,36,-20.4,NA,34.4,NA,NA,NA,NA,NA,"Foos_20260708","20260910"
"Northern Transboundary","Steelhead",1991,134,47,3.3,NA,31.9,NA,NA,NA,NA,NA,"Foos_20260708","20260910"
"Northern Transboundary","Steelhead",1992,29,43,-5,NA,29.5,NA,NA,NA,NA,NA,"Foos_20260708","20260910"
"Northern Transboundary","Steelhead",1993,18,39,-15.3,NA,27.2,NA,NA,NA,NA,NA,"Foos_20260708","20260910"
"Northern Transboundary","Steelhead",1994,130,51,12.1,NA,24.9,NA,NA,NA,NA,NA,"Foos_20260708","20260910"
"Northern Transboundary","Steelhead",1995,52,55,19.8,NA,22.6,NA,NA,NA,NA,NA,"Foos_20260708","20260910"
"Northern Transboundary","Steelhead",1996,61,47,2.2,NA,20.4,NA,NA,NA,NA,NA,"Foos_20260708","20260910"
"Northern Transboundary","Steelhead",1997,86,58,27.2,NA,18.2,NA,NA,NA,NA,NA,"Foos_20260708","20260910"
"Northern Transboundary","Steelhead",1998,110,83,82.1,NA,16.1,NA,NA,NA,NA,NA,"Foos_20260708","20260910"
"Northern Transboundary","Steelhead",1999,98,78,71.8,NA,14,NA,NA,NA,NA,NA,"Foos_20260708","20260910"
"Northern Transboundary","Steelhead",2000,123,93,103.8,NA,11.9,NA,NA,NA,NA,NA,"Foos_20260708","20260910"
"Northern Transboundary","Steelhead",2001,95,102,122.9,NA,9.9,NA,NA,NA,NA,NA,"Foos_20260708","20260910"
"Northern Transboundary","Steelhead",2002,66,96,111.5,NA,7.9,NA,NA,NA,NA,NA,"Foos_20260708","20260910"
"Northern Transboundary","Steelhead",2003,68,88,92.4,NA,5.9,NA,NA,NA,NA,NA,"Foos_20260708","20260910"
"Northern Transboundary","Steelhead",2004,50,77,68,NA,4,NA,NA,NA,NA,NA,"Foos_20260708","20260910"
"Northern Transboundary","Steelhead",2005,61,66,45.9,NA,2.1,NA,NA,NA,NA,NA,"Foos_20260708","20260910"
"Northern Transboundary","Steelhead",2006,37,55,20.9,NA,0.3,NA,NA,NA,NA,NA,"Foos_20260708","20260910"
"Northern Transboundary","Steelhead",2007,46,51,12.3,NA,-1.5,NA,NA,NA,NA,NA,"Foos_20260708","20260910"
"Northern Transboundary","Steelhead",2008,NA,48,4.4,NA,-3.3,NA,NA,NA,NA,NA,"Foos_20260708","20260910"
"Northern Transboundary","Steelhead",2009,42,46,0,NA,-5.1,NA,NA,NA,NA,NA,"Foos_20260708","20260910"
"Northern Transboundary","Steelhead",2010,142,56,23.7,NA,-6.8,NA,NA,NA,NA,NA,"Foos_20260708","20260910"
"Northern Transboundary","Steelhead",2011,73,67,46.3,5.2,-8.5,NA,NA,NA,NA,NA,"Foos_20260708","20260910"
"Northern Transboundary","Steelhead",2012,26,58,26.8,-0.5,-10.2,NA,NA,NA,NA,NA,"Foos_20260708","20260910"
"Northern Transboundary","Steelhead",2013,16,45,-1.7,-5.9,-11.8,NA,NA,NA,NA,NA,"Foos_20260708","20260910"
"Northern Transboundary","Steelhead",2014,117,55,20.9,-11,-13.4,NA,NA,NA,NA,NA,"Foos_20260708","20260910"
"Northern Transboundary","Steelhead",2015,38,42,-7.4,-15.8,-15,NA,NA,NA,NA,NA,"Foos_20260708","20260910"
"Northern Transboundary","Steelhead",2016,11,29,-36.4,-20.4,-16.5,NA,NA,NA,NA,NA,"Foos_20260708","20260910"
"Northern Transboundary","Steelhead",2017,9,24,-48.2,-24.7,-18,NA,NA,NA,NA,NA,"Foos_20260708","20260910"
"Northern Transboundary","Steelhead",2018,20,25,-45.8,-28.8,-19.5,NA,NA,NA,NA,NA,"Foos_20260708","20260910"
"Northern Transboundary","Steelhead",2019,31,19,-58.5,-32.6,-21,NA,NA,NA,NA,NA,"Foos_20260708","20260910"
"Northern Transboundary","Steelhead",2020,25,17,-61.8,-36.3,-22.4,NA,NA,NA,NA,NA,"Foos_20260708","20260910"
"Northern Transboundary","Steelhead",2021,24,20,-55.5,-39.7,-23.8,NA,NA,NA,NA,NA,"Foos_20260708","20260910"
"Northern Transboundary","Steelhead",2022,52,29,-37,-43,-25.2,NA,NA,NA,NA,NA,"Foos_20260708","20260910"
"Northern Transboundary","Steelhead",2023,23,30,-35.3,-46.1,-26.5,NA,NA,NA,NA,NA,"Foos_20260708","20260910"
"Northern Transboundary","Steelhead",2024,54,33,-27.4,-49,-27.9,NA,NA,NA,NA,NA,"Foos_20260708","20260910"
"Northern Transboundary","Steelhead",2025,44,37,-18.8,-51.8,-29.2,NA,NA,NA,NA,NA,"Foos_20260708","20260910"
"Haida Gwaii","Chinook",1935,1500,1500,-7.6,NA,-18.2,NA,NA,NA,NA,NA,"NuSEDS_20251103","20260910"
"Haida Gwaii","Chinook",1936,1500,1500,-7.6,NA,-17.7,NA,NA,NA,NA,NA,"NuSEDS_20251103","20260910"
"Haida Gwaii","Chinook",1937,NA,1500,-7.6,NA,-17.2,NA,NA,NA,NA,NA,"NuSEDS_20251103","20260910"
"Haida Gwaii","Chinook",1938,3500,1990,22.5,NA,-16.8,NA,NA,NA,NA,NA,"NuSEDS_20251103","20260910"
"Haida Gwaii","Chinook",1939,750,1559,-4,NA,-16.3,NA,NA,NA,NA,NA,"NuSEDS_20251103","20260910"
"Haida Gwaii","Chinook",1940,2000,1675,3.2,NA,-15.8,NA,NA,NA,NA,NA,"NuSEDS_20251103","20260910"
"Haida Gwaii","Chinook",1941,NA,1738,7,NA,-15.4,NA,NA,NA,NA,NA,"NuSEDS_20251103","20260910"
"Haida Gwaii","Chinook",1942,3500,2070,27.5,NA,-14.9,NA,NA,NA,NA,NA,"NuSEDS_20251103","20260910"
"Haida Gwaii","Chinook",1943,1000,1514,-6.8,NA,-14.4,NA,NA,NA,NA,NA,"NuSEDS_20251103","20260910"
"Haida Gwaii","Chinook",1944,2000,1934,19.1,NA,-13.9,NA,NA,NA,NA,NA,"NuSEDS_20251103","20260910"
"Haida Gwaii","Chinook",1945,NA,1913,17.8,NA,-13.4,NA,NA,NA,NA,NA,"NuSEDS_20251103","20260910"
"Haida Gwaii","Chinook",1946,NA,1913,17.8,NA,-13,NA,NA,NA,NA,NA,"NuSEDS_20251103","20260910"
"Haida Gwaii","Chinook",1947,1500,1442,-11.2,NA,-12.5,NA,NA,NA,NA,NA,"NuSEDS_20251103","20260910"
"Haida Gwaii","Chinook",1948,750,1310,-19.3,NA,-12,NA,NA,NA,NA,NA,"NuSEDS_20251103","20260910"
"Haida Gwaii","Chinook",1949,NA,1061,-34.7,NA,-11.5,NA,NA,NA,NA,NA,"NuSEDS_20251103","20260910"
"Haida Gwaii","Chinook",1950,NA,1061,-34.7,NA,-11,NA,NA,NA,NA,NA,"NuSEDS_20251103","20260910"
"Haida Gwaii","Chinook",1951,NA,1061,-34.7,NA,-10.5,NA,NA,NA,NA,NA,"NuSEDS_20251103","20260910"
"Haida Gwaii","Chinook",1952,1500,1061,-34.7,NA,-10,NA,NA,NA,NA,NA,"NuSEDS_20251103","20260910"
"Haida Gwaii","Chinook",1953,NA,1500,-7.6,NA,-9.5,NA,NA,NA,NA,NA,"NuSEDS_20251103","20260910"
"Haida Gwaii","Chinook",1954,NA,1500,-7.6,NA,-9,NA,NA,NA,NA,NA,"NuSEDS_20251103","20260910"
"Haida Gwaii","Chinook",1955,NA,1500,-7.6,NA,-8.5,NA,NA,NA,NA,NA,"NuSEDS_20251103","20260910"
"Haida Gwaii","Chinook",1956,750,1061,-34.7,NA,-7.9,NA,NA,NA,NA,NA,"NuSEDS_20251103","20260910"
"Haida Gwaii","Chinook",1957,1500,1061,-34.7,NA,-7.4,NA,NA,NA,NA,NA,"NuSEDS_20251103","20260910"
"Haida Gwaii","Chinook",1958,NA,1061,-34.7,NA,-6.9,NA,NA,NA,NA,NA,"NuSEDS_20251103","20260910"
"Haida Gwaii","Chinook",1959,3500,1579,-2.7,NA,-6.4,NA,NA,NA,NA,NA,"NuSEDS_20251103","20260910"
"Haida Gwaii","Chinook",1960,750,1311,-19.3,NA,-5.9,NA,NA,NA,NA,NA,"NuSEDS_20251103","20260910"
"Haida Gwaii","Chinook",1961,3500,1927,18.7,NA,-5.3,NA,NA,NA,NA,NA,"NuSEDS_20251103","20260910"
"Haida Gwaii","Chinook",1962,1500,1927,18.7,NA,-4.8,NA,NA,NA,NA,NA,"NuSEDS_20251103","20260910"
"Haida Gwaii","Chinook",1963,NA,1927,18.7,NA,-4.3,NA,NA,NA,NA,NA,"NuSEDS_20251103","20260910"
"Haida Gwaii","Chinook",1964,7500,2331,43.6,NA,-3.7,NA,NA,NA,NA,NA,"NuSEDS_20251103","20260910"
"Haida Gwaii","Chinook",1965,15000,4930,203.6,NA,-3.2,NA,NA,NA,NA,NA,"NuSEDS_20251103","20260910"
"Haida Gwaii","Chinook",1966,7500,5964,267.3,NA,-2.6,NA,NA,NA,NA,NA,"NuSEDS_20251103","20260910"
"Haida Gwaii","Chinook",1967,1500,5964,267.3,NA,-2.1,NA,NA,NA,NA,NA,"NuSEDS_20251103","20260910"
"Haida Gwaii","Chinook",1968,1500,4526,178.7,NA,-1.5,NA,NA,NA,NA,NA,"NuSEDS_20251103","20260910"
"Haida Gwaii","Chinook",1969,1500,3280,102,NA,-1,NA,NA,NA,NA,NA,"NuSEDS_20251103","20260910"
"Haida Gwaii","Chinook",1970,800,1825,12.4,NA,-0.4,NA,NA,NA,NA,NA,"NuSEDS_20251103","20260910"
"Haida Gwaii","Chinook",1971,500,1062,-34.6,NA,0.1,NA,NA,NA,NA,NA,"NuSEDS_20251103","20260910"
"Haida Gwaii","Chinook",1972,1000,979,-39.7,NA,0.7,NA,NA,NA,NA,NA,"NuSEDS_20251103","20260910"
"Haida Gwaii","Chinook",1973,900,884,-45.6,NA,1.3,NA,NA,NA,NA,NA,"NuSEDS_20251103","20260910"
"Haida Gwaii","Chinook",1974,1000,815,-49.8,NA,1.8,NA,NA,NA,NA,NA,"NuSEDS_20251103","20260910"
"Haida Gwaii","Chinook",1975,1500,924,-43.1,NA,2.4,NA,NA,NA,NA,NA,"NuSEDS_20251103","20260910"
"Haida Gwaii","Chinook",1976,700,989,-39.1,NA,3,NA,NA,NA,NA,NA,"NuSEDS_20251103","20260910"
"Haida Gwaii","Chinook",1977,800,946,-41.8,NA,3.5,NA,NA,NA,NA,NA,"NuSEDS_20251103","20260910"
"Haida Gwaii","Chinook",1978,600,872,-46.3,NA,4.1,NA,NA,NA,NA,NA,"NuSEDS_20251103","20260910"
"Haida Gwaii","Chinook",1979,400,726,-55.3,NA,4.7,NA,NA,NA,NA,NA,"NuSEDS_20251103","20260910"
"Haida Gwaii","Chinook",1980,600,604,-62.8,NA,5.3,NA,NA,NA,NA,NA,"NuSEDS_20251103","20260910"
"Haida Gwaii","Chinook",1981,750,613,-62.3,NA,5.9,NA,NA,NA,NA,NA,"NuSEDS_20251103","20260910"
"Haida Gwaii","Chinook",1982,1400,685,-57.8,NA,6.5,NA,NA,NA,NA,NA,"NuSEDS_20251103","20260910"
"Haida Gwaii","Chinook",1983,600,685,-57.8,NA,7.1,NA,NA,NA,NA,NA,"NuSEDS_20251103","20260910"
"Haida Gwaii","Chinook",1984,300,647,-60.2,NA,7.7,NA,NA,NA,NA,NA,"NuSEDS_20251103","20260910"
"Haida Gwaii","Chinook",1985,1500,777,-52.1,NA,8.3,NA,NA,NA,NA,NA,"NuSEDS_20251103","20260910"
"Haida Gwaii","Chinook",1986,500,717,-55.9,NA,8.9,NA,NA,NA,NA,NA,"NuSEDS_20251103","20260910"
"Haida Gwaii","Chinook",1987,2000,770,-52.6,NA,9.5,NA,NA,NA,NA,NA,"NuSEDS_20251103","20260910"
"Haida Gwaii","Chinook",1988,2200,998,-38.5,NA,10.1,NA,NA,NA,NA,NA,"NuSEDS_20251103","20260910"
"Haida Gwaii","Chinook",1989,2800,1560,-3.9,NA,10.7,NA,NA,NA,NA,NA,"NuSEDS_20251103","20260910"
"Haida Gwaii","Chinook",1990,2000,1652,1.8,NA,11.4,NA,NA,NA,NA,NA,"NuSEDS_20251103","20260910"
"Haida Gwaii","Chinook",1991,1900,2158,32.9,NA,12,NA,NA,NA,NA,NA,"NuSEDS_20251103","20260910"
"Haida Gwaii","Chinook",1992,2000,2158,32.9,NA,12.6,NA,NA,NA,NA,NA,"NuSEDS_20251103","20260910"
"Haida Gwaii","Chinook",1993,1000,1843,13.5,NA,13.3,NA,NA,NA,NA,NA,"NuSEDS_20251103","20260910"
"Haida Gwaii","Chinook",1994,2000,1723,6.1,NA,13.9,NA,NA,NA,NA,NA,"NuSEDS_20251103","20260910"
"Haida Gwaii","Chinook",1995,1500,1627,0.2,NA,14.5,NA,NA,NA,NA,NA,"NuSEDS_20251103","20260910"
"Haida Gwaii","Chinook",1996,3000,1783,9.8,NA,15.2,NA,NA,NA,NA,NA,"NuSEDS_20251103","20260910"
"Haida Gwaii","Chinook",1997,2500,1864,14.8,NA,15.8,NA,NA,NA,NA,NA,"NuSEDS_20251103","20260910"
"Haida Gwaii","Chinook",1998,3000,2322,43,NA,16.5,NA,NA,NA,NA,NA,"NuSEDS_20251103","20260910"
"Haida Gwaii","Chinook",1999,3200,2551,57.1,NA,17.1,NA,NA,NA,NA,NA,"NuSEDS_20251103","20260910"
"Haida Gwaii","Chinook",2000,3600,3039,87.2,NA,17.8,NA,NA,NA,NA,NA,"NuSEDS_20251103","20260910"
"Haida Gwaii","Chinook",2001,NA,3049,87.8,NA,18.4,NA,NA,NA,NA,NA,"NuSEDS_20251103","20260910"
"Haida Gwaii","Chinook",2002,3500,3316,104.2,NA,19.1,NA,NA,NA,NA,NA,"NuSEDS_20251103","20260910"
"Haida Gwaii","Chinook",2003,4000,3564,119.5,NA,19.8,NA,NA,NA,NA,NA,"NuSEDS_20251103","20260910"
"Haida Gwaii","Chinook",2004,NA,3694,127.5,NA,20.4,NA,NA,NA,NA,NA,"NuSEDS_20251103","20260910"
"Haida Gwaii","Chinook",2005,5000,4121,153.8,NA,21.1,NA,NA,NA,NA,NA,"NuSEDS_20251103","20260910"
"Haida Gwaii","Chinook",2006,5000,4325,166.4,NA,21.8,NA,NA,NA,NA,NA,"NuSEDS_20251103","20260910"
"Haida Gwaii","Chinook",2007,NA,4642,185.9,NA,22.5,NA,NA,NA,NA,NA,"NuSEDS_20251103","20260910"
"Haida Gwaii","Chinook",2008,NA,5000,207.9,NA,23.2,NA,NA,NA,NA,NA,"NuSEDS_20251103","20260910"
"Haida Gwaii","Chinook",2009,NA,5000,207.9,NA,23.9,NA,NA,NA,NA,NA,"NuSEDS_20251103","20260910"
"Haida Gwaii","Chinook",2010,NA,5000,207.9,NA,24.6,NA,NA,NA,NA,NA,"NuSEDS_20251103","20260910"
"Haida Gwaii","Chinook",2011,NA,NA,NA,NA,NA,NA,NA,NA,NA,NA,"NuSEDS_20251103","20260910"
"Haida Gwaii","Chinook",2012,NA,NA,NA,NA,NA,NA,NA,NA,NA,NA,"NuSEDS_20251103","20260910"
"Haida Gwaii","Chinook",2013,NA,NA,NA,NA,NA,NA,NA,NA,NA,NA,"NuSEDS_20251103","20260910"
"Haida Gwaii","Chinook",2014,NA,NA,NA,NA,NA,NA,NA,NA,NA,NA,"NuSEDS_20251103","20260910"
"Haida Gwaii","Chinook",2015,NA,NA,NA,NA,NA,NA,NA,NA,NA,NA,"NuSEDS_20251103","20260910"
"Haida Gwaii","Chinook",2016,NA,NA,NA,NA,NA,NA,NA,NA,NA,NA,"NuSEDS_20251103","20260910"
"Haida Gwaii","Chinook",2017,NA,NA,NA,NA,NA,NA,NA,NA,NA,NA,"NuSEDS_20251103","20260910"
"Haida Gwaii","Chinook",2018,NA,NA,NA,NA,NA,NA,NA,NA,NA,NA,"NuSEDS_20251103","20260910"
"Haida Gwaii","Chinook",2019,NA,NA,NA,NA,NA,NA,NA,NA,NA,NA,"NuSEDS_20251103","20260910"
"Haida Gwaii","Chinook",2020,NA,NA,NA,NA,NA,NA,NA,NA,NA,NA,"NuSEDS_20251103","20260910"
"Haida Gwaii","Chinook",2021,1000,1000,-38.4,-23,32.5,NA,NA,NA,NA,NA,"Spoljaric_20260409","20260910"
"Haida Gwaii","Chinook",2022,3150,1775,9.3,-13.8,33.2,NA,NA,NA,NA,NA,"Spoljaric_20260409","20260910"
"Haida Gwaii","Chinook",2023,1700,1750,7.7,-3.6,34,NA,NA,NA,NA,NA,"Spoljaric_20260409","20260910"
"Haida Gwaii","Chinook",2024,1500,1684,3.7,7.9,34.7,NA,NA,NA,NA,NA,"Spoljaric_20260409","20260910"
"Haida Gwaii","Chinook",2025,2350,1800,10.8,20.7,35.5,NA,NA,NA,NA,NA,"Spoljaric_20260409","20260910"
"Haida Gwaii","Chum",1950,886394,886394,243,NA,105.8,NA,NA,NA,NA,NA,"PSF_20260428","20260910"
"Haida Gwaii","Chum",1951,1001030,941970,264.6,NA,102.1,NA,NA,NA,NA,NA,"PSF_20260428","20260910"
"Haida Gwaii","Chum",1952,1357418,1063969,311.8,NA,98.6,NA,NA,NA,NA,NA,"PSF_20260428","20260910"
"Haida Gwaii","Chum",1953,353079,807542,212.5,NA,95.1,NA,NA,NA,NA,NA,"PSF_20260428","20260910"
"Haida Gwaii","Chum",1954,704242,785736,204.1,NA,91.7,NA,NA,NA,NA,NA,"PSF_20260428","20260910"
"Haida Gwaii","Chum",1955,84724,491306,90.1,NA,88.3,NA,NA,NA,NA,NA,"PSF_20260428","20260910"
"Haida Gwaii","Chum",1956,169813,344554,33.3,NA,85,NA,NA,NA,NA,NA,"PSF_20260428","20260910"
"Haida Gwaii","Chum",1957,532787,285775,10.6,NA,81.7,NA,NA,NA,NA,NA,"PSF_20260428","20260910"
"Haida Gwaii","Chum",1958,283217,273448,5.8,NA,78.5,NA,NA,NA,NA,NA,"PSF_20260428","20260910"
"Haida Gwaii","Chum",1959,96252,183659,-28.9,NA,75.4,NA,NA,NA,NA,NA,"PSF_20260428","20260910"
"Haida Gwaii","Chum",1960,260597,229935,-11,NA,72.3,NA,NA,NA,NA,NA,"PSF_20260428","20260910"
"Haida Gwaii","Chum",1961,323785,261615,1.2,NA,69.3,NA,NA,NA,NA,NA,"PSF_20260428","20260910"
"Haida Gwaii","Chum",1962,389881,245775,-4.9,NA,66.3,NA,NA,NA,NA,NA,"PSF_20260428","20260910"
"Haida Gwaii","Chum",1963,392585,262362,1.5,NA,63.4,NA,NA,NA,NA,NA,"PSF_20260428","20260910"
"Haida Gwaii","Chum",1964,736256,394116,52.5,NA,60.5,NA,NA,NA,NA,NA,"PSF_20260428","20260910"
"Haida Gwaii","Chum",1965,511118,450957,74.5,NA,57.7,NA,NA,NA,NA,NA,"PSF_20260428","20260910"
"Haida Gwaii","Chum",1966,604140,510870,97.7,NA,54.9,NA,NA,NA,NA,NA,"PSF_20260428","20260910"
"Haida Gwaii","Chum",1967,409923,516018,99.7,NA,52.2,NA,NA,NA,NA,NA,"PSF_20260428","20260910"
"Haida Gwaii","Chum",1968,450941,530520,105.3,NA,49.5,NA,NA,NA,NA,NA,"PSF_20260428","20260910"
"Haida Gwaii","Chum",1969,344760,455826,76.4,NA,46.9,NA,NA,NA,NA,NA,"PSF_20260428","20260910"
"Haida Gwaii","Chum",1970,317964,414544,60.4,NA,44.3,NA,NA,NA,NA,NA,"PSF_20260428","20260910"
"Haida Gwaii","Chum",1971,338196,369128,42.9,NA,41.8,NA,NA,NA,NA,NA,"PSF_20260428","20260910"
"Haida Gwaii","Chum",1972,245597,333182,28.9,NA,39.3,NA,NA,NA,NA,NA,"PSF_20260428","20260910"
"Haida Gwaii","Chum",1973,300223,307147,18.9,NA,36.8,NA,NA,NA,NA,NA,"PSF_20260428","20260910"
"Haida Gwaii","Chum",1974,242743,286333,10.8,NA,34.4,NA,NA,NA,NA,NA,"PSF_20260428","20260910"
"Haida Gwaii","Chum",1975,147531,245569,-5,NA,32,NA,NA,NA,NA,NA,"PSF_20260428","20260910"
"Haida Gwaii","Chum",1976,229347,227215,-12.1,NA,29.7,NA,NA,NA,NA,NA,"PSF_20260428","20260910"
"Haida Gwaii","Chum",1977,274871,232391,-10.1,NA,27.4,NA,NA,NA,NA,NA,"PSF_20260428","20260910"
"Haida Gwaii","Chum",1978,315638,234730,-9.2,NA,25.2,NA,NA,NA,NA,NA,"PSF_20260428","20260910"
"Haida Gwaii","Chum",1979,128152,206578,-20.1,NA,23,NA,NA,NA,NA,NA,"PSF_20260428","20260910"
"Haida Gwaii","Chum",1980,253008,230109,-10.9,NA,20.8,NA,NA,NA,NA,NA,"PSF_20260428","20260910"
"Haida Gwaii","Chum",1981,249138,233950,-9.5,NA,18.7,NA,NA,NA,NA,NA,"PSF_20260428","20260910"
"Haida Gwaii","Chum",1982,337046,243689,-5.7,NA,16.6,NA,NA,NA,NA,NA,"PSF_20260428","20260910"
"Haida Gwaii","Chum",1983,229453,228632,-11.5,NA,14.6,NA,NA,NA,NA,NA,"PSF_20260428","20260910"
"Haida Gwaii","Chum",1984,407353,288128,11.5,NA,12.6,NA,NA,NA,NA,NA,"PSF_20260428","20260910"
"Haida Gwaii","Chum",1985,467908,325830,26.1,NA,10.6,NA,NA,NA,NA,NA,"PSF_20260428","20260910"
"Haida Gwaii","Chum",1986,426743,362858,40.4,NA,8.6,NA,NA,NA,NA,NA,"PSF_20260428","20260910"
"Haida Gwaii","Chum",1987,425502,380171,47.1,NA,6.7,NA,NA,NA,NA,NA,"PSF_20260428","20260910"
"Haida Gwaii","Chum",1988,355375,414932,60.6,NA,4.8,NA,NA,NA,NA,NA,"PSF_20260428","20260910"
"Haida Gwaii","Chum",1989,346100,401627,55.4,NA,3,NA,NA,NA,NA,NA,"PSF_20260428","20260910"
"Haida Gwaii","Chum",1990,368786,382953,48.2,NA,1.2,NA,NA,NA,NA,NA,"PSF_20260428","20260910"
"Haida Gwaii","Chum",1991,308534,358900,38.9,NA,-0.6,NA,NA,NA,NA,NA,"PSF_20260428","20260910"
"Haida Gwaii","Chum",1992,195897,307325,18.9,NA,-2.3,NA,NA,NA,NA,NA,"PSF_20260428","20260910"
"Haida Gwaii","Chum",1993,319295,300815,16.4,NA,-4.1,NA,NA,NA,NA,NA,"PSF_20260428","20260910"
"Haida Gwaii","Chum",1994,288042,289968,12.2,NA,-5.7,NA,NA,NA,NA,NA,"PSF_20260428","20260910"
"Haida Gwaii","Chum",1995,265886,271603,5.1,NA,-7.4,NA,NA,NA,NA,NA,"PSF_20260428","20260910"
"Haida Gwaii","Chum",1996,278349,266068,3,NA,-9,NA,NA,NA,NA,NA,"PSF_20260428","20260910"
"Haida Gwaii","Chum",1997,251750,279757,8.3,NA,-10.6,NA,NA,NA,NA,NA,"PSF_20260428","20260910"
"Haida Gwaii","Chum",1998,408640,293907,13.7,NA,-12.2,NA,NA,NA,NA,NA,"PSF_20260428","20260910"
"Haida Gwaii","Chum",1999,428994,318280,23.2,NA,-13.7,NA,NA,NA,NA,NA,"PSF_20260428","20260910"
"Haida Gwaii","Chum",2000,275205,320481,24,NA,-15.3,NA,NA,NA,NA,NA,"PSF_20260428","20260910"
"Haida Gwaii","Chum",2001,243133,311927,20.7,NA,-16.8,NA,NA,NA,NA,NA,"PSF_20260428","20260910"
"Haida Gwaii","Chum",2002,218370,303178,17.3,NA,-18.2,NA,NA,NA,NA,NA,"PSF_20260428","20260910"
"Haida Gwaii","Chum",2003,256967,276315,6.9,NA,-19.7,NA,NA,NA,NA,NA,"PSF_20260428","20260910"
"Haida Gwaii","Chum",2004,270238,251920,-2.5,NA,-21.1,NA,NA,NA,NA,NA,"PSF_20260428","20260910"
"Haida Gwaii","Chum",2005,244669,246064,-4.8,NA,-22.5,NA,NA,NA,NA,NA,"PSF_20260428","20260910"
"Haida Gwaii","Chum",2006,220903,241390,-6.6,NA,-23.8,NA,NA,NA,NA,NA,"PSF_20260428","20260910"
"Haida Gwaii","Chum",2007,98993,206064,-20.3,NA,-25.2,NA,NA,NA,NA,NA,"PSF_20260428","20260910"
"Haida Gwaii","Chum",2008,197004,195399,-24.4,NA,-26.5,NA,NA,NA,NA,NA,"PSF_20260428","20260910"
"Haida Gwaii","Chum",2009,265245,194671,-24.7,NA,-27.8,NA,NA,NA,NA,NA,"PSF_20260428","20260910"
"Haida Gwaii","Chum",2010,193297,185708,-28.1,-9.1,-29,NA,NA,NA,NA,NA,"PSF_20260428","20260910"
"Haida Gwaii","Chum",2011,178188,177896,-31.2,-15.6,-30.3,NA,NA,NA,NA,NA,"PSF_20260428","20260910"
"Haida Gwaii","Chum",2012,253348,214679,-16.9,-21.7,-31.5,NA,NA,NA,NA,NA,"PSF_20260428","20260910"
"Haida Gwaii","Chum",2013,138277,200006,-22.6,-27.3,-32.7,NA,NA,NA,NA,NA,"PSF_20260428","20260910"
"Haida Gwaii","Chum",2014,141422,176367,-31.7,-32.5,-33.9,NA,NA,NA,NA,NA,"PSF_20260428","20260910"
"Haida Gwaii","Chum",2015,208356,179034,-30.7,-37.4,-35.1,NA,NA,NA,NA,NA,"PSF_20260428","20260910"
"Haida Gwaii","Chum",2016,135401,169466,-34.4,-41.9,-36.2,NA,NA,NA,NA,NA,"PSF_20260428","20260910"
"Haida Gwaii","Chum",2017,141280,150784,-41.6,-46.1,-37.3,NA,NA,NA,NA,NA,"PSF_20260428","20260910"
"Haida Gwaii","Chum",2018,202659,162764,-37,-49.9,-38.4,NA,NA,NA,NA,NA,"PSF_20260428","20260910"
"Haida Gwaii","Chum",2019,131390,160386,-37.9,-53.5,-39.5,NA,NA,NA,NA,NA,"PSF_20260428","20260910"
"Haida Gwaii","Chum",2020,30785,109414,-57.7,-56.9,-40.6,NA,NA,NA,NA,NA,"PSF_20260428","20260910"
"Haida Gwaii","Chum",2021,37906,84819,-67.2,-60,-41.6,NA,NA,NA,NA,NA,"PSF_20260428","20260910"
"Haida Gwaii","Chum",2022,193631,90338,-65,-62.9,-42.6,NA,NA,NA,NA,NA,"PSF_20260428","20260910"
"Haida Gwaii","Chum",2023,162404,86424,-66.6,-65.5,-43.7,NA,NA,NA,NA,NA,"PSF_20260428","20260910"
"Haida Gwaii","Chum",2024,37485,67251,-74,-68,-44.6,NA,NA,NA,NA,NA,"PSF_20260428","20260910"
"Haida Gwaii","Coho",1950,62222,62222,-17.7,NA,64.1,NA,NA,NA,NA,NA,"PSF_20260428","20260910"
"Haida Gwaii","Coho",1951,451700,167647,121.8,NA,62.1,NA,NA,NA,NA,NA,"PSF_20260428","20260910"
"Haida Gwaii","Coho",1952,113519,147215,94.8,NA,60.1,NA,NA,NA,NA,NA,"PSF_20260428","20260910"
"Haida Gwaii","Coho",1953,42264,107760,42.6,NA,58.1,NA,NA,NA,NA,NA,"PSF_20260428","20260910"
"Haida Gwaii","Coho",1954,144867,133111,76.1,NA,56.1,NA,NA,NA,NA,NA,"PSF_20260428","20260910"
"Haida Gwaii","Coho",1955,97370,90700,20,NA,54.2,NA,NA,NA,NA,NA,"PSF_20260428","20260910"
"Haida Gwaii","Coho",1956,100983,88085,16.6,NA,52.3,NA,NA,NA,NA,NA,"PSF_20260428","20260910"
"Haida Gwaii","Coho",1957,96301,108223,43.2,NA,50.4,NA,NA,NA,NA,NA,"PSF_20260428","20260910"
"Haida Gwaii","Coho",1958,98360,98238,30,NA,48.5,NA,NA,NA,NA,NA,"PSF_20260428","20260910"
"Haida Gwaii","Coho",1959,28901,72511,-4,NA,46.7,NA,NA,NA,NA,NA,"PSF_20260428","20260910"
"Haida Gwaii","Coho",1960,134945,77962,3.2,NA,44.8,NA,NA,NA,NA,NA,"PSF_20260428","20260910"
"Haida Gwaii","Coho",1961,328271,105933,40.2,NA,43,NA,NA,NA,NA,NA,"PSF_20260428","20260910"
"Haida Gwaii","Coho",1962,85018,102142,35.2,NA,41.3,NA,NA,NA,NA,NA,"PSF_20260428","20260910"
"Haida Gwaii","Coho",1963,118014,145197,92.1,NA,39.5,NA,NA,NA,NA,NA,"PSF_20260428","20260910"
"Haida Gwaii","Coho",1964,374992,187467,148.1,NA,37.8,NA,NA,NA,NA,NA,"PSF_20260428","20260910"
"Haida Gwaii","Coho",1965,158591,156292,106.8,NA,36.1,NA,NA,NA,NA,NA,"PSF_20260428","20260910"
"Haida Gwaii","Coho",1966,197235,192888,155.2,NA,34.4,NA,NA,NA,NA,NA,"PSF_20260428","20260910"
"Haida Gwaii","Coho",1967,148919,204437,170.5,NA,32.7,NA,NA,NA,NA,NA,"PSF_20260428","20260910"
"Haida Gwaii","Coho",1968,90112,143136,89.4,NA,31.1,NA,NA,NA,NA,NA,"PSF_20260428","20260910"
"Haida Gwaii","Coho",1969,125061,134884,78.5,NA,29.4,NA,NA,NA,NA,NA,"PSF_20260428","20260910"
"Haida Gwaii","Coho",1970,214102,137680,82.2,NA,27.8,NA,NA,NA,NA,NA,"PSF_20260428","20260910"
"Haida Gwaii","Coho",1971,68001,113178,49.8,NA,26.2,NA,NA,NA,NA,NA,"PSF_20260428","20260910"
"Haida Gwaii","Coho",1972,139713,126291,67.1,NA,24.7,NA,NA,NA,NA,NA,"PSF_20260428","20260910"
"Haida Gwaii","Coho",1973,82726,113895,50.7,NA,23.1,NA,NA,NA,NA,NA,"PSF_20260428","20260910"
"Haida Gwaii","Coho",1974,75139,87663,16,NA,21.6,NA,NA,NA,NA,NA,"PSF_20260428","20260910"
"Haida Gwaii","Coho",1975,117774,100566,33.1,NA,20.1,NA,NA,NA,NA,NA,"PSF_20260428","20260910"
"Haida Gwaii","Coho",1976,97987,92031,21.8,NA,18.6,NA,NA,NA,NA,NA,"PSF_20260428","20260910"
"Haida Gwaii","Coho",1977,58206,84288,11.5,NA,17.1,NA,NA,NA,NA,NA,"PSF_20260428","20260910"
"Haida Gwaii","Coho",1978,112366,93208,23.3,NA,15.7,NA,NA,NA,NA,NA,"PSF_20260428","20260910"
"Haida Gwaii","Coho",1979,73691,82898,9.7,NA,14.2,NA,NA,NA,NA,NA,"PSF_20260428","20260910"
"Haida Gwaii","Coho",1980,61401,73756,-2.4,NA,12.8,NA,NA,NA,NA,NA,"PSF_20260428","20260910"
"Haida Gwaii","Coho",1981,66707,76313,1,NA,11.4,NA,NA,NA,NA,NA,"PSF_20260428","20260910"
"Haida Gwaii","Coho",1982,59969,65226,-13.7,NA,10,NA,NA,NA,NA,NA,"PSF_20260428","20260910"
"Haida Gwaii","Coho",1983,57091,61194,-19,NA,8.7,NA,NA,NA,NA,NA,"PSF_20260428","20260910"
"Haida Gwaii","Coho",1984,52921,58962,-22,NA,7.3,NA,NA,NA,NA,NA,"PSF_20260428","20260910"
"Haida Gwaii","Coho",1985,72327,60167,-20.4,NA,6,NA,NA,NA,NA,NA,"PSF_20260428","20260910"
"Haida Gwaii","Coho",1986,43019,55372,-26.7,NA,4.7,NA,NA,NA,NA,NA,"PSF_20260428","20260910"
"Haida Gwaii","Coho",1987,49018,53301,-29.5,NA,3.4,NA,NA,NA,NA,NA,"PSF_20260428","20260910"
"Haida Gwaii","Coho",1988,61162,55265,-26.9,NA,2.1,NA,NA,NA,NA,NA,"PSF_20260428","20260910"
"Haida Gwaii","Coho",1989,43178,48578,-35.7,NA,0.8,NA,NA,NA,NA,NA,"PSF_20260428","20260910"
"Haida Gwaii","Coho",1990,30310,44506,-41.1,NA,-0.4,NA,NA,NA,NA,NA,"PSF_20260428","20260910"
"Haida Gwaii","Coho",1991,49014,44505,-41.1,NA,-1.7,NA,NA,NA,NA,NA,"PSF_20260428","20260910"
"Haida Gwaii","Coho",1992,67783,45664,-39.6,NA,-2.9,NA,NA,NA,NA,NA,"PSF_20260428","20260910"
"Haida Gwaii","Coho",1993,39018,44522,-41.1,NA,-4.1,NA,NA,NA,NA,NA,"PSF_20260428","20260910"
"Haida Gwaii","Coho",1994,96207,59426,-21.4,NA,-5.3,NA,NA,NA,NA,NA,"PSF_20260428","20260910"
"Haida Gwaii","Coho",1995,28293,51799,-31.5,NA,-6.5,NA,NA,NA,NA,NA,"PSF_20260428","20260910"
"Haida Gwaii","Coho",1996,40469,45532,-39.7,NA,-7.6,NA,NA,NA,NA,NA,"PSF_20260428","20260910"
"Haida Gwaii","Coho",1997,30347,42759,-43.4,NA,-8.8,NA,NA,NA,NA,NA,"PSF_20260428","20260910"
"Haida Gwaii","Coho",1998,88477,41873,-44.6,NA,-9.9,NA,NA,NA,NA,NA,"PSF_20260428","20260910"
"Haida Gwaii","Coho",1999,81588,54566,-27.8,NA,-11,NA,NA,NA,NA,NA,"PSF_20260428","20260910"
"Haida Gwaii","Coho",2000,84185,65532,-13.3,NA,-12.1,NA,NA,NA,NA,NA,"PSF_20260428","20260910"
"Haida Gwaii","Coho",2001,101420,88604,17.2,NA,-13.2,NA,NA,NA,NA,NA,"PSF_20260428","20260910"
"Haida Gwaii","Coho",2002,136356,98722,30.6,NA,-14.3,NA,NA,NA,NA,NA,"PSF_20260428","20260910"
"Haida Gwaii","Coho",2003,99062,103630,37.1,NA,-15.4,NA,NA,NA,NA,NA,"PSF_20260428","20260910"
"Haida Gwaii","Coho",2004,78044,101686,34.6,NA,-16.4,NA,NA,NA,NA,NA,"PSF_20260428","20260910"
"Haida Gwaii","Coho",2005,70567,92871,22.9,NA,-17.4,NA,NA,NA,NA,NA,"PSF_20260428","20260910"
"Haida Gwaii","Coho",2006,105012,87000,15.1,NA,-18.5,NA,NA,NA,NA,NA,"PSF_20260428","20260910"
"Haida Gwaii","Coho",2007,84258,83550,10.6,NA,-19.5,NA,NA,NA,NA,NA,"PSF_20260428","20260910"
"Haida Gwaii","Coho",2008,46819,73531,-2.7,NA,-20.5,NA,NA,NA,NA,NA,"PSF_20260428","20260910"
"Haida Gwaii","Coho",2009,128472,85412,13,NA,-21.5,NA,NA,NA,NA,NA,"PSF_20260428","20260910"
"Haida Gwaii","Coho",2010,86378,81341,7.6,NA,-22.4,NA,NA,NA,NA,NA,"PSF_20260428","20260910"
"Haida Gwaii","Coho",2011,89995,82692,9.4,NA,-23.4,NA,NA,NA,NA,NA,"PSF_20260428","20260910"
"Haida Gwaii","Coho",2012,60629,88212,16.7,NA,-24.4,NA,NA,NA,NA,NA,"PSF_20260428","20260910"
"Haida Gwaii","Coho",2013,71272,76130,0.7,54.5,-25.3,NA,NA,NA,NA,NA,"PSF_20260428","20260910"
"Haida Gwaii","Coho",2014,82177,75187,-0.5,33.3,-26.2,NA,NA,NA,NA,NA,"PSF_20260428","20260910"
"Haida Gwaii","Coho",2015,121001,80963,7.1,15.1,-27.1,NA,NA,NA,NA,NA,"PSF_20260428","20260910"
"Haida Gwaii","Coho",2016,112975,94593,25.2,-0.6,-28,NA,NA,NA,NA,NA,"PSF_20260428","20260910"
"Haida Gwaii","Coho",2017,69304,93934,24.3,-14.2,-28.9,NA,NA,NA,NA,NA,"PSF_20260428","20260910"
"Haida Gwaii","Coho",2018,44360,80516,6.5,-25.9,-29.8,NA,NA,NA,NA,NA,"PSF_20260428","20260910"
"Haida Gwaii","Coho",2019,36303,59589,-21.1,-36.1,-30.7,NA,NA,NA,NA,NA,"PSF_20260428","20260910"
"Haida Gwaii","Coho",2020,70768,53013,-29.9,-44.8,-31.5,NA,NA,NA,NA,NA,"PSF_20260428","20260910"
"Haida Gwaii","Coho",2021,15010,36165,-52.1,-52.4,-32.4,NA,NA,NA,NA,NA,"PSF_20260428","20260910"
"Haida Gwaii","Coho",2022,19148,29314,-61.2,-58.9,-33.2,NA,NA,NA,NA,NA,"PSF_20260428","20260910"
"Haida Gwaii","Coho",2023,9225,20813,-72.5,-64.5,-34.1,NA,NA,NA,NA,NA,"PSF_20260428","20260910"
"Haida Gwaii","Coho",2024,30725,16894,-77.6,-69.4,-34.9,NA,NA,NA,NA,NA,"PSF_20260428","20260910"
"Haida Gwaii","Pink",1950,1205504,1205504,254.6,NA,15.4,NA,NA,NA,NA,NA,"PSF_20260428","20260910"
"Haida Gwaii","Pink",1951,126159,389981,14.7,NA,15,NA,NA,NA,NA,NA,"PSF_20260428","20260910"
"Haida Gwaii","Pink",1952,2059358,509713,49.9,NA,14.5,NA,NA,NA,NA,NA,"PSF_20260428","20260910"
"Haida Gwaii","Pink",1953,65499,367267,8,NA,14.1,NA,NA,NA,NA,NA,"PSF_20260428","20260910"
"Haida Gwaii","Pink",1954,1455214,308730,-9.2,NA,13.6,NA,NA,NA,NA,NA,"PSF_20260428","20260910"
"Haida Gwaii","Pink",1955,102722,386629,13.7,NA,13.2,NA,NA,NA,NA,NA,"PSF_20260428","20260910"
"Haida Gwaii","Pink",1956,1094586,335317,-1.4,NA,12.7,NA,NA,NA,NA,NA,"PSF_20260428","20260910"
"Haida Gwaii","Pink",1957,176182,439142,29.2,NA,12.3,NA,NA,NA,NA,NA,"PSF_20260428","20260910"
"Haida Gwaii","Pink",1958,1083451,436903,28.5,NA,11.8,NA,NA,NA,NA,NA,"PSF_20260428","20260910"
"Haida Gwaii","Pink",1959,442060,692062,103.5,NA,11.4,NA,NA,NA,NA,NA,"PSF_20260428","20260910"
"Haida Gwaii","Pink",1960,692727,553378,62.8,NA,11,NA,NA,NA,NA,NA,"PSF_20260428","20260910"
"Haida Gwaii","Pink",1961,152390,324908,-4.4,NA,10.5,NA,NA,NA,NA,NA,"PSF_20260428","20260910"
"Haida Gwaii","Pink",1962,1208244,429097,26.2,NA,10.1,NA,NA,NA,NA,NA,"PSF_20260428","20260910"
"Haida Gwaii","Pink",1963,231397,528757,55.5,NA,9.6,NA,NA,NA,NA,NA,"PSF_20260428","20260910"
"Haida Gwaii","Pink",1964,720438,408298,20.1,NA,9.2,NA,NA,NA,NA,NA,"PSF_20260428","20260910"
"Haida Gwaii","Pink",1965,177656,357757,5.2,NA,8.8,NA,NA,NA,NA,NA,"PSF_20260428","20260910"
"Haida Gwaii","Pink",1966,2073788,606977,78.5,NA,8.4,NA,NA,NA,NA,NA,"PSF_20260428","20260910"
"Haida Gwaii","Pink",1967,179912,610819,79.7,NA,7.9,NA,NA,NA,NA,NA,"PSF_20260428","20260910"
"Haida Gwaii","Pink",1968,2594373,683198,100.9,NA,7.5,NA,NA,NA,NA,NA,"PSF_20260428","20260910"
"Haida Gwaii","Pink",1969,494095,1132196,233,NA,7.1,NA,NA,NA,NA,NA,"PSF_20260428","20260910"
"Haida Gwaii","Pink",1970,1673278,909263,167.4,NA,6.6,NA,NA,NA,NA,NA,"PSF_20260428","20260910"
"Haida Gwaii","Pink",1971,87643,382951,12.6,NA,6.2,NA,NA,NA,NA,NA,"PSF_20260428","20260910"
"Haida Gwaii","Pink",1972,1571796,371156,9.2,NA,5.8,NA,NA,NA,NA,NA,"PSF_20260428","20260910"
"Haida Gwaii","Pink",1973,106332,408817,20.2,NA,5.4,NA,NA,NA,NA,NA,"PSF_20260428","20260910"
"Haida Gwaii","Pink",1974,771641,286443,-15.8,NA,5,NA,NA,NA,NA,NA,"PSF_20260428","20260910"
"Haida Gwaii","Pink",1975,43539,183294,-46.1,NA,4.6,NA,NA,NA,NA,NA,"PSF_20260428","20260910"
"Haida Gwaii","Pink",1976,927767,200983,-40.9,NA,4.1,NA,NA,NA,NA,NA,"PSF_20260428","20260910"
"Haida Gwaii","Pink",1977,31776,171701,-49.5,NA,3.7,NA,NA,NA,NA,NA,"PSF_20260428","20260910"
"Haida Gwaii","Pink",1978,935407,172406,-49.3,NA,3.3,NA,NA,NA,NA,NA,"PSF_20260428","20260910"
"Haida Gwaii","Pink",1979,35787,182963,-46.2,NA,2.9,NA,NA,NA,NA,NA,"PSF_20260428","20260910"
"Haida Gwaii","Pink",1980,782783,167373,-50.8,NA,2.5,NA,NA,NA,NA,NA,"PSF_20260428","20260910"
"Haida Gwaii","Pink",1981,18934,121743,-64.2,NA,2.1,NA,NA,NA,NA,NA,"PSF_20260428","20260910"
"Haida Gwaii","Pink",1982,694027,114634,-66.3,NA,1.7,NA,NA,NA,NA,NA,"PSF_20260428","20260910"
"Haida Gwaii","Pink",1983,25676,133491,-60.7,NA,1.3,NA,NA,NA,NA,NA,"PSF_20260428","20260910"
"Haida Gwaii","Pink",1984,1653937,206074,-39.4,NA,0.9,NA,NA,NA,NA,NA,"PSF_20260428","20260910"
"Haida Gwaii","Pink",1985,34469,238766,-29.8,NA,0.5,NA,NA,NA,NA,NA,"PSF_20260428","20260910"
"Haida Gwaii","Pink",1986,1968935,260513,-23.4,NA,0.1,NA,NA,NA,NA,NA,"PSF_20260428","20260910"
"Haida Gwaii","Pink",1987,48439,308825,-9.2,NA,-0.3,NA,NA,NA,NA,NA,"PSF_20260428","20260910"
"Haida Gwaii","Pink",1988,1441047,264202,-22.3,NA,-0.7,NA,NA,NA,NA,NA,"PSF_20260428","20260910"
"Haida Gwaii","Pink",1989,102551,384423,13.1,NA,-1.1,NA,NA,NA,NA,NA,"PSF_20260428","20260910"
"Haida Gwaii","Pink",1990,2726450,528773,55.5,NA,-1.5,NA,NA,NA,NA,NA,"PSF_20260428","20260910"
"Haida Gwaii","Pink",1991,95622,510596,50.2,NA,-1.9,NA,NA,NA,NA,NA,"PSF_20260428","20260910"
"Haida Gwaii","Pink",1992,1941511,430873,26.7,NA,-2.3,NA,NA,NA,NA,NA,"PSF_20260428","20260910"
"Haida Gwaii","Pink",1993,97481,435042,28,NA,-2.7,NA,NA,NA,NA,NA,"PSF_20260428","20260910"
"Haida Gwaii","Pink",1994,1362334,364421,7.2,NA,-3,NA,NA,NA,NA,NA,"PSF_20260428","20260910"
"Haida Gwaii","Pink",1995,7328,99915,-70.6,NA,-3.4,NA,NA,NA,NA,NA,"PSF_20260428","20260910"
"Haida Gwaii","Pink",1996,4126769,173898,-48.9,NA,-3.8,NA,NA,NA,NA,NA,"PSF_20260428","20260910"
"Haida Gwaii","Pink",1997,25849,326608,-3.9,NA,-4.2,NA,NA,NA,NA,NA,"PSF_20260428","20260910"
"Haida Gwaii","Pink",1998,1669439,207734,-38.9,NA,-4.6,NA,NA,NA,NA,NA,"PSF_20260428","20260910"
"Haida Gwaii","Pink",1999,8386,118322,-65.2,NA,-4.9,NA,NA,NA,NA,NA,"PSF_20260428","20260910"
"Haida Gwaii","Pink",2000,1192601,100006,-70.6,NA,-5.3,NA,NA,NA,NA,NA,"PSF_20260428","20260910"
"Haida Gwaii","Pink",2001,46075,234413,-31.1,NA,-5.7,NA,NA,NA,NA,NA,"PSF_20260428","20260910"
"Haida Gwaii","Pink",2002,1805916,288458,-15.2,NA,-6.1,NA,NA,NA,NA,NA,"PSF_20260428","20260910"
"Haida Gwaii","Pink",2003,4482,89968,-73.5,NA,-6.4,NA,NA,NA,NA,NA,"PSF_20260428","20260910"
"Haida Gwaii","Pink",2004,547207,49524,-85.4,NA,-6.8,NA,NA,NA,NA,NA,"PSF_20260428","20260910"
"Haida Gwaii","Pink",2005,911781,706352,107.8,NA,-7.2,NA,NA,NA,NA,NA,"PSF_20260428","20260910"
"Haida Gwaii","Pink",2006,514717,685061,101.5,NA,-7.5,NA,NA,NA,NA,NA,"PSF_20260428","20260910"
"Haida Gwaii","Pink",2007,585181,548819,61.4,NA,-7.9,NA,NA,NA,NA,NA,"PSF_20260428","20260910"
"Haida Gwaii","Pink",2008,1072573,792244,133,NA,-8.3,NA,NA,NA,NA,NA,"PSF_20260428","20260910"
"Haida Gwaii","Pink",2009,486986,722723,112.6,NA,-8.6,NA,NA,NA,NA,NA,"PSF_20260428","20260910"
"Haida Gwaii","Pink",2010,2674744,1141299,235.7,NA,-9,NA,NA,NA,NA,NA,"PSF_20260428","20260910"
"Haida Gwaii","Pink",2011,2317091,2489503,632.2,NA,-9.4,NA,NA,NA,NA,NA,"PSF_20260428","20260910"
"Haida Gwaii","Pink",2012,1512681,1872169,450.6,NA,-9.7,NA,NA,NA,NA,NA,"PSF_20260428","20260910"
"Haida Gwaii","Pink",2013,15861,154895,-54.4,NA,-10.1,NA,NA,NA,NA,NA,"PSF_20260428","20260910"
"Haida Gwaii","Pink",2014,820116,114052,-66.5,NA,-10.4,NA,NA,NA,NA,NA,"PSF_20260428","20260910"
"Haida Gwaii","Pink",2015,243293,446687,31.4,NA,-10.8,NA,NA,NA,NA,NA,"PSF_20260428","20260910"
"Haida Gwaii","Pink",2016,552474,366624,7.8,NA,-11.1,NA,NA,NA,NA,NA,"PSF_20260428","20260910"
"Haida Gwaii","Pink",2017,187490,321844,-5.3,NA,-11.5,NA,NA,NA,NA,NA,"PSF_20260428","20260910"
"Haida Gwaii","Pink",2018,1502755,530803,56.1,NA,-11.8,NA,NA,NA,NA,NA,"PSF_20260428","20260910"
"Haida Gwaii","Pink",2019,91908,371638,9.3,-18.4,-12.2,NA,NA,NA,NA,NA,"PSF_20260428","20260910"
"Haida Gwaii","Pink",2020,2030528,431997,27.1,-16.7,-12.5,NA,NA,NA,NA,NA,"PSF_20260428","20260910"
"Haida Gwaii","Pink",2021,10279,144469,-57.5,-15.1,-12.9,NA,NA,NA,NA,NA,"PSF_20260428","20260910"
"Haida Gwaii","Pink",2022,1995674,143224,-57.9,-13.4,-13.2,NA,NA,NA,NA,NA,"PSF_20260428","20260910"
"Haida Gwaii","Pink",2023,94686,434699,27.9,-11.7,-13.6,NA,NA,NA,NA,NA,"PSF_20260428","20260910"
"Haida Gwaii","Pink",2024,1912591,425554,25.2,-9.9,-13.9,NA,NA,NA,NA,NA,"PSF_20260428","20260910"
"Haida Gwaii","Sockeye",1950,20653,20653,-41.4,NA,16.7,NA,NA,NA,NA,NA,"PSF_20260428","20260910"
"Haida Gwaii","Sockeye",1951,38761,28293,-19.7,NA,16.2,NA,NA,NA,NA,NA,"PSF_20260428","20260910"
"Haida Gwaii","Sockeye",1952,16799,23780,-32.5,NA,15.6,NA,NA,NA,NA,NA,"PSF_20260428","20260910"
"Haida Gwaii","Sockeye",1953,30365,25279,-28.3,NA,15.1,NA,NA,NA,NA,NA,"PSF_20260428","20260910"
"Haida Gwaii","Sockeye",1954,60049,30054,-14.7,NA,14.5,NA,NA,NA,NA,NA,"PSF_20260428","20260910"
"Haida Gwaii","Sockeye",1955,15558,28399,-19.4,NA,14,NA,NA,NA,NA,NA,"PSF_20260428","20260910"
"Haida Gwaii","Sockeye",1956,30567,27082,-23.1,NA,13.4,NA,NA,NA,NA,NA,"PSF_20260428","20260910"
"Haida Gwaii","Sockeye",1957,48758,33514,-4.9,NA,12.9,NA,NA,NA,NA,NA,"PSF_20260428","20260910"
"Haida Gwaii","Sockeye",1958,72835,39923,13.3,NA,12.3,NA,NA,NA,NA,NA,"PSF_20260428","20260910"
"Haida Gwaii","Sockeye",1959,38561,36538,3.7,NA,11.8,NA,NA,NA,NA,NA,"PSF_20260428","20260910"
"Haida Gwaii","Sockeye",1960,43908,44964,27.6,NA,11.3,NA,NA,NA,NA,NA,"PSF_20260428","20260910"
"Haida Gwaii","Sockeye",1961,41747,47856,35.8,NA,10.7,NA,NA,NA,NA,NA,"PSF_20260428","20260910"
"Haida Gwaii","Sockeye",1962,93066,54461,54.6,NA,10.2,NA,NA,NA,NA,NA,"PSF_20260428","20260910"
"Haida Gwaii","Sockeye",1963,65479,53314,51.3,NA,9.7,NA,NA,NA,NA,NA,"PSF_20260428","20260910"
"Haida Gwaii","Sockeye",1964,53846,56996,61.8,NA,9.2,NA,NA,NA,NA,NA,"PSF_20260428","20260910"
"Haida Gwaii","Sockeye",1965,49059,58274,65.4,NA,8.7,NA,NA,NA,NA,NA,"PSF_20260428","20260910"
"Haida Gwaii","Sockeye",1966,49392,60268,71.1,NA,8.1,NA,NA,NA,NA,NA,"PSF_20260428","20260910"
"Haida Gwaii","Sockeye",1967,47214,52619,49.3,NA,7.6,NA,NA,NA,NA,NA,"PSF_20260428","20260910"
"Haida Gwaii","Sockeye",1968,76708,54311,54.1,NA,7.1,NA,NA,NA,NA,NA,"PSF_20260428","20260910"
"Haida Gwaii","Sockeye",1969,94203,60739,72.4,NA,6.6,NA,NA,NA,NA,NA,"PSF_20260428","20260910"
"Haida Gwaii","Sockeye",1970,59986,63232,79.5,NA,6.1,NA,NA,NA,NA,NA,"PSF_20260428","20260910"
"Haida Gwaii","Sockeye",1971,50291,63460,80.1,NA,5.6,NA,NA,NA,NA,NA,"PSF_20260428","20260910"
"Haida Gwaii","Sockeye",1972,30455,58133,65,NA,5.1,NA,NA,NA,NA,NA,"PSF_20260428","20260910"
"Haida Gwaii","Sockeye",1973,59438,55241,56.8,NA,4.6,NA,NA,NA,NA,NA,"PSF_20260428","20260910"
"Haida Gwaii","Sockeye",1974,57802,50100,42.2,NA,4.1,NA,NA,NA,NA,NA,"PSF_20260428","20260910"
"Haida Gwaii","Sockeye",1975,41513,46544,32.1,NA,3.6,NA,NA,NA,NA,NA,"PSF_20260428","20260910"
"Haida Gwaii","Sockeye",1976,63147,48712,38.3,NA,3.1,NA,NA,NA,NA,NA,"PSF_20260428","20260910"
"Haida Gwaii","Sockeye",1977,58922,55586,57.8,NA,2.6,NA,NA,NA,NA,NA,"PSF_20260428","20260910"
"Haida Gwaii","Sockeye",1978,33562,49582,40.7,NA,2.1,NA,NA,NA,NA,NA,"PSF_20260428","20260910"
"Haida Gwaii","Sockeye",1979,30455,43618,23.8,NA,1.6,NA,NA,NA,NA,NA,"PSF_20260428","20260910"
"Haida Gwaii","Sockeye",1980,45240,44374,25.9,NA,1.1,NA,NA,NA,NA,NA,"PSF_20260428","20260910"
"Haida Gwaii","Sockeye",1981,31401,38588,9.5,NA,0.7,NA,NA,NA,NA,NA,"PSF_20260428","20260910"
"Haida Gwaii","Sockeye",1982,36840,35128,-0.3,NA,0.2,NA,NA,NA,NA,NA,"PSF_20260428","20260910"
"Haida Gwaii","Sockeye",1983,33644,35146,-0.2,NA,-0.3,NA,NA,NA,NA,NA,"PSF_20260428","20260910"
"Haida Gwaii","Sockeye",1984,33083,35732,1.4,NA,-0.8,NA,NA,NA,NA,NA,"PSF_20260428","20260910"
"Haida Gwaii","Sockeye",1985,64148,38317,8.8,NA,-1.2,NA,NA,NA,NA,NA,"PSF_20260428","20260910"
"Haida Gwaii","Sockeye",1986,20467,35173,-0.2,NA,-1.7,NA,NA,NA,NA,NA,"PSF_20260428","20260910"
"Haida Gwaii","Sockeye",1987,26579,32950,-6.5,NA,-2.2,NA,NA,NA,NA,NA,"PSF_20260428","20260910"
"Haida Gwaii","Sockeye",1988,44242,34805,-1.2,NA,-2.6,NA,NA,NA,NA,NA,"PSF_20260428","20260910"
"Haida Gwaii","Sockeye",1989,18973,31142,-11.6,NA,-3.1,NA,NA,NA,NA,NA,"PSF_20260428","20260910"
"Haida Gwaii","Sockeye",1990,9717,21351,-39.4,NA,-3.6,NA,NA,NA,NA,NA,"PSF_20260428","20260910"
"Haida Gwaii","Sockeye",1991,9229,18207,-48.3,NA,-4,NA,NA,NA,NA,NA,"PSF_20260428","20260910"
"Haida Gwaii","Sockeye",1992,22125,17551,-50.2,NA,-4.5,NA,NA,NA,NA,NA,"PSF_20260428","20260910"
"Haida Gwaii","Sockeye",1993,22038,15268,-56.7,NA,-4.9,NA,NA,NA,NA,NA,"PSF_20260428","20260910"
"Haida Gwaii","Sockeye",1994,13912,14349,-59.3,NA,-5.4,NA,NA,NA,NA,NA,"PSF_20260428","20260910"
"Haida Gwaii","Sockeye",1995,11403,14816,-57.9,NA,-5.8,NA,NA,NA,NA,NA,"PSF_20260428","20260910"
"Haida Gwaii","Sockeye",1996,44074,20255,-42.5,NA,-6.3,NA,NA,NA,NA,NA,"PSF_20260428","20260910"
"Haida Gwaii","Sockeye",1997,35024,22204,-37,NA,-6.7,NA,NA,NA,NA,NA,"PSF_20260428","20260910"
"Haida Gwaii","Sockeye",1998,34210,24245,-31.2,NA,-7.2,NA,NA,NA,NA,NA,"PSF_20260428","20260910"
"Haida Gwaii","Sockeye",1999,32500,28729,-18.5,NA,-7.6,NA,NA,NA,NA,NA,"PSF_20260428","20260910"
"Haida Gwaii","Sockeye",2000,41671,37229,5.7,NA,-8.1,NA,NA,NA,NA,NA,"PSF_20260428","20260910"
"Haida Gwaii","Sockeye",2001,23370,32793,-6.9,NA,-8.5,NA,NA,NA,NA,NA,"PSF_20260428","20260910"
"Haida Gwaii","Sockeye",2002,25289,30725,-12.8,NA,-8.9,NA,NA,NA,NA,NA,"PSF_20260428","20260910"
"Haida Gwaii","Sockeye",2003,25365,28941,-17.9,NA,-9.4,NA,NA,NA,NA,NA,"PSF_20260428","20260910"
"Haida Gwaii","Sockeye",2004,27433,27976,-20.6,NA,-9.8,NA,NA,NA,NA,NA,"PSF_20260428","20260910"
"Haida Gwaii","Sockeye",2005,15470,22947,-34.9,NA,-10.2,NA,NA,NA,NA,NA,"PSF_20260428","20260910"
"Haida Gwaii","Sockeye",2006,47381,26431,-25,NA,-10.7,NA,NA,NA,NA,NA,"PSF_20260428","20260910"
"Haida Gwaii","Sockeye",2007,19756,25157,-28.6,NA,-11.1,NA,NA,NA,NA,NA,"PSF_20260428","20260910"
"Haida Gwaii","Sockeye",2008,22722,24610,-30.2,NA,-11.5,NA,NA,NA,NA,NA,"PSF_20260428","20260910"
"Haida Gwaii","Sockeye",2009,31997,25379,-28,NA,-11.9,NA,NA,NA,NA,NA,"PSF_20260428","20260910"
"Haida Gwaii","Sockeye",2010,46681,31652,-10.2,11.6,-12.3,NA,NA,NA,NA,NA,"PSF_20260428","20260910"
"Haida Gwaii","Sockeye",2011,63367,33547,-4.8,10,-12.8,NA,NA,NA,NA,NA,"PSF_20260428","20260910"
"Haida Gwaii","Sockeye",2012,40676,38760,10,8.4,-13.2,NA,NA,NA,NA,NA,"PSF_20260428","20260910"
"Haida Gwaii","Sockeye",2013,29890,40944,16.2,6.9,-13.6,NA,NA,NA,NA,NA,"PSF_20260428","20260910"
"Haida Gwaii","Sockeye",2014,50354,44831,27.2,5.4,-14,NA,NA,NA,NA,NA,"PSF_20260428","20260910"
"Haida Gwaii","Sockeye",2015,48223,45123,28.1,3.8,-14.4,NA,NA,NA,NA,NA,"PSF_20260428","20260910"
"Haida Gwaii","Sockeye",2016,40485,41256,17.1,2.3,-14.8,NA,NA,NA,NA,NA,"PSF_20260428","20260910"
"Haida Gwaii","Sockeye",2017,32281,39392,11.8,0.9,-15.2,NA,NA,NA,NA,NA,"PSF_20260428","20260910"
"Haida Gwaii","Sockeye",2018,24868,37969,7.8,-0.6,-15.6,NA,NA,NA,NA,NA,"PSF_20260428","20260910"
"Haida Gwaii","Sockeye",2019,24169,32785,-6.9,-2,-16,NA,NA,NA,NA,NA,"PSF_20260428","20260910"
"Haida Gwaii","Sockeye",2020,20794,27709,-21.4,-3.4,-16.4,NA,NA,NA,NA,NA,"PSF_20260428","20260910"
"Haida Gwaii","Sockeye",2021,26600,25476,-27.7,-4.8,-16.8,NA,NA,NA,NA,NA,"PSF_20260428","20260910"
"Haida Gwaii","Sockeye",2022,50094,27816,-21.1,-6.2,-17.2,NA,NA,NA,NA,NA,"PSF_20260428","20260910"
"Haida Gwaii","Sockeye",2023,62921,33491,-4.9,-7.5,-17.6,NA,NA,NA,NA,NA,"PSF_20260428","20260910"
"Haida Gwaii","Sockeye",2024,60590,40249,14.2,-8.8,-18,NA,NA,NA,NA,NA,"PSF_20260428","20260910"
"Nass","Chinook",1975,14895,14895,-11.8,NA,8.6,17874,17874,-22.9,NA,-0.9,"CTC_20260818","20260910"
"Nass","Chinook",1976,13819,14347,-15,NA,8.2,16583,17216,-25.7,NA,-0.9,"CTC_20260818","20260910"
"Nass","Chinook",1977,14288,14327,-15.1,NA,7.8,18410,17605,-24.1,NA,-0.9,"CTC_20260818","20260910"
"Nass","Chinook",1978,16885,14928,-11.6,NA,7.4,21807,18573,-19.9,NA,-0.9,"CTC_20260818","20260910"
"Nass","Chinook",1979,12783,14472,-14.3,NA,7,16229,18079,-22,NA,-0.9,"CTC_20260818","20260910"
"Nass","Chinook",1980,14855,14464,-14.3,NA,6.6,18744,18251,-21.3,NA,-0.9,"CTC_20260818","20260910"
"Nass","Chinook",1981,13925,14486,-14.2,NA,6.2,17606,18471,-20.3,NA,-0.9,"CTC_20260818","20260910"
"Nass","Chinook",1982,10359,13584,-19.5,NA,5.9,13287,17305,-25.4,NA,-0.9,"CTC_20260818","20260910"
"Nass","Chinook",1983,16301,13489,-20.1,NA,5.5,20516,17095,-26.3,NA,-0.9,"CTC_20260818","20260910"
"Nass","Chinook",1984,24967,15421,-8.6,NA,5.1,31408,19508,-15.9,NA,-0.9,"CTC_20260818","20260910"
"Nass","Chinook",1985,19694,16316,-3.3,NA,4.7,24768,20626,-11,NA,-0.9,"CTC_20260818","20260910"
"Nass","Chinook",1986,38661,20012,18.6,NA,4.3,47967,25204,8.7,NA,-0.9,"CTC_20260818","20260910"
"Nass","Chinook",1987,21470,23153,37.2,NA,4,26568,28951,24.9,NA,-0.9,"CTC_20260818","20260910"
"Nass","Chinook",1988,16848,23306,38.1,NA,3.6,21094,29112,25.6,NA,-0.9,"CTC_20260818","20260910"
"Nass","Chinook",1989,29201,24048,42.5,NA,3.2,36594,30016,29.5,NA,-0.9,"CTC_20260818","20260910"
"Nass","Chinook",1990,26511,25521,51.2,NA,2.8,33384,31863,37.4,NA,-0.9,"CTC_20260818","20260910"
"Nass","Chinook",1991,7926,18589,10.1,NA,2.5,13136,24592,6.1,NA,-0.9,"CTC_20260818","20260910"
"Nass","Chinook",1992,17716,17888,6,NA,2.1,25405,24372,5.1,NA,-0.9,"CTC_20260818","20260910"
"Nass","Chinook",1993,25853,19487,15.4,NA,1.7,36678,27224,17.4,NA,-0.9,"CTC_20260818","20260910"
"Nass","Chinook",1994,24872,18872,11.8,NA,1.3,32864,26645,14.9,NA,-0.9,"CTC_20260818","20260910"
"Nass","Chinook",1995,8817,15142,-10.3,NA,1,16187,23053,-0.6,NA,-0.9,"CTC_20260818","20260910"
"Nass","Chinook",1996,22950,18730,11,NA,0.6,30889,27353,18,NA,-0.9,"CTC_20260818","20260910"
"Nass","Chinook",1997,20337,19254,14.1,NA,0.2,27658,27822,20,NA,-0.9,"CTC_20260818","20260910"
"Nass","Chinook",1998,24675,19075,13,NA,-0.1,34922,27550,18.8,NA,-0.9,"CTC_20260818","20260910"
"Nass","Chinook",1999,12526,16630,-1.5,NA,-0.5,22310,25496,10,NA,-0.9,"CTC_20260818","20260910"
"Nass","Chinook",2000,19348,19461,15.3,NA,-0.8,31159,29064,25.4,NA,-0.9,"CTC_20260818","20260910"
"Nass","Chinook",2001,32340,20842,23.5,NA,-1.2,44595,31279,34.9,NA,-0.9,"CTC_20260818","20260910"
"Nass","Chinook",2002,14804,19560,15.9,NA,-1.6,21528,29750,28.3,NA,-1,"CTC_20260818","20260910"
"Nass","Chinook",2003,28274,20100,19.1,NA,-1.9,36503,30015,29.5,NA,-1,"CTC_20260818","20260910"
"Nass","Chinook",2004,16875,21334,26.4,NA,-2.3,25137,30740,32.6,NA,-1,"CTC_20260818","20260910"
"Nass","Chinook",2005,15571,20427,21,NA,-2.6,24067,29192,25.9,NA,-1,"CTC_20260818","20260910"
"Nass","Chinook",2006,28061,19856,17.6,NA,-3,37098,28137,21.4,NA,-1,"CTC_20260818","20260910"
"Nass","Chinook",2007,24964,22043,30.6,NA,-3.3,34221,30870,33.2,NA,-1,"CTC_20260818","20260910"
"Nass","Chinook",2008,22138,20990,24.3,NA,-3.7,26202,28890,24.6,NA,-1,"CTC_20260818","20260910"
"Nass","Chinook",2009,29576,23484,39.1,NA,-4,36865,31189,34.5,NA,-1,"CTC_20260818","20260910"
"Nass","Chinook",2010,20729,24866,47.3,NA,-4.4,26052,31687,36.7,NA,-1,"CTC_20260818","20260910"
"Nass","Chinook",2011,10826,20554,21.8,-17.2,-4.7,15092,26471,14.2,-14.9,-1,"CTC_20260818","20260910"
"Nass","Chinook",2012,9797,17047,1,-17.8,-5.1,15086,22471,-3.1,-15.2,-1,"CTC_20260818","20260910"
"Nass","Chinook",2013,9034,14249,-15.6,-18.3,-5.4,13525,19687,-15.1,-15.5,-1,"CTC_20260818","20260910"
"Nass","Chinook",2014,12979,12085,-28.4,-18.8,-5.8,19789,17384,-25,-15.9,-1,"CTC_20260818","20260910"
"Nass","Chinook",2015,20595,12070,-28.5,-19.3,-6.1,28557,17706,-23.6,-16.2,-1,"CTC_20260818","20260910"
"Nass","Chinook",2016,10192,11925,-29.4,-19.9,-6.5,15977,17909,-22.8,-16.5,-1,"CTC_20260818","20260910"
"Nass","Chinook",2017,4984,10417,-38.3,-20.4,-6.8,8947,16132,-30.4,-16.8,-1,"CTC_20260818","20260910"
"Nass","Chinook",2018,16319,11725,-30.5,-20.9,-7.1,21862,17758,-23.4,-17.1,-1,"CTC_20260818","20260910"
"Nass","Chinook",2019,11833,11510,-31.8,-21.4,-7.5,18707,17560,-24.3,-17.4,-1,"CTC_20260818","20260910"
"Nass","Chinook",2020,14315,10702,-36.6,-21.9,-7.8,20551,16442,-29.1,-17.7,-1,"CTC_20260818","20260910"
"Nass","Chinook",2021,12742,11191,-33.7,-22.4,-8.1,21538,17454,-24.7,-18,-1,"CTC_20260818","20260910"
"Nass","Chinook",2022,20000,14776,-12.5,-22.9,-8.5,22697,21025,-9.3,-18.3,-1,"CTC_20260818","20260910"
"Nass","Chinook",2023,13000,14120,-16.4,-23.4,-8.8,18900,20422,-11.9,-18.6,-1,"CTC_20260818","20260910"
"Nass","Chinook",2024,17000,15181,-10.1,-23.9,-9.1,19900,20676,-10.8,-18.9,-1,"CTC_20260818","20260910"
"Nass","Chinook",2025,22000,16543,-2,-24.4,-9.5,27000,21836,-5.8,-19.2,-1,"CTC_20260818","20260910"
"Nass","Sockeye",1982,350008,350008,33.3,NA,-6.1,920757,920757,38.9,NA,38.3,"English_20230930","20260910"
"Nass","Sockeye",1983,209432,270745,3.2,NA,-5.9,615371,752733,13.6,NA,36.3,"English_20230930","20260910"
"Nass","Sockeye",1984,201970,245548,-6.4,NA,-5.7,543032,675102,1.8,NA,34.4,"English_20230930","20260910"
"Nass","Sockeye",1985,407042,278620,6.2,NA,-5.5,841303,713288,7.6,NA,32.4,"English_20230930","20260910"
"Nass","Sockeye",1986,213695,264222,0.7,NA,-5.3,658881,702059,5.9,NA,30.5,"English_20230930","20260910"
"Nass","Sockeye",1987,210166,238597,-9.1,NA,-5.1,562867,636247,-4,NA,28.6,"English_20230930","20260910"
"Nass","Sockeye",1988,155793,224888,-14.3,NA,-4.9,401140,584060,-11.9,NA,26.8,"English_20230930","20260910"
"Nass","Sockeye",1989,127418,205095,-21.9,NA,-4.7,586686,593162,-10.5,NA,24.9,"English_20230930","20260910"
"Nass","Sockeye",1990,177461,173719,-33.8,NA,-4.5,459623,525610,-20.7,NA,23.1,"English_20230930","20260910"
"Nass","Sockeye",1991,308716,186982,-28.8,NA,-4.3,958994,566585,-14.5,NA,21.4,"English_20230930","20260910"
"Nass","Sockeye",1992,672844,235978,-10.1,NA,-4,1960084,727175,9.7,NA,19.6,"English_20230930","20260910"
"Nass","Sockeye",1993,538263,302385,15.2,NA,-3.8,2150584,1017398,53.5,NA,17.9,"English_20230930","20260910"
"Nass","Sockeye",1994,310044,361242,37.6,NA,-3.6,837138,1092368,64.8,NA,16.2,"English_20230930","20260910"
"Nass","Sockeye",1995,264689,391314,49.1,NA,-3.4,1168730,1316533,98.6,NA,14.5,"English_20230930","20260910"
"Nass","Sockeye",1996,217909,364980,39.1,NA,-3.2,1054397,1341743,102.4,NA,12.8,"English_20230930","20260910"
"Nass","Sockeye",1997,250460,299525,14.1,NA,-3,994761,1171543,76.7,NA,11.2,"English_20230930","20260910"
"Nass","Sockeye",1998,266463,260233,-0.9,NA,-2.8,711783,939110,41.7,NA,9.6,"English_20230930","20260910"
"Nass","Sockeye",1999,210959,240944,-8.2,NA,-2.5,842807,940378,41.9,NA,8,"English_20230930","20260910"
"Nass","Sockeye",2000,204408,228807,-12.8,NA,-2.3,625983,829989,25.2,NA,6.4,"English_20230930","20260910"
"Nass","Sockeye",2001,167258,217016,-17.3,NA,-2.1,583885,737457,11.3,NA,4.9,"English_20230930","20260910"
"Nass","Sockeye",2002,405474,238966,-9,NA,-1.9,1403976,790069,19.2,NA,3.4,"English_20230930","20260910"
"Nass","Sockeye",2003,263688,238466,-9.1,NA,-1.7,1177472,873747,31.8,NA,1.9,"English_20230930","20260910"
"Nass","Sockeye",2004,215860,239564,-8.7,NA,-1.5,986097,901621,36,NA,0.4,"English_20230930","20260910"
"Nass","Sockeye",2005,224562,244112,-7,NA,-1.2,666882,913106,37.8,NA,-1,"English_20230930","20260910"
"Nass","Sockeye",2006,250641,264681,0.8,NA,-1,775110,966337,45.8,NA,-2.5,"English_20230930","20260910"
"Nass","Sockeye",2007,164745,221051,-15.8,NA,-0.8,602208,815842,23.1,NA,-3.9,"English_20230930","20260910"
"Nass","Sockeye",2008,218376,212870,-18.9,NA,-0.6,380396,650823,-1.8,NA,-5.3,"English_20230930","20260910"
"Nass","Sockeye",2009,244900,218313,-16.8,NA,-0.4,575336,584337,-11.8,NA,-6.6,"English_20230930","20260910"
"Nass","Sockeye",2010,229010,219171,-16.5,NA,-0.1,438941,537446,-18.9,NA,-8,"English_20230930","20260910"
"Nass","Sockeye",2011,276700,223550,-14.8,-18.7,0.1,556711,503023,-24.1,-24.5,-9.3,"English_20230930","20260910"
"Nass","Sockeye",2012,203030,233090,-11.2,-15.9,0.3,476821,480076,-27.6,-24.9,-10.6,"English_20230930","20260910"
"Nass","Sockeye",2013,210120,231300,-11.9,-12.9,0.5,501424,507345,-23.5,-25.3,-11.9,"English_20230930","20260910"
"Nass","Sockeye",2014,260102,234103,-10.8,-9.8,0.7,549423,502690,-24.2,-25.6,-13.2,"English_20230930","20260910"
"Nass","Sockeye",2015,389508,260339,-0.8,-6.6,1,868749,576233,-13.1,-26,-14.4,"English_20230930","20260910"
"Nass","Sockeye",2016,276417,260286,-0.8,-3.4,1.2,442420,550350,-17,-26.4,-15.7,"English_20230930","20260910"
"Nass","Sockeye",2017,226765,266105,1.4,0.1,1.4,368660,522749,-21.1,-26.8,-16.9,"English_20230930","20260910"
"Nass","Sockeye",2018,223871,269501,2.7,3.6,1.6,315975,476632,-28.1,-27.1,-18.1,"English_20230930","20260910"
"Nass","Sockeye",2019,243662,266004,1.3,7.2,1.9,377745,442223,-33.3,-27.5,-19.3,"English_20230930","20260910"
"Nass","Sockeye",2020,215464,236298,-10,11,2.1,295163,356348,-46.2,-27.9,-20.4,"English_20230930","20260910"
"Nass","Sockeye",2021,348825,247553,-5.7,15,2.3,502536,365545,-44.9,-28.3,-21.6,"English_20230930","20260910"
"Nass","Sockeye",2022,444663,283243,7.9,19,2.5,623024,405992,-38.8,-28.6,-22.7,"English_20230930","20260910"
"Nass","Sockeye",2023,504000,333155,26.9,23.2,2.8,696000,475454,-28.3,-29,-23.8,"Nisgaa_20251202","20260910"
"Nass","Sockeye",2024,526000,388585,48,27.6,3,791000,551193,-16.8,-29.4,-24.9,"Nisgaa_20251202","20260910"
"Nass","Sockeye",2025,316000,419516,59.8,32.1,3.2,479000,607238,-8.4,-29.7,-26,"Nisgaa_20251202","20260910"
"Nass","Coho",1992,109000,109000,-15.1,NA,-36.8,305000,305000,10.5,NA,-27.1,"Nisgaa_20251202","20260910"
"Nass","Coho",1993,43000,68462,-46.7,NA,-35.2,119000,190512,-31,NA,-25.7,"Nisgaa_20251202","20260910"
"Nass","Coho",1994,207000,98997,-22.9,NA,-33.4,759000,302016,9.4,NA,-24.3,"Nisgaa_20251202","20260910"
"Nass","Coho",1995,47000,82175,-36,NA,-31.7,151000,253961,-8,NA,-22.9,"Nisgaa_20251202","20260910"
"Nass","Coho",1996,79000,75821,-40.9,NA,-29.9,208000,230785,-16.4,NA,-21.5,"Nisgaa_20251202","20260910"
"Nass","Coho",1997,27000,67494,-47.4,NA,-28,61000,195278,-29.3,NA,-20,"Nisgaa_20251202","20260910"
"Nass","Coho",1998,70000,51469,-59.9,NA,-26.1,134000,126581,-54.2,NA,-18.5,"Nisgaa_20251202","20260910"
"Nass","Coho",1999,103000,62623,-51.2,NA,-24.2,207000,136967,-50.4,NA,-17,"Nisgaa_20251202","20260910"
"Nass","Coho",2000,106000,67399,-47.5,NA,-22.1,208000,136967,-50.4,NA,-15.5,"Nisgaa_20251202","20260910"
"Nass","Coho",2001,195000,110489,-13.9,NA,-20.1,374000,215527,-21.9,NA,-13.9,"Nisgaa_20251202","20260910"
"Nass","Coho",2002,292000,157903,23,NA,-18,378000,279318,1.2,NA,-12.3,"Nisgaa_20251202","20260910"
"Nass","Coho",2003,141000,170799,33.1,NA,-15.8,261000,295983,7.2,NA,-10.7,"Nisgaa_20251202","20260910"
"Nass","Coho",2004,99000,167907,30.8,NA,-13.6,222000,300842,9,NA,-9,"Nisgaa_20251202","20260910"
"Nass","Coho",2005,160000,159805,24.5,NA,-11.3,374000,300842,9,NA,-7.3,"Nisgaa_20251202","20260910"
"Nass","Coho",2006,102000,122855,-4.3,NA,-8.9,195000,254962,-7.7,NA,-5.6,"Nisgaa_20251202","20260910"
"Nass","Coho",2007,142000,123072,-4.1,NA,-6.5,282000,259942,-5.9,NA,-3.8,"Nisgaa_20251202","20260910"
"Nass","Coho",2008,115000,127769,-0.4,NA,-4.1,193000,251003,-9.1,NA,-2,"Nisgaa_20251202","20260910"
"Nass","Coho",2009,312000,150986,17.7,NA,-1.5,479000,267020,-3.3,NA,-0.2,"Nisgaa_20251202","20260910"
"Nass","Coho",2010,148000,165711,29.1,NA,1.1,277000,291511,5.6,NA,1.6,"Nisgaa_20251202","20260910"
"Nass","Coho",2011,98000,151038,17.7,NA,3.8,209000,270477,-2,NA,3.5,"Nisgaa_20251202","20260910"
"Nass","Coho",2012,115000,151038,17.7,NA,6.5,256000,290269,5.1,NA,5.5,"Nisgaa_20251202","20260910"
"Nass","Coho",2013,354000,155882,21.5,NA,9.3,876000,337553,22.3,NA,7.4,"Nisgaa_20251202","20260910"
"Nass","Coho",2014,232000,174423,35.9,6,12.2,441000,379168,37.3,28.3,9.4,"Nisgaa_20251202","20260910"
"Nass","Coho",2015,56000,151651,18.2,8.6,15.2,249000,396137,43.5,27.5,11.5,"Nisgaa_20251202","20260910"
"Nass","Coho",2016,183000,170327,32.7,11.3,18.2,508000,470166,70.3,26.7,13.6,"Nisgaa_20251202","20260910"
"Nass","Coho",2017,190000,145788,13.6,14,21.3,370000,379032,37.3,25.9,15.7,"Nisgaa_20251202","20260910"
"Nass","Coho",2018,73000,109189,-14.9,16.8,24.6,149000,288977,4.7,25.1,17.8,"Nisgaa_20251202","20260910"
"Nass","Coho",2019,144000,138268,7.7,19.6,27.9,237000,285430,3.4,24.2,20,"Nisgaa_20251202","20260910"
"Nass","Coho",2020,96000,117673,-8.3,22.5,31.2,232000,234642,-15,23.4,22.3,"Nisgaa_20251202","20260910"
"Nass","Coho",2021,181000,116254,-9.4,25.5,34.7,374000,235274,-14.8,22.6,24.5,"Nisgaa_20251202","20260910"
"Nass","Coho",2022,291000,164267,28,28.6,38.3,511000,320171,16,21.9,26.9,"Nisgaa_20251202","20260910"
"Nass","Coho",2023,258000,190049,48.1,31.7,41.9,511000,387972,40.5,21.1,29.2,"Nisgaa_20251202","20260910"
"Nass","Coho",2024,173000,220196,71.6,34.9,45.7,326000,422409,53,20.3,31.6,"Nisgaa_20251202","20260910"
"Nass","Coho",2025,155000,211823,65.1,38.2,49.5,299000,399423,44.7,19.5,34.1,"Nisgaa_20251202","20260910"
"Nass","Pink",1950,123366,123366,-52.1,NA,-58.4,NA,NA,NA,NA,NA,"PSF_20260428","20260910"
"Nass","Pink",1951,89866,105292,-59.2,NA,-57.4,NA,NA,NA,NA,NA,"PSF_20260428","20260910"
"Nass","Pink",1952,87516,88683,-65.6,NA,-56.4,NA,NA,NA,NA,NA,"PSF_20260428","20260910"
"Nass","Pink",1953,21598,43476,-83.1,NA,-55.4,NA,NA,NA,NA,NA,"PSF_20260428","20260910"
"Nass","Pink",1954,99476,46352,-82,NA,-54.4,NA,NA,NA,NA,NA,"PSF_20260428","20260910"
"Nass","Pink",1955,36415,60186,-76.7,NA,-53.3,NA,NA,NA,NA,NA,"PSF_20260428","20260910"
"Nass","Pink",1956,166208,77798,-69.8,NA,-52.3,NA,NA,NA,NA,NA,"PSF_20260428","20260910"
"Nass","Pink",1957,26509,66378,-74.2,NA,-51.2,NA,NA,NA,NA,NA,"PSF_20260428","20260910"
"Nass","Pink",1958,110675,54165,-79,NA,-50,NA,NA,NA,NA,NA,"PSF_20260428","20260910"
"Nass","Pink",1959,178392,140512,-45.5,NA,-48.9,NA,NA,NA,NA,NA,"PSF_20260428","20260910"
"Nass","Pink",1960,87485,124926,-51.5,NA,-47.7,NA,NA,NA,NA,NA,"PSF_20260428","20260910"
"Nass","Pink",1961,284468,157755,-38.8,NA,-46.5,NA,NA,NA,NA,NA,"PSF_20260428","20260910"
"Nass","Pink",1962,374043,326195,26.5,NA,-45.2,NA,NA,NA,NA,NA,"PSF_20260428","20260910"
"Nass","Pink",1963,224268,289631,12.4,NA,-44,NA,NA,NA,NA,NA,"PSF_20260428","20260910"
"Nass","Pink",1964,419720,306806,19,NA,-42.7,NA,NA,NA,NA,NA,"PSF_20260428","20260910"
"Nass","Pink",1965,294486,351570,36.4,NA,-41.3,NA,NA,NA,NA,NA,"PSF_20260428","20260910"
"Nass","Pink",1966,374960,332296,28.9,NA,-40,NA,NA,NA,NA,NA,"PSF_20260428","20260910"
"Nass","Pink",1967,64310,155286,-39.8,NA,-38.6,NA,NA,NA,NA,NA,"PSF_20260428","20260910"
"Nass","Pink",1968,267058,131052,-49.2,NA,-37.2,NA,NA,NA,NA,NA,"PSF_20260428","20260910"
"Nass","Pink",1969,56732,123088,-52.3,NA,-35.7,NA,NA,NA,NA,NA,"PSF_20260428","20260910"
"Nass","Pink",1970,368416,144572,-43.9,NA,-34.2,NA,NA,NA,NA,NA,"PSF_20260428","20260910"
"Nass","Pink",1971,176295,254853,-1.1,NA,-32.7,NA,NA,NA,NA,NA,"PSF_20260428","20260910"
"Nass","Pink",1972,401284,265978,3.2,NA,-31.2,NA,NA,NA,NA,NA,"PSF_20260428","20260910"
"Nass","Pink",1973,98660,198974,-22.8,NA,-29.6,NA,NA,NA,NA,NA,"PSF_20260428","20260910"
"Nass","Pink",1974,116073,107013,-58.5,NA,-27.9,NA,NA,NA,NA,NA,"PSF_20260428","20260910"
"Nass","Pink",1975,188286,147834,-42.7,NA,-26.3,NA,NA,NA,NA,NA,"PSF_20260428","20260910"
"Nass","Pink",1976,199757,193937,-24.8,NA,-24.5,NA,NA,NA,NA,NA,"PSF_20260428","20260910"
"Nass","Pink",1977,222211,210685,-18.3,NA,-22.8,NA,NA,NA,NA,NA,"PSF_20260428","20260910"
"Nass","Pink",1978,484100,327982,27.2,NA,-21,NA,NA,NA,NA,NA,"PSF_20260428","20260910"
"Nass","Pink",1979,62762,174308,-32.4,NA,-19.2,NA,NA,NA,NA,NA,"PSF_20260428","20260910"
"Nass","Pink",1980,150833,97296,-62.3,NA,-17.3,NA,NA,NA,NA,NA,"PSF_20260428","20260910"
"Nass","Pink",1981,231447,186842,-27.5,NA,-15.4,NA,NA,NA,NA,NA,"PSF_20260428","20260910"
"Nass","Pink",1982,549230,356536,38.3,NA,-13.4,NA,NA,NA,NA,NA,"PSF_20260428","20260910"
"Nass","Pink",1983,656958,600684,133,NA,-11.4,NA,NA,NA,NA,NA,"PSF_20260428","20260910"
"Nass","Pink",1984,584461,619650,140.4,NA,-9.4,NA,NA,NA,NA,NA,"PSF_20260428","20260910"
"Nass","Pink",1985,565754,575031,123.1,NA,-7.3,NA,NA,NA,NA,NA,"PSF_20260428","20260910"
"Nass","Pink",1986,411520,482513,87.2,NA,-5.1,NA,NA,NA,NA,NA,"PSF_20260428","20260910"
"Nass","Pink",1987,399913,405675,57.4,NA,-2.9,NA,NA,NA,NA,NA,"PSF_20260428","20260910"
"Nass","Pink",1988,190413,275950,7,NA,-0.7,NA,NA,NA,NA,NA,"PSF_20260428","20260910"
"Nass","Pink",1989,714862,368943,43.1,NA,1.6,NA,NA,NA,NA,NA,"PSF_20260428","20260910"
"Nass","Pink",1990,199431,377579,46.5,NA,4,NA,NA,NA,NA,NA,"PSF_20260428","20260910"
"Nass","Pink",1991,457780,302152,17.2,NA,6.4,NA,NA,NA,NA,NA,"PSF_20260428","20260910"
"Nass","Pink",1992,206000,307087,19.1,NA,8.8,389000,389000,-30.9,NA,-9,"Nisgaa_20251202","20260910"
"Nass","Pink",1993,372000,276825,7.4,NA,11.3,1205000,684650,21.7,NA,-8.6,"Nisgaa_20251202","20260910"
"Nass","Pink",1994,145000,232250,-9.9,NA,13.9,220000,514879,-8.5,NA,-8.2,"Nisgaa_20251202","20260910"
"Nass","Pink",1995,402000,241433,-6.3,NA,16.6,1010000,471381,-16.2,NA,-7.8,"Nisgaa_20251202","20260910"
"Nass","Pink",1996,278000,334299,29.7,NA,19.3,569000,758083,34.7,NA,-7.5,"Nisgaa_20251202","20260910"
"Nass","Pink",1997,299000,288309,11.8,NA,22,475000,519880,-7.6,NA,-7.1,"Nisgaa_20251202","20260910"
"Nass","Pink",1998,115000,185432,-28.1,NA,24.8,162000,277399,-50.7,NA,-6.7,"Nisgaa_20251202","20260910"
"Nass","Pink",1999,535000,248042,-3.8,NA,27.7,1454000,485333,-13.7,NA,-6.3,"Nisgaa_20251202","20260910"
"Nass","Pink",2000,221000,343853,33.4,NA,30.7,594000,929342,65.2,NA,-5.9,"Nisgaa_20251202","20260910"
"Nass","Pink",2001,760000,409829,59,NA,33.7,2093000,1115008,98.2,NA,-5.5,"Nisgaa_20251202","20260910"
"Nass","Pink",2002,291000,470276,82.4,NA,36.8,691000,1202607,113.7,NA,-5.1,"Nisgaa_20251202","20260910"
"Nass","Pink",2003,854000,498512,93.4,NA,40,1155000,893367,58.8,NA,-4.7,"Nisgaa_20251202","20260910"
"Nass","Pink",2004,493000,648862,151.7,NA,43.2,771000,943666,67.7,NA,-4.4,"Nisgaa_20251202","20260910"
"Nass","Pink",2005,1064000,724260,181,NA,46.5,1523000,1083620,92.6,NA,-4,"Nisgaa_20251202","20260910"
"Nass","Pink",2006,118000,354333,37.5,NA,49.9,151000,479555,-14.8,NA,-3.6,"Nisgaa_20251202","20260910"
"Nass","Pink",2007,647000,276308,7.2,NA,53.4,1015000,391491,-30.4,NA,-3.2,"Nisgaa_20251202","20260910"
"Nass","Pink",2008,45000,170631,-33.8,NA,57,57000,240531,-57.2,NA,-2.8,"Nisgaa_20251202","20260910"
"Nass","Pink",2009,723000,180375,-30,NA,60.6,912000,228000,-59.5,NA,-2.4,"Nisgaa_20251202","20260910"
"Nass","Pink",2010,180000,360749,39.9,NA,64.3,199000,426014,-24.3,NA,-2,"Nisgaa_20251202","20260910"
"Nass","Pink",2011,116000,144499,-43.9,NA,68.1,180000,189262,-66.4,NA,-1.6,"Nisgaa_20251202","20260910"
"Nass","Pink",2012,231000,163695,-36.5,NA,72,281000,224900,-60,NA,-1.2,"Nisgaa_20251202","20260910"
"Nass","Pink",2013,848000,442592,71.7,NA,76,1077000,550124,-2.2,NA,-0.8,"Nisgaa_20251202","20260910"
"Nass","Pink",2014,347000,542454,110.4,NA,80.1,451000,696941,23.9,NA,-0.3,"Nisgaa_20251202","20260910"
"Nass","Pink",2015,354000,350482,36,NA,84.2,427000,438836,-22,NA,0.1,"Nisgaa_20251202","20260910"
"Nass","Pink",2016,294000,322608,25.1,NA,88.5,367000,395865,-29.6,NA,0.5,"Nisgaa_20251202","20260910"
"Nass","Pink",2017,840000,496951,92.8,NA,92.9,943000,588286,4.6,NA,0.9,"Nisgaa_20251202","20260910"
"Nass","Pink",2018,223000,432805,67.9,NA,97.3,269000,503654,-10.5,NA,1.3,"Nisgaa_20251202","20260910"
"Nass","Pink",2019,160000,188892,-26.7,NA,101.9,178000,218820,-61.1,NA,1.7,"Nisgaa_20251202","20260910"
"Nass","Pink",2020,736000,343162,33.1,46.4,106.6,769000,369976,-34.2,-26.7,2.1,"Nisgaa_20251202","20260910"
"Nass","Pink",2021,547000,634501,146.1,95.9,111.4,636000,699345,24.3,-1.4,2.6,"Nisgaa_20251202","20260910"
"Nass","Pink",2022,467000,505420,96.1,162.1,116.3,510000,569526,1.2,32.7,3,"Nisgaa_20251202","20260910"
"Nass","Pink",2023,2242000,1023237,296.9,250.7,121.3,2519000,1133442,101.5,78.5,3.4,"Nisgaa_20251202","20260910"
"Nass","Pink",2024,947000,1457112,465.3,369.2,126.4,1052000,1627878,189.3,140.2,3.8,"Nisgaa_20251202","20260910"
"Nass","Pink",2025,2037000,1388898,438.8,527.8,131.6,2286000,1550765,175.6,223.2,4.3,"Nisgaa_20251202","20260910"
"Nass","Chum",1950,27677,27677,-37.3,NA,47.7,NA,NA,NA,NA,NA,"PSF_20260428","20260910"
"Nass","Chum",1951,106319,54246,22.8,NA,46.2,NA,NA,NA,NA,NA,"PSF_20260428","20260910"
"Nass","Chum",1952,78925,61468,39.2,NA,44.6,NA,NA,NA,NA,NA,"PSF_20260428","20260910"
"Nass","Chum",1953,54080,59531,34.8,NA,43,NA,NA,NA,NA,NA,"PSF_20260428","20260910"
"Nass","Chum",1954,31145,61314,38.8,NA,41.5,NA,NA,NA,NA,NA,"PSF_20260428","20260910"
"Nass","Chum",1955,10158,34089,-22.8,NA,40,NA,NA,NA,NA,NA,"PSF_20260428","20260910"
"Nass","Chum",1956,46535,29871,-32.4,NA,38.5,NA,NA,NA,NA,NA,"PSF_20260428","20260910"
"Nass","Chum",1957,75357,32454,-26.5,NA,37,NA,NA,NA,NA,NA,"PSF_20260428","20260910"
"Nass","Chum",1958,72128,40036,-9.4,NA,35.5,NA,NA,NA,NA,NA,"PSF_20260428","20260910"
"Nass","Chum",1959,165661,80456,82.2,NA,34,NA,NA,NA,NA,NA,"PSF_20260428","20260910"
"Nass","Chum",1960,80700,92327,109,NA,32.6,NA,NA,NA,NA,NA,"PSF_20260428","20260910"
"Nass","Chum",1961,98706,98772,123.6,NA,31.2,NA,NA,NA,NA,NA,"PSF_20260428","20260910"
"Nass","Chum",1962,67620,97192,120,NA,29.7,NA,NA,NA,NA,NA,"PSF_20260428","20260910"
"Nass","Chum",1963,78517,80642,82.6,NA,28.3,NA,NA,NA,NA,NA,"PSF_20260428","20260910"
"Nass","Chum",1964,110052,87146,97.3,NA,27,NA,NA,NA,NA,NA,"PSF_20260428","20260910"
"Nass","Chum",1965,38024,68655,55.4,NA,25.6,NA,NA,NA,NA,NA,"PSF_20260428","20260910"
"Nass","Chum",1966,42252,61040,38.2,NA,24.2,NA,NA,NA,NA,NA,"PSF_20260428","20260910"
"Nass","Chum",1967,36076,50255,13.8,NA,22.9,NA,NA,NA,NA,NA,"PSF_20260428","20260910"
"Nass","Chum",1968,59533,43099,-2.4,NA,21.6,NA,NA,NA,NA,NA,"PSF_20260428","20260910"
"Nass","Chum",1969,31308,41055,-7,NA,20.3,NA,NA,NA,NA,NA,"PSF_20260428","20260910"
"Nass","Chum",1970,42998,41235,-6.6,NA,19,NA,NA,NA,NA,NA,"PSF_20260428","20260910"
"Nass","Chum",1971,34401,40748,-7.7,NA,17.7,NA,NA,NA,NA,NA,"PSF_20260428","20260910"
"Nass","Chum",1972,96058,45925,4,NA,16.4,NA,NA,NA,NA,NA,"PSF_20260428","20260910"
"Nass","Chum",1973,82740,58555,32.6,NA,15.2,NA,NA,NA,NA,NA,"PSF_20260428","20260910"
"Nass","Chum",1974,164827,81934,85.5,NA,13.9,NA,NA,NA,NA,NA,"PSF_20260428","20260910"
"Nass","Chum",1975,42574,86418,95.7,NA,12.7,NA,NA,NA,NA,NA,"PSF_20260428","20260910"
"Nass","Chum",1976,81957,83056,88,NA,11.5,NA,NA,NA,NA,NA,"PSF_20260428","20260910"
"Nass","Chum",1977,80205,82412,86.6,NA,10.3,NA,NA,NA,NA,NA,"PSF_20260428","20260910"
"Nass","Chum",1978,82898,69402,57.1,NA,9.1,NA,NA,NA,NA,NA,"PSF_20260428","20260910"
"Nass","Chum",1979,55461,74145,67.9,NA,7.9,NA,NA,NA,NA,NA,"PSF_20260428","20260910"
"Nass","Chum",1980,67456,70622,59.9,NA,6.8,NA,NA,NA,NA,NA,"PSF_20260428","20260910"
"Nass","Chum",1981,20577,50261,13.8,NA,5.6,NA,NA,NA,NA,NA,"PSF_20260428","20260910"
"Nass","Chum",1982,27566,38167,-13.6,NA,4.5,NA,NA,NA,NA,NA,"PSF_20260428","20260910"
"Nass","Chum",1983,57597,38530,-12.8,NA,3.4,NA,NA,NA,NA,NA,"PSF_20260428","20260910"
"Nass","Chum",1984,80016,40210,-9,NA,2.2,NA,NA,NA,NA,NA,"PSF_20260428","20260910"
"Nass","Chum",1985,65931,53797,21.8,NA,1.1,NA,NA,NA,NA,NA,"PSF_20260428","20260910"
"Nass","Chum",1986,43323,60235,36.4,NA,0.1,NA,NA,NA,NA,NA,"PSF_20260428","20260910"
"Nass","Chum",1987,42320,55768,26.3,NA,-1,NA,NA,NA,NA,NA,"PSF_20260428","20260910"
"Nass","Chum",1988,64662,52875,19.7,NA,-2.1,NA,NA,NA,NA,NA,"PSF_20260428","20260910"
"Nass","Chum",1989,47042,48596,10,NA,-3.1,NA,NA,NA,NA,NA,"PSF_20260428","20260910"
"Nass","Chum",1990,42727,48428,9.6,NA,-4.2,NA,NA,NA,NA,NA,"PSF_20260428","20260910"
"Nass","Chum",1991,53189,51276,16.1,NA,-5.2,NA,NA,NA,NA,NA,"PSF_20260428","20260910"
"Nass","Chum",1992,28000,41595,-5.8,NA,-6.2,67000,67000,31.4,NA,60.4,"Nisgaa_20251202","20260910"
"Nass","Chum",1993,98000,49972,13.1,NA,-7.2,323000,147109,188.5,NA,55.8,"Nisgaa_20251202","20260910"
"Nass","Chum",1994,74000,57327,29.8,NA,-8.2,149000,147736,189.8,NA,51.4,"Nisgaa_20251202","20260910"
"Nass","Chum",1995,49000,56163,27.2,NA,-9.2,113000,138161,171,NA,47.2,"Nisgaa_20251202","20260910"
"Nass","Chum",1996,26000,55132,24.8,NA,-10.2,61000,134958,164.7,NA,43,"Nisgaa_20251202","20260910"
"Nass","Chum",1997,23000,38374,-13.1,NA,-11.2,53000,85895,68.5,NA,38.9,"Nisgaa_20251202","20260910"
"Nass","Chum",1998,154000,46090,4.4,NA,-12.1,290000,101454,99,NA,35,"Nisgaa_20251202","20260910"
"Nass","Chum",1999,35000,42371,-4.1,NA,-13.1,89000,95576,87.5,NA,31.2,"Nisgaa_20251202","20260910"
"Nass","Chum",2000,19000,39176,-11.3,NA,-14,40000,86006,68.7,NA,27.5,"Nisgaa_20251202","20260910"
"Nass","Chum",2001,30000,41866,-5.2,NA,-14.9,90000,98180,92.6,NA,23.9,"Nisgaa_20251202","20260910"
"Nass","Chum",2002,15000,23389,-47,NA,-15.9,32000,56586,11,NA,20.4,"Nisgaa_20251202","20260910"
"Nass","Chum",2003,65000,27304,-38.2,NA,-16.8,87000,56266,10.4,NA,17,"Nisgaa_20251202","20260910"
"Nass","Chum",2004,49000,34600,-21.7,NA,-17.7,82000,67326,32.1,NA,13.6,"Nisgaa_20251202","20260910"
"Nass","Chum",2005,30000,34600,-21.7,NA,-18.5,42000,55646,9.1,NA,10.4,"Nisgaa_20251202","20260910"
"Nass","Chum",2006,51000,46984,6.4,NA,-19.4,72000,68152,33.7,NA,7.3,"Nisgaa_20251202","20260910"
"Nass","Chum",2007,11000,30135,-31.8,NA,-20.3,21000,47770,-6.3,NA,4.3,"Nisgaa_20251202","20260910"
"Nass","Chum",2008,3000,14990,-66.1,NA,-21.2,4000,22450,-56,NA,1.3,"Nisgaa_20251202","20260910"
"Nass","Chum",2009,20000,13545,-69.3,NA,-22,28000,20286,-60.2,NA,-1.5,"Nisgaa_20251202","20260910"
"Nass","Chum",2010,9000,8779,-80.1,NA,-22.8,10000,12384,-75.7,NA,-4.3,"Nisgaa_20251202","20260910"
"Nass","Chum",2011,6000,7545,-82.9,NA,-23.7,8000,9729,-80.9,NA,-7,"Nisgaa_20251202","20260910"
"Nass","Chum",2012,16000,11465,-74,NA,-24.5,18000,14170,-72.2,NA,-9.7,"Nisgaa_20251202","20260910"
"Nass","Chum",2013,14000,10487,-76.3,NA,-25.3,17000,12508,-75.5,NA,-12.2,"Nisgaa_20251202","20260910"
"Nass","Chum",2014,20000,12804,-71,-65.8,-26.1,24000,15569,-69.5,-64.1,-14.7,"Nisgaa_20251202","20260910"
"Nass","Chum",2015,48000,21534,-51.2,-59.1,-26.9,61000,25871,-49.3,-57.2,-17.1,"Nisgaa_20251202","20260910"
"Nass","Chum",2016,21000,23049,-47.8,-51.1,-27.7,28000,28893,-43.3,-49,-19.5,"Nisgaa_20251202","20260910"
"Nass","Chum",2017,23000,26095,-40.9,-41.6,-28.5,25000,31817,-37.6,-39.2,-21.7,"Nisgaa_20251202","20260910"
"Nass","Chum",2018,46000,32136,-27.2,-30.3,-29.2,50000,38225,-25,-27.6,-24,"Nisgaa_20251202","20260910"
"Nass","Chum",2019,24000,27023,-38.8,-16.7,-30,28000,31464,-38.3,-13.7,-26.1,"Nisgaa_20251202","20260910"
"Nass","Chum",2020,102000,40117,-9.2,-0.5,-30.8,114000,44693,-12.3,2.8,-28.2,"Nisgaa_20251202","20260910"
"Nass","Chum",2021,119000,60503,37,18.9,-31.5,160000,71087,39.4,22.5,-30.2,"Nisgaa_20251202","20260910"
"Nass","Chum",2022,98000,73096,65.5,42.1,-32.2,118000,88108,72.8,45.9,-32.2,"Nisgaa_20251202","20260910"
"Nass","Chum",2023,54000,89524,102.7,69.7,-33,65000,108756,113.3,73.9,-34.1,"Nisgaa_20251202","20260910"
"Nass","Chum",2024,115000,92250,108.9,102.8,-33.7,123000,110842,117.4,107.2,-36,"Nisgaa_20251202","20260910"
"Nass","Chum",2025,86000,85056,92.6,142.2,-34.4,105000,99764,95.7,146.8,-37.8,"Nisgaa_20251202","20260910"
"Nass","Steelhead",1992,5000,5000,-55.9,NA,-32.9,9000,9000,-49.3,NA,-11.4,"Nisgaa_20251202","20260910"
"Nass","Steelhead",1993,9000,6708,-40.9,NA,-31.5,17000,12369,-30.3,NA,-10.9,"Nisgaa_20251202","20260910"
"Nass","Steelhead",1994,7000,6804,-40,NA,-30,13000,12576,-29.1,NA,-10.5,"Nisgaa_20251202","20260910"
"Nass","Steelhead",1995,3000,5544,-51.1,NA,-28.5,6000,10452,-41.1,NA,-10,"Nisgaa_20251202","20260910"
"Nass","Steelhead",1996,12000,6470,-43,NA,-27,28000,12729,-28.3,NA,-9.5,"Nisgaa_20251202","20260910"
"Nass","Steelhead",1997,12000,7708,-32.1,NA,-25.4,22000,15220,-14.2,NA,-9,"Nisgaa_20251202","20260910"
"Nass","Steelhead",1998,12000,8165,-28,NA,-23.8,31000,17164,-3.3,NA,-8.5,"Nisgaa_20251202","20260910"
"Nass","Steelhead",1999,11000,8937,-21.2,NA,-22.2,23000,19238,8.4,NA,-8,"Nisgaa_20251202","20260910"
"Nass","Steelhead",2000,15000,12331,8.7,NA,-20.5,21000,24716,39.3,NA,-7.5,"Nisgaa_20251202","20260910"
"Nass","Steelhead",2001,13000,12530,10.4,NA,-18.8,27000,24537,38.3,NA,-7,"Nisgaa_20251202","20260910"
"Nass","Steelhead",2002,18000,13589,19.8,NA,-17.1,22000,24537,38.3,NA,-6.5,"Nisgaa_20251202","20260910"
"Nass","Steelhead",2003,17000,14569,28.4,NA,-15.3,25000,23504,32.5,NA,-6,"Nisgaa_20251202","20260910"
"Nass","Steelhead",2004,5000,12444,9.7,NA,-13.5,11000,20280,14.3,NA,-5.5,"Nisgaa_20251202","20260910"
"Nass","Steelhead",2005,8000,10974,-3.3,NA,-11.7,12000,18133,2.2,NA,-5,"Nisgaa_20251202","20260910"
"Nass","Steelhead",2006,5000,9065,-20.1,NA,-9.8,7000,13842,-22,NA,-4.4,"Nisgaa_20251202","20260910"
"Nass","Steelhead",2007,6000,7277,-35.9,NA,-7.9,22000,13842,-22,NA,-3.9,"Nisgaa_20251202","20260910"
"Nass","Steelhead",2008,14000,6999,-38.3,NA,-5.9,18000,12962,-26.9,NA,-3.4,"Nisgaa_20251202","20260910"
"Nass","Steelhead",2009,27000,9807,-13.6,NA,-3.9,47000,17331,-2.3,NA,-2.9,"Nisgaa_20251202","20260910"
"Nass","Steelhead",2010,20000,11780,3.8,NA,-1.9,25000,20071,13.1,NA,-2.3,"Nisgaa_20251202","20260910"
"Nass","Steelhead",2011,23000,15984,40.9,65.1,0.2,30000,26852,51.4,46.3,-1.8,"Nisgaa_20251202","20260910"
"Nass","Steelhead",2012,14000,18936,66.9,58.1,2.4,16000,25195,42,39.3,-1.3,"Nisgaa_20251202","20260910"
"Nass","Steelhead",2013,8000,16930,49.2,51.3,4.6,11000,22832,28.7,32.7,-0.7,"Nisgaa_20251202","20260910"
"Nass","Steelhead",2014,20000,15944,40.5,44.9,6.8,26000,20282,14.3,26.3,-0.2,"Nisgaa_20251202","20260910"
"Nass","Steelhead",2015,16000,15248,34.4,38.8,9.1,24000,20117,13.4,20.3,0.3,"Nisgaa_20251202","20260910"
"Nass","Steelhead",2016,25000,15505,36.6,32.9,11.4,34000,20627,16.3,14.5,0.9,"Nisgaa_20251202","20260910"
"Nass","Steelhead",2017,10000,14496,27.7,27.2,13.8,11000,19138,7.9,9,1.4,"Nisgaa_20251202","20260910"
"Nass","Steelhead",2018,30000,18882,66.4,21.8,16.2,35000,24123,36,3.8,2,"Nisgaa_20251202","20260910"
"Nass","Steelhead",2019,12000,17048,50.2,16.7,18.7,16000,21890,23.4,-1.1,2.6,"Nisgaa_20251202","20260910"
"Nass","Steelhead",2020,4000,12920,13.9,11.7,21.2,5000,15996,-9.8,-5.9,3.1,"Nisgaa_20251202","20260910"
"Nass","Steelhead",2021,6000,9712,-14.4,7,23.8,9000,12262,-30.9,-10.4,3.7,"Nisgaa_20251202","20260910"
"Nass","Steelhead",2022,11000,9899,-12.8,2.4,26.4,15000,13047,-26.5,-14.7,4.2,"Nisgaa_20251202","20260910"
"Nass","Steelhead",2023,27000,9692,-14.6,-1.9,29.1,35000,13047,-26.5,-18.8,4.8,"Nisgaa_20251202","20260910"
"Nass","Steelhead",2024,13000,9849,-13.2,-6.1,31.9,17000,13206,-25.6,-22.6,5.4,"Nisgaa_20251202","20260910"
"Nass","Steelhead",2025,11000,12057,6.3,-10.1,34.7,15000,16451,-7.3,-26.3,5.9,"Nisgaa_20251202","20260910"
"Skeena","Chinook",1975,NA,NA,NA,NA,NA,NA,NA,NA,NA,NA,"CTC_20260818","20260910"
"Skeena","Chinook",1976,NA,NA,NA,NA,NA,NA,NA,NA,NA,NA,"CTC_20260818","20260910"
"Skeena","Chinook",1977,NA,NA,NA,NA,NA,NA,NA,NA,NA,NA,"CTC_20260818","20260910"
"Skeena","Chinook",1978,NA,NA,NA,NA,NA,NA,NA,NA,NA,NA,"CTC_20260818","20260910"
"Skeena","Chinook",1979,NA,NA,NA,NA,NA,NA,NA,NA,NA,NA,"CTC_20260818","20260910"
"Skeena","Chinook",1980,NA,NA,NA,NA,NA,NA,NA,NA,NA,NA,"CTC_20260818","20260910"
"Skeena","Chinook",1981,NA,NA,NA,NA,NA,NA,NA,NA,NA,NA,"CTC_20260818","20260910"
"Skeena","Chinook",1982,NA,NA,NA,NA,NA,NA,NA,NA,NA,NA,"CTC_20260818","20260910"
"Skeena","Chinook",1983,NA,NA,NA,NA,NA,NA,NA,NA,NA,NA,"CTC_20260818","20260910"
"Skeena","Chinook",1984,37792,37792,-16.1,NA,44.7,NA,NA,NA,NA,NA,"CTC_20260818","20260910"
"Skeena","Chinook",1985,34728,36228,-19.6,NA,42.2,NA,NA,NA,NA,NA,"CTC_20260818","20260910"
"Skeena","Chinook",1986,23987,31576,-29.9,NA,39.8,NA,NA,NA,NA,NA,"CTC_20260818","20260910"
"Skeena","Chinook",1987,96457,41744,-7.3,NA,37.3,NA,NA,NA,NA,NA,"CTC_20260818","20260910"
"Skeena","Chinook",1988,61199,45064,0.1,NA,35,NA,NA,NA,NA,NA,"CTC_20260818","20260910"
"Skeena","Chinook",1989,71957,48719,8.2,NA,32.7,NA,NA,NA,NA,NA,"CTC_20260818","20260910"
"Skeena","Chinook",1990,34554,47997,6.6,NA,30.4,NA,NA,NA,NA,NA,"CTC_20260818","20260910"
"Skeena","Chinook",1991,41818,49507,9.9,NA,28.1,NA,NA,NA,NA,NA,"CTC_20260818","20260910"
"Skeena","Chinook",1992,89002,61598,36.8,NA,25.9,NA,NA,NA,NA,NA,"CTC_20260818","20260910"
"Skeena","Chinook",1993,111702,63123,40.2,NA,23.8,NA,NA,NA,NA,NA,"CTC_20260818","20260910"
"Skeena","Chinook",1994,87631,67016,48.8,NA,21.6,NA,NA,NA,NA,NA,"CTC_20260818","20260910"
"Skeena","Chinook",1995,55615,64199,42.6,NA,19.5,NA,NA,NA,NA,NA,"CTC_20260818","20260910"
"Skeena","Chinook",1996,103124,77032,71,NA,17.5,NA,NA,NA,NA,NA,"CTC_20260818","20260910"
"Skeena","Chinook",1997,49420,79207,75.9,NA,15.5,NA,NA,NA,NA,NA,"CTC_20260818","20260910"
"Skeena","Chinook",1998,39343,69131,53.5,NA,13.5,NA,NA,NA,NA,NA,"CTC_20260818","20260910"
"Skeena","Chinook",1999,48290,60114,33.5,NA,11.5,NA,NA,NA,NA,NA,"CTC_20260818","20260910"
"Skeena","Chinook",2000,62279,56788,26.1,NA,9.6,NA,NA,NA,NA,NA,"CTC_20260818","20260910"
"Skeena","Chinook",2001,106165,63249,40.4,NA,7.7,NA,NA,NA,NA,NA,"CTC_20260818","20260910"
"Skeena","Chinook",2002,38695,53716,19.3,NA,5.9,NA,NA,NA,NA,NA,"CTC_20260818","20260910"
"Skeena","Chinook",2003,82184,58468,29.8,NA,4,NA,NA,NA,NA,NA,"CTC_20260818","20260910"
"Skeena","Chinook",2004,105887,68957,53.1,NA,2.2,NA,NA,NA,NA,NA,"CTC_20260818","20260910"
"Skeena","Chinook",2005,56961,70881,57.4,NA,0.5,NA,NA,NA,NA,NA,"CTC_20260818","20260910"
"Skeena","Chinook",2006,55156,69461,54.2,NA,-1.2,NA,NA,NA,NA,NA,"CTC_20260818","20260910"
"Skeena","Chinook",2007,62320,63560,41.1,NA,-2.9,NA,NA,NA,NA,NA,"CTC_20260818","20260910"
"Skeena","Chinook",2008,44901,65155,44.7,36.2,-4.6,NA,NA,NA,NA,NA,"CTC_20260818","20260910"
"Skeena","Chinook",2009,61888,62147,38,27.3,-6.3,NA,NA,NA,NA,NA,"CTC_20260818","20260910"
"Skeena","Chinook",2010,63977,57141,26.9,19,-7.9,NA,NA,NA,NA,NA,"CTC_20260818","20260910"
"Skeena","Chinook",2011,28420,50889,13,11.3,-9.5,NA,NA,NA,NA,NA,"CTC_20260818","20260910"
"Skeena","Chinook",2012,21660,43548,-3.3,4.1,-11,NA,NA,NA,NA,NA,"CTC_20260818","20260910"
"Skeena","Chinook",2013,40772,40575,-9.9,-2.7,-12.5,NA,NA,NA,NA,NA,"CTC_20260818","20260910"
"Skeena","Chinook",2014,43164,40309,-10.5,-9,-14,NA,NA,NA,NA,NA,"CTC_20260818","20260910"
"Skeena","Chinook",2015,55284,39558,-12.2,-15,-15.5,NA,NA,NA,NA,NA,"CTC_20260818","20260910"
"Skeena","Chinook",2016,28238,34517,-23.4,-20.5,-17,NA,NA,NA,NA,NA,"CTC_20260818","20260910"
"Skeena","Chinook",2017,14715,30931,-31.3,-25.7,-18.4,NA,NA,NA,NA,NA,"CTC_20260818","20260910"
"Skeena","Chinook",2018,35059,33516,-25.6,-30.5,-19.8,NA,NA,NA,NA,NA,"CTC_20260818","20260910"
"Skeena","Chinook",2019,20193,29812,-33.8,-35,-21.2,NA,NA,NA,NA,NA,"CTC_20260818","20260910"
"Skeena","Chinook",2020,16243,25330,-43.8,-39.2,-22.5,NA,NA,NA,NA,NA,"CTC_20260818","20260910"
"Skeena","Chinook",2021,20097,21399,-52.5,-43.2,-23.9,NA,NA,NA,NA,NA,"CTC_20260818","20260910"
"Skeena","Chinook",2022,24724,20930,-53.5,-46.9,-25.2,NA,NA,NA,NA,NA,"CTC_20260818","20260910"
"Skeena","Chinook",2023,26044,23020,-48.9,-50.3,-26.5,NA,NA,NA,NA,NA,"CTC_20260818","20260910"
"Skeena","Chinook",2024,29883,22415,-50.2,-53.6,-27.7,NA,NA,NA,NA,NA,"CTC_20260818","20260910"
"Skeena","Chinook",2025,36218,24708,-45.1,-56.6,-29,NA,NA,NA,NA,NA,"CTC_20260818","20260910"
"Skeena","Sockeye",1960,302858,302858,-69.3,NA,-27.7,668447,668447,-67.8,NA,-9.1,"English_20230930","20260910"
"Skeena","Sockeye",1961,1059602,566488,-42.6,NA,-27,2192797,1210690,-41.7,NA,-8.9,"English_20230930","20260910"
"Skeena","Sockeye",1962,627279,586067,-40.6,NA,-26.4,1441203,1283109,-38.2,NA,-8.7,"English_20230930","20260910"
"Skeena","Sockeye",1963,695943,611792,-38,NA,-25.8,1065094,1224742,-41.1,NA,-8.6,"English_20230930","20260910"
"Skeena","Sockeye",1964,957212,669090,-32.2,NA,-25.1,2109199,1365398,-34.3,NA,-8.4,"English_20230930","20260910"
"Skeena","Sockeye",1965,717593,795083,-19.4,NA,-24.5,1338870,1568894,-24.5,NA,-8.2,"English_20230930","20260910"
"Skeena","Sockeye",1966,463390,673866,-31.7,NA,-23.8,1300147,1413163,-32,NA,-8,"English_20230930","20260910"
"Skeena","Sockeye",1967,703027,689407,-30.1,NA,-23.1,2395911,1564377,-24.7,NA,-7.8,"English_20230930","20260910"
"Skeena","Sockeye",1968,650067,680068,-31.1,NA,-22.5,1734831,1724707,-17,NA,-7.6,"English_20230930","20260910"
"Skeena","Sockeye",1969,720751,642552,-34.9,NA,-21.8,1482340,1607242,-22.6,NA,-7.5,"English_20230930","20260910"
"Skeena","Sockeye",1970,754840,649088,-34.2,NA,-21.1,1564918,1658181,-20.2,NA,-7.3,"English_20230930","20260910"
"Skeena","Sockeye",1971,914114,743557,-24.6,NA,-20.4,2083373,1822161,-12.3,NA,-7.1,"English_20230930","20260910"
"Skeena","Sockeye",1972,775511,758293,-23.1,NA,-19.7,1825764,1725765,-16.9,NA,-6.9,"English_20230930","20260910"
"Skeena","Sockeye",1973,912274,811467,-17.7,NA,-19,2542082,1862808,-10.3,NA,-6.7,"English_20230930","20260910"
"Skeena","Sockeye",1974,805165,829642,-15.9,NA,-18.3,2636110,2090120,0.6,NA,-6.5,"English_20230930","20260910"
"Skeena","Sockeye",1975,914984,862189,-12.6,NA,-17.6,1611690,2102467,1.2,NA,-6.3,"English_20230930","20260910"
"Skeena","Sockeye",1976,648062,804870,-18.4,NA,-16.9,1567140,1986083,-4.4,NA,-6.1,"English_20230930","20260910"
"Skeena","Sockeye",1977,1058658,856563,-13.2,NA,-16.2,2599756,2131548,2.6,NA,-6,"English_20230930","20260910"
"Skeena","Sockeye",1978,471683,750696,-23.9,NA,-15.4,1230149,1843524,-11.3,NA,-5.8,"English_20230930","20260910"
"Skeena","Sockeye",1979,1297161,825821,-16.3,NA,-14.7,3055815,1898810,-8.6,NA,-5.6,"English_20230930","20260910"
"Skeena","Sockeye",1980,602807,759694,-23,NA,-14,1537169,1880916,-9.5,NA,-5.4,"English_20230930","20260910"
"Skeena","Sockeye",1981,1584095,908389,-7.9,NA,-13.2,3845550,2250813,8.3,NA,-5.2,"English_20230930","20260910"
"Skeena","Sockeye",1982,1235600,936907,-5,NA,-12.5,3764943,2423844,16.7,NA,-5,"PSC_20250722","20260910"
"Skeena","Sockeye",1983,972043,1082688,9.7,NA,-11.7,1967131,2662440,28.1,NA,-4.8,"PSC_20250722","20260910"
"Skeena","Sockeye",1984,1116654,1050723,6.5,NA,-10.9,2427758,2542702,22.4,NA,-4.6,"PSC_20250722","20260910"
"Skeena","Sockeye",1985,2356184,1380049,39.9,NA,-10.1,5337569,3261518,57,NA,-4.4,"PSC_20250722","20260910"
"Skeena","Sockeye",1986,808956,1206489,22.3,NA,-9.4,1842764,2815283,35.5,NA,-4.2,"PSC_20250722","20260910"
"Skeena","Sockeye",1987,1429371,1242158,25.9,NA,-8.6,2400442,2572934,23.8,NA,-4,"PSC_20250722","20260910"
"Skeena","Sockeye",1988,1500119,1354768,37.3,NA,-7.8,4002697,2965736,42.7,NA,-3.9,"PSC_20250722","20260910"
"Skeena","Sockeye",1989,1210365,1376779,39.6,NA,-7,2632939,3014252,45.1,NA,-3.7,"PSC_20250722","20260910"
"Skeena","Sockeye",1990,1053960,1172161,18.8,NA,-6.2,2721973,2634436,26.8,NA,-3.5,"PSC_20250722","20260910"
"Skeena","Sockeye",1991,1384905,1305227,32.3,NA,-5.3,3759554,3038232,46.2,NA,-3.3,"PSC_20250722","20260910"
"Skeena","Sockeye",1992,1390090,1297973,31.6,NA,-4.5,4199469,3397830,63.5,NA,-3.1,"PSC_20250722","20260910"
"Skeena","Sockeye",1993,1736514,1336522,35.5,NA,-3.7,4753798,3516732,69.3,NA,-2.9,"PSC_20250722","20260910"
"Skeena","Sockeye",1994,1093797,1309726,32.8,NA,-2.9,2719943,3539672,70.4,NA,-2.7,"PSC_20250722","20260910"
"Skeena","Sockeye",1995,1826454,1461966,48.2,NA,-2,5610015,4090525,96.9,NA,-2.5,"PSC_20250722","20260910"
"Skeena","Sockeye",1996,1871694,1552746,57.4,NA,-1.1,7486410,4694686,126,NA,-2.3,"PSC_20250722","20260910"
"Skeena","Sockeye",1997,951598,1439403,45.9,NA,-0.3,3759456,4591902,121,NA,-2.1,"PSC_20250722","20260910"
"Skeena","Sockeye",1998,538318,1138819,15.4,NA,0.6,1002872,3363826,61.9,NA,-1.9,"PSC_20250722","20260910"
"Skeena","Sockeye",1999,677810,1034877,4.9,NA,1.5,928242,2713026,30.6,NA,-1.7,"PSC_20250722","20260910"
"Skeena","Sockeye",2000,1396599,980802,-0.6,NA,2.3,4692245,2617804,26,NA,-1.5,"PSC_20250722","20260910"
"Skeena","Sockeye",2001,1471665,934752,-5.2,NA,3.2,4384675,2352177,13.2,NA,-1.3,"PSC_20250722","20260910"
"Skeena","Sockeye",2002,647049,865352,-12.3,NA,4.1,1372529,1922867,-7.4,NA,-1.1,"PSC_20250722","20260910"
"Skeena","Sockeye",2003,1361357,1041789,5.6,NA,5,2129054,2235309,7.6,NA,-0.9,"PSC_20250722","20260910"
"Skeena","Sockeye",2004,971630,1119588,13.5,NA,6,1634899,2503246,20.5,NA,-0.7,"PSC_20250722","20260910"
"Skeena","Sockeye",2005,740782,986239,0,NA,6.9,1103595,1874085,-9.8,NA,-0.5,"PSC_20250722","20260910"
"Skeena","Sockeye",2006,1235386,952315,-3.5,NA,7.8,2875414,1722431,-17.1,NA,-0.3,"PSC_20250722","20260910"
"Skeena","Sockeye",2007,1079175,1054901,6.9,NA,8.8,2149866,1884169,-9.3,NA,-0.1,"PSC_20250722","20260910"
"Skeena","Sockeye",2008,895582,970149,-1.7,NA,9.7,2151305,1888091,-9.1,NA,0.1,"PSC_20250722","20260910"
"Skeena","Sockeye",2009,777113,927759,-6,NA,10.7,1027623,1720646,-17.2,NA,0.3,"PSC_20250722","20260910"
"Skeena","Sockeye",2010,699489,917177,-7,-20,11.6,956674,1672177,-19.5,-31.3,0.5,"PSC_20250722","20260910"
"Skeena","Sockeye",2011,955222,871191,-11.7,-17.2,12.6,1931273,1544226,-25.7,-30.3,0.7,"PSC_20250722","20260910"
"Skeena","Sockeye",2012,1165111,884644,-10.3,-14.2,13.6,2260352,1559782,-24.9,-29.2,0.9,"PSC_20250722","20260910"
"Skeena","Sockeye",2013,395895,751386,-23.8,-11.2,14.6,480045,1155526,-44.4,-28.1,1.1,"PSC_20250722","20260910"
"Skeena","Sockeye",2014,1549955,862641,-12.6,-8.1,15.6,3274851,1456973,-29.9,-27,1.3,"PSC_20250722","20260910"
"Skeena","Sockeye",2015,1277681,973102,-1.4,-4.9,16.6,2146293,1712523,-17.6,-25.8,1.5,"PSC_20250722","20260910"
"Skeena","Sockeye",2016,931954,968315,-1.8,-1.6,17.6,1697839,1668964,-19.7,-24.7,1.7,"PSC_20250722","20260910"
"Skeena","Sockeye",2017,918346,923303,-6.4,1.9,18.6,1054160,1432825,-31,-23.5,1.9,"PSC_20250722","20260910"
"Skeena","Sockeye",2018,1230568,1158376,17.4,5.5,19.6,1770491,1860182,-10.5,-22.3,2.1,"PSC_20250722","20260910"
"Skeena","Sockeye",2019,575126,950032,-3.7,9.2,20.7,822410,1411025,-32.1,-21.1,2.3,"PSC_20250722","20260910"
"Skeena","Sockeye",2020,1331079,957844,-2.9,13,21.7,1688248,1344882,-35.3,-19.9,2.5,"PSC_20250722","20260910"
"Skeena","Sockeye",2021,1108628,991683,0.5,17,22.8,1726961,1349465,-35,-18.7,2.7,"PSC_20250722","20260910"
"Skeena","Sockeye",2022,2528148,1214317,23.1,21.1,23.9,4338148,1790775,-13.8,-17.4,2.9,"PSC_20250722","20260910"
"Skeena","Sockeye",2023,1437788,1252708,27,25.3,25,2094772,1852037,-10.9,-16.1,3.1,"CarrHarris_20250724","20260910"
"Skeena","Sockeye",2024,2683467,1704656,72.8,29.7,26,2807467,2367527,14,-14.8,3.3,NA,"20260910"
"Skeena","Steelhead",1956,20160,20160,-6.8,NA,-18.9,NA,NA,NA,NA,NA,"ProvBC_20250903","20260910"
"Skeena","Steelhead",1957,7745,12496,-42.2,NA,-18.4,NA,NA,NA,NA,NA,"ProvBC_20250903","20260910"
"Skeena","Steelhead",1958,20994,14855,-31.3,NA,-17.8,NA,NA,NA,NA,NA,"ProvBC_20250903","20260910"
"Skeena","Steelhead",1959,11019,13786,-36.3,NA,-17.3,NA,NA,NA,NA,NA,"ProvBC_20250903","20260910"
"Skeena","Steelhead",1960,17692,14491,-33,NA,-16.7,NA,NA,NA,NA,NA,"ProvBC_20250903","20260910"
"Skeena","Steelhead",1961,13500,13374,-38.2,NA,-16.2,NA,NA,NA,NA,NA,"ProvBC_20250903","20260910"
"Skeena","Steelhead",1962,24940,16898,-21.9,NA,-15.6,NA,NA,NA,NA,NA,"ProvBC_20250903","20260910"
"Skeena","Steelhead",1963,20200,16769,-22.5,NA,-15.1,NA,NA,NA,NA,NA,"ProvBC_20250903","20260910"
"Skeena","Steelhead",1964,15851,18034,-16.6,NA,-14.5,NA,NA,NA,NA,NA,"ProvBC_20250903","20260910"
"Skeena","Steelhead",1965,20374,18550,-14.3,NA,-13.9,NA,NA,NA,NA,NA,"ProvBC_20250903","20260910"
"Skeena","Steelhead",1966,36601,22645,4.7,NA,-13.4,NA,NA,NA,NA,NA,"ProvBC_20250903","20260910"
"Skeena","Steelhead",1967,26585,22936,6,NA,-12.8,NA,NA,NA,NA,NA,"ProvBC_20250903","20260910"
"Skeena","Steelhead",1968,18022,22419,3.6,NA,-12.2,NA,NA,NA,NA,NA,"ProvBC_20250903","20260910"
"Skeena","Steelhead",1969,23453,24246,12.1,NA,-11.6,NA,NA,NA,NA,NA,"ProvBC_20250903","20260910"
"Skeena","Steelhead",1970,27597,25763,19.1,NA,-11,NA,NA,NA,NA,NA,"ProvBC_20250903","20260910"
"Skeena","Steelhead",1971,18881,22569,4.3,NA,-10.5,NA,NA,NA,NA,NA,"ProvBC_20250903","20260910"
"Skeena","Steelhead",1972,15868,20356,-5.9,NA,-9.9,NA,NA,NA,NA,NA,"ProvBC_20250903","20260910"
"Skeena","Steelhead",1973,15475,19745,-8.7,NA,-9.3,NA,NA,NA,NA,NA,"ProvBC_20250903","20260910"
"Skeena","Steelhead",1974,12546,17422,-19.5,NA,-8.7,NA,NA,NA,NA,NA,"ProvBC_20250903","20260910"
"Skeena","Steelhead",1975,12675,14912,-31.1,NA,-8.1,NA,NA,NA,NA,NA,"ProvBC_20250903","20260910"
"Skeena","Steelhead",1976,25444,15828,-26.8,NA,-7.5,NA,NA,NA,NA,NA,"ProvBC_20250903","20260910"
"Skeena","Steelhead",1977,16617,15975,-26.2,NA,-6.8,NA,NA,NA,NA,NA,"ProvBC_20250903","20260910"
"Skeena","Steelhead",1978,20157,16842,-22.1,NA,-6.2,NA,NA,NA,NA,NA,"ProvBC_20250903","20260910"
"Skeena","Steelhead",1979,11509,16554,-23.5,NA,-5.6,NA,NA,NA,NA,NA,"ProvBC_20250903","20260910"
"Skeena","Steelhead",1980,22092,18500,-14.5,NA,-5,NA,NA,NA,NA,NA,"ProvBC_20250903","20260910"
"Skeena","Steelhead",1981,22566,18061,-16.5,NA,-4.4,NA,NA,NA,NA,NA,"ProvBC_20250903","20260910"
"Skeena","Steelhead",1982,32946,20710,-4.3,NA,-3.7,NA,NA,NA,NA,NA,"ProvBC_20250903","20260910"
"Skeena","Steelhead",1983,10506,18180,-16,NA,-3.1,NA,NA,NA,NA,NA,"ProvBC_20250903","20260910"
"Skeena","Steelhead",1984,47716,24161,11.7,NA,-2.4,NA,NA,NA,NA,NA,"ProvBC_20250903","20260910"
"Skeena","Steelhead",1985,31767,25982,20.1,NA,-1.8,NA,NA,NA,NA,NA,"ProvBC_20250903","20260910"
"Skeena","Steelhead",1986,36872,28663,32.5,NA,-1.2,NA,NA,NA,NA,NA,"ProvBC_20250903","20260910"
"Skeena","Steelhead",1987,20835,26152,20.9,NA,-0.5,NA,NA,NA,NA,NA,"ProvBC_20250903","20260910"
"Skeena","Steelhead",1988,38344,33882,56.6,NA,0.2,NA,NA,NA,NA,NA,"ProvBC_20250903","20260910"
"Skeena","Steelhead",1989,18991,28180,30.3,NA,0.8,NA,NA,NA,NA,NA,"ProvBC_20250903","20260910"
"Skeena","Steelhead",1990,23267,26479,22.4,NA,1.5,NA,NA,NA,NA,NA,"ProvBC_20250903","20260910"
"Skeena","Steelhead",1991,9723,20282,-6.2,NA,2.2,NA,NA,NA,NA,NA,"ProvBC_20250903","20260910"
"Skeena","Steelhead",1992,11328,17955,-17,NA,2.8,NA,NA,NA,NA,NA,"ProvBC_20250903","20260910"
"Skeena","Steelhead",1993,13999,14678,-32.2,NA,3.5,NA,NA,NA,NA,NA,"ProvBC_20250903","20260910"
"Skeena","Steelhead",1994,21866,15098,-30.2,NA,4.2,NA,NA,NA,NA,NA,"ProvBC_20250903","20260910"
"Skeena","Steelhead",1995,19554,14582,-32.6,NA,4.9,NA,NA,NA,NA,NA,"ProvBC_20250903","20260910"
"Skeena","Steelhead",1996,23409,17383,-19.6,NA,5.6,NA,NA,NA,NA,NA,"ProvBC_20250903","20260910"
"Skeena","Steelhead",1997,12714,17789,-17.8,NA,6.3,NA,NA,NA,NA,NA,"ProvBC_20250903","20260910"
"Skeena","Steelhead",1998,59022,23721,9.6,NA,7,NA,NA,NA,NA,NA,"ProvBC_20250903","20260910"
"Skeena","Steelhead",1999,39363,26681,23.3,NA,7.7,NA,NA,NA,NA,NA,"ProvBC_20250903","20260910"
"Skeena","Steelhead",2000,48741,32028,48,NA,8.4,NA,NA,NA,NA,NA,"ProvBC_20250903","20260910"
"Skeena","Steelhead",2001,26373,32801,51.6,NA,9.1,NA,NA,NA,NA,NA,"ProvBC_20250903","20260910"
"Skeena","Steelhead",2002,50297,43186,99.6,NA,9.8,NA,NA,NA,NA,NA,"ProvBC_20250903","20260910"
"Skeena","Steelhead",2003,24422,36199,67.3,NA,10.6,NA,NA,NA,NA,NA,"ProvBC_20250903","20260910"
"Skeena","Steelhead",2004,NA,35448,63.9,NA,11.3,NA,NA,NA,NA,NA,"ProvBC_20250903","20260910"
"Skeena","Steelhead",2005,NA,31878,47.4,NA,12,NA,NA,NA,NA,NA,"ProvBC_20250903","20260910"
"Skeena","Steelhead",2006,27500,32326,49.4,NA,12.8,NA,NA,NA,NA,NA,"ProvBC_20250903","20260910"
"Skeena","Steelhead",2007,NA,25915,19.8,NA,13.5,NA,NA,NA,NA,NA,"ProvBC_20250903","20260910"
"Skeena","Steelhead",2008,42440,34163,57.9,NA,14.3,NA,NA,NA,NA,NA,"ProvBC_20250903","20260910"
"Skeena","Steelhead",2009,34180,34169,57.9,NA,15,NA,NA,NA,NA,NA,"ProvBC_20250903","20260910"
"Skeena","Steelhead",2010,50489,37672,74.1,NA,15.8,NA,NA,NA,NA,NA,"ProvBC_20250903","20260910"
"Skeena","Steelhead",2011,31809,39068,80.6,110.2,16.6,NA,NA,NA,NA,NA,"ProvBC_20250903","20260910"
"Skeena","Steelhead",2012,39964,39246,81.4,91.4,17.3,NA,NA,NA,NA,NA,"ProvBC_20250903","20260910"
"Skeena","Steelhead",2013,24256,35092,62.2,74.2,18.1,NA,NA,NA,NA,NA,"ProvBC_20250903","20260910"
"Skeena","Steelhead",2014,30250,34245,58.3,58.5,18.9,NA,NA,NA,NA,NA,"ProvBC_20250903","20260910"
"Skeena","Steelhead",2015,26553,30114,39.2,44.3,19.7,NA,NA,NA,NA,NA,"ProvBC_20250903","20260910"
"Skeena","Steelhead",2016,42439,31902,47.5,31.3,20.5,NA,NA,NA,NA,NA,"ProvBC_20250903","20260910"
"Skeena","Steelhead",2017,17078,26914,24.4,19.6,21.3,NA,NA,NA,NA,NA,"ProvBC_20250903","20260910"
"Skeena","Steelhead",2018,43238,30212,39.7,8.8,22.1,NA,NA,NA,NA,NA,"ProvBC_20250903","20260910"
"Skeena","Steelhead",2019,15606,26466,22.3,-1,22.9,NA,NA,NA,NA,NA,"ProvBC_20250903","20260910"
"Skeena","Steelhead",2020,15280,23697,9.5,-9.8,23.7,NA,NA,NA,NA,NA,"ProvBC_20250903","20260910"
"Skeena","Steelhead",2021,5164,15550,-28.1,-17.9,24.5,NA,NA,NA,NA,NA,"ProvBC_20250903","20260910"
"Skeena","Steelhead",2022,15204,15193,-29.8,-25.3,25.3,NA,NA,NA,NA,NA,"ProvBC_20250903","20260910"
"Skeena","Steelhead",2023,9295,11172,-48.4,-32,26.1,NA,NA,NA,NA,NA,"ProvBC_20250903","20260910"
"Skeena","Steelhead",2024,33313,13001,-39.9,-38.1,27,NA,NA,NA,NA,NA,"ProvBC_20250903","20260910"
"Skeena","Steelhead",2025,11118,12200,-43.6,-43.7,27.8,NA,NA,NA,NA,NA,"ProvBC_20250903","20260910"
"Skeena","Chum",1950,42320,42320,270.3,NA,150.7,NA,NA,NA,NA,NA,"PSF_20260428","20260910"
"Skeena","Chum",1951,19120,28446,148.9,NA,144.9,NA,NA,NA,NA,NA,"PSF_20260428","20260910"
"Skeena","Chum",1952,31208,29338,156.7,NA,139.3,NA,NA,NA,NA,NA,"PSF_20260428","20260910"
"Skeena","Chum",1953,13379,24109,111,NA,133.8,NA,NA,NA,NA,NA,"PSF_20260428","20260910"
"Skeena","Chum",1954,38752,26510,132,NA,128.4,NA,NA,NA,NA,NA,"PSF_20260428","20260910"
"Skeena","Chum",1955,4812,17162,50.2,NA,123.1,NA,NA,NA,NA,NA,"PSF_20260428","20260910"
"Skeena","Chum",1956,55384,21230,85.8,NA,117.9,NA,NA,NA,NA,NA,"PSF_20260428","20260910"
"Skeena","Chum",1957,13072,17838,56.1,NA,112.9,NA,NA,NA,NA,NA,"PSF_20260428","20260910"
"Skeena","Chum",1958,8598,16328,42.9,NA,108,NA,NA,NA,NA,NA,"PSF_20260428","20260910"
"Skeena","Chum",1959,22483,14644,28.1,NA,103.2,NA,NA,NA,NA,NA,"PSF_20260428","20260910"
"Skeena","Chum",1960,17976,19060,66.8,NA,98.5,NA,NA,NA,NA,NA,"PSF_20260428","20260910"
"Skeena","Chum",1961,60067,19372,69.5,NA,93.9,NA,NA,NA,NA,NA,"PSF_20260428","20260910"
"Skeena","Chum",1962,13804,19585,71.4,NA,89.5,NA,NA,NA,NA,NA,"PSF_20260428","20260910"
"Skeena","Chum",1963,8644,19606,71.6,NA,85.1,NA,NA,NA,NA,NA,"PSF_20260428","20260910"
"Skeena","Chum",1964,9579,16530,44.7,NA,80.8,NA,NA,NA,NA,NA,"PSF_20260428","20260910"
"Skeena","Chum",1965,11606,15145,32.5,NA,76.7,NA,NA,NA,NA,NA,"PSF_20260428","20260910"
"Skeena","Chum",1966,24672,12676,10.9,NA,72.6,NA,NA,NA,NA,NA,"PSF_20260428","20260910"
"Skeena","Chum",1967,20433,13710,20,NA,68.6,NA,NA,NA,NA,NA,"PSF_20260428","20260910"
"Skeena","Chum",1968,15544,15418,34.9,NA,64.7,NA,NA,NA,NA,NA,"PSF_20260428","20260910"
"Skeena","Chum",1969,13693,16560,44.9,NA,60.9,NA,NA,NA,NA,NA,"PSF_20260428","20260910"
"Skeena","Chum",1970,15133,17463,52.8,NA,57.2,NA,NA,NA,NA,NA,"PSF_20260428","20260910"
"Skeena","Chum",1971,5370,12873,12.6,NA,53.6,NA,NA,NA,NA,NA,"PSF_20260428","20260910"
"Skeena","Chum",1972,42070,14873,30.2,NA,50,NA,NA,NA,NA,NA,"PSF_20260428","20260910"
"Skeena","Chum",1973,28573,16799,47,NA,46.6,NA,NA,NA,NA,NA,"PSF_20260428","20260910"
"Skeena","Chum",1974,13933,16857,47.5,NA,43.2,NA,NA,NA,NA,NA,"PSF_20260428","20260910"
"Skeena","Chum",1975,10915,15791,38.2,NA,39.9,NA,NA,NA,NA,NA,"PSF_20260428","20260910"
"Skeena","Chum",1976,11777,18476,61.7,NA,36.7,NA,NA,NA,NA,NA,"PSF_20260428","20260910"
"Skeena","Chum",1977,11867,14344,25.5,NA,33.5,NA,NA,NA,NA,NA,"PSF_20260428","20260910"
"Skeena","Chum",1978,8278,11196,-2,NA,30.4,NA,NA,NA,NA,NA,"PSF_20260428","20260910"
"Skeena","Chum",1979,6335,9563,-16.3,NA,27.4,NA,NA,NA,NA,NA,"PSF_20260428","20260910"
"Skeena","Chum",1980,32242,11876,3.9,NA,24.5,NA,NA,NA,NA,NA,"PSF_20260428","20260910"
"Skeena","Chum",1981,14510,12383,8.4,NA,21.6,NA,NA,NA,NA,NA,"PSF_20260428","20260910"
"Skeena","Chum",1982,7253,11222,-1.8,NA,18.8,NA,NA,NA,NA,NA,"PSF_20260428","20260910"
"Skeena","Chum",1983,1998,8445,-26.1,NA,16.1,NA,NA,NA,NA,NA,"PSF_20260428","20260910"
"Skeena","Chum",1984,44691,12482,9.2,NA,13.4,NA,NA,NA,NA,NA,"PSF_20260428","20260910"
"Skeena","Chum",1985,17951,11102,-2.8,NA,10.8,NA,NA,NA,NA,NA,"PSF_20260428","20260910"
"Skeena","Chum",1986,13391,10926,-4.4,NA,8.2,NA,NA,NA,NA,NA,"PSF_20260428","20260910"
"Skeena","Chum",1987,7251,10925,-4.4,NA,5.7,NA,NA,NA,NA,NA,"PSF_20260428","20260910"
"Skeena","Chum",1988,131606,25244,120.9,NA,3.3,NA,NA,NA,NA,NA,"PSF_20260428","20260910"
"Skeena","Chum",1989,27475,22904,100.4,NA,0.9,NA,NA,NA,NA,NA,"PSF_20260428","20260910"
"Skeena","Chum",1990,7295,19129,67.4,NA,-1.4,NA,NA,NA,NA,NA,"PSF_20260428","20260910"
"Skeena","Chum",1991,25601,21776,90.6,NA,-3.7,NA,NA,NA,NA,NA,"PSF_20260428","20260910"
"Skeena","Chum",1992,7271,21788,90.7,NA,-5.9,NA,NA,NA,NA,NA,"PSF_20260428","20260910"
"Skeena","Chum",1993,20647,15043,31.6,NA,-8.1,NA,NA,NA,NA,NA,"PSF_20260428","20260910"
"Skeena","Chum",1994,11927,12731,11.4,NA,-10.2,NA,NA,NA,NA,NA,"PSF_20260428","20260910"
"Skeena","Chum",1995,12272,14126,23.6,NA,-12.3,NA,NA,NA,NA,NA,"PSF_20260428","20260910"
"Skeena","Chum",1996,13093,12353,8.1,NA,-14.3,NA,NA,NA,NA,NA,"PSF_20260428","20260910"
"Skeena","Chum",1997,35362,16950,48.3,NA,-16.3,NA,NA,NA,NA,NA,"PSF_20260428","20260910"
"Skeena","Chum",1998,23646,17416,52.4,NA,-18.2,NA,NA,NA,NA,NA,"PSF_20260428","20260910"
"Skeena","Chum",1999,4628,14412,26.1,NA,-20.1,NA,NA,NA,NA,NA,"PSF_20260428","20260910"
"Skeena","Chum",2000,7870,13186,15.4,NA,-21.9,NA,NA,NA,NA,NA,"PSF_20260428","20260910"
"Skeena","Chum",2001,14546,13467,17.8,NA,-23.7,NA,NA,NA,NA,NA,"PSF_20260428","20260910"
"Skeena","Chum",2002,5834,9392,-17.8,NA,-25.5,NA,NA,NA,NA,NA,"PSF_20260428","20260910"
"Skeena","Chum",2003,38775,10368,-9.3,NA,-27.2,NA,NA,NA,NA,NA,"PSF_20260428","20260910"
"Skeena","Chum",2004,35618,15595,36.5,NA,-28.9,NA,NA,NA,NA,NA,"PSF_20260428","20260910"
"Skeena","Chum",2005,35110,21031,84,NA,-30.5,NA,NA,NA,NA,NA,"PSF_20260428","20260910"
"Skeena","Chum",2006,36427,25270,121.1,NA,-32.1,NA,NA,NA,NA,NA,"PSF_20260428","20260910"
"Skeena","Chum",2007,17565,31502,175.7,NA,-33.7,NA,NA,NA,NA,NA,"PSF_20260428","20260910"
"Skeena","Chum",2008,7614,22748,99.1,NA,-35.2,NA,NA,NA,NA,NA,"PSF_20260428","20260910"
"Skeena","Chum",2009,22118,20681,81,NA,-36.7,NA,NA,NA,NA,NA,"PSF_20260428","20260910"
"Skeena","Chum",2010,14348,17292,51.3,-0.6,-38.2,NA,NA,NA,NA,NA,"PSF_20260428","20260910"
"Skeena","Chum",2011,6027,12067,5.6,-15.8,-39.6,NA,NA,NA,NA,NA,"PSF_20260428","20260910"
"Skeena","Chum",2012,3491,8735,-23.6,-28.8,-41,NA,NA,NA,NA,NA,"PSF_20260428","20260910"
"Skeena","Chum",2013,2216,6824,-40.3,-39.7,-42.4,NA,NA,NA,NA,NA,"PSF_20260428","20260910"
"Skeena","Chum",2014,2074,4251,-62.8,-49,-43.7,NA,NA,NA,NA,NA,"PSF_20260428","20260910"
"Skeena","Chum",2015,1910,2840,-75.1,-56.8,-45,NA,NA,NA,NA,NA,"PSF_20260428","20260910"
"Skeena","Chum",2016,48910,4317,-62.2,-63.5,-46.3,NA,NA,NA,NA,NA,"PSF_20260428","20260910"
"Skeena","Chum",2017,1289,3536,-69.1,-69.1,-47.5,NA,NA,NA,NA,NA,"PSF_20260428","20260910"
"Skeena","Chum",2018,923,2968,-74,-73.8,-48.7,NA,NA,NA,NA,NA,"PSF_20260428","20260910"
"Skeena","Chum",2019,3028,3202,-72,-77.8,-49.9,NA,NA,NA,NA,NA,"PSF_20260428","20260910"
"Skeena","Chum",2020,131,1872,-83.6,-81.2,-51.1,NA,NA,NA,NA,NA,"PSF_20260428","20260910"
"Skeena","Chum",2021,715,804,-93,-84.1,-52.2,NA,NA,NA,NA,NA,"PSF_20260428","20260910"
"Skeena","Chum",2022,14174,1299,-88.6,-86.6,-53.3,NA,NA,NA,NA,NA,"PSF_20260428","20260910"
"Skeena","Chum",2023,10261,2103,-81.6,-88.6,-54.4,NA,NA,NA,NA,NA,"PSF_20260428","20260910"
"Skeena","Chum",2024,1707,1876,-83.6,-90.4,-55.4,NA,NA,NA,NA,NA,"PSF_20260428","20260910"
"Skeena","Coho",1950,92060,92060,4.8,NA,40.6,NA,NA,NA,NA,NA,"PSF_20260428","20260910"
"Skeena","Coho",1951,131447,110004,25.2,NA,39.4,NA,NA,NA,NA,NA,"PSF_20260428","20260910"
"Skeena","Coho",1952,148889,121682,38.5,NA,38.1,NA,NA,NA,NA,NA,"PSF_20260428","20260910"
"Skeena","Coho",1953,151286,128490,46.2,NA,36.9,NA,NA,NA,NA,NA,"PSF_20260428","20260910"
"Skeena","Coho",1954,186241,153240,74.4,NA,35.6,NA,NA,NA,NA,NA,"PSF_20260428","20260910"
"Skeena","Coho",1955,165333,162284,84.7,NA,34.4,NA,NA,NA,NA,NA,"PSF_20260428","20260910"
"Skeena","Coho",1956,288429,191456,117.9,NA,33.2,NA,NA,NA,NA,NA,"PSF_20260428","20260910"
"Skeena","Coho",1957,170993,197407,124.6,NA,32,NA,NA,NA,NA,NA,"PSF_20260428","20260910"
"Skeena","Coho",1958,298131,222048,152.7,NA,30.8,NA,NA,NA,NA,NA,"PSF_20260428","20260910"
"Skeena","Coho",1959,211021,236014,168.6,NA,29.6,NA,NA,NA,NA,NA,"PSF_20260428","20260910"
"Skeena","Coho",1960,253663,228556,160.1,NA,28.5,NA,NA,NA,NA,NA,"PSF_20260428","20260910"
"Skeena","Coho",1961,163178,225898,157.1,NA,27.3,NA,NA,NA,NA,NA,"PSF_20260428","20260910"
"Skeena","Coho",1962,103791,173521,97.5,NA,26.1,NA,NA,NA,NA,NA,"PSF_20260428","20260910"
"Skeena","Coho",1963,225612,176445,100.8,NA,25,NA,NA,NA,NA,NA,"PSF_20260428","20260910"
"Skeena","Coho",1964,171699,160044,82.1,NA,23.9,NA,NA,NA,NA,NA,"PSF_20260428","20260910"
"Skeena","Coho",1965,316816,188918,115,NA,22.8,NA,NA,NA,NA,NA,"PSF_20260428","20260910"
"Skeena","Coho",1966,190761,219966,150.3,NA,21.7,NA,NA,NA,NA,NA,"PSF_20260428","20260910"
"Skeena","Coho",1967,87832,173752,97.7,NA,20.6,NA,NA,NA,NA,NA,"PSF_20260428","20260910"
"Skeena","Coho",1968,194040,179147,103.9,NA,19.5,NA,NA,NA,NA,NA,"PSF_20260428","20260910"
"Skeena","Coho",1969,97672,133490,51.9,NA,18.4,NA,NA,NA,NA,NA,"PSF_20260428","20260910"
"Skeena","Coho",1970,120915,119110,35.5,NA,17.3,NA,NA,NA,NA,NA,"PSF_20260428","20260910"
"Skeena","Coho",1971,105711,124757,42,NA,16.3,NA,NA,NA,NA,NA,"PSF_20260428","20260910"
"Skeena","Coho",1972,80631,100166,14,NA,15.2,NA,NA,NA,NA,NA,"PSF_20260428","20260910"
"Skeena","Coho",1973,59707,88569,0.8,NA,14.2,NA,NA,NA,NA,NA,"PSF_20260428","20260910"
"Skeena","Coho",1974,52652,71948,-18.1,NA,13.2,NA,NA,NA,NA,NA,"PSF_20260428","20260910"
"Skeena","Coho",1975,26068,50701,-42.3,NA,12.1,NA,NA,NA,NA,NA,"PSF_20260428","20260910"
"Skeena","Coho",1976,49084,44784,-49,NA,11.1,NA,NA,NA,NA,NA,"PSF_20260428","20260910"
"Skeena","Coho",1977,47320,42255,-51.9,NA,10.1,NA,NA,NA,NA,NA,"PSF_20260428","20260910"
"Skeena","Coho",1978,61595,43945,-50,NA,9.1,NA,NA,NA,NA,NA,"PSF_20260428","20260910"
"Skeena","Coho",1979,27148,44393,-49.5,NA,8.1,NA,NA,NA,NA,NA,"PSF_20260428","20260910"
"Skeena","Coho",1980,56144,45910,-47.8,NA,7.2,NA,NA,NA,NA,NA,"PSF_20260428","20260910"
"Skeena","Coho",1981,46812,45786,-47.9,NA,6.2,NA,NA,NA,NA,NA,"PSF_20260428","20260910"
"Skeena","Coho",1982,32794,39111,-55.5,NA,5.2,NA,NA,NA,NA,NA,"PSF_20260428","20260910"
"Skeena","Coho",1983,38952,42805,-51.3,NA,4.3,NA,NA,NA,NA,NA,"PSF_20260428","20260910"
"Skeena","Coho",1984,70314,45283,-48.5,NA,3.3,NA,NA,NA,NA,NA,"PSF_20260428","20260910"
"Skeena","Coho",1985,30746,40765,-53.6,NA,2.4,NA,NA,NA,NA,NA,"PSF_20260428","20260910"
"Skeena","Coho",1986,81542,51190,-41.7,NA,1.5,NA,NA,NA,NA,NA,"PSF_20260428","20260910"
"Skeena","Coho",1987,75697,60439,-31.2,NA,0.6,NA,NA,NA,NA,NA,"PSF_20260428","20260910"
"Skeena","Coho",1988,20473,44397,-49.5,NA,-0.3,NA,NA,NA,NA,NA,"PSF_20260428","20260910"
"Skeena","Coho",1989,76117,55690,-36.6,NA,-1.2,NA,NA,NA,NA,NA,"PSF_20260428","20260910"
"Skeena","Coho",1990,119592,61286,-30.3,NA,-2.1,NA,NA,NA,NA,NA,"PSF_20260428","20260910"
"Skeena","Coho",1991,79068,61957,-29.5,NA,-3,NA,NA,NA,NA,NA,"PSF_20260428","20260910"
"Skeena","Coho",1992,68655,83842,-4.6,NA,-3.9,NA,NA,NA,NA,NA,"PSF_20260428","20260910"
"Skeena","Coho",1993,39524,71172,-19,NA,-4.7,NA,NA,NA,NA,NA,"PSF_20260428","20260910"
"Skeena","Coho",1994,91842,66626,-24.2,NA,-5.6,NA,NA,NA,NA,NA,"PSF_20260428","20260910"
"Skeena","Coho",1995,34801,54268,-38.2,NA,-6.5,NA,NA,NA,NA,NA,"PSF_20260428","20260910"
"Skeena","Coho",1996,30417,44274,-49.6,NA,-7.3,NA,NA,NA,NA,NA,"PSF_20260428","20260910"
"Skeena","Coho",1997,16149,35397,-59.7,NA,-8.1,NA,NA,NA,NA,NA,"PSF_20260428","20260910"
"Skeena","Coho",1998,72938,33416,-62,NA,-9,NA,NA,NA,NA,NA,"PSF_20260428","20260910"
"Skeena","Coho",1999,112175,44774,-49,NA,-9.8,NA,NA,NA,NA,NA,"PSF_20260428","20260910"
"Skeena","Coho",2000,54472,51796,-41.1,NA,-10.6,NA,NA,NA,NA,NA,"PSF_20260428","20260910"
"Skeena","Coho",2001,145460,89731,2.1,NA,-11.4,NA,NA,NA,NA,NA,"PSF_20260428","20260910"
"Skeena","Coho",2002,80993,92112,4.8,NA,-12.2,NA,NA,NA,NA,NA,"PSF_20260428","20260910"
"Skeena","Coho",2003,113959,92476,5.2,NA,-13,NA,NA,NA,NA,NA,"PSF_20260428","20260910"
"Skeena","Coho",2004,87039,103971,18.3,NA,-13.8,NA,NA,NA,NA,NA,"PSF_20260428","20260910"
"Skeena","Coho",2005,198039,112309,27.8,NA,-14.6,NA,NA,NA,NA,NA,"PSF_20260428","20260910"
"Skeena","Coho",2006,103605,119440,35.9,NA,-15.3,NA,NA,NA,NA,NA,"PSF_20260428","20260910"
"Skeena","Coho",2007,88633,112166,27.6,NA,-16.1,NA,NA,NA,NA,NA,"PSF_20260428","20260910"
"Skeena","Coho",2008,53161,99159,12.8,NA,-16.9,NA,NA,NA,NA,NA,"PSF_20260428","20260910"
"Skeena","Coho",2009,207912,100372,14.2,NA,-17.6,NA,NA,NA,NA,NA,"PSF_20260428","20260910"
"Skeena","Coho",2010,108842,101617,15.6,NA,-18.3,NA,NA,NA,NA,NA,"PSF_20260428","20260910"
"Skeena","Coho",2011,65583,94246,7.3,NA,-19.1,NA,NA,NA,NA,NA,"PSF_20260428","20260910"
"Skeena","Coho",2012,72554,101866,15.9,NA,-19.8,NA,NA,NA,NA,NA,"PSF_20260428","20260910"
"Skeena","Coho",2013,205115,101522,15.5,32.1,-20.5,NA,NA,NA,NA,NA,"PSF_20260428","20260910"
"Skeena","Coho",2014,140853,108281,23.2,26.1,-21.3,NA,NA,NA,NA,NA,"PSF_20260428","20260910"
"Skeena","Coho",2015,73420,111380,26.8,20.3,-22,NA,NA,NA,NA,NA,"PSF_20260428","20260910"
"Skeena","Coho",2016,127312,128192,45.9,14.8,-22.7,NA,NA,NA,NA,NA,"PSF_20260428","20260910"
"Skeena","Coho",2017,126140,113521,29.2,9.5,-23.4,NA,NA,NA,NA,NA,"PSF_20260428","20260910"
"Skeena","Coho",2018,52037,88504,0.7,4.5,-24.1,NA,NA,NA,NA,NA,"PSF_20260428","20260910"
"Skeena","Coho",2019,60996,84496,-3.8,-0.2,-24.7,NA,NA,NA,NA,NA,"PSF_20260428","20260910"
"Skeena","Coho",2020,76383,74365,-15.4,-4.8,-25.4,NA,NA,NA,NA,NA,"PSF_20260428","20260910"
"Skeena","Coho",2021,46202,57852,-34.2,-9.2,-26.1,NA,NA,NA,NA,NA,"PSF_20260428","20260910"
"Skeena","Coho",2022,100240,68156,-22.4,-13.3,-26.8,NA,NA,NA,NA,NA,"PSF_20260428","20260910"
"Skeena","Coho",2023,196171,91272,3.9,-17.3,-27.4,NA,NA,NA,NA,NA,"PSF_20260428","20260910"
"Skeena","Coho",2024,37628,76465,-13,-21.1,-28.1,NA,NA,NA,NA,NA,"PSF_20260428","20260910"
"Skeena","Pink",1950,839099,839099,-21.6,NA,14.4,NA,NA,NA,NA,NA,"PSF_20260428","20260910"
"Skeena","Pink",1951,611222,716154,-33.1,NA,14,NA,NA,NA,NA,NA,"PSF_20260428","20260910"
"Skeena","Pink",1952,2320085,1190835,11.3,NA,13.5,NA,NA,NA,NA,NA,"PSF_20260428","20260910"
"Skeena","Pink",1953,407916,972830,-9.1,NA,13.1,NA,NA,NA,NA,NA,"PSF_20260428","20260910"
"Skeena","Pink",1954,715197,540130,-49.5,NA,12.7,NA,NA,NA,NA,NA,"PSF_20260428","20260910"
"Skeena","Pink",1955,507575,602508,-43.7,NA,12.2,NA,NA,NA,NA,NA,"PSF_20260428","20260910"
"Skeena","Pink",1956,347216,419807,-60.8,NA,11.8,NA,NA,NA,NA,NA,"PSF_20260428","20260910"
"Skeena","Pink",1957,779364,520200,-51.4,NA,11.3,NA,NA,NA,NA,NA,"PSF_20260428","20260910"
"Skeena","Pink",1958,570738,666943,-37.7,NA,10.9,NA,NA,NA,NA,NA,"PSF_20260428","20260910"
"Skeena","Pink",1959,980248,747974,-30.1,NA,10.5,NA,NA,NA,NA,NA,"PSF_20260428","20260910"
"Skeena","Pink",1960,389827,618164,-42.2,NA,10,NA,NA,NA,NA,NA,"PSF_20260428","20260910"
"Skeena","Pink",1961,1045412,638381,-40.3,NA,9.6,NA,NA,NA,NA,NA,"PSF_20260428","20260910"
"Skeena","Pink",1962,1687395,1328165,24.1,NA,9.2,NA,NA,NA,NA,NA,"PSF_20260428","20260910"
"Skeena","Pink",1963,1410579,1542791,44.2,NA,8.8,NA,NA,NA,NA,NA,"PSF_20260428","20260910"
"Skeena","Pink",1964,2385748,1834472,71.4,NA,8.3,NA,NA,NA,NA,NA,"PSF_20260428","20260910"
"Skeena","Pink",1965,1728141,2030495,89.8,NA,7.9,NA,NA,NA,NA,NA,"PSF_20260428","20260910"
"Skeena","Pink",1966,1128005,1396192,30.5,NA,7.5,NA,NA,NA,NA,NA,"PSF_20260428","20260910"
"Skeena","Pink",1967,629879,842916,-21.2,NA,7.1,NA,NA,NA,NA,NA,"PSF_20260428","20260910"
"Skeena","Pink",1968,2515212,1258682,17.6,NA,6.7,NA,NA,NA,NA,NA,"PSF_20260428","20260910"
"Skeena","Pink",1969,1016202,1598738,49.4,NA,6.3,NA,NA,NA,NA,NA,"PSF_20260428","20260910"
"Skeena","Pink",1970,1557398,1258027,17.6,NA,5.8,NA,NA,NA,NA,NA,"PSF_20260428","20260910"
"Skeena","Pink",1971,1042475,1274185,19.1,NA,5.4,NA,NA,NA,NA,NA,"PSF_20260428","20260910"
"Skeena","Pink",1972,1987627,1439462,34.5,NA,5,NA,NA,NA,NA,NA,"PSF_20260428","20260910"
"Skeena","Pink",1973,1278138,1593883,49,NA,4.6,NA,NA,NA,NA,NA,"PSF_20260428","20260910"
"Skeena","Pink",1974,790541,1005197,-6.1,NA,4.2,NA,NA,NA,NA,NA,"PSF_20260428","20260910"
"Skeena","Pink",1975,1982188,1251799,17,NA,3.8,NA,NA,NA,NA,NA,"PSF_20260428","20260910"
"Skeena","Pink",1976,1153881,1512352,41.3,NA,3.4,NA,NA,NA,NA,NA,"PSF_20260428","20260910"
"Skeena","Pink",1977,1057134,1104449,3.2,NA,3,NA,NA,NA,NA,NA,"PSF_20260428","20260910"
"Skeena","Pink",1978,1253351,1151070,7.6,NA,2.6,NA,NA,NA,NA,NA,"PSF_20260428","20260910"
"Skeena","Pink",1979,567587,843437,-21.2,NA,2.2,NA,NA,NA,NA,NA,"PSF_20260428","20260910"
"Skeena","Pink",1980,1158263,810812,-24.2,NA,1.8,NA,NA,NA,NA,NA,"PSF_20260428","20260910"
"Skeena","Pink",1981,1596011,1359632,27.1,NA,1.4,NA,NA,NA,NA,NA,"PSF_20260428","20260910"
"Skeena","Pink",1982,1135507,1346210,25.8,NA,1,NA,NA,NA,NA,NA,"PSF_20260428","20260910"
"Skeena","Pink",1983,3146809,1890297,76.7,NA,0.6,NA,NA,NA,NA,NA,"PSF_20260428","20260910"
"Skeena","Pink",1984,1799269,2379487,122.4,NA,0.2,NA,NA,NA,NA,NA,"PSF_20260428","20260910"
"Skeena","Pink",1985,2151658,1967590,83.9,NA,-0.2,NA,NA,NA,NA,NA,"PSF_20260428","20260910"
"Skeena","Pink",1986,2654086,2389704,123.3,NA,-0.6,NA,NA,NA,NA,NA,"PSF_20260428","20260910"
"Skeena","Pink",1987,2886723,2767962,158.7,NA,-0.9,NA,NA,NA,NA,NA,"PSF_20260428","20260910"
"Skeena","Pink",1988,1234177,1887519,76.4,NA,-1.3,NA,NA,NA,NA,NA,"PSF_20260428","20260910"
"Skeena","Pink",1989,4462384,2346779,119.3,NA,-1.7,NA,NA,NA,NA,NA,"PSF_20260428","20260910"
"Skeena","Pink",1990,3919405,4182092,290.8,NA,-2.1,NA,NA,NA,NA,NA,"PSF_20260428","20260910"
"Skeena","Pink",1991,5424871,4611102,330.9,NA,-2.5,NA,NA,NA,NA,NA,"PSF_20260428","20260910"
"Skeena","Pink",1992,1092656,2434649,127.5,NA,-2.9,NA,NA,NA,NA,NA,"PSF_20260428","20260910"
"Skeena","Pink",1993,918355,1001721,-6.4,NA,-3.2,NA,NA,NA,NA,NA,"PSF_20260428","20260910"
"Skeena","Pink",1994,344171,562202,-47.5,NA,-3.6,NA,NA,NA,NA,NA,"PSF_20260428","20260910"
"Skeena","Pink",1995,2399922,908836,-15.1,NA,-4,NA,NA,NA,NA,NA,"PSF_20260428","20260910"
"Skeena","Pink",1996,3065460,2712354,153.5,NA,-4.4,NA,NA,NA,NA,NA,"PSF_20260428","20260910"
"Skeena","Pink",1997,631788,1391661,30.1,NA,-4.7,NA,NA,NA,NA,NA,"PSF_20260428","20260910"
"Skeena","Pink",1998,473614,547013,-48.9,NA,-5.1,NA,NA,NA,NA,NA,"PSF_20260428","20260910"
"Skeena","Pink",1999,1491980,840608,-21.4,NA,-5.5,NA,NA,NA,NA,NA,"PSF_20260428","20260910"
"Skeena","Pink",2000,883667,1148222,7.3,NA,-5.8,NA,NA,NA,NA,NA,"PSF_20260428","20260910"
"Skeena","Pink",2001,1852788,1279550,19.6,NA,-6.2,NA,NA,NA,NA,NA,"PSF_20260428","20260910"
"Skeena","Pink",2002,1864431,1858600,73.7,NA,-6.6,NA,NA,NA,NA,NA,"PSF_20260428","20260910"
"Skeena","Pink",2003,2626514,2212906,106.8,NA,-6.9,NA,NA,NA,NA,NA,"PSF_20260428","20260910"
"Skeena","Pink",2004,1308885,1854132,73.3,NA,-7.3,NA,NA,NA,NA,NA,"PSF_20260428","20260910"
"Skeena","Pink",2005,2440346,1787213,67,NA,-7.7,NA,NA,NA,NA,NA,"PSF_20260428","20260910"
"Skeena","Pink",2006,257316,792427,-25.9,NA,-8,NA,NA,NA,NA,NA,"PSF_20260428","20260910"
"Skeena","Pink",2007,1230485,562693,-47.4,NA,-8.4,NA,NA,NA,NA,NA,"PSF_20260428","20260910"
"Skeena","Pink",2008,185474,477728,-55.4,NA,-8.7,NA,NA,NA,NA,NA,"PSF_20260428","20260910"
"Skeena","Pink",2009,4339176,897110,-16.2,NA,-9.1,NA,NA,NA,NA,NA,"PSF_20260428","20260910"
"Skeena","Pink",2010,670104,1705197,59.4,NA,-9.4,NA,NA,NA,NA,NA,"PSF_20260428","20260910"
"Skeena","Pink",2011,500723,579255,-45.9,NA,-9.8,NA,NA,NA,NA,NA,"PSF_20260428","20260910"
"Skeena","Pink",2012,537585,518827,-51.5,NA,-10.1,NA,NA,NA,NA,NA,"PSF_20260428","20260910"
"Skeena","Pink",2013,2256796,1101463,2.9,NA,-10.5,NA,NA,NA,NA,NA,"PSF_20260428","20260910"
"Skeena","Pink",2014,2945184,2578116,140.9,NA,-10.8,NA,NA,NA,NA,NA,"PSF_20260428","20260910"
"Skeena","Pink",2015,463099,1167866,9.1,NA,-11.2,NA,NA,NA,NA,NA,"PSF_20260428","20260910"
"Skeena","Pink",2016,206621,309331,-71.1,NA,-11.5,NA,NA,NA,NA,NA,"PSF_20260428","20260910"
"Skeena","Pink",2017,580307,346271,-67.6,NA,-11.9,NA,NA,NA,NA,NA,"PSF_20260428","20260910"
"Skeena","Pink",2018,31665,135557,-87.3,NA,-12.2,NA,NA,NA,NA,NA,"PSF_20260428","20260910"
"Skeena","Pink",2019,139516,66467,-93.8,-95,-12.6,NA,NA,NA,NA,NA,"PSF_20260428","20260910"
"Skeena","Pink",2020,63232,93925,-91.2,-87,-12.9,NA,NA,NA,NA,NA,"PSF_20260428","20260910"
"Skeena","Pink",2021,1120833,266219,-75.1,-66.2,-13.2,NA,NA,NA,NA,NA,"PSF_20260428","20260910"
"Skeena","Pink",2022,2344722,1621123,51.5,-12.3,-13.6,NA,NA,NA,NA,NA,"PSF_20260428","20260910"
"Skeena","Pink",2023,5071231,3448279,222.3,127.6,-13.9,NA,NA,NA,NA,NA,"PSF_20260428","20260910"
"Skeena","Pink",2024,3504802,4215882,294,490.4,-14.3,NA,NA,NA,NA,NA,"PSF_20260428","20260910"
"Central Coast","Chinook",1975,6750,6750,-59.6,NA,-26.2,NA,NA,NA,NA,NA,"CTC_20260818","20260910"
"Central Coast","Chinook",1976,13300,9475,-43.2,NA,-25.3,NA,NA,NA,NA,NA,"CTC_20260818","20260910"
"Central Coast","Chinook",1977,12750,10461,-37.3,NA,-24.5,NA,NA,NA,NA,NA,"CTC_20260818","20260910"
"Central Coast","Chinook",1978,16000,11633,-30.3,NA,-23.7,NA,NA,NA,NA,NA,"CTC_20260818","20260910"
"Central Coast","Chinook",1979,6100,10224,-38.8,NA,-22.9,NA,NA,NA,NA,NA,"CTC_20260818","20260910"
"Central Coast","Chinook",1980,8480,10701,-35.9,NA,-22,NA,NA,NA,NA,NA,"CTC_20260818","20260910"
"Central Coast","Chinook",1981,7150,9452,-43.4,NA,-21.2,NA,NA,NA,NA,NA,"CTC_20260818","20260910"
"Central Coast","Chinook",1982,8900,8796,-47.3,NA,-20.3,NA,NA,NA,NA,NA,"CTC_20260818","20260910"
"Central Coast","Chinook",1983,10890,8145,-51.2,NA,-19.5,NA,NA,NA,NA,NA,"CTC_20260818","20260910"
"Central Coast","Chinook",1984,15113,9766,-41.5,NA,-18.6,NA,NA,NA,NA,NA,"CTC_20260818","20260910"
"Central Coast","Chinook",1985,26444,12260,-26.6,NA,-17.7,NA,NA,NA,NA,NA,"CTC_20260818","20260910"
"Central Coast","Chinook",1986,26345,15913,-4.7,NA,-16.8,NA,NA,NA,NA,NA,"CTC_20260818","20260910"
"Central Coast","Chinook",1987,18183,18358,10,NA,-15.9,NA,NA,NA,NA,NA,"CTC_20260818","20260910"
"Central Coast","Chinook",1988,17875,20270,21.4,NA,-15,NA,NA,NA,NA,NA,"CTC_20260818","20260910"
"Central Coast","Chinook",1989,22848,22017,31.9,NA,-14,NA,NA,NA,NA,NA,"CTC_20260818","20260910"
"Central Coast","Chinook",1990,18157,20422,22.3,NA,-13.1,NA,NA,NA,NA,NA,"CTC_20260818","20260910"
"Central Coast","Chinook",1991,14223,18053,8.1,NA,-12.2,NA,NA,NA,NA,NA,"CTC_20260818","20260910"
"Central Coast","Chinook",1992,36640,20769,24.4,NA,-11.2,NA,NA,NA,NA,NA,"CTC_20260818","20260910"
"Central Coast","Chinook",1993,39199,24301,45.6,NA,-10.2,NA,NA,NA,NA,NA,"CTC_20260818","20260910"
"Central Coast","Chinook",1994,28314,25366,51.9,NA,-9.3,NA,NA,NA,NA,NA,"CTC_20260818","20260910"
"Central Coast","Chinook",1995,23476,26704,59.9,NA,-8.3,NA,NA,NA,NA,NA,"CTC_20260818","20260910"
"Central Coast","Chinook",1996,21067,28886,73,NA,-7.3,NA,NA,NA,NA,NA,"CTC_20260818","20260910"
"Central Coast","Chinook",1997,14708,24066,44.1,NA,-6.3,NA,NA,NA,NA,NA,"CTC_20260818","20260910"
"Central Coast","Chinook",1998,16999,20363,22,NA,-5.2,NA,NA,NA,NA,NA,"CTC_20260818","20260910"
"Central Coast","Chinook",1999,17061,18401,10.2,NA,-4.2,NA,NA,NA,NA,NA,"CTC_20260818","20260910"
"Central Coast","Chinook",2000,21726,18118,8.5,NA,-3.2,NA,NA,NA,NA,NA,"CTC_20260818","20260910"
"Central Coast","Chinook",2001,25927,18886,13.1,NA,-2.1,NA,NA,NA,NA,NA,"CTC_20260818","20260910"
"Central Coast","Chinook",2002,15427,19067,14.2,NA,-1,NA,NA,NA,NA,NA,"CTC_20260818","20260910"
"Central Coast","Chinook",2003,13825,18295,9.6,NA,0,NA,NA,NA,NA,NA,"CTC_20260818","20260910"
"Central Coast","Chinook",2004,14237,17645,5.7,NA,1.1,NA,NA,NA,NA,NA,"CTC_20260818","20260910"
"Central Coast","Chinook",2005,15744,16544,-0.9,NA,2.2,NA,NA,NA,NA,NA,"CTC_20260818","20260910"
"Central Coast","Chinook",2006,20711,15818,-5.3,NA,3.4,NA,NA,NA,NA,NA,"CTC_20260818","20260910"
"Central Coast","Chinook",2007,12160,15082,-9.7,NA,4.5,NA,NA,NA,NA,NA,"CTC_20260818","20260910"
"Central Coast","Chinook",2008,11871,14630,-12.4,NA,5.6,NA,NA,NA,NA,NA,"CTC_20260818","20260910"
"Central Coast","Chinook",2009,13267,14424,-13.6,NA,6.8,NA,NA,NA,NA,NA,"CTC_20260818","20260910"
"Central Coast","Chinook",2010,13542,13996,-16.2,NA,7.9,NA,NA,NA,NA,NA,"CTC_20260818","20260910"
"Central Coast","Chinook",2011,12482,12648,-24.2,-6.9,9.1,NA,NA,NA,NA,NA,"CTC_20260818","20260910"
"Central Coast","Chinook",2012,8764,11846,-29,-5,10.3,NA,NA,NA,NA,NA,"CTC_20260818","20260910"
"Central Coast","Chinook",2013,24634,13709,-17.9,-3.1,11.5,NA,NA,NA,NA,NA,"CTC_20260818","20260910"
"Central Coast","Chinook",2014,23204,15330,-8.2,-1.1,12.7,NA,NA,NA,NA,NA,"CTC_20260818","20260910"
"Central Coast","Chinook",2015,49657,19880,19.1,0.8,14,NA,NA,NA,NA,NA,"CTC_20260818","20260910"
"Central Coast","Chinook",2016,28459,23442,40.4,2.9,15.2,NA,NA,NA,NA,NA,"CTC_20260818","20260910"
"Central Coast","Chinook",2017,13746,25650,53.6,4.9,16.5,NA,NA,NA,NA,NA,"CTC_20260818","20260910"
"Central Coast","Chinook",2018,16736,23742,42.2,7,17.7,NA,NA,NA,NA,NA,"CTC_20260818","20260910"
"Central Coast","Chinook",2019,15531,21910,31.2,9.2,19,NA,NA,NA,NA,NA,"CTC_20260818","20260910"
"Central Coast","Chinook",2020,23603,18882,13.1,11.4,20.3,NA,NA,NA,NA,NA,"CTC_20260818","20260910"
"Central Coast","Chinook",2021,16751,16983,1.7,13.6,21.6,NA,NA,NA,NA,NA,"CTC_20260818","20260910"
"Central Coast","Chinook",2022,13462,16912,1.3,15.9,22.9,NA,NA,NA,NA,NA,"CTC_20260818","20260910"
"Central Coast","Chinook",2023,19492,17436,4.4,18.2,24.3,NA,NA,NA,NA,NA,"CTC_20260818","20260910"
"Central Coast","Chinook",2024,19665,18278,9.5,20.6,25.6,NA,NA,NA,NA,NA,"CTC_20260818","20260910"
"Central Coast","Chinook",2025,21256,17899,7.2,23,27,NA,NA,NA,NA,NA,"CTC_20260818","20260910"
"Central Coast","Chum",1950,955440,955440,58.1,NA,32.1,NA,NA,NA,NA,NA,"PSF_20260428","20260910"
"Central Coast","Chum",1951,909738,932309,54.3,NA,31.1,NA,NA,NA,NA,NA,"PSF_20260428","20260910"
"Central Coast","Chum",1952,863308,908717,50.4,NA,30.2,NA,NA,NA,NA,NA,"PSF_20260428","20260910"
"Central Coast","Chum",1953,1035037,938772,55.3,NA,29.3,NA,NA,NA,NA,NA,"PSF_20260428","20260910"
"Central Coast","Chum",1954,935098,933735,54.5,NA,28.3,NA,NA,NA,NA,NA,"PSF_20260428","20260910"
"Central Coast","Chum",1955,462909,788621,30.5,NA,27.4,NA,NA,NA,NA,NA,"PSF_20260428","20260910"
"Central Coast","Chum",1956,533886,699341,15.7,NA,26.5,NA,NA,NA,NA,NA,"PSF_20260428","20260910"
"Central Coast","Chum",1957,677433,629024,4.1,NA,25.6,NA,NA,NA,NA,NA,"PSF_20260428","20260910"
"Central Coast","Chum",1958,1018822,642654,6.3,NA,24.7,NA,NA,NA,NA,NA,"PSF_20260428","20260910"
"Central Coast","Chum",1959,322628,587190,-2.8,NA,23.8,NA,NA,NA,NA,NA,"PSF_20260428","20260910"
"Central Coast","Chum",1960,465695,567469,-6.1,NA,22.9,NA,NA,NA,NA,NA,"PSF_20260428","20260910"
"Central Coast","Chum",1961,361556,485031,-19.7,NA,22.1,NA,NA,NA,NA,NA,"PSF_20260428","20260910"
"Central Coast","Chum",1962,796007,456010,-24.5,NA,21.2,NA,NA,NA,NA,NA,"PSF_20260428","20260910"
"Central Coast","Chum",1963,709588,555329,-8.1,NA,20.3,NA,NA,NA,NA,NA,"PSF_20260428","20260910"
"Central Coast","Chum",1964,880960,651274,7.8,NA,19.5,NA,NA,NA,NA,NA,"PSF_20260428","20260910"
"Central Coast","Chum",1965,287662,615093,1.8,NA,18.6,NA,NA,NA,NA,NA,"PSF_20260428","20260910"
"Central Coast","Chum",1966,1251471,688758,14,NA,17.8,NA,NA,NA,NA,NA,"PSF_20260428","20260910"
"Central Coast","Chum",1967,739601,695928,15.1,NA,16.9,NA,NA,NA,NA,NA,"PSF_20260428","20260910"
"Central Coast","Chum",1968,1416318,783638,29.7,NA,16.1,NA,NA,NA,NA,NA,"PSF_20260428","20260910"
"Central Coast","Chum",1969,533789,914613,51.3,NA,15.3,NA,NA,NA,NA,NA,"PSF_20260428","20260910"
"Central Coast","Chum",1970,947396,853129,41.2,NA,14.4,NA,NA,NA,NA,NA,"PSF_20260428","20260910"
"Central Coast","Chum",1971,590368,806392,33.4,NA,13.6,NA,NA,NA,NA,NA,"PSF_20260428","20260910"
"Central Coast","Chum",1972,1012531,741495,22.7,NA,12.8,NA,NA,NA,NA,NA,"PSF_20260428","20260910"
"Central Coast","Chum",1973,1306761,927502,53.5,NA,12,NA,NA,NA,NA,NA,"PSF_20260428","20260910"
"Central Coast","Chum",1974,890199,913174,51.1,NA,11.2,NA,NA,NA,NA,NA,"PSF_20260428","20260910"
"Central Coast","Chum",1975,408059,832633,37.8,NA,10.4,NA,NA,NA,NA,NA,"PSF_20260428","20260910"
"Central Coast","Chum",1976,348868,637921,5.6,NA,9.6,NA,NA,NA,NA,NA,"PSF_20260428","20260910"
"Central Coast","Chum",1977,489841,499151,-17.4,NA,8.9,NA,NA,NA,NA,NA,"PSF_20260428","20260910"
"Central Coast","Chum",1978,725978,474341,-21.5,NA,8.1,NA,NA,NA,NA,NA,"PSF_20260428","20260910"
"Central Coast","Chum",1979,449010,485818,-19.6,NA,7.3,NA,NA,NA,NA,NA,"PSF_20260428","20260910"
"Central Coast","Chum",1980,496821,530712,-12.2,NA,6.5,NA,NA,NA,NA,NA,"PSF_20260428","20260910"
"Central Coast","Chum",1981,498860,533138,-11.8,NA,5.8,NA,NA,NA,NA,NA,"PSF_20260428","20260910"
"Central Coast","Chum",1982,761740,539586,-10.7,NA,5,NA,NA,NA,NA,NA,"PSF_20260428","20260910"
"Central Coast","Chum",1983,449170,539634,-10.7,NA,4.3,NA,NA,NA,NA,NA,"PSF_20260428","20260910"
"Central Coast","Chum",1984,461577,529798,-12.3,NA,3.5,NA,NA,NA,NA,NA,"PSF_20260428","20260910"
"Central Coast","Chum",1985,753160,587269,-2.8,NA,2.8,NA,NA,NA,NA,NA,"PSF_20260428","20260910"
"Central Coast","Chum",1986,1031187,633461,4.8,NA,2.1,NA,NA,NA,NA,NA,"PSF_20260428","20260910"
"Central Coast","Chum",1987,508403,653385,8.1,NA,1.3,NA,NA,NA,NA,NA,"PSF_20260428","20260910"
"Central Coast","Chum",1988,1020698,796769,31.8,NA,0.6,NA,NA,NA,NA,NA,"PSF_20260428","20260910"
"Central Coast","Chum",1989,629239,761754,26,NA,-0.1,NA,NA,NA,NA,NA,"PSF_20260428","20260910"
"Central Coast","Chum",1990,865324,729080,20.6,NA,-0.8,NA,NA,NA,NA,NA,"PSF_20260428","20260910"
"Central Coast","Chum",1991,498852,725631,20.1,NA,-1.5,NA,NA,NA,NA,NA,"PSF_20260428","20260910"
"Central Coast","Chum",1992,239361,504958,-16.4,NA,-2.2,NA,NA,NA,NA,NA,"PSF_20260428","20260910"
"Central Coast","Chum",1993,380622,445322,-26.3,NA,-2.9,NA,NA,NA,NA,NA,"PSF_20260428","20260910"
"Central Coast","Chum",1994,599019,406200,-32.8,NA,-3.6,NA,NA,NA,NA,NA,"PSF_20260428","20260910"
"Central Coast","Chum",1995,921207,473518,-21.7,NA,-4.3,NA,NA,NA,NA,NA,"PSF_20260428","20260910"
"Central Coast","Chum",1996,738830,627637,3.8,NA,-5,NA,NA,NA,NA,NA,"PSF_20260428","20260910"
"Central Coast","Chum",1997,589250,700100,15.8,NA,-5.7,NA,NA,NA,NA,NA,"PSF_20260428","20260910"
"Central Coast","Chum",1998,1427626,869869,43.9,NA,-6.4,NA,NA,NA,NA,NA,"PSF_20260428","20260910"
"Central Coast","Chum",1999,624098,789183,30.6,NA,-7,NA,NA,NA,NA,NA,"PSF_20260428","20260910"
"Central Coast","Chum",2000,564809,737933,22.1,NA,-7.7,NA,NA,NA,NA,NA,"PSF_20260428","20260910"
"Central Coast","Chum",2001,736828,780340,29.1,NA,-8.3,NA,NA,NA,NA,NA,"PSF_20260428","20260910"
"Central Coast","Chum",2002,1025256,718353,18.9,NA,-9,NA,NA,NA,NA,NA,"PSF_20260428","20260910"
"Central Coast","Chum",2003,1282113,860016,42.3,NA,-9.6,NA,NA,NA,NA,NA,"PSF_20260428","20260910"
"Central Coast","Chum",2004,1020989,997210,65,NA,-10.3,NA,NA,NA,NA,NA,"PSF_20260428","20260910"
"Central Coast","Chum",2005,686349,979673,62.1,NA,-10.9,NA,NA,NA,NA,NA,"PSF_20260428","20260910"
"Central Coast","Chum",2006,693780,888543,47,NA,-11.6,NA,NA,NA,NA,NA,"PSF_20260428","20260910"
"Central Coast","Chum",2007,406360,666691,10.3,NA,-12.2,NA,NA,NA,NA,NA,"PSF_20260428","20260910"
"Central Coast","Chum",2008,212927,450533,-25.5,NA,-12.8,NA,NA,NA,NA,NA,"PSF_20260428","20260910"
"Central Coast","Chum",2009,347184,379954,-37.1,NA,-13.4,NA,NA,NA,NA,NA,"PSF_20260428","20260910"
"Central Coast","Chum",2010,252486,295111,-51.2,NA,-14.1,NA,NA,NA,NA,NA,"PSF_20260428","20260910"
"Central Coast","Chum",2011,901982,360211,-40.4,NA,-14.7,NA,NA,NA,NA,NA,"PSF_20260428","20260910"
"Central Coast","Chum",2012,663729,478626,-20.8,NA,-15.3,NA,NA,NA,NA,NA,"PSF_20260428","20260910"
"Central Coast","Chum",2013,622027,553744,-8.4,17,-15.9,NA,NA,NA,NA,NA,"PSF_20260428","20260910"
"Central Coast","Chum",2014,442534,637142,5.4,7.5,-16.5,NA,NA,NA,NA,NA,"PSF_20260428","20260910"
"Central Coast","Chum",2015,1188508,682633,12.9,-1.3,-17.1,NA,NA,NA,NA,NA,"PSF_20260428","20260910"
"Central Coast","Chum",2016,569872,657103,8.7,-9.4,-17.7,NA,NA,NA,NA,NA,"PSF_20260428","20260910"
"Central Coast","Chum",2017,388865,584294,-3.3,-16.8,-18.3,NA,NA,NA,NA,NA,"PSF_20260428","20260910"
"Central Coast","Chum",2018,449951,586727,-2.9,-23.6,-18.8,NA,NA,NA,NA,NA,"PSF_20260428","20260910"
"Central Coast","Chum",2019,494343,471186,-22,-29.8,-19.4,NA,NA,NA,NA,NA,"PSF_20260428","20260910"
"Central Coast","Chum",2020,68625,277568,-54.1,-35.5,-20,NA,NA,NA,NA,NA,"PSF_20260428","20260910"
"Central Coast","Chum",2021,326436,265686,-56,-40.8,-20.6,NA,NA,NA,NA,NA,"PSF_20260428","20260910"
"Central Coast","Chum",2022,511754,274374,-54.6,-45.6,-21.1,NA,NA,NA,NA,NA,"PSF_20260428","20260910"
"Central Coast","Chum",2023,360351,253523,-58.1,-50.1,-21.7,NA,NA,NA,NA,NA,"PSF_20260428","20260910"
"Central Coast","Chum",2024,583745,432964,-28.4,-54.1,-22.3,NA,NA,NA,NA,NA,"PSF_20260428","20260910"
"Central Coast","Coho",1950,215404,215404,12.9,NA,26.4,NA,NA,NA,NA,NA,"PSF_20260428","20260910"
"Central Coast","Coho",1951,270071,241194,26.4,NA,25.7,NA,NA,NA,NA,NA,"PSF_20260428","20260910"
"Central Coast","Coho",1952,173158,215969,13.2,NA,24.9,NA,NA,NA,NA,NA,"PSF_20260428","20260910"
"Central Coast","Coho",1953,162109,201023,5.3,NA,24.1,NA,NA,NA,NA,NA,"PSF_20260428","20260910"
"Central Coast","Coho",1954,388217,232916,22.1,NA,23.3,NA,NA,NA,NA,NA,"PSF_20260428","20260910"
"Central Coast","Coho",1955,245837,227506,19.2,NA,22.6,NA,NA,NA,NA,NA,"PSF_20260428","20260910"
"Central Coast","Coho",1956,417915,283566,48.6,NA,21.8,NA,NA,NA,NA,NA,"PSF_20260428","20260910"
"Central Coast","Coho",1957,463491,368734,93.2,NA,21,NA,NA,NA,NA,NA,"PSF_20260428","20260910"
"Central Coast","Coho",1958,207834,315408,65.3,NA,20.3,NA,NA,NA,NA,NA,"PSF_20260428","20260910"
"Central Coast","Coho",1959,415782,359690,88.5,NA,19.6,NA,NA,NA,NA,NA,"PSF_20260428","20260910"
"Central Coast","Coho",1960,208087,302146,58.3,NA,18.8,NA,NA,NA,NA,NA,"PSF_20260428","20260910"
"Central Coast","Coho",1961,372029,285990,49.9,NA,18.1,NA,NA,NA,NA,NA,"PSF_20260428","20260910"
"Central Coast","Coho",1962,265556,304061,59.3,NA,17.3,NA,NA,NA,NA,NA,"PSF_20260428","20260910"
"Central Coast","Coho",1963,404505,301978,58.2,NA,16.6,NA,NA,NA,NA,NA,"PSF_20260428","20260910"
"Central Coast","Coho",1964,510154,377868,98,NA,15.9,NA,NA,NA,NA,NA,"PSF_20260428","20260910"
"Central Coast","Coho",1965,366376,376424,97.3,NA,15.2,NA,NA,NA,NA,NA,"PSF_20260428","20260910"
"Central Coast","Coho",1966,341493,400852,110.1,NA,14.5,NA,NA,NA,NA,NA,"PSF_20260428","20260910"
"Central Coast","Coho",1967,140990,307999,61.4,NA,13.7,NA,NA,NA,NA,NA,"PSF_20260428","20260910"
"Central Coast","Coho",1968,342281,278753,46.1,NA,13,NA,NA,NA,NA,NA,"PSF_20260428","20260910"
"Central Coast","Coho",1969,88528,195438,2.4,NA,12.3,NA,NA,NA,NA,NA,"PSF_20260428","20260910"
"Central Coast","Coho",1970,228820,176822,-7.3,NA,11.6,NA,NA,NA,NA,NA,"PSF_20260428","20260910"
"Central Coast","Coho",1971,142679,177349,-7.1,NA,10.9,NA,NA,NA,NA,NA,"PSF_20260428","20260910"
"Central Coast","Coho",1972,186739,152420,-20.1,NA,10.3,NA,NA,NA,NA,NA,"PSF_20260428","20260910"
"Central Coast","Coho",1973,185902,183482,-3.8,NA,9.6,NA,NA,NA,NA,NA,"PSF_20260428","20260910"
"Central Coast","Coho",1974,148106,164575,-13.8,NA,8.9,NA,NA,NA,NA,NA,"PSF_20260428","20260910"
"Central Coast","Coho",1975,188953,176548,-7.5,NA,8.2,NA,NA,NA,NA,NA,"PSF_20260428","20260910"
"Central Coast","Coho",1976,289424,196986,3.2,NA,7.5,NA,NA,NA,NA,NA,"PSF_20260428","20260910"
"Central Coast","Coho",1977,191686,198501,4,NA,6.9,NA,NA,NA,NA,NA,"PSF_20260428","20260910"
"Central Coast","Coho",1978,169480,205305,7.6,NA,6.2,NA,NA,NA,NA,NA,"PSF_20260428","20260910"
"Central Coast","Coho",1979,186615,204667,7.3,NA,5.6,NA,NA,NA,NA,NA,"PSF_20260428","20260910"
"Central Coast","Coho",1980,106549,159423,-16.5,NA,4.9,NA,NA,NA,NA,NA,"PSF_20260428","20260910"
"Central Coast","Coho",1981,124726,143184,-25,NA,4.3,NA,NA,NA,NA,NA,"PSF_20260428","20260910"
"Central Coast","Coho",1982,89819,122168,-36,NA,3.6,NA,NA,NA,NA,NA,"PSF_20260428","20260910"
"Central Coast","Coho",1983,132980,112245,-41.2,NA,3,NA,NA,NA,NA,NA,"PSF_20260428","20260910"
"Central Coast","Coho",1984,207737,132634,-30.5,NA,2.3,NA,NA,NA,NA,NA,"PSF_20260428","20260910"
"Central Coast","Coho",1985,128803,133705,-29.9,NA,1.7,NA,NA,NA,NA,NA,"PSF_20260428","20260910"
"Central Coast","Coho",1986,213912,166098,-13,NA,1.1,NA,NA,NA,NA,NA,"PSF_20260428","20260910"
"Central Coast","Coho",1987,94331,152434,-20.1,NA,0.4,NA,NA,NA,NA,NA,"PSF_20260428","20260910"
"Central Coast","Coho",1988,123755,133920,-29.8,NA,-0.2,NA,NA,NA,NA,NA,"PSF_20260428","20260910"
"Central Coast","Coho",1989,90027,122449,-35.8,NA,-0.8,NA,NA,NA,NA,NA,"PSF_20260428","20260910"
"Central Coast","Coho",1990,134454,109029,-42.9,NA,-1.4,NA,NA,NA,NA,NA,"PSF_20260428","20260910"
"Central Coast","Coho",1991,128805,117858,-38.2,NA,-2,NA,NA,NA,NA,NA,"PSF_20260428","20260910"
"Central Coast","Coho",1992,97044,110908,-41.9,NA,-2.6,NA,NA,NA,NA,NA,"PSF_20260428","20260910"
"Central Coast","Coho",1993,98979,113568,-40.5,NA,-3.3,NA,NA,NA,NA,NA,"PSF_20260428","20260910"
"Central Coast","Coho",1994,121022,110618,-42,NA,-3.9,NA,NA,NA,NA,NA,"PSF_20260428","20260910"
"Central Coast","Coho",1995,150736,115053,-39.7,NA,-4.4,NA,NA,NA,NA,NA,"PSF_20260428","20260910"
"Central Coast","Coho",1996,74252,107605,-43.6,NA,-5,NA,NA,NA,NA,NA,"PSF_20260428","20260910"
"Central Coast","Coho",1997,70568,98878,-48.2,NA,-5.6,NA,NA,NA,NA,NA,"PSF_20260428","20260910"
"Central Coast","Coho",1998,391027,132567,-30.5,NA,-6.2,NA,NA,NA,NA,NA,"PSF_20260428","20260910"
"Central Coast","Coho",1999,165044,135607,-28.9,NA,-6.8,NA,NA,NA,NA,NA,"PSF_20260428","20260910"
"Central Coast","Coho",2000,182028,169683,-11.1,NA,-7.4,NA,NA,NA,NA,NA,"PSF_20260428","20260910"
"Central Coast","Coho",2001,442885,268571,40.7,NA,-8,NA,NA,NA,NA,NA,"PSF_20260428","20260910"
"Central Coast","Coho",2002,273242,245552,28.7,NA,-8.5,NA,NA,NA,NA,NA,"PSF_20260428","20260910"
"Central Coast","Coho",2003,295257,283984,48.8,NA,-9.1,NA,NA,NA,NA,NA,"PSF_20260428","20260910"
"Central Coast","Coho",2004,272037,313991,64.5,NA,-9.7,NA,NA,NA,NA,NA,"PSF_20260428","20260910"
"Central Coast","Coho",2005,227723,265886,39.3,NA,-10.2,NA,NA,NA,NA,NA,"PSF_20260428","20260910"
"Central Coast","Coho",2006,126238,219208,14.9,NA,-10.8,NA,NA,NA,NA,NA,"PSF_20260428","20260910"
"Central Coast","Coho",2007,128214,177947,-6.7,NA,-11.3,NA,NA,NA,NA,NA,"PSF_20260428","20260910"
"Central Coast","Coho",2008,127251,147163,-22.9,NA,-11.9,NA,NA,NA,NA,NA,"PSF_20260428","20260910"
"Central Coast","Coho",2009,482458,177546,-7,NA,-12.4,NA,NA,NA,NA,NA,"PSF_20260428","20260910"
"Central Coast","Coho",2010,205952,200657,5.2,NA,-13,NA,NA,NA,NA,NA,"PSF_20260428","20260910"
"Central Coast","Coho",2011,275508,242943,27.3,NA,-13.5,NA,NA,NA,NA,NA,"PSF_20260428","20260910"
"Central Coast","Coho",2012,199106,271713,42.4,NA,-14,NA,NA,NA,NA,NA,"PSF_20260428","20260910"
"Central Coast","Coho",2013,208803,220384,15.5,13.8,-14.6,NA,NA,NA,NA,NA,"PSF_20260428","20260910"
"Central Coast","Coho",2014,237428,228361,19.7,9.8,-15.1,NA,NA,NA,NA,NA,"PSF_20260428","20260910"
"Central Coast","Coho",2015,188479,207684,8.8,6,-15.6,NA,NA,NA,NA,NA,"PSF_20260428","20260910"
"Central Coast","Coho",2016,195622,206770,8.4,2.3,-16.2,NA,NA,NA,NA,NA,"PSF_20260428","20260910"
"Central Coast","Coho",2017,227026,211141,10.6,-1.3,-16.7,NA,NA,NA,NA,NA,"PSF_20260428","20260910"
"Central Coast","Coho",2018,116554,176734,-7.4,-4.7,-17.2,NA,NA,NA,NA,NA,"PSF_20260428","20260910"
"Central Coast","Coho",2019,95748,149207,-21.8,-8.1,-17.7,NA,NA,NA,NA,NA,"PSF_20260428","20260910"
"Central Coast","Coho",2020,131295,135050,-29.2,-11.3,-18.2,NA,NA,NA,NA,NA,"PSF_20260428","20260910"
"Central Coast","Coho",2021,202441,131236,-31.2,-14.4,-18.7,NA,NA,NA,NA,NA,"PSF_20260428","20260910"
"Central Coast","Coho",2022,183082,146920,-23,-17.4,-19.2,NA,NA,NA,NA,NA,"PSF_20260428","20260910"
"Central Coast","Coho",2023,207256,178207,-6.6,-20.3,-19.7,NA,NA,NA,NA,NA,"PSF_20260428","20260910"
"Central Coast","Coho",2024,163854,188355,-1.3,-23,-20.2,NA,NA,NA,NA,NA,"PSF_20260428","20260910"
"Central Coast","Pink",1950,1000774,1000774,-61,NA,-30.3,NA,NA,NA,NA,NA,"PSF_20260428","20260910"
"Central Coast","Pink",1951,2710773,1647079,-35.9,NA,-29.7,NA,NA,NA,NA,NA,"PSF_20260428","20260910"
"Central Coast","Pink",1952,1951649,2300104,-10.4,NA,-29,NA,NA,NA,NA,NA,"PSF_20260428","20260910"
"Central Coast","Pink",1953,1075649,1448892,-43.6,NA,-28.3,NA,NA,NA,NA,NA,"PSF_20260428","20260910"
"Central Coast","Pink",1954,998062,1036129,-59.7,NA,-27.6,NA,NA,NA,NA,NA,"PSF_20260428","20260910"
"Central Coast","Pink",1955,1082588,1039466,-59.5,NA,-27,NA,NA,NA,NA,NA,"PSF_20260428","20260910"
"Central Coast","Pink",1956,2078767,1500149,-41.6,NA,-26.3,NA,NA,NA,NA,NA,"PSF_20260428","20260910"
"Central Coast","Pink",1957,1524632,1780268,-30.7,NA,-25.6,NA,NA,NA,NA,NA,"PSF_20260428","20260910"
"Central Coast","Pink",1958,1012058,1242182,-51.6,NA,-24.9,NA,NA,NA,NA,NA,"PSF_20260428","20260910"
"Central Coast","Pink",1959,1521577,1240937,-51.7,NA,-24.2,NA,NA,NA,NA,NA,"PSF_20260428","20260910"
"Central Coast","Pink",1960,3093573,2169588,-15.5,NA,-23.4,NA,NA,NA,NA,NA,"PSF_20260428","20260910"
"Central Coast","Pink",1961,3356391,3222304,25.5,NA,-22.7,NA,NA,NA,NA,NA,"PSF_20260428","20260910"
"Central Coast","Pink",1962,9834871,5745404,123.7,NA,-22,NA,NA,NA,NA,NA,"PSF_20260428","20260910"
"Central Coast","Pink",1963,3599459,5949808,131.7,NA,-21.2,NA,NA,NA,NA,NA,"PSF_20260428","20260910"
"Central Coast","Pink",1964,3152341,3368489,31.2,NA,-20.5,NA,NA,NA,NA,NA,"PSF_20260428","20260910"
"Central Coast","Pink",1965,1223355,1963780,-23.5,NA,-19.7,NA,NA,NA,NA,NA,"PSF_20260428","20260910"
"Central Coast","Pink",1966,3451706,2054912,-20,NA,-19,NA,NA,NA,NA,NA,"PSF_20260428","20260910"
"Central Coast","Pink",1967,471083,1275162,-50.3,NA,-18.2,NA,NA,NA,NA,NA,"PSF_20260428","20260910"
"Central Coast","Pink",1968,5142792,1556496,-39.4,NA,-17.4,NA,NA,NA,NA,NA,"PSF_20260428","20260910"
"Central Coast","Pink",1969,567927,1709014,-33.5,NA,-16.7,NA,NA,NA,NA,NA,"PSF_20260428","20260910"
"Central Coast","Pink",1970,2257929,1132404,-55.9,NA,-15.9,NA,NA,NA,NA,NA,"PSF_20260428","20260910"
"Central Coast","Pink",1971,1515511,1849842,-28,NA,-15.1,NA,NA,NA,NA,NA,"PSF_20260428","20260910"
"Central Coast","Pink",1972,3987724,2458341,-4.3,NA,-14.3,NA,NA,NA,NA,NA,"PSF_20260428","20260910"
"Central Coast","Pink",1973,878338,1871516,-27.1,NA,-13.5,NA,NA,NA,NA,NA,"PSF_20260428","20260910"
"Central Coast","Pink",1974,3087243,1646707,-35.9,NA,-12.6,NA,NA,NA,NA,NA,"PSF_20260428","20260910"
"Central Coast","Pink",1975,1003577,1760195,-31.5,NA,-11.8,NA,NA,NA,NA,NA,"PSF_20260428","20260910"
"Central Coast","Pink",1976,3830020,1960540,-23.7,NA,-11,NA,NA,NA,NA,NA,"PSF_20260428","20260910"
"Central Coast","Pink",1977,1300466,2231773,-13.1,NA,-10.1,NA,NA,NA,NA,NA,"PSF_20260428","20260910"
"Central Coast","Pink",1978,4828206,2505776,-2.4,NA,-9.3,NA,NA,NA,NA,NA,"PSF_20260428","20260910"
"Central Coast","Pink",1979,2983640,3795475,47.8,NA,-8.4,NA,NA,NA,NA,NA,"PSF_20260428","20260910"
"Central Coast","Pink",1980,3051058,3017161,17.5,NA,-7.6,NA,NA,NA,NA,NA,"PSF_20260428","20260910"
"Central Coast","Pink",1981,2141912,2556384,-0.5,NA,-6.7,NA,NA,NA,NA,NA,"PSF_20260428","20260910"
"Central Coast","Pink",1982,1194330,1599422,-37.7,NA,-5.8,NA,NA,NA,NA,NA,"PSF_20260428","20260910"
"Central Coast","Pink",1983,3251522,1970632,-23.3,NA,-4.9,NA,NA,NA,NA,NA,"PSF_20260428","20260910"
"Central Coast","Pink",1984,2634055,2926549,14,NA,-4,NA,NA,NA,NA,NA,"PSF_20260428","20260910"
"Central Coast","Pink",1985,6225866,4049602,57.7,NA,-3.1,NA,NA,NA,NA,NA,"PSF_20260428","20260910"
"Central Coast","Pink",1986,7154570,6674084,159.9,NA,-2.2,NA,NA,NA,NA,NA,"PSF_20260428","20260910"
"Central Coast","Pink",1987,1643867,3429455,33.5,NA,-1.2,NA,NA,NA,NA,NA,"PSF_20260428","20260910"
"Central Coast","Pink",1988,5749808,3074398,19.7,NA,-0.3,NA,NA,NA,NA,NA,"PSF_20260428","20260910"
"Central Coast","Pink",1989,2038976,3423992,33.3,NA,0.6,NA,NA,NA,NA,NA,"PSF_20260428","20260910"
"Central Coast","Pink",1990,4968717,3182938,23.9,NA,1.6,NA,NA,NA,NA,NA,"PSF_20260428","20260910"
"Central Coast","Pink",1991,4494060,4725432,84,NA,2.5,NA,NA,NA,NA,NA,"PSF_20260428","20260910"
"Central Coast","Pink",1992,6128274,5247936,104.4,NA,3.5,NA,NA,NA,NA,NA,"PSF_20260428","20260910"
"Central Coast","Pink",1993,2454156,3878111,51,NA,4.5,NA,NA,NA,NA,NA,"PSF_20260428","20260910"
"Central Coast","Pink",1994,1221653,1731510,-32.6,NA,5.5,NA,NA,NA,NA,NA,"PSF_20260428","20260910"
"Central Coast","Pink",1995,2089233,1597598,-37.8,NA,6.5,NA,NA,NA,NA,NA,"PSF_20260428","20260910"
"Central Coast","Pink",1996,4651342,3117329,21.4,NA,7.5,NA,NA,NA,NA,NA,"PSF_20260428","20260910"
"Central Coast","Pink",1997,3081845,3786121,47.4,NA,8.5,NA,NA,NA,NA,NA,"PSF_20260428","20260910"
"Central Coast","Pink",1998,2175837,2589516,0.8,NA,9.5,NA,NA,NA,NA,NA,"PSF_20260428","20260910"
"Central Coast","Pink",1999,2941766,2529981,-1.5,NA,10.6,NA,NA,NA,NA,NA,"PSF_20260428","20260910"
"Central Coast","Pink",2000,5461920,4008453,56.1,NA,11.6,NA,NA,NA,NA,NA,"PSF_20260428","20260910"
"Central Coast","Pink",2001,8272239,6721779,161.7,NA,12.7,NA,NA,NA,NA,NA,"PSF_20260428","20260910"
"Central Coast","Pink",2002,5766127,6906430,168.9,NA,13.7,NA,NA,NA,NA,NA,"PSF_20260428","20260910"
"Central Coast","Pink",2003,5608670,5686853,121.4,NA,14.8,NA,NA,NA,NA,NA,"PSF_20260428","20260910"
"Central Coast","Pink",2004,2674853,3873289,50.8,NA,15.9,NA,NA,NA,NA,NA,"PSF_20260428","20260910"
"Central Coast","Pink",2005,4859642,3605389,40.4,NA,17,NA,NA,NA,NA,NA,"PSF_20260428","20260910"
"Central Coast","Pink",2006,892362,2082440,-18.9,NA,18.1,NA,NA,NA,NA,NA,"PSF_20260428","20260910"
"Central Coast","Pink",2007,4071990,1906223,-25.8,NA,19.2,NA,NA,NA,NA,NA,"PSF_20260428","20260910"
"Central Coast","Pink",2008,929194,1945166,-24.3,NA,20.4,NA,NA,NA,NA,NA,"PSF_20260428","20260910"
"Central Coast","Pink",2009,6611569,2478594,-3.5,NA,21.5,NA,NA,NA,NA,NA,"PSF_20260428","20260910"
"Central Coast","Pink",2010,828859,2340952,-8.8,NA,22.7,NA,NA,NA,NA,NA,"PSF_20260428","20260910"
"Central Coast","Pink",2011,1859910,1241613,-51.7,NA,23.8,NA,NA,NA,NA,NA,"PSF_20260428","20260910"
"Central Coast","Pink",2012,3654832,2607232,1.5,NA,25,NA,NA,NA,NA,NA,"PSF_20260428","20260910"
"Central Coast","Pink",2013,6691223,4945230,92.6,NA,26.2,NA,NA,NA,NA,NA,"PSF_20260428","20260910"
"Central Coast","Pink",2014,3265961,4674749,82,NA,27.4,NA,NA,NA,NA,NA,"PSF_20260428","20260910"
"Central Coast","Pink",2015,1697805,2354775,-8.3,NA,28.6,NA,NA,NA,NA,NA,"PSF_20260428","20260910"
"Central Coast","Pink",2016,4482228,2758614,7.4,NA,29.8,NA,NA,NA,NA,NA,"PSF_20260428","20260910"
"Central Coast","Pink",2017,3368325,3885563,51.3,NA,31,NA,NA,NA,NA,NA,"PSF_20260428","20260910"
"Central Coast","Pink",2018,716882,1553927,-39.5,NA,32.3,NA,NA,NA,NA,NA,"PSF_20260428","20260910"
"Central Coast","Pink",2019,1437919,1015292,-60.5,-32.6,33.5,NA,NA,NA,NA,NA,"PSF_20260428","20260910"
"Central Coast","Pink",2020,7226813,3223596,25.5,-15.9,34.8,NA,NA,NA,NA,NA,"PSF_20260428","20260910"
"Central Coast","Pink",2021,3271248,4862170,89.3,4.9,36.1,NA,NA,NA,NA,NA,"PSF_20260428","20260910"
"Central Coast","Pink",2022,2245495,2710272,5.5,31,37.3,NA,NA,NA,NA,NA,"PSF_20260428","20260910"
"Central Coast","Pink",2023,4488963,3174893,23.6,63.4,38.6,NA,NA,NA,NA,NA,"PSF_20260428","20260910"
"Central Coast","Pink",2024,6576826,5433519,111.6,104,40,NA,NA,NA,NA,NA,"PSF_20260428","20260910"
"Central Coast","Sockeye",1950,989942,989942,111.1,NA,68.9,NA,NA,NA,NA,NA,"PSF_20260428","20260910"
"Central Coast","Sockeye",1951,773352,874971,86.6,NA,66.6,NA,NA,NA,NA,NA,"PSF_20260428","20260910"
"Central Coast","Sockeye",1952,993205,912729,94.6,NA,64.3,NA,NA,NA,NA,NA,"PSF_20260428","20260910"
"Central Coast","Sockeye",1953,847587,895989,91.1,NA,62.1,NA,NA,NA,NA,NA,"PSF_20260428","20260910"
"Central Coast","Sockeye",1954,569546,818366,74.5,NA,59.9,NA,NA,NA,NA,NA,"PSF_20260428","20260910"
"Central Coast","Sockeye",1955,623294,746044,59.1,NA,57.8,NA,NA,NA,NA,NA,"PSF_20260428","20260910"
"Central Coast","Sockeye",1956,608797,711186,51.7,NA,55.6,NA,NA,NA,NA,NA,"PSF_20260428","20260910"
"Central Coast","Sockeye",1957,613437,645847,37.7,NA,53.5,NA,NA,NA,NA,NA,"PSF_20260428","20260910"
"Central Coast","Sockeye",1958,429378,563717,20.2,NA,51.5,NA,NA,NA,NA,NA,"PSF_20260428","20260910"
"Central Coast","Sockeye",1959,793152,602319,28.4,NA,49.4,NA,NA,NA,NA,NA,"PSF_20260428","20260910"
"Central Coast","Sockeye",1960,272734,510547,8.9,NA,47.4,NA,NA,NA,NA,NA,"PSF_20260428","20260910"
"Central Coast","Sockeye",1961,400814,469601,0.1,NA,45.4,NA,NA,NA,NA,NA,"PSF_20260428","20260910"
"Central Coast","Sockeye",1962,860536,502492,7.2,NA,43.4,NA,NA,NA,NA,NA,"PSF_20260428","20260910"
"Central Coast","Sockeye",1963,1665376,658967,40.5,NA,41.5,NA,NA,NA,NA,NA,"PSF_20260428","20260910"
"Central Coast","Sockeye",1964,829478,664896,41.8,NA,39.6,NA,NA,NA,NA,NA,"PSF_20260428","20260910"
"Central Coast","Sockeye",1965,233564,644595,37.5,NA,37.7,NA,NA,NA,NA,NA,"PSF_20260428","20260910"
"Central Coast","Sockeye",1966,532747,682343,45.5,NA,35.8,NA,NA,NA,NA,NA,"PSF_20260428","20260910"
"Central Coast","Sockeye",1967,559933,626147,33.5,NA,34,NA,NA,NA,NA,NA,"PSF_20260428","20260910"
"Central Coast","Sockeye",1968,1068919,573010,22.2,NA,32.2,NA,NA,NA,NA,NA,"PSF_20260428","20260910"
"Central Coast","Sockeye",1969,348469,481764,2.7,NA,30.4,NA,NA,NA,NA,NA,"PSF_20260428","20260910"
"Central Coast","Sockeye",1970,310524,510002,8.8,NA,28.7,NA,NA,NA,NA,NA,"PSF_20260428","20260910"
"Central Coast","Sockeye",1971,605146,523167,11.6,NA,26.9,NA,NA,NA,NA,NA,"PSF_20260428","20260910"
"Central Coast","Sockeye",1972,329178,470434,0.3,NA,25.2,NA,NA,NA,NA,NA,"PSF_20260428","20260910"
"Central Coast","Sockeye",1973,1506308,503840,7.4,NA,23.5,NA,NA,NA,NA,NA,"PSF_20260428","20260910"
"Central Coast","Sockeye",1974,771651,590669,26,NA,21.8,NA,NA,NA,NA,NA,"PSF_20260428","20260910"
"Central Coast","Sockeye",1975,655667,685902,46.3,NA,20.2,NA,NA,NA,NA,NA,"PSF_20260428","20260910"
"Central Coast","Sockeye",1976,399070,631102,34.6,NA,18.6,NA,NA,NA,NA,NA,"PSF_20260428","20260910"
"Central Coast","Sockeye",1977,501485,686539,46.4,NA,17,NA,NA,NA,NA,NA,"PSF_20260428","20260910"
"Central Coast","Sockeye",1978,538060,558790,19.2,NA,15.4,NA,NA,NA,NA,NA,"PSF_20260428","20260910"
"Central Coast","Sockeye",1979,335775,473123,0.9,NA,13.8,NA,NA,NA,NA,NA,"PSF_20260428","20260910"
"Central Coast","Sockeye",1980,518843,451486,-3.7,NA,12.3,NA,NA,NA,NA,NA,"PSF_20260428","20260910"
"Central Coast","Sockeye",1981,842050,524206,11.8,NA,10.8,NA,NA,NA,NA,NA,"PSF_20260428","20260910"
"Central Coast","Sockeye",1982,1126632,616321,31.4,NA,9.3,NA,NA,NA,NA,NA,"PSF_20260428","20260910"
"Central Coast","Sockeye",1983,801901,667521,42.3,NA,7.8,NA,NA,NA,NA,NA,"PSF_20260428","20260910"
"Central Coast","Sockeye",1984,463940,712111,51.9,NA,6.4,NA,NA,NA,NA,NA,"PSF_20260428","20260910"
"Central Coast","Sockeye",1985,1063239,821990,75.3,NA,4.9,NA,NA,NA,NA,NA,"PSF_20260428","20260910"
"Central Coast","Sockeye",1986,864609,826348,76.2,NA,3.5,NA,NA,NA,NA,NA,"PSF_20260428","20260910"
"Central Coast","Sockeye",1987,875416,785687,67.5,NA,2.1,NA,NA,NA,NA,NA,"PSF_20260428","20260910"
"Central Coast","Sockeye",1988,778450,781037,66.5,NA,0.7,NA,NA,NA,NA,NA,"PSF_20260428","20260910"
"Central Coast","Sockeye",1989,518712,798665,70.3,NA,-0.6,NA,NA,NA,NA,NA,"PSF_20260428","20260910"
"Central Coast","Sockeye",1990,567219,704350,50.2,NA,-2,NA,NA,NA,NA,NA,"PSF_20260428","20260910"
"Central Coast","Sockeye",1991,845164,701153,49.5,NA,-3.3,NA,NA,NA,NA,NA,"PSF_20260428","20260910"
"Central Coast","Sockeye",1992,777234,684668,46,NA,-4.6,NA,NA,NA,NA,NA,"PSF_20260428","20260910"
"Central Coast","Sockeye",1993,647157,659836,40.7,NA,-5.9,NA,NA,NA,NA,NA,"PSF_20260428","20260910"
"Central Coast","Sockeye",1994,343179,607512,29.5,NA,-7.2,NA,NA,NA,NA,NA,"PSF_20260428","20260910"
"Central Coast","Sockeye",1995,332705,546030,16.4,NA,-8.4,NA,NA,NA,NA,NA,"PSF_20260428","20260910"
"Central Coast","Sockeye",1996,317466,448919,-4.3,NA,-9.7,NA,NA,NA,NA,NA,"PSF_20260428","20260910"
"Central Coast","Sockeye",1997,377057,388454,-17.2,NA,-10.9,NA,NA,NA,NA,NA,"PSF_20260428","20260910"
"Central Coast","Sockeye",1998,294312,331817,-29.2,NA,-12.1,NA,NA,NA,NA,NA,"PSF_20260428","20260910"
"Central Coast","Sockeye",1999,118906,268433,-42.8,NA,-13.3,NA,NA,NA,NA,NA,"PSF_20260428","20260910"
"Central Coast","Sockeye",2000,107785,214257,-54.3,NA,-14.4,NA,NA,NA,NA,NA,"PSF_20260428","20260910"
"Central Coast","Sockeye",2001,161687,187211,-60.1,NA,-15.6,NA,NA,NA,NA,NA,"PSF_20260428","20260910"
"Central Coast","Sockeye",2002,387173,188205,-59.9,NA,-16.7,NA,NA,NA,NA,NA,"PSF_20260428","20260910"
"Central Coast","Sockeye",2003,578218,215420,-54.1,NA,-17.9,NA,NA,NA,NA,NA,"PSF_20260428","20260910"
"Central Coast","Sockeye",2004,218753,243353,-48.1,NA,-19,NA,NA,NA,NA,NA,"PSF_20260428","20260910"
"Central Coast","Sockeye",2005,206941,277264,-40.9,NA,-20.1,NA,NA,NA,NA,NA,"PSF_20260428","20260910"
"Central Coast","Sockeye",2006,227821,296946,-36.7,NA,-21.1,NA,NA,NA,NA,NA,"PSF_20260428","20260910"
"Central Coast","Sockeye",2007,165378,250491,-46.6,NA,-22.2,NA,NA,NA,NA,NA,"PSF_20260428","20260910"
"Central Coast","Sockeye",2008,132741,186627,-60.2,NA,-23.3,NA,NA,NA,NA,NA,"PSF_20260428","20260910"
"Central Coast","Sockeye",2009,165270,176451,-62.4,NA,-24.3,NA,NA,NA,NA,NA,"PSF_20260428","20260910"
"Central Coast","Sockeye",2010,216947,178125,-62,-48.6,-25.3,NA,NA,NA,NA,NA,"PSF_20260428","20260910"
"Central Coast","Sockeye",2011,647808,219531,-53.2,-45.7,-26.3,NA,NA,NA,NA,NA,"PSF_20260428","20260910"
"Central Coast","Sockeye",2012,255632,239510,-48.9,-42.6,-27.3,NA,NA,NA,NA,NA,"PSF_20260428","20260910"
"Central Coast","Sockeye",2013,416748,301090,-35.8,-39.3,-28.3,NA,NA,NA,NA,NA,"PSF_20260428","20260910"
"Central Coast","Sockeye",2014,379894,355623,-24.2,-35.8,-29.3,NA,NA,NA,NA,NA,"PSF_20260428","20260910"
"Central Coast","Sockeye",2015,509512,421843,-10,-32.2,-30.2,NA,NA,NA,NA,NA,"PSF_20260428","20260910"
"Central Coast","Sockeye",2016,590970,414166,-11.7,-28.3,-31.2,NA,NA,NA,NA,NA,"PSF_20260428","20260910"
"Central Coast","Sockeye",2017,293538,425779,-9.2,-24.2,-32.1,NA,NA,NA,NA,NA,"PSF_20260428","20260910"
"Central Coast","Sockeye",2018,454611,433249,-7.6,-19.9,-33,NA,NA,NA,NA,NA,"PSF_20260428","20260910"
"Central Coast","Sockeye",2019,194007,378763,-19.2,-15.3,-33.9,NA,NA,NA,NA,NA,"PSF_20260428","20260910"
"Central Coast","Sockeye",2020,520669,380408,-18.9,-10.5,-34.8,NA,NA,NA,NA,NA,"PSF_20260428","20260910"
"Central Coast","Sockeye",2021,983720,421222,-10.2,-5.4,-35.7,NA,NA,NA,NA,NA,"PSF_20260428","20260910"
"Central Coast","Sockeye",2022,381801,443961,-5.3,0,-36.6,NA,NA,NA,NA,NA,"PSF_20260428","20260910"
"Central Coast","Sockeye",2023,363192,424467,-9.5,5.7,-37.4,NA,NA,NA,NA,NA,"PSF_20260428","20260910"
"Central Coast","Sockeye",2024,409692,492916,5.1,11.8,-38.3,NA,NA,NA,NA,NA,"PSF_20260428","20260910"
"East Vancouver Island & Mainland Inlets","Chinook",1975,NA,NA,NA,NA,NA,5875,5875,-38.8,NA,-38.2,"CTC_20260818","20260910"
"East Vancouver Island & Mainland Inlets","Chinook",1976,NA,NA,NA,NA,NA,4740,5277,-45,NA,-37.1,"CTC_20260818","20260910"
"East Vancouver Island & Mainland Inlets","Chinook",1977,NA,NA,NA,NA,NA,6730,5723,-40.3,NA,-36,"CTC_20260818","20260910"
"East Vancouver Island & Mainland Inlets","Chinook",1978,NA,NA,NA,NA,NA,6895,5996,-37.5,NA,-34.9,"CTC_20260818","20260910"
"East Vancouver Island & Mainland Inlets","Chinook",1979,10700,10700,33.2,NA,-32,11459,7086,-26.1,NA,-33.8,"CTC_20260818","20260910"
"East Vancouver Island & Mainland Inlets","Chinook",1980,8650,9621,19.8,NA,-31,10769,8699,-9.3,NA,-32.7,"CTC_20260818","20260910"
"East Vancouver Island & Mainland Inlets","Chinook",1981,6710,8532,6.2,NA,-29.9,8607,9251,-3.6,NA,-31.5,"CTC_20260818","20260910"
"East Vancouver Island & Mainland Inlets","Chinook",1982,5790,7744,-3.6,NA,-28.8,7407,9418,-1.8,NA,-30.3,"CTC_20260818","20260910"
"East Vancouver Island & Mainland Inlets","Chinook",1983,7100,6989,-13,NA,-27.8,7862,8571,-10.6,NA,-29.1,"CTC_20260818","20260910"
"East Vancouver Island & Mainland Inlets","Chinook",1984,8200,6896,-14.1,NA,-26.7,9061,8209,-14.4,NA,-27.9,"CTC_20260818","20260910"
"East Vancouver Island & Mainland Inlets","Chinook",1985,4595,6274,-21.9,NA,-25.5,6049,7516,-21.6,NA,-26.7,"CTC_20260818","20260910"
"East Vancouver Island & Mainland Inlets","Chinook",1986,5195,6106,-24,NA,-24.4,6472,7267,-24.2,NA,-25.4,"CTC_20260818","20260910"
"East Vancouver Island & Mainland Inlets","Chinook",1987,5250,5662,-29.5,NA,-23.3,6887,7030,-26.7,NA,-24.1,"CTC_20260818","20260910"
"East Vancouver Island & Mainland Inlets","Chinook",1988,6984,5439,-32.3,NA,-22.1,8611,6942,-27.6,NA,-22.8,"CTC_20260818","20260910"
"East Vancouver Island & Mainland Inlets","Chinook",1989,6580,5950,-25.9,NA,-20.9,8390,7533,-21.5,NA,-21.5,"CTC_20260818","20260910"
"East Vancouver Island & Mainland Inlets","Chinook",1990,6971,6404,-20.3,NA,-19.7,8206,7994,-16.7,NA,-20.2,"CTC_20260818","20260910"
"East Vancouver Island & Mainland Inlets","Chinook",1991,7800,7070,-12,NA,-18.5,9657,8699,-9.3,NA,-18.8,"CTC_20260818","20260910"
"East Vancouver Island & Mainland Inlets","Chinook",1992,9493,7634,-4.9,NA,-17.2,11837,9419,-1.8,NA,-17.4,"CTC_20260818","20260910"
"East Vancouver Island & Mainland Inlets","Chinook",1993,6108,7493,-6.7,NA,-16,8565,9468,-1.3,NA,-16,"CTC_20260818","20260910"
"East Vancouver Island & Mainland Inlets","Chinook",1994,5450,7046,-12.3,NA,-14.7,7341,9208,-4,NA,-14.5,"CTC_20260818","20260910"
"East Vancouver Island & Mainland Inlets","Chinook",1995,16292,8471,5.5,NA,-13.4,19285,10946,14.1,NA,-13.1,"CTC_20260818","20260910"
"East Vancouver Island & Mainland Inlets","Chinook",1996,14270,9379,16.8,NA,-12.1,16952,11974,24.8,NA,-11.6,"CTC_20260818","20260910"
"East Vancouver Island & Mainland Inlets","Chinook",1997,10503,10741,33.7,NA,-10.7,10874,12710,32.5,NA,-10,"CTC_20260818","20260910"
"East Vancouver Island & Mainland Inlets","Chinook",1998,5732,10877,35.4,NA,-9.4,8604,13225,37.9,NA,-8.5,"CTC_20260818","20260910"
"East Vancouver Island & Mainland Inlets","Chinook",1999,6770,8733,8.7,NA,-8,8878,10893,13.6,NA,-6.9,"CTC_20260818","20260910"
"East Vancouver Island & Mainland Inlets","Chinook",2000,5855,6989,-13,NA,-6.6,7657,8930,-6.9,NA,-5.3,"CTC_20260818","20260910"
"East Vancouver Island & Mainland Inlets","Chinook",2001,4679,5710,-28.9,NA,-5.2,7530,8146,-15.1,NA,-3.7,"CTC_20260818","20260910"
"East Vancouver Island & Mainland Inlets","Chinook",2002,3810,5156,-35.8,NA,-3.7,7132,7773,-19,NA,-2,"CTC_20260818","20260910"
"East Vancouver Island & Mainland Inlets","Chinook",2003,3997,4520,-43.7,NA,-2.2,5766,6978,-27.3,NA,-0.3,"CTC_20260818","20260910"
"East Vancouver Island & Mainland Inlets","Chinook",2004,4212,4162,-48.2,NA,-0.8,5157,6322,-34.1,NA,1.4,"CTC_20260818","20260910"
"East Vancouver Island & Mainland Inlets","Chinook",2005,2851,3677,-54.2,NA,0.8,4633,5599,-41.6,NA,3.1,"CTC_20260818","20260910"
"East Vancouver Island & Mainland Inlets","Chinook",2006,3420,3579,-55.4,NA,2.3,4812,5074,-47.1,NA,4.9,"CTC_20260818","20260910"
"East Vancouver Island & Mainland Inlets","Chinook",2007,4545,3696,-54,NA,3.8,5198,4944,-48.5,NA,6.7,"CTC_20260818","20260910"
"East Vancouver Island & Mainland Inlets","Chinook",2008,3545,3540,-55.9,NA,5.4,4953,4895,-49,NA,8.5,"CTC_20260818","20260910"
"East Vancouver Island & Mainland Inlets","Chinook",2009,2036,3254,-59.5,NA,7,2977,4382,-54.3,NA,10.4,"CTC_20260818","20260910"
"East Vancouver Island & Mainland Inlets","Chinook",2010,5186,3612,-55,NA,8.7,6069,4644,-51.6,NA,12.3,"CTC_20260818","20260910"
"East Vancouver Island & Mainland Inlets","Chinook",2011,7004,4024,-49.9,NA,10.3,8124,5193,-45.9,NA,14.2,"CTC_20260818","20260910"
"East Vancouver Island & Mainland Inlets","Chinook",2012,5742,4540,-43.5,NA,12,8349,5917,-38.3,NA,16.2,"CTC_20260818","20260910"
"East Vancouver Island & Mainland Inlets","Chinook",2013,9982,6755,-15.9,NA,13.7,10665,8140,-15.1,NA,18.2,"CTC_20260818","20260910"
"East Vancouver Island & Mainland Inlets","Chinook",2014,8023,7533,-6.2,-2,15.4,8943,8968,-6.5,-6.5,20.2,"CTC_20260818","20260910"
"East Vancouver Island & Mainland Inlets","Chinook",2015,11258,8482,5.6,10.7,17.2,12184,9925,3.5,5.4,22.3,"CTC_20260818","20260910"
"East Vancouver Island & Mainland Inlets","Chinook",2016,11671,10128,26.1,25,19,12777,11039,15.1,18.9,24.4,"CTC_20260818","20260910"
"East Vancouver Island & Mainland Inlets","Chinook",2017,14912,11197,39.4,41.1,20.8,16692,12347,28.7,34.1,26.5,"CTC_20260818","20260910"
"East Vancouver Island & Mainland Inlets","Chinook",2018,18251,13751,71.2,59.3,22.6,20684,15226,58.7,51.3,28.7,"CTC_20260818","20260910"
"East Vancouver Island & Mainland Inlets","Chinook",2019,20356,15946,98.6,79.9,24.5,23843,18009,87.7,70.7,30.9,"CTC_20260818","20260910"
"East Vancouver Island & Mainland Inlets","Chinook",2020,14899,16950,111.1,103.1,26.4,16430,19177,99.9,92.5,33.2,"CTC_20260818","20260910"
"East Vancouver Island & Mainland Inlets","Chinook",2021,19502,18126,125.7,129.4,28.3,21622,20459,113.3,117.2,35.4,"CTC_20260818","20260910"
"East Vancouver Island & Mainland Inlets","Chinook",2022,27096,20008,149.1,159,30.3,32442,22896,138.7,145,37.8,"CTC_20260818","20260910"
"East Vancouver Island & Mainland Inlets","Chinook",2023,29039,21867,172.3,192.5,32.3,32761,24788,158.4,176.3,40.1,"CTC_20260818","20260910"
"East Vancouver Island & Mainland Inlets","Chinook",2024,31524,26372,228.4,230.2,34.3,34775,29899,211.7,211.7,42.6,"CTC_20260818","20260910"
"East Vancouver Island & Mainland Inlets","Chinook",2025,34578,30432,278.9,272.9,36.3,38406,34517,259.8,251.6,45,"CTC_20260818","20260910"
"East Vancouver Island & Mainland Inlets","Chum",1953,764964,764964,-7.1,NA,-17.2,NA,NA,NA,NA,NA,"PSF_20260428","20260910"
"East Vancouver Island & Mainland Inlets","Chum",1954,850322,806515,-2.1,NA,-16.7,NA,NA,NA,NA,NA,"PSF_20260428","20260910"
"East Vancouver Island & Mainland Inlets","Chum",1955,540928,705973,-14.3,NA,-16.3,NA,NA,NA,NA,NA,"PSF_20260428","20260910"
"East Vancouver Island & Mainland Inlets","Chum",1956,408132,615590,-25.2,NA,-15.8,NA,NA,NA,NA,NA,"PSF_20260428","20260910"
"East Vancouver Island & Mainland Inlets","Chum",1957,814366,625296,-24.1,NA,-15.3,NA,NA,NA,NA,NA,"PSF_20260428","20260910"
"East Vancouver Island & Mainland Inlets","Chum",1958,863140,627639,-23.8,NA,-14.9,NA,NA,NA,NA,NA,"PSF_20260428","20260910"
"East Vancouver Island & Mainland Inlets","Chum",1959,649395,656980,-20.2,NA,-14.4,NA,NA,NA,NA,NA,"PSF_20260428","20260910"
"East Vancouver Island & Mainland Inlets","Chum",1960,472502,681480,-17.2,NA,-13.9,NA,NA,NA,NA,NA,"PSF_20260428","20260910"
"East Vancouver Island & Mainland Inlets","Chum",1961,408075,573368,-30.4,NA,-13.5,NA,NA,NA,NA,NA,"PSF_20260428","20260910"
"East Vancouver Island & Mainland Inlets","Chum",1962,575285,518064,-37.1,NA,-13,NA,NA,NA,NA,NA,"PSF_20260428","20260910"
"East Vancouver Island & Mainland Inlets","Chum",1963,486360,481943,-41.5,NA,-12.5,NA,NA,NA,NA,NA,"PSF_20260428","20260910"
"East Vancouver Island & Mainland Inlets","Chum",1964,469320,481130,-41.6,NA,-12,NA,NA,NA,NA,NA,"PSF_20260428","20260910"
"East Vancouver Island & Mainland Inlets","Chum",1965,229439,416624,-49.4,NA,-11.6,NA,NA,NA,NA,NA,"PSF_20260428","20260910"
"East Vancouver Island & Mainland Inlets","Chum",1966,684097,435064,-47.2,NA,-11.1,NA,NA,NA,NA,NA,"PSF_20260428","20260910"
"East Vancouver Island & Mainland Inlets","Chum",1967,542379,447084,-45.7,NA,-10.6,NA,NA,NA,NA,NA,"PSF_20260428","20260910"
"East Vancouver Island & Mainland Inlets","Chum",1968,1099938,553177,-32.8,NA,-10.1,NA,NA,NA,NA,NA,"PSF_20260428","20260910"
"East Vancouver Island & Mainland Inlets","Chum",1969,778763,750842,-8.8,NA,-9.6,NA,NA,NA,NA,NA,"PSF_20260428","20260910"
"East Vancouver Island & Mainland Inlets","Chum",1970,957691,816724,-0.8,NA,-9.1,NA,NA,NA,NA,NA,"PSF_20260428","20260910"
"East Vancouver Island & Mainland Inlets","Chum",1971,455431,781818,-5.1,NA,-8.6,NA,NA,NA,NA,NA,"PSF_20260428","20260910"
"East Vancouver Island & Mainland Inlets","Chum",1972,1119774,785319,-4.6,NA,-8.1,NA,NA,NA,NA,NA,"PSF_20260428","20260910"
"East Vancouver Island & Mainland Inlets","Chum",1973,1165961,868691,5.5,NA,-7.6,NA,NA,NA,NA,NA,"PSF_20260428","20260910"
"East Vancouver Island & Mainland Inlets","Chum",1974,856178,844696,2.6,NA,-7.1,NA,NA,NA,NA,NA,"PSF_20260428","20260910"
"East Vancouver Island & Mainland Inlets","Chum",1975,547021,884292,7.4,NA,-6.6,NA,NA,NA,NA,NA,"PSF_20260428","20260910"
"East Vancouver Island & Mainland Inlets","Chum",1976,553462,741455,-10,NA,-6.1,NA,NA,NA,NA,NA,"PSF_20260428","20260910"
"East Vancouver Island & Mainland Inlets","Chum",1977,849023,684926,-16.8,NA,-5.6,NA,NA,NA,NA,NA,"PSF_20260428","20260910"
"East Vancouver Island & Mainland Inlets","Chum",1978,1153363,737895,-10.4,NA,-5,NA,NA,NA,NA,NA,"PSF_20260428","20260910"
"East Vancouver Island & Mainland Inlets","Chum",1979,607119,757377,-8,NA,-4.5,NA,NA,NA,NA,NA,"PSF_20260428","20260910"
"East Vancouver Island & Mainland Inlets","Chum",1980,959178,868990,5.5,NA,-4,NA,NA,NA,NA,NA,"PSF_20260428","20260910"
"East Vancouver Island & Mainland Inlets","Chum",1981,852614,869907,5.6,NA,-3.5,NA,NA,NA,NA,NA,"PSF_20260428","20260910"
"East Vancouver Island & Mainland Inlets","Chum",1982,1145537,868428,5.5,NA,-2.9,NA,NA,NA,NA,NA,"PSF_20260428","20260910"
"East Vancouver Island & Mainland Inlets","Chum",1983,820694,936398,13.7,NA,-2.4,NA,NA,NA,NA,NA,"PSF_20260428","20260910"
"East Vancouver Island & Mainland Inlets","Chum",1984,996348,945341,14.8,NA,-1.9,NA,NA,NA,NA,NA,"PSF_20260428","20260910"
"East Vancouver Island & Mainland Inlets","Chum",1985,1569974,1101218,33.7,NA,-1.3,NA,NA,NA,NA,NA,"PSF_20260428","20260910"
"East Vancouver Island & Mainland Inlets","Chum",1986,1218071,1118251,35.8,NA,-0.8,NA,NA,NA,NA,NA,"PSF_20260428","20260910"
"East Vancouver Island & Mainland Inlets","Chum",1987,1101258,1203556,46.2,NA,-0.3,NA,NA,NA,NA,NA,"PSF_20260428","20260910"
"East Vancouver Island & Mainland Inlets","Chum",1988,1369352,1303144,58.2,NA,0.3,NA,NA,NA,NA,NA,"PSF_20260428","20260910"
"East Vancouver Island & Mainland Inlets","Chum",1989,539804,997880,21.2,NA,0.8,NA,NA,NA,NA,NA,"PSF_20260428","20260910"
"East Vancouver Island & Mainland Inlets","Chum",1990,1277145,1009765,22.6,NA,1.4,NA,NA,NA,NA,NA,"PSF_20260428","20260910"
"East Vancouver Island & Mainland Inlets","Chum",1991,1203671,1032464,25.4,NA,2,NA,NA,NA,NA,NA,"PSF_20260428","20260910"
"East Vancouver Island & Mainland Inlets","Chum",1992,1522834,1060252,28.8,NA,2.5,NA,NA,NA,NA,NA,"PSF_20260428","20260910"
"East Vancouver Island & Mainland Inlets","Chum",1993,1763600,1425444,73.1,NA,3.1,NA,NA,NA,NA,NA,"PSF_20260428","20260910"
"East Vancouver Island & Mainland Inlets","Chum",1994,1502360,1484512,80.3,NA,3.6,NA,NA,NA,NA,NA,"PSF_20260428","20260910"
"East Vancouver Island & Mainland Inlets","Chum",1995,681890,1287909,56.4,NA,4.2,NA,NA,NA,NA,NA,"PSF_20260428","20260910"
"East Vancouver Island & Mainland Inlets","Chum",1996,604302,1022199,24.1,NA,4.8,NA,NA,NA,NA,NA,"PSF_20260428","20260910"
"East Vancouver Island & Mainland Inlets","Chum",1997,921854,869163,5.5,NA,5.4,NA,NA,NA,NA,NA,"PSF_20260428","20260910"
"East Vancouver Island & Mainland Inlets","Chum",1998,2029001,936975,13.8,NA,5.9,NA,NA,NA,NA,NA,"PSF_20260428","20260910"
"East Vancouver Island & Mainland Inlets","Chum",1999,705487,944978,14.8,NA,6.5,NA,NA,NA,NA,NA,"PSF_20260428","20260910"
"East Vancouver Island & Mainland Inlets","Chum",2000,325712,809686,-1.7,NA,7.1,NA,NA,NA,NA,NA,"PSF_20260428","20260910"
"East Vancouver Island & Mainland Inlets","Chum",2001,1463108,908804,10.4,NA,7.7,NA,NA,NA,NA,NA,"PSF_20260428","20260910"
"East Vancouver Island & Mainland Inlets","Chum",2002,1678250,866690,5.2,NA,8.3,NA,NA,NA,NA,NA,"PSF_20260428","20260910"
"East Vancouver Island & Mainland Inlets","Chum",2003,1201727,990132,20.2,NA,8.9,NA,NA,NA,NA,NA,"PSF_20260428","20260910"
"East Vancouver Island & Mainland Inlets","Chum",2004,1351702,1413204,71.6,NA,9.5,NA,NA,NA,NA,NA,"PSF_20260428","20260910"
"East Vancouver Island & Mainland Inlets","Chum",2005,1010724,1288380,56.5,NA,10.1,NA,NA,NA,NA,NA,"PSF_20260428","20260910"
"East Vancouver Island & Mainland Inlets","Chum",2006,1024730,1138891,38.3,NA,10.7,NA,NA,NA,NA,NA,"PSF_20260428","20260910"
"East Vancouver Island & Mainland Inlets","Chum",2007,1097124,1113255,35.2,NA,11.3,NA,NA,NA,NA,NA,"PSF_20260428","20260910"
"East Vancouver Island & Mainland Inlets","Chum",2008,882107,1000587,21.5,NA,11.9,NA,NA,NA,NA,NA,"PSF_20260428","20260910"
"East Vancouver Island & Mainland Inlets","Chum",2009,859392,960825,16.7,NA,12.5,NA,NA,NA,NA,NA,"PSF_20260428","20260910"
"East Vancouver Island & Mainland Inlets","Chum",2010,527088,813697,-1.2,NA,13.1,NA,NA,NA,NA,NA,"PSF_20260428","20260910"
"East Vancouver Island & Mainland Inlets","Chum",2011,1466659,874946,6.2,NA,13.7,NA,NA,NA,NA,NA,"PSF_20260428","20260910"
"East Vancouver Island & Mainland Inlets","Chum",2012,1529533,1004016,21.9,NA,14.4,NA,NA,NA,NA,NA,"PSF_20260428","20260910"
"East Vancouver Island & Mainland Inlets","Chum",2013,1158269,1081796,31.4,83.3,15,NA,NA,NA,NA,NA,"PSF_20260428","20260910"
"East Vancouver Island & Mainland Inlets","Chum",2014,995366,1268148,54,62.4,15.6,NA,NA,NA,NA,NA,"PSF_20260428","20260910"
"East Vancouver Island & Mainland Inlets","Chum",2015,893031,1120223,36,43.9,16.2,NA,NA,NA,NA,NA,"PSF_20260428","20260910"
"East Vancouver Island & Mainland Inlets","Chum",2016,1925983,1186664,44.1,27.5,16.9,NA,NA,NA,NA,NA,"PSF_20260428","20260910"
"East Vancouver Island & Mainland Inlets","Chum",2017,1043987,1156243,40.4,13,17.5,NA,NA,NA,NA,NA,"PSF_20260428","20260910"
"East Vancouver Island & Mainland Inlets","Chum",2018,870877,1118260,35.8,0.1,18.2,NA,NA,NA,NA,NA,"PSF_20260428","20260910"
"East Vancouver Island & Mainland Inlets","Chum",2019,383565,905286,9.9,-11.3,18.8,NA,NA,NA,NA,NA,"PSF_20260428","20260910"
"East Vancouver Island & Mainland Inlets","Chum",2020,708019,704910,-14.4,-21.4,19.5,NA,NA,NA,NA,NA,"PSF_20260428","20260910"
"East Vancouver Island & Mainland Inlets","Chum",2021,245243,490749,-40.4,-30.4,20.1,NA,NA,NA,NA,NA,"PSF_20260428","20260910"
"East Vancouver Island & Mainland Inlets","Chum",2022,461124,418624,-49.2,-38.3,20.8,NA,NA,NA,NA,NA,"PSF_20260428","20260910"
"East Vancouver Island & Mainland Inlets","Chum",2023,228430,367750,-55.3,-45.3,21.4,NA,NA,NA,NA,NA,"PSF_20260428","20260910"
"East Vancouver Island & Mainland Inlets","Chum",2024,1183157,418121,-49.2,-51.6,22.1,NA,NA,NA,NA,NA,"PSF_20260428","20260910"
"East Vancouver Island & Mainland Inlets","Coho",1953,373092,373092,41,NA,17.5,NA,NA,NA,NA,NA,"PSF_20260428","20260910"
"East Vancouver Island & Mainland Inlets","Coho",1954,415381,393669,48.8,NA,17,NA,NA,NA,NA,NA,"PSF_20260428","20260910"
"East Vancouver Island & Mainland Inlets","Coho",1955,516991,431104,63,NA,16.5,NA,NA,NA,NA,NA,"PSF_20260428","20260910"
"East Vancouver Island & Mainland Inlets","Coho",1956,520817,451968,70.8,NA,16,NA,NA,NA,NA,NA,"PSF_20260428","20260910"
"East Vancouver Island & Mainland Inlets","Coho",1957,360110,447984,69.3,NA,15.5,NA,NA,NA,NA,NA,"PSF_20260428","20260910"
"East Vancouver Island & Mainland Inlets","Coho",1958,411108,446828,68.9,NA,14.9,NA,NA,NA,NA,NA,"PSF_20260428","20260910"
"East Vancouver Island & Mainland Inlets","Coho",1959,260052,376300,42.2,NA,14.4,NA,NA,NA,NA,NA,"PSF_20260428","20260910"
"East Vancouver Island & Mainland Inlets","Coho",1960,178258,287822,8.8,NA,13.9,NA,NA,NA,NA,NA,"PSF_20260428","20260910"
"East Vancouver Island & Mainland Inlets","Coho",1961,394527,294466,11.3,NA,13.4,NA,NA,NA,NA,NA,"PSF_20260428","20260910"
"East Vancouver Island & Mainland Inlets","Coho",1962,203542,247007,-6.6,NA,12.9,NA,NA,NA,NA,NA,"PSF_20260428","20260910"
"East Vancouver Island & Mainland Inlets","Coho",1963,350268,266100,0.6,NA,12.4,NA,NA,NA,NA,NA,"PSF_20260428","20260910"
"East Vancouver Island & Mainland Inlets","Coho",1964,432575,332122,25.5,NA,11.9,NA,NA,NA,NA,NA,"PSF_20260428","20260910"
"East Vancouver Island & Mainland Inlets","Coho",1965,255014,297797,12.6,NA,11.4,NA,NA,NA,NA,NA,"PSF_20260428","20260910"
"East Vancouver Island & Mainland Inlets","Coho",1966,310640,330995,25.1,NA,10.9,NA,NA,NA,NA,NA,"PSF_20260428","20260910"
"East Vancouver Island & Mainland Inlets","Coho",1967,205552,289702,9.5,NA,10.4,NA,NA,NA,NA,NA,"PSF_20260428","20260910"
"East Vancouver Island & Mainland Inlets","Coho",1968,172946,230364,-12.9,NA,9.9,NA,NA,NA,NA,NA,"PSF_20260428","20260910"
"East Vancouver Island & Mainland Inlets","Coho",1969,153261,202829,-23.3,NA,9.5,NA,NA,NA,NA,NA,"PSF_20260428","20260910"
"East Vancouver Island & Mainland Inlets","Coho",1970,441099,221411,-16.3,NA,9,NA,NA,NA,NA,NA,"PSF_20260428","20260910"
"East Vancouver Island & Mainland Inlets","Coho",1971,411673,263395,-0.4,NA,8.5,NA,NA,NA,NA,NA,"PSF_20260428","20260910"
"East Vancouver Island & Mainland Inlets","Coho",1972,107916,234100,-11.5,NA,8,NA,NA,NA,NA,NA,"PSF_20260428","20260910"
"East Vancouver Island & Mainland Inlets","Coho",1973,171898,240914,-8.9,NA,7.5,NA,NA,NA,NA,NA,"PSF_20260428","20260910"
"East Vancouver Island & Mainland Inlets","Coho",1974,389017,233464,-11.8,NA,7,NA,NA,NA,NA,NA,"PSF_20260428","20260910"
"East Vancouver Island & Mainland Inlets","Coho",1975,312603,217937,-17.6,NA,6.6,NA,NA,NA,NA,NA,"PSF_20260428","20260910"
"East Vancouver Island & Mainland Inlets","Coho",1976,187119,250085,-5.5,NA,6.1,NA,NA,NA,NA,NA,"PSF_20260428","20260910"
"East Vancouver Island & Mainland Inlets","Coho",1977,534198,332044,25.5,NA,5.6,NA,NA,NA,NA,NA,"PSF_20260428","20260910"
"East Vancouver Island & Mainland Inlets","Coho",1978,231473,291628,10.2,NA,5.1,NA,NA,NA,NA,NA,"PSF_20260428","20260910"
"East Vancouver Island & Mainland Inlets","Coho",1979,223075,268036,1.3,NA,4.7,NA,NA,NA,NA,NA,"PSF_20260428","20260910"
"East Vancouver Island & Mainland Inlets","Coho",1980,345459,312437,18.1,NA,4.2,NA,NA,NA,NA,NA,"PSF_20260428","20260910"
"East Vancouver Island & Mainland Inlets","Coho",1981,271200,263730,-0.3,NA,3.8,NA,NA,NA,NA,NA,"PSF_20260428","20260910"
"East Vancouver Island & Mainland Inlets","Coho",1982,223347,261384,-1.2,NA,3.3,NA,NA,NA,NA,NA,"PSF_20260428","20260910"
"East Vancouver Island & Mainland Inlets","Coho",1983,149251,236399,-10.6,NA,2.8,NA,NA,NA,NA,NA,"PSF_20260428","20260910"
"East Vancouver Island & Mainland Inlets","Coho",1984,224077,212151,-19.8,NA,2.4,NA,NA,NA,NA,NA,"PSF_20260428","20260910"
"East Vancouver Island & Mainland Inlets","Coho",1985,212903,199696,-24.5,NA,1.9,NA,NA,NA,NA,NA,"PSF_20260428","20260910"
"East Vancouver Island & Mainland Inlets","Coho",1986,155338,182366,-31.1,NA,1.5,NA,NA,NA,NA,NA,"PSF_20260428","20260910"
"East Vancouver Island & Mainland Inlets","Coho",1987,154853,184053,-30.4,NA,1,NA,NA,NA,NA,NA,"PSF_20260428","20260910"
"East Vancouver Island & Mainland Inlets","Coho",1988,162981,169972,-35.8,NA,0.6,NA,NA,NA,NA,NA,"PSF_20260428","20260910"
"East Vancouver Island & Mainland Inlets","Coho",1989,224589,172258,-34.9,NA,0.1,NA,NA,NA,NA,NA,"PSF_20260428","20260910"
"East Vancouver Island & Mainland Inlets","Coho",1990,344751,210250,-20.5,NA,-0.3,NA,NA,NA,NA,NA,"PSF_20260428","20260910"
"East Vancouver Island & Mainland Inlets","Coho",1991,277713,243308,-8,NA,-0.8,NA,NA,NA,NA,NA,"PSF_20260428","20260910"
"East Vancouver Island & Mainland Inlets","Coho",1992,277041,277817,5,NA,-1.2,NA,NA,NA,NA,NA,"PSF_20260428","20260910"
"East Vancouver Island & Mainland Inlets","Coho",1993,316074,302593,14.4,NA,-1.6,NA,NA,NA,NA,NA,"PSF_20260428","20260910"
"East Vancouver Island & Mainland Inlets","Coho",1994,292145,290323,9.7,NA,-2.1,NA,NA,NA,NA,NA,"PSF_20260428","20260910"
"East Vancouver Island & Mainland Inlets","Coho",1995,399361,317925,20.2,NA,-2.5,NA,NA,NA,NA,NA,"PSF_20260428","20260910"
"East Vancouver Island & Mainland Inlets","Coho",1996,196432,291737,10.3,NA,-3,NA,NA,NA,NA,NA,"PSF_20260428","20260910"
"East Vancouver Island & Mainland Inlets","Coho",1997,275457,281876,6.5,NA,-3.4,NA,NA,NA,NA,NA,"PSF_20260428","20260910"
"East Vancouver Island & Mainland Inlets","Coho",1998,348682,294622,11.4,NA,-3.8,NA,NA,NA,NA,NA,"PSF_20260428","20260910"
"East Vancouver Island & Mainland Inlets","Coho",1999,260507,264776,0.1,NA,-4.2,NA,NA,NA,NA,NA,"PSF_20260428","20260910"
"East Vancouver Island & Mainland Inlets","Coho",2000,333505,302240,14.2,NA,-4.7,NA,NA,NA,NA,NA,"PSF_20260428","20260910"
"East Vancouver Island & Mainland Inlets","Coho",2001,597459,366788,38.6,NA,-5.1,NA,NA,NA,NA,NA,"PSF_20260428","20260910"
"East Vancouver Island & Mainland Inlets","Coho",2002,337241,363741,37.5,NA,-5.5,NA,NA,NA,NA,NA,"PSF_20260428","20260910"
"East Vancouver Island & Mainland Inlets","Coho",2003,305915,378650,43.1,NA,-5.9,NA,NA,NA,NA,NA,"PSF_20260428","20260910"
"East Vancouver Island & Mainland Inlets","Coho",2004,284594,363931,37.6,NA,-6.3,NA,NA,NA,NA,NA,"PSF_20260428","20260910"
"East Vancouver Island & Mainland Inlets","Coho",2005,159537,261612,-1.1,NA,-6.8,NA,NA,NA,NA,NA,"PSF_20260428","20260910"
"East Vancouver Island & Mainland Inlets","Coho",2006,113840,199409,-24.6,NA,-7.2,NA,NA,NA,NA,NA,"PSF_20260428","20260910"
"East Vancouver Island & Mainland Inlets","Coho",2007,179967,174640,-34,NA,-7.6,NA,NA,NA,NA,NA,"PSF_20260428","20260910"
"East Vancouver Island & Mainland Inlets","Coho",2008,147713,148232,-44,NA,-8,NA,NA,NA,NA,NA,"PSF_20260428","20260910"
"East Vancouver Island & Mainland Inlets","Coho",2009,329303,177675,-32.8,NA,-8.4,NA,NA,NA,NA,NA,"PSF_20260428","20260910"
"East Vancouver Island & Mainland Inlets","Coho",2010,257299,217852,-17.7,NA,-8.8,NA,NA,NA,NA,NA,"PSF_20260428","20260910"
"East Vancouver Island & Mainland Inlets","Coho",2011,315523,250681,-5.2,NA,-9.2,NA,NA,NA,NA,NA,"PSF_20260428","20260910"
"East Vancouver Island & Mainland Inlets","Coho",2012,244924,284462,7.5,NA,-9.6,NA,NA,NA,NA,NA,"PSF_20260428","20260910"
"East Vancouver Island & Mainland Inlets","Coho",2013,424638,303131,14.6,-7,-10,NA,NA,NA,NA,NA,"PSF_20260428","20260910"
"East Vancouver Island & Mainland Inlets","Coho",2014,292221,312931,18.3,-6.9,-10.4,NA,NA,NA,NA,NA,"PSF_20260428","20260910"
"East Vancouver Island & Mainland Inlets","Coho",2015,150536,260076,-1.7,-6.8,-10.8,NA,NA,NA,NA,NA,"PSF_20260428","20260910"
"East Vancouver Island & Mainland Inlets","Coho",2016,178889,240430,-9.1,-6.8,-11.2,NA,NA,NA,NA,NA,"PSF_20260428","20260910"
"East Vancouver Island & Mainland Inlets","Coho",2017,177033,193196,-27,-6.7,-11.6,NA,NA,NA,NA,NA,"PSF_20260428","20260910"
"East Vancouver Island & Mainland Inlets","Coho",2018,213465,178608,-32.5,-6.6,-12,NA,NA,NA,NA,NA,"PSF_20260428","20260910"
"East Vancouver Island & Mainland Inlets","Coho",2019,210935,194324,-26.5,-6.5,-12.4,NA,NA,NA,NA,NA,"PSF_20260428","20260910"
"East Vancouver Island & Mainland Inlets","Coho",2020,299017,220956,-16.5,-6.4,-12.8,NA,NA,NA,NA,NA,"PSF_20260428","20260910"
"East Vancouver Island & Mainland Inlets","Coho",2021,304617,253064,-4.3,-6.3,-13.2,NA,NA,NA,NA,NA,"PSF_20260428","20260910"
"East Vancouver Island & Mainland Inlets","Coho",2022,267705,267802,1.2,-6.2,-13.6,NA,NA,NA,NA,NA,"PSF_20260428","20260910"
"East Vancouver Island & Mainland Inlets","Coho",2023,272536,285518,7.9,-6.1,-13.9,NA,NA,NA,NA,NA,"PSF_20260428","20260910"
"East Vancouver Island & Mainland Inlets","Coho",2024,401446,307337,16.2,-6,-14.3,NA,NA,NA,NA,NA,"PSF_20260428","20260910"
"East Vancouver Island & Mainland Inlets","Pink",1953,306906,306906,-72.8,NA,-52.1,NA,NA,NA,NA,NA,"PSF_20260428","20260910"
"East Vancouver Island & Mainland Inlets","Pink",1954,606369,431391,-61.8,NA,-51.1,NA,NA,NA,NA,NA,"PSF_20260428","20260910"
"East Vancouver Island & Mainland Inlets","Pink",1955,752488,675489,-40.2,NA,-50.1,NA,NA,NA,NA,NA,"PSF_20260428","20260910"
"East Vancouver Island & Mainland Inlets","Pink",1956,586022,664059,-41.2,NA,-49.1,NA,NA,NA,NA,NA,"PSF_20260428","20260910"
"East Vancouver Island & Mainland Inlets","Pink",1957,844666,703557,-37.7,NA,-48.1,NA,NA,NA,NA,NA,"PSF_20260428","20260910"
"East Vancouver Island & Mainland Inlets","Pink",1958,713990,776584,-31.3,NA,-47,NA,NA,NA,NA,NA,"PSF_20260428","20260910"
"East Vancouver Island & Mainland Inlets","Pink",1959,523401,611313,-45.9,NA,-45.9,NA,NA,NA,NA,NA,"PSF_20260428","20260910"
"East Vancouver Island & Mainland Inlets","Pink",1960,245946,358787,-68.3,NA,-44.8,NA,NA,NA,NA,NA,"PSF_20260428","20260910"
"East Vancouver Island & Mainland Inlets","Pink",1961,564547,372623,-67,NA,-43.7,NA,NA,NA,NA,NA,"PSF_20260428","20260910"
"East Vancouver Island & Mainland Inlets","Pink",1962,648868,605241,-46.4,NA,-42.6,NA,NA,NA,NA,NA,"PSF_20260428","20260910"
"East Vancouver Island & Mainland Inlets","Pink",1963,690053,669144,-40.8,NA,-41.4,NA,NA,NA,NA,NA,"PSF_20260428","20260910"
"East Vancouver Island & Mainland Inlets","Pink",1964,582687,634102,-43.9,NA,-40.2,NA,NA,NA,NA,NA,"PSF_20260428","20260910"
"East Vancouver Island & Mainland Inlets","Pink",1965,590153,586408,-48.1,NA,-39,NA,NA,NA,NA,NA,"PSF_20260428","20260910"
"East Vancouver Island & Mainland Inlets","Pink",1966,1043936,784909,-30.6,NA,-37.7,NA,NA,NA,NA,NA,"PSF_20260428","20260910"
"East Vancouver Island & Mainland Inlets","Pink",1967,353922,607842,-46.2,NA,-36.5,NA,NA,NA,NA,NA,"PSF_20260428","20260910"
"East Vancouver Island & Mainland Inlets","Pink",1968,1110345,626878,-44.5,NA,-35.2,NA,NA,NA,NA,NA,"PSF_20260428","20260910"
"East Vancouver Island & Mainland Inlets","Pink",1969,208127,480721,-57.5,NA,-33.9,NA,NA,NA,NA,NA,"PSF_20260428","20260910"
"East Vancouver Island & Mainland Inlets","Pink",1970,1048508,467143,-58.7,NA,-32.5,NA,NA,NA,NA,NA,"PSF_20260428","20260910"
"East Vancouver Island & Mainland Inlets","Pink",1971,1825480,1383485,22.4,NA,-31.1,NA,NA,NA,NA,NA,"PSF_20260428","20260910"
"East Vancouver Island & Mainland Inlets","Pink",1972,742350,1164107,3,NA,-29.7,NA,NA,NA,NA,NA,"PSF_20260428","20260910"
"East Vancouver Island & Mainland Inlets","Pink",1973,1299097,982031,-13.1,NA,-28.3,NA,NA,NA,NA,NA,"PSF_20260428","20260910"
"East Vancouver Island & Mainland Inlets","Pink",1974,986343,1131970,0.2,NA,-26.9,NA,NA,NA,NA,NA,"PSF_20260428","20260910"
"East Vancouver Island & Mainland Inlets","Pink",1975,2044402,1420029,25.6,NA,-25.4,NA,NA,NA,NA,NA,"PSF_20260428","20260910"
"East Vancouver Island & Mainland Inlets","Pink",1976,1685617,1856362,64.2,NA,-23.9,NA,NA,NA,NA,NA,"PSF_20260428","20260910"
"East Vancouver Island & Mainland Inlets","Pink",1977,312831,726164,-35.7,NA,-22.3,NA,NA,NA,NA,NA,"PSF_20260428","20260910"
"East Vancouver Island & Mainland Inlets","Pink",1978,1233149,621102,-45,NA,-20.7,NA,NA,NA,NA,NA,"PSF_20260428","20260910"
"East Vancouver Island & Mainland Inlets","Pink",1979,364930,670830,-40.6,NA,-19.1,NA,NA,NA,NA,NA,"PSF_20260428","20260910"
"East Vancouver Island & Mainland Inlets","Pink",1980,1703710,788502,-30.2,NA,-17.5,NA,NA,NA,NA,NA,"PSF_20260428","20260910"
"East Vancouver Island & Mainland Inlets","Pink",1981,1520982,1609755,42.4,NA,-15.8,NA,NA,NA,NA,NA,"PSF_20260428","20260910"
"East Vancouver Island & Mainland Inlets","Pink",1982,602759,957490,-15.3,NA,-14.1,NA,NA,NA,NA,NA,"PSF_20260428","20260910"
"East Vancouver Island & Mainland Inlets","Pink",1983,2251077,1164842,3.1,NA,-12.3,NA,NA,NA,NA,NA,"PSF_20260428","20260910"
"East Vancouver Island & Mainland Inlets","Pink",1984,443183,998818,-11.6,NA,-10.5,NA,NA,NA,NA,NA,"PSF_20260428","20260910"
"East Vancouver Island & Mainland Inlets","Pink",1985,1356469,775348,-31.4,NA,-8.7,NA,NA,NA,NA,NA,"PSF_20260428","20260910"
"East Vancouver Island & Mainland Inlets","Pink",1986,1842024,1580712,39.9,NA,-6.9,NA,NA,NA,NA,NA,"PSF_20260428","20260910"
"East Vancouver Island & Mainland Inlets","Pink",1987,598008,1049545,-7.1,NA,-5,NA,NA,NA,NA,NA,"PSF_20260428","20260910"
"East Vancouver Island & Mainland Inlets","Pink",1988,2498351,1222307,8.1,NA,-3,NA,NA,NA,NA,NA,"PSF_20260428","20260910"
"East Vancouver Island & Mainland Inlets","Pink",1989,558680,1181431,4.5,NA,-1.1,NA,NA,NA,NA,NA,"PSF_20260428","20260910"
"East Vancouver Island & Mainland Inlets","Pink",1990,4490918,1583978,40.1,NA,0.9,NA,NA,NA,NA,NA,"PSF_20260428","20260910"
"East Vancouver Island & Mainland Inlets","Pink",1991,380423,1307076,15.6,NA,3,NA,NA,NA,NA,NA,"PSF_20260428","20260910"
"East Vancouver Island & Mainland Inlets","Pink",1992,3259030,1113468,-1.5,NA,5.1,NA,NA,NA,NA,NA,"PSF_20260428","20260910"
"East Vancouver Island & Mainland Inlets","Pink",1993,733845,1546487,36.8,NA,7.2,NA,NA,NA,NA,NA,"PSF_20260428","20260910"
"East Vancouver Island & Mainland Inlets","Pink",1994,1790257,1146198,1.4,NA,9.4,NA,NA,NA,NA,NA,"PSF_20260428","20260910"
"East Vancouver Island & Mainland Inlets","Pink",1995,428385,875739,-22.5,NA,11.6,NA,NA,NA,NA,NA,"PSF_20260428","20260910"
"East Vancouver Island & Mainland Inlets","Pink",1996,3310213,1190817,5.4,NA,13.9,NA,NA,NA,NA,NA,"PSF_20260428","20260910"
"East Vancouver Island & Mainland Inlets","Pink",1997,710615,1533717,35.7,NA,16.2,NA,NA,NA,NA,NA,"PSF_20260428","20260910"
"East Vancouver Island & Mainland Inlets","Pink",1998,2977473,1454592,28.7,NA,18.6,NA,NA,NA,NA,NA,"PSF_20260428","20260910"
"East Vancouver Island & Mainland Inlets","Pink",1999,1422200,2057805,82.1,NA,21,NA,NA,NA,NA,NA,"PSF_20260428","20260910"
"East Vancouver Island & Mainland Inlets","Pink",2000,7415902,3247598,187.3,NA,23.4,NA,NA,NA,NA,NA,"PSF_20260428","20260910"
"East Vancouver Island & Mainland Inlets","Pink",2001,2978645,4699930,315.8,NA,26,NA,NA,NA,NA,NA,"PSF_20260428","20260910"
"East Vancouver Island & Mainland Inlets","Pink",2002,1183203,1877323,66.1,NA,28.5,NA,NA,NA,NA,NA,"PSF_20260428","20260910"
"East Vancouver Island & Mainland Inlets","Pink",2003,588922,834754,-26.1,NA,31.1,NA,NA,NA,NA,NA,"PSF_20260428","20260910"
"East Vancouver Island & Mainland Inlets","Pink",2004,2098696,1111741,-1.6,NA,33.8,NA,NA,NA,NA,NA,"PSF_20260428","20260910"
"East Vancouver Island & Mainland Inlets","Pink",2005,847800,1333894,18,NA,36.5,NA,NA,NA,NA,NA,"PSF_20260428","20260910"
"East Vancouver Island & Mainland Inlets","Pink",2006,834399,841073,-25.6,NA,39.3,NA,NA,NA,NA,NA,"PSF_20260428","20260910"
"East Vancouver Island & Mainland Inlets","Pink",2007,1065317,942815,-16.6,NA,42.1,NA,NA,NA,NA,NA,"PSF_20260428","20260910"
"East Vancouver Island & Mainland Inlets","Pink",2008,796041,920889,-18.5,NA,45,NA,NA,NA,NA,NA,"PSF_20260428","20260910"
"East Vancouver Island & Mainland Inlets","Pink",2009,3654809,1705690,50.9,NA,48,NA,NA,NA,NA,NA,"PSF_20260428","20260910"
"East Vancouver Island & Mainland Inlets","Pink",2010,1808847,2571185,127.5,NA,51,NA,NA,NA,NA,NA,"PSF_20260428","20260910"
"East Vancouver Island & Mainland Inlets","Pink",2011,781759,1189152,5.2,NA,54,NA,NA,NA,NA,NA,"PSF_20260428","20260910"
"East Vancouver Island & Mainland Inlets","Pink",2012,3790123,1721326,52.3,NA,57.2,NA,NA,NA,NA,NA,"PSF_20260428","20260910"
"East Vancouver Island & Mainland Inlets","Pink",2013,3293594,3533147,212.6,NA,60.4,NA,NA,NA,NA,NA,"PSF_20260428","20260910"
"East Vancouver Island & Mainland Inlets","Pink",2014,6995769,4800127,324.7,NA,63.6,NA,NA,NA,NA,NA,"PSF_20260428","20260910"
"East Vancouver Island & Mainland Inlets","Pink",2015,2412401,4108114,263.5,NA,67,NA,NA,NA,NA,NA,"PSF_20260428","20260910"
"East Vancouver Island & Mainland Inlets","Pink",2016,619951,1222935,8.2,NA,70.3,NA,NA,NA,NA,NA,"PSF_20260428","20260910"
"East Vancouver Island & Mainland Inlets","Pink",2017,656958,638186,-43.5,NA,73.8,NA,NA,NA,NA,NA,"PSF_20260428","20260910"
"East Vancouver Island & Mainland Inlets","Pink",2018,627491,642056,-43.2,NA,77.3,NA,NA,NA,NA,NA,"PSF_20260428","20260910"
"East Vancouver Island & Mainland Inlets","Pink",2019,1275672,894692,-20.8,-6.8,81,NA,NA,NA,NA,NA,"PSF_20260428","20260910"
"East Vancouver Island & Mainland Inlets","Pink",2020,2223424,1684150,49,23.5,84.6,NA,NA,NA,NA,NA,"PSF_20260428","20260910"
"East Vancouver Island & Mainland Inlets","Pink",2021,1638656,1908777,68.9,63.7,88.4,NA,NA,NA,NA,NA,"PSF_20260428","20260910"
"East Vancouver Island & Mainland Inlets","Pink",2022,3632300,2439691,115.9,117,92.2,NA,NA,NA,NA,NA,"PSF_20260428","20260910"
"East Vancouver Island & Mainland Inlets","Pink",2023,2803639,3191184,182.4,187.7,96.1,NA,NA,NA,NA,NA,"PSF_20260428","20260910"
"East Vancouver Island & Mainland Inlets","Pink",2024,6216674,4174842,269.4,281.3,100.1,NA,NA,NA,NA,NA,"PSF_20260428","20260910"
"East Vancouver Island & Mainland Inlets","Sockeye",1953,186022,186022,68,NA,42.9,NA,NA,NA,NA,NA,"PSF_20260428","20260910"
"East Vancouver Island & Mainland Inlets","Sockeye",1954,173044,179416,62,NA,41.5,NA,NA,NA,NA,NA,"PSF_20260428","20260910"
"East Vancouver Island & Mainland Inlets","Sockeye",1955,152593,169988,53.5,NA,40.1,NA,NA,NA,NA,NA,"PSF_20260428","20260910"
"East Vancouver Island & Mainland Inlets","Sockeye",1956,121265,156224,41.1,NA,38.8,NA,NA,NA,NA,NA,"PSF_20260428","20260910"
"East Vancouver Island & Mainland Inlets","Sockeye",1957,194036,163145,47.3,NA,37.4,NA,NA,NA,NA,NA,"PSF_20260428","20260910"
"East Vancouver Island & Mainland Inlets","Sockeye",1958,116294,148516,34.1,NA,36.1,NA,NA,NA,NA,NA,"PSF_20260428","20260910"
"East Vancouver Island & Mainland Inlets","Sockeye",1959,132092,140707,27.1,NA,34.8,NA,NA,NA,NA,NA,"PSF_20260428","20260910"
"East Vancouver Island & Mainland Inlets","Sockeye",1960,111971,132261,19.4,NA,33.5,NA,NA,NA,NA,NA,"PSF_20260428","20260910"
"East Vancouver Island & Mainland Inlets","Sockeye",1961,106198,128798,16.3,NA,32.2,NA,NA,NA,NA,NA,"PSF_20260428","20260910"
"East Vancouver Island & Mainland Inlets","Sockeye",1962,184703,127534,15.2,NA,30.9,NA,NA,NA,NA,NA,"PSF_20260428","20260910"
"East Vancouver Island & Mainland Inlets","Sockeye",1963,232411,146476,32.3,NA,29.7,NA,NA,NA,NA,NA,"PSF_20260428","20260910"
"East Vancouver Island & Mainland Inlets","Sockeye",1964,157620,151745,37,NA,28.4,NA,NA,NA,NA,NA,"PSF_20260428","20260910"
"East Vancouver Island & Mainland Inlets","Sockeye",1965,49287,128777,16.3,NA,27.2,NA,NA,NA,NA,NA,"PSF_20260428","20260910"
"East Vancouver Island & Mainland Inlets","Sockeye",1966,190925,144806,30.8,NA,26,NA,NA,NA,NA,NA,"PSF_20260428","20260910"
"East Vancouver Island & Mainland Inlets","Sockeye",1967,154204,139673,26.1,NA,24.7,NA,NA,NA,NA,NA,"PSF_20260428","20260910"
"East Vancouver Island & Mainland Inlets","Sockeye",1968,142833,126714,14.4,NA,23.5,NA,NA,NA,NA,NA,"PSF_20260428","20260910"
"East Vancouver Island & Mainland Inlets","Sockeye",1969,174578,129331,16.8,NA,22.3,NA,NA,NA,NA,NA,"PSF_20260428","20260910"
"East Vancouver Island & Mainland Inlets","Sockeye",1970,106040,150747,36.1,NA,21.2,NA,NA,NA,NA,NA,"PSF_20260428","20260910"
"East Vancouver Island & Mainland Inlets","Sockeye",1971,179665,148925,34.5,NA,20,NA,NA,NA,NA,NA,"PSF_20260428","20260910"
"East Vancouver Island & Mainland Inlets","Sockeye",1972,119037,141412,27.7,NA,18.8,NA,NA,NA,NA,NA,"PSF_20260428","20260910"
"East Vancouver Island & Mainland Inlets","Sockeye",1973,198978,151106,36.4,NA,17.7,NA,NA,NA,NA,NA,"PSF_20260428","20260910"
"East Vancouver Island & Mainland Inlets","Sockeye",1974,233396,160141,44.6,NA,16.6,NA,NA,NA,NA,NA,"PSF_20260428","20260910"
"East Vancouver Island & Mainland Inlets","Sockeye",1975,99293,158050,42.7,NA,15.4,NA,NA,NA,NA,NA,"PSF_20260428","20260910"
"East Vancouver Island & Mainland Inlets","Sockeye",1976,87070,136733,23.5,NA,14.3,NA,NA,NA,NA,NA,"PSF_20260428","20260910"
"East Vancouver Island & Mainland Inlets","Sockeye",1977,77444,125469,13.3,NA,13.2,NA,NA,NA,NA,NA,"PSF_20260428","20260910"
"East Vancouver Island & Mainland Inlets","Sockeye",1978,56977,97704,-11.8,NA,12.1,NA,NA,NA,NA,NA,"PSF_20260428","20260910"
"East Vancouver Island & Mainland Inlets","Sockeye",1979,49692,71706,-35.2,NA,11,NA,NA,NA,NA,NA,"PSF_20260428","20260910"
"East Vancouver Island & Mainland Inlets","Sockeye",1980,86105,69691,-37.1,NA,10,NA,NA,NA,NA,NA,"PSF_20260428","20260910"
"East Vancouver Island & Mainland Inlets","Sockeye",1981,170385,79705,-28,NA,8.9,NA,NA,NA,NA,NA,"PSF_20260428","20260910"
"East Vancouver Island & Mainland Inlets","Sockeye",1982,169698,93245,-15.8,NA,7.9,NA,NA,NA,NA,NA,"PSF_20260428","20260910"
"East Vancouver Island & Mainland Inlets","Sockeye",1983,185137,118028,6.6,NA,6.8,NA,NA,NA,NA,NA,"PSF_20260428","20260910"
"East Vancouver Island & Mainland Inlets","Sockeye",1984,100532,135890,22.7,NA,5.8,NA,NA,NA,NA,NA,"PSF_20260428","20260910"
"East Vancouver Island & Mainland Inlets","Sockeye",1985,163269,154441,39.5,NA,4.8,NA,NA,NA,NA,NA,"PSF_20260428","20260910"
"East Vancouver Island & Mainland Inlets","Sockeye",1986,141862,148884,34.4,NA,3.8,NA,NA,NA,NA,NA,"PSF_20260428","20260910"
"East Vancouver Island & Mainland Inlets","Sockeye",1987,256557,161715,46,NA,2.8,NA,NA,NA,NA,NA,"PSF_20260428","20260910"
"East Vancouver Island & Mainland Inlets","Sockeye",1988,325562,181042,63.5,NA,1.8,NA,NA,NA,NA,NA,"PSF_20260428","20260910"
"East Vancouver Island & Mainland Inlets","Sockeye",1989,116638,186503,68.4,NA,0.8,NA,NA,NA,NA,NA,"PSF_20260428","20260910"
"East Vancouver Island & Mainland Inlets","Sockeye",1990,94204,167078,50.9,NA,-0.2,NA,NA,NA,NA,NA,"PSF_20260428","20260910"
"East Vancouver Island & Mainland Inlets","Sockeye",1991,163660,171923,55.2,NA,-1.1,NA,NA,NA,NA,NA,"PSF_20260428","20260910"
"East Vancouver Island & Mainland Inlets","Sockeye",1992,401150,188000,69.8,NA,-2.1,NA,NA,NA,NA,NA,"PSF_20260428","20260910"
"East Vancouver Island & Mainland Inlets","Sockeye",1993,175935,166227,50.1,NA,-3,NA,NA,NA,NA,NA,"PSF_20260428","20260910"
"East Vancouver Island & Mainland Inlets","Sockeye",1994,66854,148717,34.3,NA,-4,NA,NA,NA,NA,NA,"PSF_20260428","20260910"
"East Vancouver Island & Mainland Inlets","Sockeye",1995,67486,139120,25.6,NA,-4.9,NA,NA,NA,NA,NA,"PSF_20260428","20260910"
"East Vancouver Island & Mainland Inlets","Sockeye",1996,61391,114346,3.3,NA,-5.8,NA,NA,NA,NA,NA,"PSF_20260428","20260910"
"East Vancouver Island & Mainland Inlets","Sockeye",1997,112426,88661,-19.9,NA,-6.7,NA,NA,NA,NA,NA,"PSF_20260428","20260910"
"East Vancouver Island & Mainland Inlets","Sockeye",1998,58639,71170,-35.7,NA,-7.6,NA,NA,NA,NA,NA,"PSF_20260428","20260910"
"East Vancouver Island & Mainland Inlets","Sockeye",1999,29772,60539,-45.3,NA,-8.5,NA,NA,NA,NA,NA,"PSF_20260428","20260910"
"East Vancouver Island & Mainland Inlets","Sockeye",2000,21069,47965,-56.7,NA,-9.4,NA,NA,NA,NA,NA,"PSF_20260428","20260910"
"East Vancouver Island & Mainland Inlets","Sockeye",2001,44709,45018,-59.3,NA,-10.3,NA,NA,NA,NA,NA,"PSF_20260428","20260910"
"East Vancouver Island & Mainland Inlets","Sockeye",2002,192283,50118,-54.7,NA,-11.1,NA,NA,NA,NA,NA,"PSF_20260428","20260910"
"East Vancouver Island & Mainland Inlets","Sockeye",2003,109584,56795,-48.7,NA,-12,NA,NA,NA,NA,NA,"PSF_20260428","20260910"
"East Vancouver Island & Mainland Inlets","Sockeye",2004,39406,60070,-45.8,NA,-12.8,NA,NA,NA,NA,NA,"PSF_20260428","20260910"
"East Vancouver Island & Mainland Inlets","Sockeye",2005,51134,71725,-35.2,NA,-13.7,NA,NA,NA,NA,NA,"PSF_20260428","20260910"
"East Vancouver Island & Mainland Inlets","Sockeye",2006,71742,78840,-28.8,NA,-14.5,NA,NA,NA,NA,NA,"PSF_20260428","20260910"
"East Vancouver Island & Mainland Inlets","Sockeye",2007,40369,57699,-47.9,NA,-15.3,NA,NA,NA,NA,NA,"PSF_20260428","20260910"
"East Vancouver Island & Mainland Inlets","Sockeye",2008,54929,50255,-54.6,NA,-16.2,NA,NA,NA,NA,NA,"PSF_20260428","20260910"
"East Vancouver Island & Mainland Inlets","Sockeye",2009,36035,49364,-55.4,NA,-17,NA,NA,NA,NA,NA,"PSF_20260428","20260910"
"East Vancouver Island & Mainland Inlets","Sockeye",2010,184521,63809,-42.4,-8.2,-17.8,NA,NA,NA,NA,NA,"PSF_20260428","20260910"
"East Vancouver Island & Mainland Inlets","Sockeye",2011,233262,80778,-27.1,-8,-18.6,NA,NA,NA,NA,NA,"PSF_20260428","20260910"
"East Vancouver Island & Mainland Inlets","Sockeye",2012,102871,97397,-12.1,-7.7,-19.3,NA,NA,NA,NA,NA,"PSF_20260428","20260910"
"East Vancouver Island & Mainland Inlets","Sockeye",2013,120538,113975,2.9,-7.5,-20.1,NA,NA,NA,NA,NA,"PSF_20260428","20260910"
"East Vancouver Island & Mainland Inlets","Sockeye",2014,171935,155788,40.7,-7.2,-20.9,NA,NA,NA,NA,NA,"PSF_20260428","20260910"
"East Vancouver Island & Mainland Inlets","Sockeye",2015,152046,149872,35.3,-7,-21.7,NA,NA,NA,NA,NA,"PSF_20260428","20260910"
"East Vancouver Island & Mainland Inlets","Sockeye",2016,118224,130826,18.1,-6.8,-22.4,NA,NA,NA,NA,NA,"PSF_20260428","20260910"
"East Vancouver Island & Mainland Inlets","Sockeye",2017,50160,113320,2.3,-6.5,-23.2,NA,NA,NA,NA,NA,"PSF_20260428","20260910"
"East Vancouver Island & Mainland Inlets","Sockeye",2018,140221,116800,5.5,-6.3,-23.9,NA,NA,NA,NA,NA,"PSF_20260428","20260910"
"East Vancouver Island & Mainland Inlets","Sockeye",2019,90565,102746,-7.2,-6,-24.6,NA,NA,NA,NA,NA,"PSF_20260428","20260910"
"East Vancouver Island & Mainland Inlets","Sockeye",2020,38522,78075,-29.5,-5.8,-25.4,NA,NA,NA,NA,NA,"PSF_20260428","20260910"
"East Vancouver Island & Mainland Inlets","Sockeye",2021,171209,84076,-24.1,-5.5,-26.1,NA,NA,NA,NA,NA,"PSF_20260428","20260910"
"East Vancouver Island & Mainland Inlets","Sockeye",2022,228614,113874,2.8,-5.3,-26.8,NA,NA,NA,NA,NA,"PSF_20260428","20260910"
"East Vancouver Island & Mainland Inlets","Sockeye",2023,55519,94613,-14.6,-5,-27.5,NA,NA,NA,NA,NA,"PSF_20260428","20260910"
"East Vancouver Island & Mainland Inlets","Sockeye",2024,120430,100162,-9.6,-4.8,-28.2,NA,NA,NA,NA,NA,"PSF_20260428","20260910"
"East Vancouver Island & Mainland Inlets","Steelhead",1953,NA,NA,NA,NA,NA,NA,NA,NA,NA,NA,"PSF_20260428","20260910"
"East Vancouver Island & Mainland Inlets","Steelhead",1954,NA,NA,NA,NA,NA,NA,NA,NA,NA,NA,"PSF_20260428","20260910"
"East Vancouver Island & Mainland Inlets","Steelhead",1955,NA,NA,NA,NA,NA,NA,NA,NA,NA,NA,"PSF_20260428","20260910"
"East Vancouver Island & Mainland Inlets","Steelhead",1956,NA,NA,NA,NA,NA,NA,NA,NA,NA,NA,"PSF_20260428","20260910"
"East Vancouver Island & Mainland Inlets","Steelhead",1957,NA,NA,NA,NA,NA,NA,NA,NA,NA,NA,"PSF_20260428","20260910"
"East Vancouver Island & Mainland Inlets","Steelhead",1958,NA,NA,NA,NA,NA,NA,NA,NA,NA,NA,"PSF_20260428","20260910"
"East Vancouver Island & Mainland Inlets","Steelhead",1959,NA,NA,NA,NA,NA,NA,NA,NA,NA,NA,"PSF_20260428","20260910"
"East Vancouver Island & Mainland Inlets","Steelhead",1960,NA,NA,NA,NA,NA,NA,NA,NA,NA,NA,"PSF_20260428","20260910"
"East Vancouver Island & Mainland Inlets","Steelhead",1961,NA,NA,NA,NA,NA,NA,NA,NA,NA,NA,"PSF_20260428","20260910"
"East Vancouver Island & Mainland Inlets","Steelhead",1962,NA,NA,NA,NA,NA,NA,NA,NA,NA,NA,"PSF_20260428","20260910"
"East Vancouver Island & Mainland Inlets","Steelhead",1963,NA,NA,NA,NA,NA,NA,NA,NA,NA,NA,"PSF_20260428","20260910"
"East Vancouver Island & Mainland Inlets","Steelhead",1964,NA,NA,NA,NA,NA,NA,NA,NA,NA,NA,"PSF_20260428","20260910"
"East Vancouver Island & Mainland Inlets","Steelhead",1965,NA,NA,NA,NA,NA,NA,NA,NA,NA,NA,"PSF_20260428","20260910"
"East Vancouver Island & Mainland Inlets","Steelhead",1966,NA,NA,NA,NA,NA,NA,NA,NA,NA,NA,"PSF_20260428","20260910"
"East Vancouver Island & Mainland Inlets","Steelhead",1967,NA,NA,NA,NA,NA,NA,NA,NA,NA,NA,"PSF_20260428","20260910"
"East Vancouver Island & Mainland Inlets","Steelhead",1968,NA,NA,NA,NA,NA,NA,NA,NA,NA,NA,"PSF_20260428","20260910"
"East Vancouver Island & Mainland Inlets","Steelhead",1969,NA,NA,NA,NA,NA,NA,NA,NA,NA,NA,"PSF_20260428","20260910"
"East Vancouver Island & Mainland Inlets","Steelhead",1970,NA,NA,NA,NA,NA,NA,NA,NA,NA,NA,"PSF_20260428","20260910"
"East Vancouver Island & Mainland Inlets","Steelhead",1971,NA,NA,NA,NA,NA,NA,NA,NA,NA,NA,"PSF_20260428","20260910"
"East Vancouver Island & Mainland Inlets","Steelhead",1972,NA,NA,NA,NA,NA,NA,NA,NA,NA,NA,"PSF_20260428","20260910"
"East Vancouver Island & Mainland Inlets","Steelhead",1973,NA,NA,NA,NA,NA,NA,NA,NA,NA,NA,"PSF_20260428","20260910"
"East Vancouver Island & Mainland Inlets","Steelhead",1974,NA,NA,NA,NA,NA,NA,NA,NA,NA,NA,"PSF_20260428","20260910"
"East Vancouver Island & Mainland Inlets","Steelhead",1975,NA,NA,NA,NA,NA,NA,NA,NA,NA,NA,"PSF_20260428","20260910"
"East Vancouver Island & Mainland Inlets","Steelhead",1976,2037,2037,79.6,NA,88,NA,NA,NA,NA,NA,"PSF_20260428","20260910"
"East Vancouver Island & Mainland Inlets","Steelhead",1977,1527,1764,55.5,NA,83.5,NA,NA,NA,NA,NA,"PSF_20260428","20260910"
"East Vancouver Island & Mainland Inlets","Steelhead",1978,1515,1676,47.9,NA,79.2,NA,NA,NA,NA,NA,"PSF_20260428","20260910"
"East Vancouver Island & Mainland Inlets","Steelhead",1979,973,1463,29,NA,75,NA,NA,NA,NA,NA,"PSF_20260428","20260910"
"East Vancouver Island & Mainland Inlets","Steelhead",1980,634,1238,9.2,NA,70.8,NA,NA,NA,NA,NA,"PSF_20260428","20260910"
"East Vancouver Island & Mainland Inlets","Steelhead",1981,1643,1186,4.6,NA,66.8,NA,NA,NA,NA,NA,"PSF_20260428","20260910"
"East Vancouver Island & Mainland Inlets","Steelhead",1982,2199,1275,12.5,NA,62.9,NA,NA,NA,NA,NA,"PSF_20260428","20260910"
"East Vancouver Island & Mainland Inlets","Steelhead",1983,5122,1627,43.5,NA,59,NA,NA,NA,NA,NA,"PSF_20260428","20260910"
"East Vancouver Island & Mainland Inlets","Steelhead",1984,3469,2098,85.1,NA,55.3,NA,NA,NA,NA,NA,"PSF_20260428","20260910"
"East Vancouver Island & Mainland Inlets","Steelhead",1985,3292,2917,157.3,NA,51.6,NA,NA,NA,NA,NA,"PSF_20260428","20260910"
"East Vancouver Island & Mainland Inlets","Steelhead",1986,2913,3271,188.5,NA,48,NA,NA,NA,NA,NA,"PSF_20260428","20260910"
"East Vancouver Island & Mainland Inlets","Steelhead",1987,6178,4022,254.8,NA,44.5,NA,NA,NA,NA,NA,"PSF_20260428","20260910"
"East Vancouver Island & Mainland Inlets","Steelhead",1988,4767,3965,249.7,NA,41.1,NA,NA,NA,NA,NA,"PSF_20260428","20260910"
"East Vancouver Island & Mainland Inlets","Steelhead",1989,2668,3762,231.8,NA,37.8,NA,NA,NA,NA,NA,"PSF_20260428","20260910"
"East Vancouver Island & Mainland Inlets","Steelhead",1990,2978,3687,225.2,NA,34.5,NA,NA,NA,NA,NA,"PSF_20260428","20260910"
"East Vancouver Island & Mainland Inlets","Steelhead",1991,1161,3068,170.6,NA,31.3,NA,NA,NA,NA,NA,"PSF_20260428","20260910"
"East Vancouver Island & Mainland Inlets","Steelhead",1992,1788,2394,111.2,NA,28.2,NA,NA,NA,NA,NA,"PSF_20260428","20260910"
"East Vancouver Island & Mainland Inlets","Steelhead",1993,907,1718,51.5,NA,25.2,NA,NA,NA,NA,NA,"PSF_20260428","20260910"
"East Vancouver Island & Mainland Inlets","Steelhead",1994,694,1312,15.7,NA,22.2,NA,NA,NA,NA,NA,"PSF_20260428","20260910"
"East Vancouver Island & Mainland Inlets","Steelhead",1995,1006,1056,-6.8,NA,19.4,NA,NA,NA,NA,NA,"PSF_20260428","20260910"
"East Vancouver Island & Mainland Inlets","Steelhead",1996,607,928,-18.1,NA,16.5,NA,NA,NA,NA,NA,"PSF_20260428","20260910"
"East Vancouver Island & Mainland Inlets","Steelhead",1997,568,738,-34.9,NA,13.8,NA,NA,NA,NA,NA,"PSF_20260428","20260910"
"East Vancouver Island & Mainland Inlets","Steelhead",1998,293,588,-48.1,NA,11.1,NA,NA,NA,NA,NA,"PSF_20260428","20260910"
"East Vancouver Island & Mainland Inlets","Steelhead",1999,687,587,-48.2,NA,8.5,NA,NA,NA,NA,NA,"PSF_20260428","20260910"
"East Vancouver Island & Mainland Inlets","Steelhead",2000,446,499,-56,NA,5.9,NA,NA,NA,NA,NA,"PSF_20260428","20260910"
"East Vancouver Island & Mainland Inlets","Steelhead",2001,1068,558,-50.7,NA,3.4,NA,NA,NA,NA,NA,"PSF_20260428","20260910"
"East Vancouver Island & Mainland Inlets","Steelhead",2002,1045,631,-44.4,NA,1,NA,NA,NA,NA,NA,"PSF_20260428","20260910"
"East Vancouver Island & Mainland Inlets","Steelhead",2003,697,750,-33.8,NA,-1.4,NA,NA,NA,NA,NA,"PSF_20260428","20260910"
"East Vancouver Island & Mainland Inlets","Steelhead",2004,641,740,-34.7,NA,-3.7,NA,NA,NA,NA,NA,"PSF_20260428","20260910"
"East Vancouver Island & Mainland Inlets","Steelhead",2005,693,809,-28.7,NA,-6,NA,NA,NA,NA,NA,"PSF_20260428","20260910"
"East Vancouver Island & Mainland Inlets","Steelhead",2006,1038,804,-29.1,NA,-8.2,NA,NA,NA,NA,NA,"PSF_20260428","20260910"
"East Vancouver Island & Mainland Inlets","Steelhead",2007,1078,809,-28.6,NA,-10.4,NA,NA,NA,NA,NA,"PSF_20260428","20260910"
"East Vancouver Island & Mainland Inlets","Steelhead",2008,893,850,-25,NA,-12.5,NA,NA,NA,NA,NA,"PSF_20260428","20260910"
"East Vancouver Island & Mainland Inlets","Steelhead",2009,725,871,-23.1,NA,-14.6,NA,NA,NA,NA,NA,"PSF_20260428","20260910"
"East Vancouver Island & Mainland Inlets","Steelhead",2010,1118,959,-15.4,NA,-16.6,NA,NA,NA,NA,NA,"PSF_20260428","20260910"
"East Vancouver Island & Mainland Inlets","Steelhead",2011,1325,1007,-11.2,NA,-18.6,NA,NA,NA,NA,NA,"PSF_20260428","20260910"
"East Vancouver Island & Mainland Inlets","Steelhead",2012,1127,1016,-10.4,21.5,-20.5,NA,NA,NA,NA,NA,"PSF_20260428","20260910"
"East Vancouver Island & Mainland Inlets","Steelhead",2013,1673,1152,1.6,14.2,-22.4,NA,NA,NA,NA,NA,"PSF_20260428","20260910"
"East Vancouver Island & Mainland Inlets","Steelhead",2014,1130,1259,11,7.4,-24.2,NA,NA,NA,NA,NA,"PSF_20260428","20260910"
"East Vancouver Island & Mainland Inlets","Steelhead",2015,1289,1295,14.2,0.9,-26,NA,NA,NA,NA,NA,"PSF_20260428","20260910"
"East Vancouver Island & Mainland Inlets","Steelhead",2016,1187,1267,11.7,-5.1,-27.7,NA,NA,NA,NA,NA,"PSF_20260428","20260910"
"East Vancouver Island & Mainland Inlets","Steelhead",2017,1195,1282,13.1,-10.8,-29.5,NA,NA,NA,NA,NA,"PSF_20260428","20260910"
"East Vancouver Island & Mainland Inlets","Steelhead",2018,595,1042,-8.1,-16.2,-31.1,NA,NA,NA,NA,NA,"PSF_20260428","20260910"
"East Vancouver Island & Mainland Inlets","Steelhead",2019,842,983,-13.3,-21.2,-32.7,NA,NA,NA,NA,NA,"PSF_20260428","20260910"
"East Vancouver Island & Mainland Inlets","Steelhead",2020,975,929,-18,-25.9,-34.3,NA,NA,NA,NA,NA,"PSF_20260428","20260910"
"East Vancouver Island & Mainland Inlets","Steelhead",2021,389,743,-34.4,-30.4,-35.9,NA,NA,NA,NA,NA,"PSF_20260428","20260910"
"East Vancouver Island & Mainland Inlets","Steelhead",2022,374,589,-48,-34.5,-37.4,NA,NA,NA,NA,NA,"PSF_20260428","20260910"
"East Vancouver Island & Mainland Inlets","Steelhead",2023,786,623,-45.1,-38.5,-38.9,NA,NA,NA,NA,NA,"PSF_20260428","20260910"
"East Vancouver Island & Mainland Inlets","Steelhead",2024,964,640,-43.6,-42.1,-40.3,NA,NA,NA,NA,NA,"PSF_20260428","20260910"
"East Vancouver Island & Mainland Inlets","Steelhead",2025,422,541,-52.2,-45.6,-41.7,NA,NA,NA,NA,NA,"PSF_20260428","20260910"
"East Vancouver Island & Mainland Inlets","Steelhead",2026,1078,664,-41.4,-48.9,-43.1,NA,NA,NA,NA,NA,"PSF_20260428","20260910"
"West Vancouver Island","Chinook",1985,6243,6243,-51.2,NA,-43.2,304361,304361,25.7,NA,-1.6,"Brown_20260421","20260910"
"West Vancouver Island","Chinook",1986,6343,6293,-50.8,NA,-41.7,128113,197465,-18.4,NA,-1.6,"Brown_20260421","20260910"
"West Vancouver Island","Chinook",1987,4381,5577,-56.4,NA,-40.1,138831,175586,-27.5,NA,-1.6,"Brown_20260421","20260910"
"West Vancouver Island","Chinook",1988,8304,6161,-51.8,NA,-38.5,225781,186977,-22.8,NA,-1.6,"Brown_20260421","20260910"
"West Vancouver Island","Chinook",1989,9539,6850,-46.5,NA,-36.9,271383,181692,-25,NA,-1.7,"Brown_20260421","20260910"
"West Vancouver Island","Chinook",1990,8247,7314,-42.8,NA,-35.2,426770,245464,1.4,NA,-1.7,"Brown_20260421","20260910"
"West Vancouver Island","Chinook",1991,8649,8670,-32.2,NA,-33.4,582557,351318,45.1,NA,-1.7,"Brown_20260421","20260910"
"West Vancouver Island","Chinook",1992,10162,9119,-28.7,NA,-31.7,796709,481508,98.9,NA,-1.7,"Brown_20260421","20260910"
"West Vancouver Island","Chinook",1993,11291,9511,-25.7,NA,-29.8,548108,574017,137.1,NA,-1.7,"Brown_20260421","20260910"
"West Vancouver Island","Chinook",1994,11939,10433,-18.5,NA,-27.9,356957,548946,126.7,NA,-1.8,"Brown_20260421","20260910"
"West Vancouver Island","Chinook",1995,6353,9659,-24.5,NA,-26,134767,380708,57.2,NA,-1.8,"Brown_20260421","20260910"
"West Vancouver Island","Chinook",1996,10609,9763,-23.7,NA,-24,133089,243390,0.5,NA,-1.8,"Brown_20260421","20260910"
"West Vancouver Island","Chinook",1997,14176,10334,-19.2,NA,-22,230236,195943,-19.1,NA,-1.8,"Brown_20260421","20260910"
"West Vancouver Island","Chinook",1998,29840,12994,1.6,NA,-19.9,318760,190476,-21.3,NA,-1.8,"Brown_20260421","20260910"
"West Vancouver Island","Chinook",1999,20847,17489,36.7,NA,-17.7,169592,201742,-16.7,NA,-1.9,"Brown_20260421","20260910"
"West Vancouver Island","Chinook",2000,8110,16353,27.8,NA,-15.5,47280,155751,-35.7,NA,-1.9,"Brown_20260421","20260910"
"West Vancouver Island","Chinook",2001,8565,14418,12.7,NA,-13.2,99974,126432,-47.8,NA,-1.9,"Brown_20260421","20260910"
"West Vancouver Island","Chinook",2002,22123,13379,4.6,NA,-10.9,227379,116193,-52,NA,-1.9,"Brown_20260421","20260910"
"West Vancouver Island","Chinook",2003,26789,14244,11.3,NA,-8.5,298406,133823,-44.7,NA,-1.9,"Brown_20260421","20260910"
"West Vancouver Island","Chinook",2004,23272,18539,44.9,NA,-6.1,408335,229412,-5.3,NA,-2,"Brown_20260421","20260910"
"West Vancouver Island","Chinook",2005,8609,18563,45.1,NA,-3.5,259426,291170,20.3,NA,-2,"Brown_20260421","20260910"
"West Vancouver Island","Chinook",2006,13582,16432,28.4,NA,-1,288244,308958,27.6,NA,-2,"Brown_20260421","20260910"
"West Vancouver Island","Chinook",2007,7978,12138,-5.1,NA,1.7,213557,284169,17.4,NA,-2,"Brown_20260421","20260910"
"West Vancouver Island","Chinook",2008,6683,8886,-30.5,NA,4.4,130114,213502,-11.8,NA,-2,"Brown_20260421","20260910"
"West Vancouver Island","Chinook",2009,13857,10009,-21.8,NA,7.2,163994,190373,-21.4,NA,-2.1,"Brown_20260421","20260910"
"West Vancouver Island","Chinook",2010,10932,9480,-25.9,NA,10.1,135572,157655,-34.9,NA,-2.1,"Brown_20260421","20260910"
"West Vancouver Island","Chinook",2011,11295,10341,-19.2,NA,13.1,250581,164084,-32.2,NA,-2.1,"Brown_20260421","20260910"
"West Vancouver Island","Chinook",2012,8653,11031,-13.8,NA,16.1,122517,161635,-33.2,-27.3,-2.1,"Brown_20260421","20260910"
"West Vancouver Island","Chinook",2013,17803,11744,-8.2,NA,19.2,263252,181937,-24.9,-22.3,-2.1,"Brown_20260421","20260910"
"West Vancouver Island","Chinook",2014,13288,12331,-3.6,17.3,22.4,184706,196562,-18.8,-16.9,-2.2,"Brown_20260421","20260910"
"West Vancouver Island","Chinook",2015,23619,14828,15.9,21.5,25.7,293627,204509,-15.5,-11.2,-2.2,"Brown_20260421","20260910"
"West Vancouver Island","Chinook",2016,23162,18967,48.3,25.9,29.1,308859,257693,6.4,-5.2,-2.2,"Brown_20260421","20260910"
"West Vancouver Island","Chinook",2017,18250,19085,49.2,30.4,32.6,309119,268251,10.8,1.4,-2.2,"Brown_20260421","20260910"
"West Vancouver Island","Chinook",2018,13737,19244,50.4,35.1,36.1,274047,296058,22.3,8.3,-2.2,"Brown_20260421","20260910"
"West Vancouver Island","Chinook",2019,16722,17652,38,40,39.8,299947,297638,22.9,15.8,-2.3,"Brown_20260421","20260910"
"West Vancouver Island","Chinook",2020,20125,17043,33.2,45.1,43.5,283762,291398,20.3,23.7,-2.3,"Brown_20260421","20260910"
"West Vancouver Island","Chinook",2021,21689,17794,39.1,50.3,47.4,320415,294025,21.4,32.2,-2.3,"Brown_20260421","20260910"
"West Vancouver Island","Chinook",2022,18243,19102,49.3,55.8,51.3,407582,324700,34.1,41.3,-2.3,"Brown_20260421","20260910"
"West Vancouver Island","Chinook",2023,33612,22745,77.8,61.4,55.4,429707,355233,46.7,51,-2.3,"Brown_20260421","20260910"
"West Vancouver Island","Chinook",2024,22345,23348,82.5,67.2,59.6,NA,NA,NA,NA,NA,"PSF_20260428","20260910"
"West Vancouver Island","Chinook",2025,10628,19535,52.7,73.3,63.8,NA,NA,NA,NA,NA,"PSF_20260428","20260910"
"West Vancouver Island","Sockeye",1977,297800,297800,-25.6,NA,-14.1,1420614,1420614,102.8,NA,25.9,"Brown_20260420","20260910"
"West Vancouver Island","Sockeye",1978,158900,217533,-45.7,NA,-13.6,355968,711121,1.5,NA,24.7,"Brown_20260420","20260910"
"West Vancouver Island","Sockeye",1979,360441,257411,-35.7,NA,-13.2,1181541,842258,20.2,NA,23.6,"Brown_20260420","20260910"
"West Vancouver Island","Sockeye",1980,415212,290094,-27.6,NA,-12.7,1111164,902669,28.9,NA,22.4,"Brown_20260420","20260910"
"West Vancouver Island","Sockeye",1981,410789,310996,-22.3,NA,-12.3,1449665,992376,41.7,NA,21.3,"Brown_20260420","20260910"
"West Vancouver Island","Sockeye",1982,464820,339959,-15.1,NA,-11.8,917421,909274,29.8,NA,20.2,"Brown_20260420","20260910"
"West Vancouver Island","Sockeye",1983,636512,448707,12,NA,-11.3,1524438,1216283,73.6,NA,19.1,"Brown_20260420","20260910"
"West Vancouver Island","Sockeye",1984,295810,431319,7.7,NA,-10.9,1241726,1228429,75.4,NA,18,"Brown_20260420","20260910"
"West Vancouver Island","Sockeye",1985,285725,400253,-0.1,NA,-10.4,743743,1133650,61.9,NA,16.9,"Brown_20260420","20260910"
"West Vancouver Island","Sockeye",1986,334648,384174,-4.1,NA,-10,391596,872556,24.6,NA,15.8,"Brown_20260420","20260910"
"West Vancouver Island","Sockeye",1987,473350,385574,-3.7,NA,-9.5,736610,835078,19.2,NA,14.8,"Brown_20260420","20260910"
"West Vancouver Island","Sockeye",1988,482393,364776,-8.9,NA,-9,809291,735742,5,NA,13.7,"Brown_20260420","20260910"
"West Vancouver Island","Sockeye",1989,449850,396678,-0.9,NA,-8.5,478233,607923,-13.2,NA,12.6,"Brown_20260420","20260910"
"West Vancouver Island","Sockeye",1990,323281,406597,1.5,NA,-8.1,360671,526001,-24.9,NA,11.6,"Brown_20260420","20260910"
"West Vancouver Island","Sockeye",1991,680965,468674,17,NA,-7.6,1862272,718501,2.6,NA,10.6,"Brown_20260420","20260910"
"West Vancouver Island","Sockeye",1992,437791,461411,15.2,NA,-7.1,1017761,766494,9.4,NA,9.6,"Brown_20260420","20260910"
"West Vancouver Island","Sockeye",1993,627550,486337,21.4,NA,-6.6,1444919,860710,22.9,NA,8.5,"Brown_20260420","20260910"
"West Vancouver Island","Sockeye",1994,274663,440640,10,NA,-6.2,489234,864634,23.4,NA,7.5,"Brown_20260420","20260910"
"West Vancouver Island","Sockeye",1995,170811,387857,-3.1,NA,-5.7,201347,769483,9.9,NA,6.5,"Brown_20260420","20260910"
"West Vancouver Island","Sockeye",1996,501780,364879,-8.9,NA,-5.2,564376,606044,-13.5,NA,5.6,"Brown_20260420","20260910"
"West Vancouver Island","Sockeye",1997,356204,350135,-12.6,NA,-4.7,512588,528358,-24.6,NA,4.6,"Brown_20260420","20260910"
"West Vancouver Island","Sockeye",1998,640127,351527,-12.2,NA,-4.2,875258,477955,-31.8,NA,3.6,"Brown_20260420","20260910"
"West Vancouver Island","Sockeye",1999,394147,377860,-5.6,NA,-3.7,510003,481946,-31.2,NA,2.7,"Brown_20260420","20260910"
"West Vancouver Island","Sockeye",2000,223098,398590,-0.5,NA,-3.2,328262,531439,-24.1,NA,1.7,"Brown_20260420","20260910"
"West Vancouver Island","Sockeye",2001,800245,437591,9.3,NA,-2.7,1034022,599854,-14.4,NA,0.8,"Brown_20260420","20260910"
"West Vancouver Island","Sockeye",2002,522745,472483,18,NA,-2.2,1123201,701751,0.2,NA,-0.1,"Brown_20260420","20260910"
"West Vancouver Island","Sockeye",2003,443176,438984,9.6,NA,-1.7,974517,716991,2.4,NA,-1.1,"Brown_20260420","20260910"
"West Vancouver Island","Sockeye",2004,377681,435253,8.7,NA,-1.2,712116,766495,9.4,NA,-2,"Brown_20260420","20260910"
"West Vancouver Island","Sockeye",2005,347117,475486,18.7,NA,-0.7,452463,817301,16.7,NA,-2.9,"Brown_20260420","20260910"
"West Vancouver Island","Sockeye",2006,203636,361630,-9.7,NA,-0.1,294136,635603,-9.3,NA,-3.8,"Brown_20260420","20260910"
"West Vancouver Island","Sockeye",2007,162815,286382,-28.5,NA,0.4,172855,437150,-37.6,NA,-4.7,"Brown_20260420","20260910"
"West Vancouver Island","Sockeye",2008,203968,245212,-38.8,NA,0.9,203968,319731,-54.4,NA,-5.5,"Brown_20260420","20260910"
"West Vancouver Island","Sockeye",2009,430072,251667,-37.2,NA,1.4,586524,307562,-56.1,NA,-6.4,"Brown_20260420","20260910"
"West Vancouver Island","Sockeye",2010,830435,299634,-25.2,NA,2,1797164,405260,-42.1,NA,-7.3,"Brown_20260420","20260910"
"West Vancouver Island","Sockeye",2011,905457,403826,0.8,37.4,2.5,1496371,561088,-19.9,35.2,-8.1,"Brown_20260420","20260910"
"West Vancouver Island","Sockeye",2012,395858,482351,20.4,33.4,3,781451,758709,8.3,30,-9,"Brown_20260420","20260910"
"West Vancouver Island","Sockeye",2013,664958,610956,52.6,29.5,3.5,754365,985551,40.7,25.1,-9.8,"Brown_20260420","20260910"
"West Vancouver Island","Sockeye",2014,539952,639400,59.7,25.8,4.1,1216455,1140358,62.8,20.3,-10.7,"Brown_20260420","20260910"
"West Vancouver Island","Sockeye",2015,764187,628856,57,22.1,4.6,2073786,1173482,67.5,15.7,-11.5,"Brown_20260420","20260910"
"West Vancouver Island","Sockeye",2016,468215,551146,37.6,18.6,5.2,1130343,1109457,58.4,11.3,-12.3,"Brown_20260420","20260910"
"West Vancouver Island","Sockeye",2017,457993,567454,41.7,15.2,5.7,555281,1036174,47.9,7.1,-13.1,"Brown_20260420","20260910"
"West Vancouver Island","Sockeye",2018,208635,450038,12.4,11.8,6.3,290794,856315,22.3,3,-13.9,"Brown_20260420","20260910"
"West Vancouver Island","Sockeye",2019,191725,365859,-8.6,8.6,6.8,246522,622280,-11.2,-0.9,-14.7,"Brown_20260420","20260910"
"West Vancouver Island","Sockeye",2020,314010,306241,-23.5,5.4,7.4,388122,445068,-36.5,-4.7,-15.5,"Brown_20260420","20260910"
"West Vancouver Island","Sockeye",2021,422040,299947,-25.1,2.4,7.9,609203,393312,-43.8,-8.3,-16.3,"Brown_20260420","20260910"
"West Vancouver Island","Sockeye",2022,669650,323625,-19.2,-0.6,8.5,1021339,444292,-36.6,-11.8,-17,"Brown_20260420","20260910"
"West Vancouver Island","Sockeye",2023,377396,364355,-9,-3.5,9,705892,530517,-24.3,-15.2,-17.8,"Brown_20260420","20260910"
"West Vancouver Island","Sockeye",2024,497191,440852,10.1,-6.3,9.6,787406,669218,-4.5,-18.4,-18.6,"Brown_20260420","20260910"
"West Vancouver Island","Sockeye",2025,569894,496665,24,-9,10.2,863222,785232,12.1,-21.5,-19.3,"Brown_20260420","20260910"
"West Vancouver Island","Chum",1953,569671,569670,15.2,NA,-17.1,NA,NA,NA,NA,NA,"PSF_20260428","20260910"
"West Vancouver Island","Chum",1954,868410,703354,42.2,NA,-16.6,NA,NA,NA,NA,NA,"PSF_20260428","20260910"
"West Vancouver Island","Chum",1955,204279,465791,-5.8,NA,-16.1,NA,NA,NA,NA,NA,"PSF_20260428","20260910"
"West Vancouver Island","Chum",1956,318450,423549,-14.4,NA,-15.7,NA,NA,NA,NA,NA,"PSF_20260428","20260910"
"West Vancouver Island","Chum",1957,295742,359522,-27.3,NA,-15.2,NA,NA,NA,NA,NA,"PSF_20260428","20260910"
"West Vancouver Island","Chum",1958,472483,308774,-37.6,NA,-14.7,NA,NA,NA,NA,NA,"PSF_20260428","20260910"
"West Vancouver Island","Chum",1959,277098,333230,-32.6,NA,-14.2,NA,NA,NA,NA,NA,"PSF_20260428","20260910"
"West Vancouver Island","Chum",1960,476317,368517,-25.5,NA,-13.7,NA,NA,NA,NA,NA,"PSF_20260428","20260910"
"West Vancouver Island","Chum",1961,214096,339923,-31.3,NA,-13.3,NA,NA,NA,NA,NA,"PSF_20260428","20260910"
"West Vancouver Island","Chum",1962,205950,276201,-44.2,NA,-12.8,NA,NA,NA,NA,NA,"PSF_20260428","20260910"
"West Vancouver Island","Chum",1963,190194,251400,-49.2,NA,-12.3,NA,NA,NA,NA,NA,"PSF_20260428","20260910"
"West Vancouver Island","Chum",1964,381303,237799,-51.9,NA,-11.8,NA,NA,NA,NA,NA,"PSF_20260428","20260910"
"West Vancouver Island","Chum",1965,303888,259559,-47.5,NA,-11.3,NA,NA,NA,NA,NA,"PSF_20260428","20260910"
"West Vancouver Island","Chum",1966,247674,271810,-45,NA,-10.8,NA,NA,NA,NA,NA,"PSF_20260428","20260910"
"West Vancouver Island","Chum",1967,414698,330293,-33.2,NA,-10.3,NA,NA,NA,NA,NA,"PSF_20260428","20260910"
"West Vancouver Island","Chum",1968,718754,387014,-21.8,NA,-9.8,NA,NA,NA,NA,NA,"PSF_20260428","20260910"
"West Vancouver Island","Chum",1969,416008,418623,-15.4,NA,-9.3,NA,NA,NA,NA,NA,"PSF_20260428","20260910"
"West Vancouver Island","Chum",1970,399755,471848,-4.6,NA,-8.8,NA,NA,NA,NA,NA,"PSF_20260428","20260910"
"West Vancouver Island","Chum",1971,403728,468696,-5.2,NA,-8.2,NA,NA,NA,NA,NA,"PSF_20260428","20260910"
"West Vancouver Island","Chum",1972,1073380,518125,4.8,NA,-7.7,NA,NA,NA,NA,NA,"PSF_20260428","20260910"
"West Vancouver Island","Chum",1973,901560,628648,27.1,NA,-7.2,NA,NA,NA,NA,NA,"PSF_20260428","20260910"
"West Vancouver Island","Chum",1974,602518,696549,40.8,NA,-6.7,NA,NA,NA,NA,NA,"PSF_20260428","20260910"
"West Vancouver Island","Chum",1975,308518,651253,31.7,NA,-6.2,NA,NA,NA,NA,NA,"PSF_20260428","20260910"
"West Vancouver Island","Chum",1976,397958,508184,2.7,NA,-5.6,NA,NA,NA,NA,NA,"PSF_20260428","20260910"
"West Vancouver Island","Chum",1977,360931,404230,-18.3,NA,-5.1,NA,NA,NA,NA,NA,"PSF_20260428","20260910"
"West Vancouver Island","Chum",1978,438282,373314,-24.5,NA,-4.6,NA,NA,NA,NA,NA,"PSF_20260428","20260910"
"West Vancouver Island","Chum",1979,142545,307781,-37.8,NA,-4,NA,NA,NA,NA,NA,"PSF_20260428","20260910"
"West Vancouver Island","Chum",1980,567467,336332,-32,NA,-3.5,NA,NA,NA,NA,NA,"PSF_20260428","20260910"
"West Vancouver Island","Chum",1981,545798,372966,-24.6,NA,-2.9,NA,NA,NA,NA,NA,"PSF_20260428","20260910"
"West Vancouver Island","Chum",1982,548756,394526,-20.2,NA,-2.4,NA,NA,NA,NA,NA,"PSF_20260428","20260910"
"West Vancouver Island","Chum",1983,364334,498842,0.9,NA,-1.8,NA,NA,NA,NA,NA,"PSF_20260428","20260910"
"West Vancouver Island","Chum",1984,440554,468250,-5.3,NA,-1.3,NA,NA,NA,NA,NA,"PSF_20260428","20260910"
"West Vancouver Island","Chum",1985,950292,537878,8.7,NA,-0.7,NA,NA,NA,NA,NA,"PSF_20260428","20260910"
"West Vancouver Island","Chum",1986,711813,574024,16.1,NA,-0.2,NA,NA,NA,NA,NA,"PSF_20260428","20260910"
"West Vancouver Island","Chum",1987,373847,577735,16.8,NA,0.4,NA,NA,NA,NA,NA,"PSF_20260428","20260910"
"West Vancouver Island","Chum",1988,788998,668341,35.1,NA,1,NA,NA,NA,NA,NA,"PSF_20260428","20260910"
"West Vancouver Island","Chum",1989,461513,557930,12.8,NA,1.5,NA,NA,NA,NA,NA,"PSF_20260428","20260910"
"West Vancouver Island","Chum",1990,328361,459808,-7,NA,2.1,NA,NA,NA,NA,NA,"PSF_20260428","20260910"
"West Vancouver Island","Chum",1991,1001732,588289,18.9,NA,2.7,NA,NA,NA,NA,NA,"PSF_20260428","20260910"
"West Vancouver Island","Chum",1992,1150931,646523,30.7,NA,3.3,NA,NA,NA,NA,NA,"PSF_20260428","20260910"
"West Vancouver Island","Chum",1993,1016511,787619,59.2,NA,3.8,NA,NA,NA,NA,NA,"PSF_20260428","20260910"
"West Vancouver Island","Chum",1994,1224233,1094446,121.3,NA,4.4,NA,NA,NA,NA,NA,"PSF_20260428","20260910"
"West Vancouver Island","Chum",1995,385497,862008,74.3,NA,5,NA,NA,NA,NA,NA,"PSF_20260428","20260910"
"West Vancouver Island","Chum",1996,1049220,842298,70.3,NA,5.6,NA,NA,NA,NA,NA,"PSF_20260428","20260910"
"West Vancouver Island","Chum",1997,1412605,914520,84.9,NA,6.2,NA,NA,NA,NA,NA,"PSF_20260428","20260910"
"West Vancouver Island","Chum",1998,1740162,998560,101.9,NA,6.8,NA,NA,NA,NA,NA,"PSF_20260428","20260910"
"West Vancouver Island","Chum",1999,699221,1158838,134.3,NA,7.4,NA,NA,NA,NA,NA,"PSF_20260428","20260910"
"West Vancouver Island","Chum",2000,199652,765375,54.7,NA,8,NA,NA,NA,NA,NA,"PSF_20260428","20260910"
"West Vancouver Island","Chum",2001,971294,696959,40.9,NA,8.6,NA,NA,NA,NA,NA,"PSF_20260428","20260910"
"West Vancouver Island","Chum",2002,707302,556494,12.5,NA,9.2,NA,NA,NA,NA,NA,"PSF_20260428","20260910"
"West Vancouver Island","Chum",2003,999058,608422,23,NA,9.9,NA,NA,NA,NA,NA,"PSF_20260428","20260910"
"West Vancouver Island","Chum",2004,1067858,925262,87.1,NA,10.5,NA,NA,NA,NA,NA,"PSF_20260428","20260910"
"West Vancouver Island","Chum",2005,1416508,1016792,105.6,NA,11.1,NA,NA,NA,NA,NA,"PSF_20260428","20260910"
"West Vancouver Island","Chum",2006,577293,966451,95.4,NA,11.7,NA,NA,NA,NA,NA,"PSF_20260428","20260910"
"West Vancouver Island","Chum",2007,550280,832584,68.3,NA,12.4,NA,NA,NA,NA,NA,"PSF_20260428","20260910"
"West Vancouver Island","Chum",2008,305856,609086,23.1,NA,13,NA,NA,NA,NA,NA,"PSF_20260428","20260910"
"West Vancouver Island","Chum",2009,354873,430916,-12.9,NA,13.6,NA,NA,NA,NA,NA,"PSF_20260428","20260910"
"West Vancouver Island","Chum",2010,285585,361391,-26.9,NA,14.3,NA,NA,NA,NA,NA,"PSF_20260428","20260910"
"West Vancouver Island","Chum",2011,907195,409502,-17.2,NA,14.9,NA,NA,NA,NA,NA,"PSF_20260428","20260910"
"West Vancouver Island","Chum",2012,601282,484894,-2,NA,15.6,NA,NA,NA,NA,NA,"PSF_20260428","20260910"
"West Vancouver Island","Chum",2013,340083,479761,-3,NA,16.2,NA,NA,NA,NA,NA,"PSF_20260428","20260910"
"West Vancouver Island","Chum",2014,504463,553093,11.8,44.1,16.9,NA,NA,NA,NA,NA,"PSF_20260428","20260910"
"West Vancouver Island","Chum",2015,862789,546197,10.4,32.7,17.5,NA,NA,NA,NA,NA,"PSF_20260428","20260910"
"West Vancouver Island","Chum",2016,1550374,692132,39.9,22.2,18.2,NA,NA,NA,NA,NA,"PSF_20260428","20260910"
"West Vancouver Island","Chum",2017,487265,757240,53.1,12.6,18.9,NA,NA,NA,NA,NA,"PSF_20260428","20260910"
"West Vancouver Island","Chum",2018,450485,736116,48.8,3.7,19.5,NA,NA,NA,NA,NA,"PSF_20260428","20260910"
"West Vancouver Island","Chum",2019,186397,501857,1.5,-4.5,20.2,NA,NA,NA,NA,NA,"PSF_20260428","20260910"
"West Vancouver Island","Chum",2020,548035,386966,-21.8,-12,20.9,NA,NA,NA,NA,NA,"PSF_20260428","20260910"
"West Vancouver Island","Chum",2021,304416,344032,-30.4,-19,21.6,NA,NA,NA,NA,NA,"PSF_20260428","20260910"
"West Vancouver Island","Chum",2022,218463,287093,-42,-25.4,22.2,NA,NA,NA,NA,NA,"PSF_20260428","20260910"
"West Vancouver Island","Chum",2023,274308,316208,-36.1,-31.3,22.9,NA,NA,NA,NA,NA,"PSF_20260428","20260910"
"West Vancouver Island","Chum",2024,972556,364964,-26.2,-36.7,23.6,NA,NA,NA,NA,NA,"PSF_20260428","20260910"
"West Vancouver Island","Chum",2025,124381,291791,-41,-41.7,24.3,NA,NA,NA,NA,NA,"PSF_20260428","20260910"
"West Vancouver Island","Coho",1953,169431,169431,72.5,NA,-24.8,NA,NA,NA,NA,NA,"PSF_20260428","20260910"
"West Vancouver Island","Coho",1954,213972,190404,93.8,NA,-24.2,NA,NA,NA,NA,NA,"PSF_20260428","20260910"
"West Vancouver Island","Coho",1955,130218,167754,70.7,NA,-23.5,NA,NA,NA,NA,NA,"PSF_20260428","20260910"
"West Vancouver Island","Coho",1956,163985,166804,69.8,NA,-22.9,NA,NA,NA,NA,NA,"PSF_20260428","20260910"
"West Vancouver Island","Coho",1957,100452,146369,49,NA,-22.3,NA,NA,NA,NA,NA,"PSF_20260428","20260910"
"West Vancouver Island","Coho",1958,123919,127686,30,NA,-21.6,NA,NA,NA,NA,NA,"PSF_20260428","20260910"
"West Vancouver Island","Coho",1959,78000,112331,14.3,NA,-20.9,NA,NA,NA,NA,NA,"PSF_20260428","20260910"
"West Vancouver Island","Coho",1960,46287,81877,-16.7,NA,-20.3,NA,NA,NA,NA,NA,"PSF_20260428","20260910"
"West Vancouver Island","Coho",1961,70306,74890,-23.8,NA,-19.6,NA,NA,NA,NA,NA,"PSF_20260428","20260910"
"West Vancouver Island","Coho",1962,110303,72742,-26,NA,-18.9,NA,NA,NA,NA,NA,"PSF_20260428","20260910"
"West Vancouver Island","Coho",1963,65885,69736,-29,NA,-18.3,NA,NA,NA,NA,NA,"PSF_20260428","20260910"
"West Vancouver Island","Coho",1964,194028,99783,1.6,NA,-17.6,NA,NA,NA,NA,NA,"PSF_20260428","20260910"
"West Vancouver Island","Coho",1965,132211,116849,18.9,NA,-16.9,NA,NA,NA,NA,NA,"PSF_20260428","20260910"
"West Vancouver Island","Coho",1966,118062,118852,21,NA,-16.2,NA,NA,NA,NA,NA,"PSF_20260428","20260910"
"West Vancouver Island","Coho",1967,69953,120646,22.8,NA,-15.5,NA,NA,NA,NA,NA,"PSF_20260428","20260910"
"West Vancouver Island","Coho",1968,109852,104652,6.5,NA,-14.8,NA,NA,NA,NA,NA,"PSF_20260428","20260910"
"West Vancouver Island","Coho",1969,57925,85142,-13.3,NA,-14.1,NA,NA,NA,NA,NA,"PSF_20260428","20260910"
"West Vancouver Island","Coho",1970,103732,82432,-16.1,NA,-13.3,NA,NA,NA,NA,NA,"PSF_20260428","20260910"
"West Vancouver Island","Coho",1971,125262,95356,-2.9,NA,-12.6,NA,NA,NA,NA,NA,"PSF_20260428","20260910"
"West Vancouver Island","Coho",1972,87300,90033,-8.4,NA,-11.9,NA,NA,NA,NA,NA,"PSF_20260428","20260910"
"West Vancouver Island","Coho",1973,129884,110173,12.1,NA,-11.1,NA,NA,NA,NA,NA,"PSF_20260428","20260910"
"West Vancouver Island","Coho",1974,72903,100875,2.7,NA,-10.4,NA,NA,NA,NA,NA,"PSF_20260428","20260910"
"West Vancouver Island","Coho",1975,50083,80214,-18.4,NA,-9.6,NA,NA,NA,NA,NA,"PSF_20260428","20260910"
"West Vancouver Island","Coho",1976,40753,66304,-32.5,NA,-8.9,NA,NA,NA,NA,NA,"PSF_20260428","20260910"
"West Vancouver Island","Coho",1977,61713,55048,-44,NA,-8.1,NA,NA,NA,NA,NA,"PSF_20260428","20260910"
"West Vancouver Island","Coho",1978,63821,53247,-45.8,NA,-7.4,NA,NA,NA,NA,NA,"PSF_20260428","20260910"
"West Vancouver Island","Coho",1979,94771,62452,-36.4,NA,-6.6,NA,NA,NA,NA,NA,"PSF_20260428","20260910"
"West Vancouver Island","Coho",1980,38227,61460,-37.4,NA,-5.8,NA,NA,NA,NA,NA,"PSF_20260428","20260910"
"West Vancouver Island","Coho",1981,45097,56825,-42.2,NA,-5,NA,NA,NA,NA,NA,"PSF_20260428","20260910"
"West Vancouver Island","Coho",1982,43335,51583,-47.5,NA,-4.2,NA,NA,NA,NA,NA,"PSF_20260428","20260910"
"West Vancouver Island","Coho",1983,23328,36334,-63,NA,-3.4,NA,NA,NA,NA,NA,"PSF_20260428","20260910"
"West Vancouver Island","Coho",1984,37925,36262,-63.1,NA,-2.6,NA,NA,NA,NA,NA,"PSF_20260428","20260910"
"West Vancouver Island","Coho",1985,39263,35027,-64.3,NA,-1.8,NA,NA,NA,NA,NA,"PSF_20260428","20260910"
"West Vancouver Island","Coho",1986,91492,42222,-57,NA,-1,NA,NA,NA,NA,NA,"PSF_20260428","20260910"
"West Vancouver Island","Coho",1987,71344,55836,-43.2,NA,-0.1,NA,NA,NA,NA,NA,"PSF_20260428","20260910"
"West Vancouver Island","Coho",1988,58439,62210,-36.7,NA,0.7,NA,NA,NA,NA,NA,"PSF_20260428","20260910"
"West Vancouver Island","Coho",1989,68811,71577,-27.1,NA,1.6,NA,NA,NA,NA,NA,"PSF_20260428","20260910"
"West Vancouver Island","Coho",1990,89386,71162,-27.6,NA,2.4,NA,NA,NA,NA,NA,"PSF_20260428","20260910"
"West Vancouver Island","Coho",1991,81454,73559,-25.1,NA,3.3,NA,NA,NA,NA,NA,"PSF_20260428","20260910"
"West Vancouver Island","Coho",1992,44494,68712,-30.1,NA,4.1,NA,NA,NA,NA,NA,"PSF_20260428","20260910"
"West Vancouver Island","Coho",1993,19632,50218,-48.9,NA,5,NA,NA,NA,NA,NA,"PSF_20260428","20260910"
"West Vancouver Island","Coho",1994,27302,37333,-62,NA,5.9,NA,NA,NA,NA,NA,"PSF_20260428","20260910"
"West Vancouver Island","Coho",1995,74044,36453,-62.9,NA,6.8,NA,NA,NA,NA,NA,"PSF_20260428","20260910"
"West Vancouver Island","Coho",1996,42161,35966,-63.4,NA,7.7,NA,NA,NA,NA,NA,"PSF_20260428","20260910"
"West Vancouver Island","Coho",1997,55467,46629,-52.5,NA,8.6,NA,NA,NA,NA,NA,"PSF_20260428","20260910"
"West Vancouver Island","Coho",1998,154663,71938,-26.8,NA,9.5,NA,NA,NA,NA,NA,"PSF_20260428","20260910"
"West Vancouver Island","Coho",1999,101887,77914,-20.7,NA,10.4,NA,NA,NA,NA,NA,"PSF_20260428","20260910"
"West Vancouver Island","Coho",2000,194925,114249,16.3,NA,11.3,NA,NA,NA,NA,NA,"PSF_20260428","20260910"
"West Vancouver Island","Coho",2001,273797,170295,73.3,NA,12.3,NA,NA,NA,NA,NA,"PSF_20260428","20260910"
"West Vancouver Island","Coho",2002,228967,187844,91.2,NA,13.2,NA,NA,NA,NA,NA,"PSF_20260428","20260910"
"West Vancouver Island","Coho",2003,206969,224256,128.3,NA,14.1,NA,NA,NA,NA,NA,"PSF_20260428","20260910"
"West Vancouver Island","Coho",2004,226197,232754,136.9,NA,15.1,NA,NA,NA,NA,NA,"PSF_20260428","20260910"
"West Vancouver Island","Coho",2005,143429,198016,101.5,NA,16.1,NA,NA,NA,NA,NA,"PSF_20260428","20260910"
"West Vancouver Island","Coho",2006,76255,150426,53.1,NA,17,NA,NA,NA,NA,NA,"PSF_20260428","20260910"
"West Vancouver Island","Coho",2007,75442,116883,19,NA,18,NA,NA,NA,NA,NA,"PSF_20260428","20260910"
"West Vancouver Island","Coho",2008,109647,97528,-0.7,NA,19,NA,NA,NA,NA,NA,"PSF_20260428","20260910"
"West Vancouver Island","Coho",2009,179739,103188,5,NA,20,NA,NA,NA,NA,NA,"PSF_20260428","20260910"
"West Vancouver Island","Coho",2010,119201,115381,17.4,NA,21,NA,NA,NA,NA,NA,"PSF_20260428","20260910"
"West Vancouver Island","Coho",2011,157299,138647,41.1,NA,22,NA,NA,NA,NA,NA,"PSF_20260428","20260910"
"West Vancouver Island","Coho",2012,236715,168062,71.1,NA,23.1,NA,NA,NA,NA,NA,"PSF_20260428","20260910"
"West Vancouver Island","Coho",2013,336711,196618,100.1,NA,24.1,NA,NA,NA,NA,NA,"PSF_20260428","20260910"
"West Vancouver Island","Coho",2014,311981,250083,154.5,182.7,25.1,NA,NA,NA,NA,NA,"PSF_20260428","20260910"
"West Vancouver Island","Coho",2015,178715,258192,162.8,163,26.2,NA,NA,NA,NA,NA,"PSF_20260428","20260910"
"West Vancouver Island","Coho",2016,218906,253192,157.7,144.6,27.2,NA,NA,NA,NA,NA,"PSF_20260428","20260910"
"West Vancouver Island","Coho",2017,241879,233097,137.3,127.5,28.3,NA,NA,NA,NA,NA,"PSF_20260428","20260910"
"West Vancouver Island","Coho",2018,235044,217166,121,111.6,29.4,NA,NA,NA,NA,NA,"PSF_20260428","20260910"
"West Vancouver Island","Coho",2019,101284,188424,91.8,96.9,30.5,NA,NA,NA,NA,NA,"PSF_20260428","20260910"
"West Vancouver Island","Coho",2020,139221,168267,71.3,83.1,31.6,NA,NA,NA,NA,NA,"PSF_20260428","20260910"
"West Vancouver Island","Coho",2021,261624,171600,74.7,70.3,32.7,NA,NA,NA,NA,NA,"PSF_20260428","20260910"
"West Vancouver Island","Coho",2022,201411,165102,68,58.4,33.8,NA,NA,NA,NA,NA,"PSF_20260428","20260910"
"West Vancouver Island","Coho",2023,94105,162095,65,47.4,34.9,NA,NA,NA,NA,NA,"PSF_20260428","20260910"
"West Vancouver Island","Coho",2024,77801,140149,42.6,37.1,36,NA,NA,NA,NA,NA,"PSF_20260428","20260910"
"West Vancouver Island","Coho",2025,82852,105135,7,27.5,37.2,NA,NA,NA,NA,NA,"PSF_20260428","20260910"
"West Vancouver Island","Pink",1953,377539,377538,4250.2,NA,2629.3,NA,NA,NA,NA,NA,"PSF_20260428","20260910"
"West Vancouver Island","Pink",1954,102596,196810,2167.7,NA,2392.5,NA,NA,NA,NA,NA,"PSF_20260428","20260910"
"West Vancouver Island","Pink",1955,3020,17603,102.8,NA,2176.3,NA,NA,NA,NA,NA,"PSF_20260428","20260910"
"West Vancouver Island","Pink",1956,138142,20426,135.4,NA,1978.8,NA,NA,NA,NA,NA,"PSF_20260428","20260910"
"West Vancouver Island","Pink",1957,24162,57774,565.7,NA,1798.4,NA,NA,NA,NA,NA,"PSF_20260428","20260910"
"West Vancouver Island","Pink",1958,154605,61120,604.3,NA,1633.7,NA,NA,NA,NA,NA,"PSF_20260428","20260910"
"West Vancouver Island","Pink",1959,9424,38171,339.8,NA,1483.3,NA,NA,NA,NA,NA,"PSF_20260428","20260910"
"West Vancouver Island","Pink",1960,139698,36284,318.1,NA,1346,NA,NA,NA,NA,NA,"PSF_20260428","20260910"
"West Vancouver Island","Pink",1961,211588,171926,1881,NA,1220.5,NA,NA,NA,NA,NA,"PSF_20260428","20260910"
"West Vancouver Island","Pink",1962,300150,252008,2803.8,NA,1106,NA,NA,NA,NA,NA,"PSF_20260428","20260910"
"West Vancouver Island","Pink",1963,1704,22612,160.6,NA,1001.3,NA,NA,NA,NA,NA,"PSF_20260428","20260910"
"West Vancouver Island","Pink",1964,104782,13360,53.9,NA,905.8,NA,NA,NA,NA,NA,"PSF_20260428","20260910"
"West Vancouver Island","Pink",1965,12695,36473,320.3,NA,818.5,NA,NA,NA,NA,NA,"PSF_20260428","20260910"
"West Vancouver Island","Pink",1966,601159,87361,906.6,NA,738.8,NA,NA,NA,NA,NA,"PSF_20260428","20260910"
"West Vancouver Island","Pink",1967,33515,141944,1535.5,NA,666.1,NA,NA,NA,NA,NA,"PSF_20260428","20260910"
"West Vancouver Island","Pink",1968,959169,179295,1965.9,NA,599.6,NA,NA,NA,NA,NA,"PSF_20260428","20260910"
"West Vancouver Island","Pink",1969,23596,150442,1633.5,NA,538.9,NA,NA,NA,NA,NA,"PSF_20260428","20260910"
"West Vancouver Island","Pink",1970,722416,130561,1404.4,NA,483.5,NA,NA,NA,NA,NA,"PSF_20260428","20260910"
"West Vancouver Island","Pink",1971,7865,75380,768.6,NA,432.9,NA,NA,NA,NA,NA,"PSF_20260428","20260910"
"West Vancouver Island","Pink",1972,2882105,150562,1634.9,NA,386.6,NA,NA,NA,NA,NA,"PSF_20260428","20260910"
"West Vancouver Island","Pink",1973,5244,122933,1316.5,NA,344.4,NA,NA,NA,NA,NA,"PSF_20260428","20260910"
"West Vancouver Island","Pink",1974,873339,67672,679.7,NA,305.9,NA,NA,NA,NA,NA,"PSF_20260428","20260910"
"West Vancouver Island","Pink",1975,27625,155325,1689.7,NA,270.7,NA,NA,NA,NA,NA,"PSF_20260428","20260910"
"West Vancouver Island","Pink",1976,816457,150181,1630.5,NA,238.5,NA,NA,NA,NA,NA,"PSF_20260428","20260910"
"West Vancouver Island","Pink",1977,104872,292615,3271.7,NA,209.1,NA,NA,NA,NA,NA,"PSF_20260428","20260910"
"West Vancouver Island","Pink",1978,762702,282818,3158.8,NA,182.3,NA,NA,NA,NA,NA,"PSF_20260428","20260910"
"West Vancouver Island","Pink",1979,3103,48648,460.5,NA,157.8,NA,NA,NA,NA,NA,"PSF_20260428","20260910"
"West Vancouver Island","Pink",1980,411420,35730,311.7,NA,135.5,NA,NA,NA,NA,NA,"PSF_20260428","20260910"
"West Vancouver Island","Pink",1981,2765,33728,288.6,NA,115,NA,NA,NA,NA,NA,"PSF_20260428","20260910"
"West Vancouver Island","Pink",1982,101181,16726,92.7,NA,96.4,NA,NA,NA,NA,NA,"PSF_20260428","20260910"
"West Vancouver Island","Pink",1983,11523,34145,293.4,NA,79.3,NA,NA,NA,NA,NA,"PSF_20260428","20260910"
"West Vancouver Island","Pink",1984,18521,14608,68.3,NA,63.8,NA,NA,NA,NA,NA,"PSF_20260428","20260910"
"West Vancouver Island","Pink",1985,12824,15412,77.6,NA,49.6,NA,NA,NA,NA,NA,"PSF_20260428","20260910"
"West Vancouver Island","Pink",1986,36353,21592,148.8,NA,36.6,NA,NA,NA,NA,NA,"PSF_20260428","20260910"
"West Vancouver Island","Pink",1987,6864,15797,82,NA,24.7,NA,NA,NA,NA,NA,"PSF_20260428","20260910"
"West Vancouver Island","Pink",1988,4594,5615,-35.3,NA,13.9,NA,NA,NA,NA,NA,"PSF_20260428","20260910"
"West Vancouver Island","Pink",1989,549,1588,-81.7,NA,4,NA,NA,NA,NA,NA,"PSF_20260428","20260910"
"West Vancouver Island","Pink",1990,26150,3790,-56.3,NA,-5,NA,NA,NA,NA,NA,"PSF_20260428","20260910"
"West Vancouver Island","Pink",1991,56631,38483,343.4,NA,-13.2,NA,NA,NA,NA,NA,"PSF_20260428","20260910"
"West Vancouver Island","Pink",1992,345,4417,-49.1,NA,-20.8,NA,NA,NA,NA,NA,"PSF_20260428","20260910"
"West Vancouver Island","Pink",1993,43562,3874,-55.4,NA,-27.6,NA,NA,NA,NA,NA,"PSF_20260428","20260910"
"West Vancouver Island","Pink",1994,9241,20064,131.2,NA,-33.9,NA,NA,NA,NA,NA,"PSF_20260428","20260910"
"West Vancouver Island","Pink",1995,2113,4419,-49.1,NA,-39.6,NA,NA,NA,NA,NA,"PSF_20260428","20260910"
"West Vancouver Island","Pink",1996,7912,4089,-52.9,NA,-44.9,NA,NA,NA,NA,NA,"PSF_20260428","20260910"
"West Vancouver Island","Pink",1997,3460,5232,-39.7,NA,-49.7,NA,NA,NA,NA,NA,"PSF_20260428","20260910"
"West Vancouver Island","Pink",1998,4069,3752,-56.8,NA,-54,NA,NA,NA,NA,NA,"PSF_20260428","20260910"
"West Vancouver Island","Pink",1999,1908,2786,-67.9,NA,-58,NA,NA,NA,NA,NA,"PSF_20260428","20260910"
"West Vancouver Island","Pink",2000,3368,2535,-70.8,NA,-61.7,NA,NA,NA,NA,NA,"PSF_20260428","20260910"
"West Vancouver Island","Pink",2001,2475,2887,-66.7,NA,-65,NA,NA,NA,NA,NA,"PSF_20260428","20260910"
"West Vancouver Island","Pink",2002,1289,1786,-79.4,NA,-68,NA,NA,NA,NA,NA,"PSF_20260428","20260910"
"West Vancouver Island","Pink",2003,933,1097,-87.4,NA,-70.8,NA,NA,NA,NA,NA,"PSF_20260428","20260910"
"West Vancouver Island","Pink",2004,459,654,-92.5,NA,-73.3,NA,NA,NA,NA,NA,"PSF_20260428","20260910"
"West Vancouver Island","Pink",2005,651,546,-93.7,NA,-75.6,NA,NA,NA,NA,NA,"PSF_20260428","20260910"
"West Vancouver Island","Pink",2006,224,382,-95.6,NA,-77.8,NA,NA,NA,NA,NA,"PSF_20260428","20260910"
"West Vancouver Island","Pink",2007,629,375,-95.7,NA,-79.7,NA,NA,NA,NA,NA,"PSF_20260428","20260910"
"West Vancouver Island","Pink",2008,604,616,-92.9,NA,-81.4,NA,NA,NA,NA,NA,"PSF_20260428","20260910"
"West Vancouver Island","Pink",2009,934,751,-91.3,NA,-83.1,NA,NA,NA,NA,NA,"PSF_20260428","20260910"
"West Vancouver Island","Pink",2010,1473,1173,-86.5,NA,-84.5,NA,NA,NA,NA,NA,"PSF_20260428","20260910"
"West Vancouver Island","Pink",2011,1561,1516,-82.5,NA,-85.9,NA,NA,NA,NA,NA,"PSF_20260428","20260910"
"West Vancouver Island","Pink",2012,3114,2205,-74.6,NA,-87.1,NA,NA,NA,NA,NA,"PSF_20260428","20260910"
"West Vancouver Island","Pink",2013,3432,3269,-62.3,NA,-88.2,NA,NA,NA,NA,NA,"PSF_20260428","20260910"
"West Vancouver Island","Pink",2014,1292,2106,-75.7,NA,-89.2,NA,NA,NA,NA,NA,"PSF_20260428","20260910"
"West Vancouver Island","Pink",2015,5184,2588,-70.2,NA,-90.2,NA,NA,NA,NA,NA,"PSF_20260428","20260910"
"West Vancouver Island","Pink",2016,248,1134,-86.9,NA,-91,NA,NA,NA,NA,NA,"PSF_20260428","20260910"
"West Vancouver Island","Pink",2017,656,403,-95.4,NA,-91.8,NA,NA,NA,NA,NA,"PSF_20260428","20260910"
"West Vancouver Island","Pink",2018,430,531,-93.9,NA,-92.5,NA,NA,NA,NA,NA,"PSF_20260428","20260910"
"West Vancouver Island","Pink",2019,268,340,-96.1,NA,-93.2,NA,NA,NA,NA,NA,"PSF_20260428","20260910"
"West Vancouver Island","Pink",2020,163,209,-97.6,-98,-93.8,NA,NA,NA,NA,NA,"PSF_20260428","20260910"
"West Vancouver Island","Pink",2021,268,209,-97.6,-97.1,-94.3,NA,NA,NA,NA,NA,"PSF_20260428","20260910"
"West Vancouver Island","Pink",2022,279,274,-96.8,-96,-94.8,NA,NA,NA,NA,NA,"PSF_20260428","20260910"
"West Vancouver Island","Pink",2023,1231,586,-93.2,-94.3,-95.2,NA,NA,NA,NA,NA,"PSF_20260428","20260910"
"West Vancouver Island","Pink",2024,629,880,-89.9,-91.9,-95.7,NA,NA,NA,NA,NA,"PSF_20260428","20260910"
"West Vancouver Island","Pink",2025,1156,852,-90.2,-88.6,-96,NA,NA,NA,NA,NA,"PSF_20260428","20260910"
"West Vancouver Island","Steelhead",1953,NA,NA,NA,NA,NA,NA,NA,NA,NA,NA,"PSF_20260428","20260910"
"West Vancouver Island","Steelhead",1954,NA,NA,NA,NA,NA,NA,NA,NA,NA,NA,"PSF_20260428","20260910"
"West Vancouver Island","Steelhead",1955,NA,NA,NA,NA,NA,NA,NA,NA,NA,NA,"PSF_20260428","20260910"
"West Vancouver Island","Steelhead",1956,NA,NA,NA,NA,NA,NA,NA,NA,NA,NA,"PSF_20260428","20260910"
"West Vancouver Island","Steelhead",1957,NA,NA,NA,NA,NA,NA,NA,NA,NA,NA,"PSF_20260428","20260910"
"West Vancouver Island","Steelhead",1958,NA,NA,NA,NA,NA,NA,NA,NA,NA,NA,"PSF_20260428","20260910"
"West Vancouver Island","Steelhead",1959,NA,NA,NA,NA,NA,NA,NA,NA,NA,NA,"PSF_20260428","20260910"
"West Vancouver Island","Steelhead",1960,NA,NA,NA,NA,NA,NA,NA,NA,NA,NA,"PSF_20260428","20260910"
"West Vancouver Island","Steelhead",1961,NA,NA,NA,NA,NA,NA,NA,NA,NA,NA,"PSF_20260428","20260910"
"West Vancouver Island","Steelhead",1962,NA,NA,NA,NA,NA,NA,NA,NA,NA,NA,"PSF_20260428","20260910"
"West Vancouver Island","Steelhead",1963,NA,NA,NA,NA,NA,NA,NA,NA,NA,NA,"PSF_20260428","20260910"
"West Vancouver Island","Steelhead",1964,NA,NA,NA,NA,NA,NA,NA,NA,NA,NA,"PSF_20260428","20260910"
"West Vancouver Island","Steelhead",1965,NA,NA,NA,NA,NA,NA,NA,NA,NA,NA,"PSF_20260428","20260910"
"West Vancouver Island","Steelhead",1966,NA,NA,NA,NA,NA,NA,NA,NA,NA,NA,"PSF_20260428","20260910"
"West Vancouver Island","Steelhead",1967,NA,NA,NA,NA,NA,NA,NA,NA,NA,NA,"PSF_20260428","20260910"
"West Vancouver Island","Steelhead",1968,NA,NA,NA,NA,NA,NA,NA,NA,NA,NA,"PSF_20260428","20260910"
"West Vancouver Island","Steelhead",1969,NA,NA,NA,NA,NA,NA,NA,NA,NA,NA,"PSF_20260428","20260910"
"West Vancouver Island","Steelhead",1970,NA,NA,NA,NA,NA,NA,NA,NA,NA,NA,"PSF_20260428","20260910"
"West Vancouver Island","Steelhead",1971,NA,NA,NA,NA,NA,NA,NA,NA,NA,NA,"PSF_20260428","20260910"
"West Vancouver Island","Steelhead",1972,NA,NA,NA,NA,NA,NA,NA,NA,NA,NA,"PSF_20260428","20260910"
"West Vancouver Island","Steelhead",1973,NA,NA,NA,NA,NA,NA,NA,NA,NA,NA,"PSF_20260428","20260910"
"West Vancouver Island","Steelhead",1974,NA,NA,NA,NA,NA,NA,NA,NA,NA,NA,"PSF_20260428","20260910"
"West Vancouver Island","Steelhead",1975,406,406,-34.3,NA,23.3,NA,NA,NA,NA,NA,"PSF_20260428","20260910"
"West Vancouver Island","Steelhead",1976,307,353,-42.9,NA,22.2,NA,NA,NA,NA,NA,"PSF_20260428","20260910"
"West Vancouver Island","Steelhead",1977,448,382,-38.1,NA,21.1,NA,NA,NA,NA,NA,"PSF_20260428","20260910"
"West Vancouver Island","Steelhead",1978,265,349,-43.5,NA,20.1,NA,NA,NA,NA,NA,"PSF_20260428","20260910"
"West Vancouver Island","Steelhead",1979,444,366,-40.8,NA,19,NA,NA,NA,NA,NA,"PSF_20260428","20260910"
"West Vancouver Island","Steelhead",1980,875,427,-30.9,NA,17.9,NA,NA,NA,NA,NA,"PSF_20260428","20260910"
"West Vancouver Island","Steelhead",1981,985,539,-12.8,NA,16.9,NA,NA,NA,NA,NA,"PSF_20260428","20260910"
"West Vancouver Island","Steelhead",1982,1134,649,5,NA,15.8,NA,NA,NA,NA,NA,"PSF_20260428","20260910"
"West Vancouver Island","Steelhead",1983,966,840,36,NA,14.8,NA,NA,NA,NA,NA,"PSF_20260428","20260910"
"West Vancouver Island","Steelhead",1984,1709,1100,78.1,NA,13.8,NA,NA,NA,NA,NA,"PSF_20260428","20260910"
"West Vancouver Island","Steelhead",1985,1118,1156,87,NA,12.8,NA,NA,NA,NA,NA,"PSF_20260428","20260910"
"West Vancouver Island","Steelhead",1986,1140,1190,92.6,NA,11.8,NA,NA,NA,NA,NA,"PSF_20260428","20260910"
"West Vancouver Island","Steelhead",1987,1190,1201,94.4,NA,10.8,NA,NA,NA,NA,NA,"PSF_20260428","20260910"
"West Vancouver Island","Steelhead",1988,922,1190,92.6,NA,9.8,NA,NA,NA,NA,NA,"PSF_20260428","20260910"
"West Vancouver Island","Steelhead",1989,652,982,58.9,NA,8.8,NA,NA,NA,NA,NA,"PSF_20260428","20260910"
"West Vancouver Island","Steelhead",1990,686,890,44.1,NA,7.9,NA,NA,NA,NA,NA,"PSF_20260428","20260910"
"West Vancouver Island","Steelhead",1991,624,789,27.7,NA,6.9,NA,NA,NA,NA,NA,"PSF_20260428","20260910"
"West Vancouver Island","Steelhead",1992,893,745,20.6,NA,5.9,NA,NA,NA,NA,NA,"PSF_20260428","20260910"
"West Vancouver Island","Steelhead",1993,664,698,12.9,NA,5,NA,NA,NA,NA,NA,"PSF_20260428","20260910"
"West Vancouver Island","Steelhead",1994,521,667,8,NA,4.1,NA,NA,NA,NA,NA,"PSF_20260428","20260910"
"West Vancouver Island","Steelhead",1995,638,658,6.4,NA,3.1,NA,NA,NA,NA,NA,"PSF_20260428","20260910"
"West Vancouver Island","Steelhead",1996,1347,767,24.1,NA,2.2,NA,NA,NA,NA,NA,"PSF_20260428","20260910"
"West Vancouver Island","Steelhead",1997,824,755,22.1,NA,1.3,NA,NA,NA,NA,NA,"PSF_20260428","20260910"
"West Vancouver Island","Steelhead",1998,1156,843,36.5,NA,0.4,NA,NA,NA,NA,NA,"PSF_20260428","20260910"
"West Vancouver Island","Steelhead",1999,805,920,48.9,NA,-0.5,NA,NA,NA,NA,NA,"PSF_20260428","20260910"
"West Vancouver Island","Steelhead",2000,1137,1033,67.1,NA,-1.4,NA,NA,NA,NA,NA,"PSF_20260428","20260910"
"West Vancouver Island","Steelhead",2001,921,957,54.9,NA,-2.2,NA,NA,NA,NA,NA,"PSF_20260428","20260910"
"West Vancouver Island","Steelhead",2002,896,973,57.5,NA,-3.1,NA,NA,NA,NA,NA,"PSF_20260428","20260910"
"West Vancouver Island","Steelhead",2003,543,837,35.4,NA,-4,NA,NA,NA,NA,NA,"PSF_20260428","20260910"
"West Vancouver Island","Steelhead",2004,302,688,11.3,NA,-4.8,NA,NA,NA,NA,NA,"PSF_20260428","20260910"
"West Vancouver Island","Steelhead",2005,248,507,-17.9,NA,-5.7,NA,NA,NA,NA,NA,"PSF_20260428","20260910"
"West Vancouver Island","Steelhead",2006,740,486,-21.4,NA,-6.5,NA,NA,NA,NA,NA,"PSF_20260428","20260910"
"West Vancouver Island","Steelhead",2007,471,427,-30.9,NA,-7.3,NA,NA,NA,NA,NA,"PSF_20260428","20260910"
"West Vancouver Island","Steelhead",2008,389,399,-35.4,NA,-8.2,NA,NA,NA,NA,NA,"PSF_20260428","20260910"
"West Vancouver Island","Steelhead",2009,497,441,-28.6,NA,-9,NA,NA,NA,NA,NA,"PSF_20260428","20260910"
"West Vancouver Island","Steelhead",2010,1046,588,-4.8,NA,-9.8,NA,NA,NA,NA,NA,"PSF_20260428","20260910"
"West Vancouver Island","Steelhead",2011,972,621,0.6,23,-10.6,NA,NA,NA,NA,NA,"PSF_20260428","20260910"
"West Vancouver Island","Steelhead",2012,893,706,14.3,14.9,-11.4,NA,NA,NA,NA,NA,"PSF_20260428","20260910"
"West Vancouver Island","Steelhead",2013,567,761,23.2,7.4,-12.2,NA,NA,NA,NA,NA,"PSF_20260428","20260910"
"West Vancouver Island","Steelhead",2014,615,794,28.6,0.4,-13,NA,NA,NA,NA,NA,"PSF_20260428","20260910"
"West Vancouver Island","Steelhead",2015,353,639,3.5,-6.2,-13.7,NA,NA,NA,NA,NA,"PSF_20260428","20260910"
"West Vancouver Island","Steelhead",2016,668,593,-4,-12.3,-14.5,NA,NA,NA,NA,NA,"PSF_20260428","20260910"
"West Vancouver Island","Steelhead",2017,486,525,-15,-18.1,-15.3,NA,NA,NA,NA,NA,"PSF_20260428","20260910"
"West Vancouver Island","Steelhead",2018,371,482,-21.9,-23.4,-16,NA,NA,NA,NA,NA,"PSF_20260428","20260910"
"West Vancouver Island","Steelhead",2019,158,368,-40.5,-28.4,-16.8,NA,NA,NA,NA,NA,"PSF_20260428","20260910"
"West Vancouver Island","Steelhead",2020,336,364,-41.1,-33.1,-17.5,NA,NA,NA,NA,NA,"PSF_20260428","20260910"
"West Vancouver Island","Steelhead",2021,199,286,-53.7,-37.5,-18.2,NA,NA,NA,NA,NA,"PSF_20260428","20260910"
"West Vancouver Island","Steelhead",2022,593,297,-51.9,-41.6,-19,NA,NA,NA,NA,NA,"PSF_20260428","20260910"
"West Vancouver Island","Steelhead",2023,272,280,-54.8,-45.4,-19.7,NA,NA,NA,NA,NA,"PSF_20260428","20260910"
"West Vancouver Island","Steelhead",2024,806,387,-37.4,-49,-20.4,NA,NA,NA,NA,NA,"PSF_20260428","20260910"
"West Vancouver Island","Steelhead",2025,542,426,-31.1,-52.3,-21.1,NA,NA,NA,NA,NA,"PSF_20260428","20260910"
"Fraser","Chinook",1984,185527,185527,-19.7,NA,-9.7,229392,229392,-13.9,NA,-8.3,"Weir_20260424","20260910"
"Fraser","Chinook",1985,264225,221407,-4.1,NA,-9.4,296839,260945,-2,NA,-8.1,"Weir_20260424","20260910"
"Fraser","Chinook",1986,286016,241133,4.4,NA,-9.1,328191,281671,5.8,NA,-7.8,"Weir_20260424","20260910"
"Fraser","Chinook",1987,180741,224366,-2.9,NA,-8.8,204800,260099,-2.3,NA,-7.5,"Weir_20260424","20260910"
"Fraser","Chinook",1988,140249,204242,-11.6,NA,-8.5,161034,236317,-11.3,NA,-7.2,"Weir_20260424","20260910"
"Fraser","Chinook",1989,157331,197618,-14.4,NA,-8.2,185293,226439,-15,NA,-7,"Weir_20260424","20260910"
"Fraser","Chinook",1990,282706,200308,-13.3,NA,-7.8,312550,228787,-14.1,NA,-6.7,"Weir_20260424","20260910"
"Fraser","Chinook",1991,174481,181456,-21.4,NA,-7.5,202154,207655,-22,NA,-6.4,"Weir_20260424","20260910"
"Fraser","Chinook",1992,231909,190732,-17.4,NA,-7.2,250277,216152,-18.8,NA,-6.2,"Weir_20260424","20260910"
"Fraser","Chinook",1993,209159,206604,-10.6,NA,-6.9,239928,234095,-12.1,NA,-5.9,"Weir_20260424","20260910"
"Fraser","Chinook",1994,227111,222343,-3.7,NA,-6.6,261222,250740,-5.8,NA,-5.6,"Weir_20260424","20260910"
"Fraser","Chinook",1995,141488,193598,-16.2,NA,-6.3,173215,222821,-16.3,NA,-5.3,"Weir_20260424","20260910"
"Fraser","Chinook",1996,204870,199915,-13.4,NA,-5.9,239700,230544,-13.4,NA,-5.1,"Weir_20260424","20260910"
"Fraser","Chinook",1997,221592,198104,-14.2,NA,-5.6,276403,235168,-11.7,NA,-4.8,"Weir_20260424","20260910"
"Fraser","Chinook",1998,366398,221610,-4.1,NA,-5.3,398714,260312,-2.2,NA,-4.5,"Weir_20260424","20260910"
"Fraser","Chinook",1999,224622,221122,-4.3,NA,-5,254890,259037,-2.7,NA,-4.2,"Weir_20260424","20260910"
"Fraser","Chinook",2000,188626,234211,1.4,NA,-4.6,226238,273249,2.6,NA,-3.9,"Weir_20260424","20260910"
"Fraser","Chinook",2001,258172,245298,6.2,NA,-4.3,302606,286286,7.5,NA,-3.7,"Weir_20260424","20260910"
"Fraser","Chinook",2002,289047,258688,12,NA,-4,328980,296432,11.3,NA,-3.4,"Weir_20260424","20260910"
"Fraser","Chinook",2003,457384,270422,17.1,NA,-3.7,510617,311467,17,NA,-3.1,"Weir_20260424","20260910"
"Fraser","Chinook",2004,279536,282514,22.3,NA,-3.3,340651,330068,24,NA,-2.8,"Weir_20260424","20260910"
"Fraser","Chinook",2005,234638,295120,27.8,NA,-3,277939,343938,29.2,NA,-2.5,"Weir_20260424","20260910"
"Fraser","Chinook",2006,294203,302933,31.2,NA,-2.7,336145,351245,31.9,NA,-2.2,"Weir_20260424","20260910"
"Fraser","Chinook",2007,175541,274175,18.7,NA,-2.3,204604,319418,20,NA,-2,"Weir_20260424","20260910"
"Fraser","Chinook",2008,176684,226679,-1.9,NA,-2,218251,269483,1.2,NA,-1.7,"Weir_20260424","20260910"
"Fraser","Chinook",2009,205546,213160,-7.7,NA,-1.7,247537,252812,-5.1,NA,-1.4,"Weir_20260424","20260910"
"Fraser","Chinook",2010,308481,225150,-2.5,NA,-1.3,344758,263943,-0.9,NA,-1.1,"Weir_20260424","20260910"
"Fraser","Chinook",2011,283978,223563,-3.2,-19.5,-1,342549,264941,-0.5,-16.6,-0.8,"Weir_20260424","20260910"
"Fraser","Chinook",2012,125128,208927,-9.5,-17.5,-0.7,158323,251696,-5.5,-15,-0.5,"Weir_20260424","20260910"
"Fraser","Chinook",2013,197822,213703,-7.5,-15.4,-0.3,219889,252072,-5.3,-13.3,-0.2,"Weir_20260424","20260910"
"Fraser","Chinook",2014,213954,215423,-6.7,-13.3,0,258544,254275,-4.5,-11.6,0.1,"Weir_20260424","20260910"
"Fraser","Chinook",2015,346212,220453,-4.6,-11.1,0.3,386761,260189,-2.3,-9.8,0.4,"Weir_20260424","20260910"
"Fraser","Chinook",2016,167980,198477,-14.1,-8.9,0.7,181303,229100,-14,-8,0.6,"Weir_20260424","20260910"
"Fraser","Chinook",2017,135150,201559,-12.7,-6.6,1,154423,227960,-14.4,-6.2,0.9,"Weir_20260424","20260910"
"Fraser","Chinook",2018,110631,179441,-22.3,-4.3,1.4,132555,206015,-22.6,-4.4,1.2,"Weir_20260424","20260910"
"Fraser","Chinook",2019,230624,182154,-21.1,-1.9,1.7,265303,207081,-22.2,-2.5,1.5,"Weir_20260424","20260910"
"Fraser","Chinook",2020,230462,167916,-27.3,0.6,2.1,266599,192231,-27.8,-0.5,1.8,"Weir_20260424","20260910"
"Fraser","Chinook",2021,251334,182008,-21.2,3.1,2.4,286373,210634,-20.9,1.4,2.1,"Weir_20260424","20260910"
"Fraser","Chinook",2022,253739,206445,-10.6,5.7,2.8,283194,237795,-10.7,3.4,2.4,"Weir_20260424","20260910"
"Fraser","Chinook",2023,822984,308395,33.5,8.3,3.1,864756,346021,29.9,5.5,2.7,"Weir_20260424","20260910"
"Fraser","Chinook",2024,331641,331634,43.6,11,3.5,371801,370182,39,7.6,3,"Weir_20260424","20260910"
"Fraser","Chinook",2025,391694,368747,59.7,13.8,3.8,407718,403010,51.3,9.7,3.3,"Weir_20260424","20260910"
"Fraser","Chum",1996,1186180,1186180,4.6,NA,66,1213046,1213046,-3.6,NA,57.9,"Jenewin_20260709","20260910"
"Fraser","Chum",1997,1045815,1113788,-1.8,NA,60.4,1092549,1151222,-8.5,NA,53,"Jenewin_20260709","20260910"
"Fraser","Chum",1998,3561043,1640820,44.7,NA,54.9,3601181,1683660,33.8,NA,48.3,"Jenewin_20260709","20260910"
"Fraser","Chum",1999,2987256,1905960,68,NA,49.6,3077878,1957734,55.6,NA,43.7,"Jenewin_20260709","20260910"
"Fraser","Chum",2000,699976,1670502,47.3,NA,44.5,746790,1734139,37.8,NA,39.3,"Jenewin_20260709","20260910"
"Fraser","Chum",2001,3151893,2201031,94.1,NA,39.6,3288543,2284150,81.5,NA,35,"Jenewin_20260709","20260910"
"Fraser","Chum",2002,2302250,1973649,74,NA,34.8,2438503,2072021,64.6,NA,30.9,"Jenewin_20260709","20260910"
"Fraser","Chum",2003,1494491,1659874,46.3,NA,30.2,1609582,1762015,40,NA,26.9,"Jenewin_20260709","20260910"
"Fraser","Chum",2004,2716634,2329765,105.4,NA,25.8,2878832,2468960,96.2,NA,23,"Jenewin_20260709","20260910"
"Fraser","Chum",2005,1331383,1878214,65.6,NA,21.5,1505689,2030940,61.4,NA,19.2,"Jenewin_20260709","20260910"
"Fraser","Chum",2006,1970621,1806582,59.3,NA,17.4,2287455,1998731,58.8,NA,15.5,"Jenewin_20260709","20260910"
"Fraser","Chum",2007,1057248,1656832,46.1,NA,13.4,1190696,1853644,47.3,NA,12,"Jenewin_20260709","20260910"
"Fraser","Chum",2008,982016,1284696,13.3,NA,9.5,1116431,1462784,16.2,NA,8.5,"Jenewin_20260709","20260910"
"Fraser","Chum",2009,474550,992648,-12.5,NA,5.8,610255,1167143,-7.3,NA,5.2,"Jenewin_20260709","20260910"
"Fraser","Chum",2010,608718,740028,-34.8,NA,2.2,639592,848715,-32.6,NA,2,"Jenewin_20260709","20260910"
"Fraser","Chum",2011,1081706,744272,-34.4,NA,-1.3,1151590,841659,-33.1,NA,-1.2,"Jenewin_20260709","20260910"
"Fraser","Chum",2012,1384366,810988,-28.5,NA,-4.7,1598025,920606,-26.9,NA,-4.2,"Jenewin_20260709","20260910"
"Fraser","Chum",2013,1002487,977718,-13.8,NA,-7.9,1260411,1103632,-12.3,NA,-7.2,"Jenewin_20260709","20260910"
"Fraser","Chum",2014,1165194,1150030,1.4,-7.2,-11,1384986,1338782,6.4,5.7,-10,"Jenewin_20260709","20260910"
"Fraser","Chum",2015,950530,1113457,-1.8,-10.8,-14.1,1249601,1366401,8.6,-0.1,-12.8,"Jenewin_20260709","20260910"
"Fraser","Chum",2016,1979489,1217584,7.4,-14.3,-17,2387608,1510682,20,-5.6,-15.5,"Jenewin_20260709","20260910"
"Fraser","Chum",2017,659667,1096631,-3.3,-17.6,-19.8,908874,1392101,10.6,-10.8,-18.1,"Jenewin_20260709","20260910"
"Fraser","Chum",2018,684875,960204,-15.3,-20.8,-22.6,762588,1199174,-4.7,-15.8,-20.6,"Jenewin_20260709","20260910"
"Fraser","Chum",2019,303816,721980,-36.3,-23.8,-25.2,324524,856053,-32,-20.4,-23,"Jenewin_20260709","20260910"
"Fraser","Chum",2020,601114,535952,-52.7,-26.8,-27.8,683091,626080,-50.3,-24.8,-25.4,"Jenewin_20260709","20260910"
"Fraser","Chum",2021,536416,508944,-55.1,-29.6,-30.2,560028,554698,-55.9,-29,-27.7,"Jenewin_20260709","20260910"
"Fraser","Chum",2022,1143582,578541,-49,-32.3,-32.6,1207553,622244,-50.6,-32.9,-29.9,"Jenewin_20260709","20260910"
"Fraser","Chum",2023,715938,716804,-36.8,-34.9,-34.9,738950,764368,-39.3,-36.6,-32.1,"Jenewin_20260709","20260910"
"Fraser","Chum",2024,1762899,938033,-17.3,-37.4,-37.1,1826862,977483,-22.3,-40.1,-34.2,"Jenewin_20260709","20260910"
"Fraser","Chum",2025,971020,1088052,-4.1,-39.8,-39.2,1011457,1133166,-10,-43.4,-36.2,"Jenewin_20260709","20260910"
"Fraser","Coho",1984,85157,85157,111.7,NA,11.7,266537,266537,308.6,NA,126.6,"Vivian_20260527","20260910"
"Fraser","Coho",1985,56449,69333,72.4,NA,11,176681,217007,232.7,NA,118,"Vivian_20260527","20260910"
"Fraser","Coho",1986,67502,68717,70.9,NA,10.4,196881,210080,222,NA,109.7,"Vivian_20260527","20260910"
"Fraser","Coho",1987,79106,71179,77,NA,9.7,170933,199524,205.9,NA,101.8,"Vivian_20260527","20260910"
"Fraser","Coho",1988,94973,73147,81.9,NA,9.1,329729,210423,222.6,NA,94.2,"Vivian_20260527","20260910"
"Fraser","Coho",1989,69742,77118,91.8,NA,8.5,196551,216105,231.3,NA,86.8,"Vivian_20260527","20260910"
"Fraser","Coho",1990,47731,70718,75.8,NA,7.8,181179,211661,224.5,NA,79.8,"Vivian_20260527","20260910"
"Fraser","Coho",1991,32691,56700,41,NA,7.2,101353,185735,184.7,NA,73,"Vivian_20260527","20260910"
"Fraser","Coho",1992,52484,48886,21.6,NA,6.6,283155,178798,174.1,NA,66.4,"Vivian_20260527","20260910"
"Fraser","Coho",1993,35939,41420,3,NA,6,288698,196836,201.7,NA,60.1,"Vivian_20260527","20260910"
"Fraser","Coho",1994,37543,39006,-3,NA,5.4,66252,153065,134.6,NA,54.1,"Vivian_20260527","20260910"
"Fraser","Coho",1995,29018,37862,-5.9,NA,4.8,66192,137600,110.9,NA,48.2,"Vivian_20260527","20260910"
"Fraser","Coho",1996,12515,26457,-34.2,NA,4.1,75828,98985,51.7,NA,42.6,"Vivian_20260527","20260910"
"Fraser","Coho",1997,21917,23380,-41.9,NA,3.5,36826,59156,-9.3,NA,37.2,"Vivian_20260527","20260910"
"Fraser","Coho",1998,28197,21765,-45.9,NA,2.9,30335,48661,-25.4,NA,32.1,"Vivian_20260527","20260910"
"Fraser","Coho",1999,24616,20888,-48.1,NA,2.4,27059,38910,-40.4,NA,27.1,"Vivian_20260527","20260910"
"Fraser","Coho",2000,23514,24456,-39.2,NA,1.8,24424,29313,-55.1,NA,22.3,"Vivian_20260527","20260910"
"Fraser","Coho",2001,62979,31841,-20.8,NA,1.2,67792,34144,-47.7,NA,17.6,"Vivian_20260527","20260910"
"Fraser","Coho",2002,57570,38061,-5.4,NA,0.6,62454,40899,-37.3,NA,13.2,"Vivian_20260527","20260910"
"Fraser","Coho",2003,22500,37215,-7.5,NA,0,25862,40439,-38,NA,8.9,"Vivian_20260527","20260910"
"Fraser","Coho",2004,42025,43030,7,NA,-0.6,47017,47633,-27,NA,4.8,"Vivian_20260527","20260910"
"Fraser","Coho",2005,14502,29808,-25.9,NA,-1.1,15991,33196,-49.1,NA,0.8,"Vivian_20260527","20260910"
"Fraser","Coho",2006,9940,19214,-52.2,NA,-1.7,11106,21557,-67,NA,-3,"Vivian_20260527","20260910"
"Fraser","Coho",2007,60220,24576,-38.9,NA,-2.3,68369,27488,-57.9,NA,-6.7,"Vivian_20260527","20260910"
"Fraser","Coho",2008,17338,19697,-51,NA,-2.9,19179,21968,-66.3,NA,-10.2,"Vivian_20260527","20260910"
"Fraser","Coho",2009,23197,22151,-44.9,NA,-3.4,27013,25044,-61.6,NA,-13.6,"Vivian_20260527","20260910"
"Fraser","Coho",2010,40729,31515,-21.6,NA,-4,45762,35682,-45.3,NA,-16.9,"Vivian_20260527","20260910"
"Fraser","Coho",2011,28419,26121,-35.1,NA,-4.5,33188,29783,-54.3,NA,-20,"Vivian_20260527","20260910"
"Fraser","Coho",2012,57560,35259,-12.3,NA,-5.1,67442,40785,-37.5,NA,-23,"Vivian_20260527","20260910"
"Fraser","Coho",2013,58644,44460,10.5,NA,-5.6,73795,52434,-19.6,NA,-25.9,"Vivian_20260527","20260910"
"Fraser","Coho",2014,19619,37039,-7.9,-37.4,-6.2,30569,47403,-27.3,-50,-28.7,"Vivian_20260527","20260910"
"Fraser","Coho",2015,12863,30380,-24.5,-30.2,-6.7,16935,40064,-38.6,-45,-31.4,"Vivian_20260527","20260910"
"Fraser","Coho",2016,67485,31613,-21.4,-22.3,-7.3,74297,41045,-37.1,-39.6,-34,"Vivian_20260527","20260910"
"Fraser","Coho",2017,24898,25518,-36.5,-13.4,-7.8,27671,32119,-50.8,-33.6,-36.5,"Vivian_20260527","20260910"
"Fraser","Coho",2018,33980,29274,-27.2,-3.5,-8.3,40196,34395,-47.3,-27,-38.9,"Vivian_20260527","20260910"
"Fraser","Coho",2019,45868,40228,0,7.5,-8.9,58606,46912,-28.1,-19.8,-41.2,"Vivian_20260527","20260910"
"Fraser","Coho",2020,68310,40350,0.3,19.8,-9.4,79452,47705,-26.9,-11.9,-43.5,"Vivian_20260527","20260910"
"Fraser","Coho",2021,83716,54640,35.9,33.5,-9.9,92551,64514,-1.1,-3.2,-45.6,"Vivian_20260527","20260910"
"Fraser","Coho",2022,69543,65353,62.5,48.7,-10.4,79220,76439,17.2,6.4,-47.7,"Vivian_20260527","20260910"
"Fraser","Coho",2023,73617,73558,82.9,65.7,-10.9,84299,83712,28.3,16.9,-49.6,"Vivian_20260527","20260910"
"Fraser","Coho",2024,112459,83322,107.2,84.6,-11.5,127267,94176,44.4,28.5,-51.5,"Vivian_20260527","20260910"
"Fraser","Coho",2025,97773,86619,115.4,105.7,-12,111203,98599,51.1,41.2,-53.4,"Vivian_20260527","20260910"
"Fraser","Pink",1959,1078000,1078000,-77.3,NA,-69,6460055,6460055,-32.6,NA,-32.8,"PSC_20260417","20260910"
"Fraser","Pink",1961,1092561,1092561,-76.9,NA,-66.7,1889246,1889246,-80.3,NA,-31.2,"PSC_20260417","20260910"
"Fraser","Pink",1963,1954038,1954038,-58.8,NA,-64.3,5482350,5482350,-42.8,NA,-29.5,"PSC_20260417","20260910"
"Fraser","Pink",1965,1194099,1194099,-74.8,NA,-61.6,2319887,2319887,-75.8,NA,-27.8,"PSC_20260417","20260910"
"Fraser","Pink",1967,1831219,1831219,-61.4,NA,-58.8,12962791,12962791,35.2,NA,-26,"PSC_20260417","20260910"
"Fraser","Pink",1969,1530913,1530913,-67.7,NA,-55.8,3931461,3931461,-59,NA,-24.2,"PSC_20260417","20260910"
"Fraser","Pink",1971,1804952,1804952,-61.9,NA,-52.5,9763328,9763328,1.8,NA,-22.4,"PSC_20260417","20260910"
"Fraser","Pink",1973,1754261,1754261,-63,NA,-49,6803984,6803984,-29,NA,-20.5,"PSC_20260417","20260910"
"Fraser","Pink",1975,1367089,1367089,-71.2,NA,-45.3,4893955,4893955,-49,NA,-18.5,"PSC_20260417","20260910"
"Fraser","Pink",1977,2387811,2387811,-49.6,NA,-41.3,8209485,8209485,-14.4,NA,-16.5,"PSC_20260417","20260910"
"Fraser","Pink",1979,3560654,3560654,-24.9,NA,-37,14404120,14404120,50.3,NA,-14.5,"PSC_20260417","20260910"
"Fraser","Pink",1981,4488336,4488336,-5.3,NA,-32.3,18684689,18684689,94.9,NA,-12.4,"PSC_20260417","20260910"
"Fraser","Pink",1983,4631721,4631721,-2.3,NA,-27.3,15346097,15346097,60.1,NA,-10.3,"PSC_20260417","20260910"
"Fraser","Pink",1985,6460950,6460950,36.3,NA,-22,19038024,19038024,98.6,NA,-8.1,"PSC_20260417","20260910"
"Fraser","Pink",1987,3223521,3223521,-32,NA,-16.3,7171773,7171773,-25.2,NA,-5.8,"PSC_20260417","20260910"
"Fraser","Pink",1989,7189201,7189201,51.7,NA,-10.1,16484275,16484275,72,NA,-3.6,"PSC_20260417","20260910"
"Fraser","Pink",1991,12942835,12942835,173.1,NA,-3.5,22173639,22173639,131.3,NA,-1.2,"PSC_20260417","20260910"
"Fraser","Pink",1993,10768335,10768335,127.2,NA,3.6,16983498,16983498,77.2,NA,1.2,"PSC_20260417","20260910"
"Fraser","Pink",1995,7174584,7174584,51.4,NA,11.2,12903708,12903708,34.6,NA,3.7,"PSC_20260417","20260910"
"Fraser","Pink",1997,2842108,2842108,-40,NA,19.4,8175964,8175964,-14.7,NA,6.2,"PSC_20260417","20260910"
"Fraser","Pink",1999,3444982,3444982,-27.3,NA,28.2,3608265,3608265,-62.4,NA,8.8,"PSC_20260417","20260910"
"Fraser","Pink",2001,19813620,19813620,318.1,NA,37.6,21261774,21261774,121.8,NA,11.5,"PSC_20260417","20260910"
"Fraser","Pink",2003,22181030,22181030,368,NA,47.8,24250000,24250000,153,NA,14.2,"PSC_20260417","20260910"
"Fraser","Pink",2005,8809624,8809624,85.9,NA,58.6,9870000,9870000,3,NA,17,"PSC_20260417","20260910"
"Fraser","Pink",2007,7650052,7650052,61.4,NA,70.3,8490000,8490000,-11.4,NA,19.8,"PSC_20260417","20260910"
"Fraser","Pink",2009,15428836,15428836,225.5,NA,82.8,19993043,19993043,108.6,NA,22.7,"PSC_20260417","20260910"
"Fraser","Pink",2011,12784508,12784508,169.7,NA,96.3,20645120,20645120,115.4,NA,25.7,"PSC_20260417","20260910"
"Fraser","Pink",2013,9344490,9344490,97.2,NA,110.7,15897819,15897819,65.8,NA,28.8,"PSC_20260417","20260910"
"Fraser","Pink",2015,5368996,5368996,13.3,NA,126.2,5865236,5865236,-38.8,NA,31.9,"PSC_20260417","20260910"
"Fraser","Pink",2017,3392159,3392159,-28.4,NA,142.8,3563091,3563091,-62.8,NA,35.2,"PSC_20260417","20260910"
"Fraser","Pink",2019,8307419,8307419,75.3,NA,160.7,8858203,8858203,-7.6,NA,38.5,"PSC_20260417","20260910"
"Fraser","Pink",2021,7827445,7827445,65.2,54,179.9,8107514,8107514,-15.4,-19.9,41.8,"PSC_20260417","20260910"
"Fraser","Pink",2023,9542025,9542025,101.3,131.6,200.5,10513292,10513292,9.7,22.3,45.3,"PSC_20260417","20260910"
"Fraser","Pink",2025,17695303,17695303,273.4,248.2,222.6,18909506,18909506,97.2,86.8,48.8,"PSC_20260417","20260910"
"Fraser","Sockeye",1893,8050000,8050000,660,NA,-45.9,16340000,16340000,259.3,NA,5.7,"PSC_20260417","20260910"
"Fraser","Sockeye",1894,2300000,4302906,306.2,NA,-45.4,6845000,10575788,132.6,NA,5.6,"PSC_20260417","20260910"
"Fraser","Sockeye",1895,1835000,3238818,205.8,NA,-44.8,7350000,9367800,106,NA,5.6,"PSC_20260417","20260910"
"Fraser","Sockeye",1896,660000,2176085,105.4,NA,-44.3,5160000,8070318,77.5,NA,5.5,"PSC_20260417","20260910"
"Fraser","Sockeye",1897,11200000,2363369,123.1,NA,-43.8,28065000,9238871,103.2,NA,5.5,"PSC_20260417","20260910"
"Fraser","Sockeye",1898,540000,1645121,55.3,NA,-43.2,5635000,8800331,93.5,NA,5.4,"PSC_20260417","20260910"
"Fraser","Sockeye",1899,1420000,1542983,45.7,NA,-42.7,13575000,10259168,125.6,NA,5.3,"PSC_20260417","20260910"
"Fraser","Sockeye",1900,380000,1344067,26.9,NA,-42.2,4815000,10083209,121.7,NA,5.3,"PSC_20260417","20260910"
"Fraser","Sockeye",1901,12600000,1384233,30.7,NA,-41.6,40195000,11030635,142.6,NA,5.2,"PSC_20260417","20260910"
"Fraser","Sockeye",1902,450000,1322555,24.9,NA,-41,7680000,11918383,162.1,NA,5.1,"PSC_20260417","20260910"
"Fraser","Sockeye",1903,470000,1003151,-5.3,NA,-40.5,4770000,9176181,101.8,NA,5.1,"PSC_20260417","20260910"
"Fraser","Sockeye",1904,2e+05,854432,-19.3,NA,-39.9,2690000,7933247,74.5,NA,5,"PSC_20260417","20260910"
"Fraser","Sockeye",1905,10150000,809472,-23.6,NA,-39.3,32070000,7497780,64.9,NA,5,"PSC_20260417","20260910"
"Fraser","Sockeye",1906,435000,802640,-24.2,NA,-38.8,4595000,6594225,45,NA,4.9,"PSC_20260417","20260910"
"Fraser","Sockeye",1907,2e+05,648267,-38.8,NA,-38.2,2005000,5309612,16.8,NA,4.8,"PSC_20260417","20260910"
"Fraser","Sockeye",1908,190000,640007,-39.6,NA,-37.6,2995000,5454110,19.9,NA,4.8,"PSC_20260417","20260910"
"Fraser","Sockeye",1909,4730000,528790,-50.1,NA,-37,27850000,5265086,15.8,NA,4.7,"PSC_20260417","20260910"
"Fraser","Sockeye",1910,765000,608943,-42.5,NA,-36.4,5340000,5466627,20.2,NA,4.6,"PSC_20260417","20260910"
"Fraser","Sockeye",1911,165000,580350,-45.2,NA,-35.8,2395000,5715013,25.7,NA,4.6,"PSC_20260417","20260910"
"Fraser","Sockeye",1912,345000,673684,-36.4,NA,-35.2,3830000,6077398,33.7,NA,4.5,"PSC_20260417","20260910"
"Fraser","Sockeye",1913,6450000,728000,-31.3,NA,-34.6,38785000,6602028,45.2,NA,4.5,"PSC_20260417","20260910"
"Fraser","Sockeye",1914,670000,704262,-33.5,NA,-33.9,6485000,6930579,52.4,NA,4.4,"PSC_20260417","20260910"
"Fraser","Sockeye",1915,370000,861815,-18.6,NA,-33.3,2225000,6804178,49.6,NA,4.3,"PSC_20260417","20260910"
"Fraser","Sockeye",1916,130000,675219,-36.3,NA,-32.7,1465000,5351005,17.7,NA,4.3,"PSC_20260417","20260910"
"Fraser","Sockeye",1917,615000,375209,-64.6,NA,-32,7795000,3582807,-21.2,NA,4.2,"PSC_20260417","20260910"
"Fraser","Sockeye",1918,85000,223929,-78.9,NA,-31.4,925000,2201818,-51.6,NA,4.1,"PSC_20260417","20260910"
"Fraser","Sockeye",1919,240000,200961,-81,NA,-30.7,1525000,2003394,-55.9,NA,4.1,"PSC_20260417","20260910"
"Fraser","Sockeye",1920,2e+05,223812,-78.9,NA,-30.1,1415000,1986077,-56.3,NA,4,"PSC_20260417","20260910"
"Fraser","Sockeye",1921,215000,172098,-83.8,NA,-29.4,1910000,1397334,-69.3,NA,4,"PSC_20260417","20260910"
"Fraser","Sockeye",1922,420000,256586,-75.8,NA,-28.7,1530000,1584666,-65.2,NA,3.9,"PSC_20260417","20260910"
"Fraser","Sockeye",1923,305000,272430,-74.3,NA,-28,1190000,1489385,-67.2,NA,3.8,"PSC_20260417","20260910"
"Fraser","Sockeye",1924,265000,292286,-72.4,NA,-27.3,1515000,1515030,-66.7,NA,3.8,"PSC_20260417","20260910"
"Fraser","Sockeye",1925,180000,279587,-73.6,NA,-26.7,2070000,1545807,-66,NA,3.7,"PSC_20260417","20260910"
"Fraser","Sockeye",1926,630000,309414,-70.8,NA,-26,2350000,1720876,-62.2,NA,3.7,"PSC_20260417","20260910"
"Fraser","Sockeye",1927,620000,369456,-65.1,NA,-25.2,2600000,2092214,-54,NA,3.6,"PSC_20260417","20260910"
"Fraser","Sockeye",1928,130000,309198,-70.8,NA,-24.5,1194000,1971306,-56.6,NA,3.5,"PSC_20260417","20260910"
"Fraser","Sockeye",1929,3e+05,351317,-66.8,NA,-23.8,2581000,2083092,-54.2,NA,3.5,"PSC_20260417","20260910"
"Fraser","Sockeye",1930,2625000,501934,-52.6,NA,-23.1,7594000,2792924,-38.6,NA,3.4,"PSC_20260417","20260910"
"Fraser","Sockeye",1931,220000,387395,-63.4,NA,-22.4,1935000,2594096,-43,NA,3.3,"PSC_20260417","20260910"
"Fraser","Sockeye",1932,245000,453900,-57.1,NA,-21.6,2127000,2996931,-34.1,NA,3.3,"PSC_20260417","20260910"
"Fraser","Sockeye",1933,345000,470039,-55.6,NA,-20.9,2982000,3107110,-31.7,NA,3.2,"PSC_20260417","20260910"
"Fraser","Sockeye",1934,1390000,400964,-62.1,NA,-20.1,6727000,3014355,-33.7,NA,3.2,"PSC_20260417","20260910"
"Fraser","Sockeye",1935,295000,431475,-59.3,NA,-19.3,2228000,3122504,-31.3,NA,3.1,"PSC_20260417","20260910"
"Fraser","Sockeye",1936,590000,537498,-49.3,NA,-18.6,3635000,3570156,-21.5,NA,3,"PSC_20260417","20260910"
"Fraser","Sockeye",1937,680000,636868,-39.9,NA,-17.8,3308000,3663968,-19.4,NA,3,"PSC_20260417","20260910"
"Fraser","Sockeye",1938,888584,569469,-46.2,NA,-17,4388584,3292891,-27.6,NA,2.9,"PSC_20260417","20260910"
"Fraser","Sockeye",1939,157769,486990,-54,NA,-16.2,1615769,3038739,-33.2,NA,2.8,"PSC_20260417","20260910"
"Fraser","Sockeye",1940,552476,479055,-54.8,NA,-15.4,2739476,2831289,-37.7,NA,2.8,"PSC_20260417","20260910"
"Fraser","Sockeye",1941,541515,452544,-57.3,NA,-14.6,4844515,3114622,-31.5,NA,2.7,"PSC_20260417","20260910"
"Fraser","Sockeye",1942,2884524,607442,-42.7,NA,-13.8,11649524,3975588,-12.6,NA,2.7,"PSC_20260417","20260910"
"Fraser","Sockeye",1943,242724,676515,-36.1,NA,-13,966724,3496489,-23.1,NA,2.6,"PSC_20260417","20260910"
"Fraser","Sockeye",1944,315934,588300,-44.5,NA,-12.2,1889934,3186595,-29.9,NA,2.5,"PSC_20260417","20260910"
"Fraser","Sockeye",1945,553839,591618,-44.1,NA,-11.3,2366839,2664137,-41.4,NA,2.5,"PSC_20260417","20260910"
"Fraser","Sockeye",1946,2915964,593224,-44,NA,-10.5,11127599,2633782,-42.1,NA,2.4,"PSC_20260417","20260910"
"Fraser","Sockeye",1947,650082,758896,-28.4,NA,-9.6,1324612,2849551,-37.3,NA,2.4,"PSC_20260417","20260910"
"Fraser","Sockeye",1948,1015551,1016152,-4.1,NA,-8.8,3067598,3216358,-29.3,NA,2.3,"PSC_20260417","20260910"
"Fraser","Sockeye",1949,1085549,1202335,13.5,NA,-7.9,3556902,3561149,-21.7,NA,2.2,"PSC_20260417","20260910"
"Fraser","Sockeye",1950,1790393,1064307,0.5,NA,-7,4349541,2815792,-38.1,NA,2.2,"PSC_20260417","20260910"
"Fraser","Sockeye",1951,606154,1045853,-1.3,NA,-6.1,3408154,3566221,-21.6,NA,2.1,"PSC_20260417","20260910"
"Fraser","Sockeye",1952,845578,999042,-5.7,NA,-5.2,3192271,3601916,-20.8,NA,2.1,"PSC_20260417","20260910"
"Fraser","Sockeye",1953,1294198,1043930,-1.4,NA,-4.3,5424013,4002633,-12,NA,2,"PSC_20260417","20260910"
"Fraser","Sockeye",1954,2447264,1128768,6.6,NA,-3.4,12065818,5165640,13.6,NA,1.9,"PSC_20260417","20260910"
"Fraser","Sockeye",1955,383239,1006529,-5,NA,-2.5,2579473,4818114,6,NA,1.9,"PSC_20260417","20260910"
"Fraser","Sockeye",1956,872700,1014505,-4.2,NA,-1.5,2735905,4635829,1.9,NA,1.8,"PSC_20260417","20260910"
"Fraser","Sockeye",1957,1661127,1079828,1.9,NA,-0.6,4800258,4496383,-1.1,NA,1.8,"PSC_20260417","20260910"
"Fraser","Sockeye",1958,2860878,1122818,6,NA,0.3,17755038,4952273,8.9,NA,1.7,"PSC_20260417","20260910"
"Fraser","Sockeye",1959,949331,1408628,33,NA,1.3,4406685,5661738,24.5,NA,1.6,"PSC_20260417","20260910"
"Fraser","Sockeye",1960,627909,1297341,22.5,NA,2.3,3168405,5873334,29.2,NA,1.6,"PSC_20260417","20260910"
"Fraser","Sockeye",1961,1250087,1208338,14.1,NA,3.2,4123098,5654243,24.3,NA,1.5,"PSC_20260417","20260910"
"Fraser","Sockeye",1962,1623957,1048835,-1,NA,4.2,3493984,3765948,-17.2,NA,1.4,"PSC_20260417","20260910"
"Fraser","Sockeye",1963,1601518,1195324,12.8,NA,5.2,3981448,3671610,-19.3,NA,1.4,"PSC_20260417","20260910"
"Fraser","Sockeye",1964,426417,1085101,2.4,NA,6.2,1684326,3135111,-31.1,NA,1.3,"PSC_20260417","20260910"
"Fraser","Sockeye",1965,852269,986006,-6.9,NA,7.2,3160025,2933389,-35.5,NA,1.3,"PSC_20260417","20260910"
"Fraser","Sockeye",1966,1919281,1028065,-2.9,NA,8.3,5437689,3276371,-27.9,NA,1.2,"PSC_20260417","20260910"
"Fraser","Sockeye",1967,1353640,985742,-6.9,NA,9.3,6717237,3734053,-17.9,NA,1.1,"PSC_20260417","20260910"
"Fraser","Sockeye",1968,626625,1085317,2.5,NA,10.3,2922504,4285610,-5.8,NA,1.1,"PSC_20260417","20260910"
"Fraser","Sockeye",1969,1001140,1129890,6.7,NA,11.4,4878004,4776949,5.1,NA,1,"PSC_20260417","20260910"
"Fraser","Sockeye",1970,1943221,1133397,7,NA,12.4,6164244,4929092,8.4,NA,1,"PSC_20260417","20260910"
"Fraser","Sockeye",1971,759846,981042,-7.4,NA,13.5,7707950,5101572,12.2,NA,0.9,"PSC_20260417","20260910"
"Fraser","Sockeye",1972,830074,1052482,-0.6,NA,14.6,3707324,5414151,19.1,NA,0.8,"PSC_20260417","20260910"
"Fraser","Sockeye",1973,1181093,1096888,3.6,NA,15.7,6877356,5899636,29.7,NA,0.8,"PSC_20260417","20260910"
"Fraser","Sockeye",1974,1757489,1069682,1,NA,16.8,8615807,6414742,41.1,NA,0.7,"PSC_20260417","20260910"
"Fraser","Sockeye",1975,990729,1143042,7.9,NA,17.9,3668619,5328073,17.2,NA,0.7,"PSC_20260417","20260910"
"Fraser","Sockeye",1976,823423,1140745,7.7,NA,19,4353143,5546331,22,NA,0.6,"PSC_20260417","20260910"
"Fraser","Sockeye",1977,1113453,1124050,6.1,NA,20.2,6138320,5390918,18.6,NA,0.5,"PSC_20260417","20260910"
"Fraser","Sockeye",1978,2514318,1229327,16.1,NA,21.3,9499672,5524156,21.5,NA,0.5,"PSC_20260417","20260910"
"Fraser","Sockeye",1979,1407828,1342197,26.7,NA,22.5,6572508,6391062,40.5,NA,0.4,"PSC_20260417","20260910"
"Fraser","Sockeye",1980,848320,1352229,27.7,NA,23.6,3227956,5930676,30.4,NA,0.4,"PSC_20260417","20260910"
"Fraser","Sockeye",1981,1451249,1444834,36.4,NA,24.8,8096402,6355721,39.8,NA,0.3,"PSC_20260417","20260910"
"Fraser","Sockeye",1982,4023350,1625024,53.4,NA,26,14057112,7009898,54.2,NA,0.2,"PSC_20260417","20260910"
"Fraser","Sockeye",1983,975901,1482770,40,NA,27.2,5345927,6657094,46.4,NA,0.2,"PSC_20260417","20260910"
"Fraser","Sockeye",1984,931671,1517922,43.3,NA,28.4,6060241,7792472,71.4,NA,0.1,"PSC_20260417","20260910"
"Fraser","Sockeye",1985,2141613,1673013,57.9,NA,29.7,13744110,8894702,95.6,NA,0.1,"PSC_20260417","20260910"
"Fraser","Sockeye",1986,3717444,1640263,54.8,NA,30.9,16838875,9305413,104.6,NA,0,"PSC_20260417","20260910"
"Fraser","Sockeye",1987,1914743,1941286,83.3,NA,32.1,7697576,10193384,124.2,NA,-0.1,"PSC_20260417","20260910"
"Fraser","Sockeye",1988,1418275,2156324,103.6,NA,33.4,3968776,9169804,101.7,NA,-0.1,"PSC_20260417","20260910"
"Fraser","Sockeye",1989,3111718,2367440,123.5,NA,34.7,18744574,9909456,117.9,NA,-0.2,"PSC_20260417","20260910"
"Fraser","Sockeye",1990,6084832,2677811,152.8,NA,36,21990925,10593328,133,NA,-0.2,"PSC_20260417","20260910"
"Fraser","Sockeye",1991,3331509,3075478,190.3,NA,37.3,11573900,11730428,158,NA,-0.3,"PSC_20260417","20260910"
"Fraser","Sockeye",1992,1120656,2899616,173.7,NA,38.6,6428602,13233625,191,NA,-0.4,"PSC_20260417","20260910"
"Fraser","Sockeye",1993,6228096,3448890,225.6,NA,39.9,24254776,14114297,210.4,NA,-0.4,"PSC_20260417","20260910"
"Fraser","Sockeye",1994,3103636,2914640,175.2,NA,41.2,17302272,13293036,192.3,NA,-0.5,"PSC_20260417","20260910"
"Fraser","Sockeye",1995,1757009,2483808,134.5,NA,42.6,3976533,10177249,123.8,NA,-0.5,"PSC_20260417","20260910"
"Fraser","Sockeye",1996,2056236,2890801,172.9,NA,43.9,4653079,9387206,106.4,NA,-0.6,"PSC_20260417","20260910"
"Fraser","Sockeye",1997,4262269,2629297,148.2,NA,45.3,16548110,8531475,87.6,NA,-0.6,"PSC_20260417","20260910"
"Fraser","Sockeye",1998,4427679,2873532,171.3,NA,46.7,10863978,7594437,67,NA,-0.7,"PSC_20260417","20260910"
"Fraser","Sockeye",1999,1867769,2917785,175.5,NA,48.1,3642165,7429496,63.4,NA,-0.8,"PSC_20260417","20260910"
"Fraser","Sockeye",2000,2354260,3018204,184.9,NA,49.5,5225156,7648020,68.2,NA,-0.8,"PSC_20260417","20260910"
"Fraser","Sockeye",2001,5278817,3183996,200.6,NA,50.9,7186761,6208622,36.5,NA,-0.9,"PSC_20260417","20260910"
"Fraser","Sockeye",2002,10131025,3915993,269.7,NA,52.4,15385323,6772900,48.9,NA,-0.9,"PSC_20260417","20260910"
"Fraser","Sockeye",2003,1987715,3977403,275.5,NA,53.8,4852893,7276708,60,NA,-1,"PSC_20260417","20260910"
"Fraser","Sockeye",2004,525309,2733630,158.1,NA,55.3,4256445,6913085,52,NA,-1.1,"PSC_20260417","20260910"
"Fraser","Sockeye",2005,3360632,2441804,130.5,NA,56.8,6905872,6844524,50.5,NA,-1.1,"PSC_20260417","20260910"
"Fraser","Sockeye",2006,4662857,2011224,89.9,NA,58.3,13036117,6566798,44.4,NA,-1.2,"PSC_20260417","20260910"
"Fraser","Sockeye",2007,888896,1644692,55.3,NA,59.8,1577327,4958312,9,NA,-1.2,"PSC_20260417","20260910"
"Fraser","Sockeye",2008,817020,1836704,73.4,NA,61.3,1717555,3951844,-13.1,NA,-1.3,"PSC_20260417","20260910"
"Fraser","Sockeye",2009,1103321,1390303,31.3,NA,62.8,1669612,2771080,-39.1,NA,-1.4,"PSC_20260417","20260910"
"Fraser","Sockeye",2010,13142562,1801426,70.1,NA,64.4,28215072,3361106,-26.1,NA,-1.4,"PSC_20260417","20260910"
"Fraser","Sockeye",2011,2586342,2352746,122.1,NA,66,5128781,4513416,-0.7,NA,-1.5,"PSC_20260417","20260910"
"Fraser","Sockeye",2012,925467,2427209,129.1,NA,67.6,2065952,4726697,3.9,NA,-1.5,"PSC_20260417","20260910"
"Fraser","Sockeye",2013,2572096,2999187,183.1,NA,69.2,4328794,5997850,31.9,NA,-1.6,"PSC_20260417","20260910"
"Fraser","Sockeye",2014,5890523,2453985,131.7,57.9,70.8,18892958,5425632,19.3,-22.4,-1.7,"PSC_20260417","20260910"
"Fraser","Sockeye",2015,1192968,2022356,90.9,50.3,72.4,2011991,4293913,-5.6,-28.2,-1.7,"PSC_20260417","20260910"
"Fraser","Sockeye",2016,487032,1722490,62.6,43,74,836117,3424838,-24.7,-33.4,-1.8,"PSC_20260417","20260910"
"Fraser","Sockeye",2017,955791,1344856,27,36.1,75.7,1296258,2533501,-44.3,-38.3,-1.8,"PSC_20260417","20260910"
"Fraser","Sockeye",2018,4102178,1228545,16,29.6,77.4,11032788,2214713,-51.3,-42.9,-1.9,"PSC_20260417","20260910"
"Fraser","Sockeye",2019,304568,873283,-17.6,23.3,79.1,581167,1623627,-64.3,-47.1,-1.9,"PSC_20260417","20260910"
"Fraser","Sockeye",2020,273843,756207,-28.6,17.4,80.8,396163,1347063,-70.4,-51,-2,"PSC_20260417","20260910"
"Fraser","Sockeye",2021,1905755,898601,-15.2,11.7,82.5,2459136,1580923,-65.2,-54.6,-2.1,"PSC_20260417","20260910"
"Fraser","Sockeye",2022,3509979,864250,-18.4,6.3,84.2,6650985,1393031,-69.4,-57.9,-2.1,"PSC_20260417","20260910"
"Fraser","Sockeye",2023,920575,1139549,7.6,1.2,86,1425363,1743279,-61.7,-61,-2.2,"PSC_20260417","20260910"
"Fraser","Sockeye",2024,477697,1309622,23.6,-3.7,87.8,889225,2133789,-53.1,-63.9,-2.2,"PSC_20260417","20260910"
"Fraser","Sockeye",2025,5398767,1699036,60.4,-8.3,89.6,9073378,2957318,-35,-66.6,-2.3,"Everitt_20260708","20260910"
"Fraser","Steelhead",1972,960,960,-27.8,NA,106.2,NA,NA,NA,NA,NA,"Bison_20241129","20260910"
"Fraser","Steelhead",1973,1435,1174,-11.8,NA,101.1,NA,NA,NA,NA,NA,"Bison_20241129","20260910"
"Fraser","Steelhead",1974,677,977,-26.6,NA,96.1,NA,NA,NA,NA,NA,"Bison_20241129","20260910"
"Fraser","Steelhead",1975,581,858,-35.5,NA,91.3,NA,NA,NA,NA,NA,"Bison_20241129","20260910"
"Fraser","Steelhead",1976,1022,888,-33.2,NA,86.5,NA,NA,NA,NA,NA,"Bison_20241129","20260910"
"Fraser","Steelhead",1977,494,778,-41.5,NA,81.9,NA,NA,NA,NA,NA,"Bison_20241129","20260910"
"Fraser","Steelhead",1978,2818,890,-33.1,NA,77.4,NA,NA,NA,NA,NA,"Bison_20241129","20260910"
"Fraser","Steelhead",1979,2381,1145,-13.9,NA,73,NA,NA,NA,NA,NA,"Bison_20241129","20260910"
"Fraser","Steelhead",1980,1845,1443,8.4,NA,68.7,NA,NA,NA,NA,NA,"Bison_20241129","20260910"
"Fraser","Steelhead",1981,1833,1622,21.9,NA,64.5,NA,NA,NA,NA,NA,"Bison_20241129","20260910"
"Fraser","Steelhead",1982,2126,2171,63.2,NA,60.4,NA,NA,NA,NA,NA,"Bison_20241129","20260910"
"Fraser","Steelhead",1983,4388,2372,78.3,NA,56.4,NA,NA,NA,NA,NA,"Bison_20241129","20260910"
"Fraser","Steelhead",1984,2253,2346,76.3,NA,52.5,NA,NA,NA,NA,NA,"Bison_20241129","20260910"
"Fraser","Steelhead",1985,6659,3033,127.9,NA,48.7,NA,NA,NA,NA,NA,"Bison_20241129","20260910"
"Fraser","Steelhead",1986,4322,3600,170.6,NA,45,NA,NA,NA,NA,NA,"Bison_20241129","20260910"
"Fraser","Steelhead",1987,4008,4087,207.2,NA,41.4,NA,NA,NA,NA,NA,"Bison_20241129","20260910"
"Fraser","Steelhead",1988,3842,3980,199.1,NA,37.9,NA,NA,NA,NA,NA,"Bison_20241129","20260910"
"Fraser","Steelhead",1989,2280,3989,199.8,NA,34.5,NA,NA,NA,NA,NA,"Bison_20241129","20260910"
"Fraser","Steelhead",1990,1603,3001,125.5,NA,31.2,NA,NA,NA,NA,NA,"Bison_20241129","20260910"
"Fraser","Steelhead",1991,1666,2480,86.4,NA,27.9,NA,NA,NA,NA,NA,"Bison_20241129","20260910"
"Fraser","Steelhead",1992,1442,2021,51.9,NA,24.7,NA,NA,NA,NA,NA,"Bison_20241129","20260910"
"Fraser","Steelhead",1993,4506,2087,56.8,NA,21.6,NA,NA,NA,NA,NA,"Bison_20241129","20260910"
"Fraser","Steelhead",1994,3577,2283,71.6,NA,18.6,NA,NA,NA,NA,NA,"Bison_20241129","20260910"
"Fraser","Steelhead",1995,3420,2657,99.7,NA,15.7,NA,NA,NA,NA,NA,"Bison_20241129","20260910"
"Fraser","Steelhead",1996,1538,2615,96.5,NA,12.8,NA,NA,NA,NA,NA,"Bison_20241129","20260910"
"Fraser","Steelhead",1997,4373,3264,145.3,NA,10,NA,NA,NA,NA,NA,"Bison_20241129","20260910"
"Fraser","Steelhead",1998,2142,2813,111.4,NA,7.3,NA,NA,NA,NA,NA,"Bison_20241129","20260910"
"Fraser","Steelhead",1999,3264,2762,107.6,NA,4.6,NA,NA,NA,NA,NA,"Bison_20241129","20260910"
"Fraser","Steelhead",2000,2239,2538,90.7,NA,2,NA,NA,NA,NA,NA,"Bison_20241129","20260910"
"Fraser","Steelhead",2001,3068,2914,119,NA,-0.5,NA,NA,NA,NA,NA,"Bison_20241129","20260910"
"Fraser","Steelhead",2002,4274,2900,118,NA,-3,NA,NA,NA,NA,NA,"Bison_20241129","20260910"
"Fraser","Steelhead",2003,2397,2966,122.9,NA,-5.4,NA,NA,NA,NA,NA,"Bison_20241129","20260910"
"Fraser","Steelhead",2004,1204,2430,82.6,NA,-7.8,NA,NA,NA,NA,NA,"Bison_20241129","20260910"
"Fraser","Steelhead",2005,2824,2546,91.3,NA,-10,NA,NA,NA,NA,NA,"Bison_20241129","20260910"
"Fraser","Steelhead",2006,2212,2384,79.2,NA,-12.3,NA,NA,NA,NA,NA,"Bison_20241129","20260910"
"Fraser","Steelhead",2007,1114,1822,36.9,NA,-14.5,NA,NA,NA,NA,NA,"Bison_20241129","20260910"
"Fraser","Steelhead",2008,1318,1617,21.5,NA,-16.6,NA,NA,NA,NA,NA,"Bison_20241129","20260910"
"Fraser","Steelhead",2009,1040,1570,18,NA,-18.7,NA,NA,NA,NA,NA,"Bison_20241129","20260910"
"Fraser","Steelhead",2010,734,1199,-9.9,NA,-20.7,NA,NA,NA,NA,NA,"Bison_20241129","20260910"
"Fraser","Steelhead",2011,894,1000,-24.8,NA,-22.6,NA,NA,NA,NA,NA,"Bison_20241129","20260910"
"Fraser","Steelhead",2012,1307,1033,-22.4,8,-24.6,NA,NA,NA,NA,NA,"Bison_20241129","20260910"
"Fraser","Steelhead",2013,1464,1055,-20.7,-6.2,-26.4,NA,NA,NA,NA,NA,"Bison_20241129","20260910"
"Fraser","Steelhead",2014,2255,1231,-7.5,-18.5,-28.3,NA,NA,NA,NA,NA,"Bison_20241129","20260910"
"Fraser","Steelhead",2015,1268,1374,3.2,-29.2,-30,NA,NA,NA,NA,NA,"Bison_20241129","20260910"
"Fraser","Steelhead",2016,494,1220,-8.3,-38.4,-31.8,NA,NA,NA,NA,NA,"Bison_20241129","20260910"
"Fraser","Steelhead",2017,420,972,-26.9,-46.5,-33.5,NA,NA,NA,NA,NA,"Bison_20241129","20260910"
"Fraser","Steelhead",2018,227,670,-49.7,-53.5,-35.1,NA,NA,NA,NA,NA,"Bison_20241129","20260910"
"Fraser","Steelhead",2019,360,464,-65.1,-59.6,-36.7,NA,NA,NA,NA,NA,"Bison_20241129","20260910"
"Fraser","Steelhead",2020,295,347,-74,-64.9,-38.3,NA,NA,NA,NA,NA,"Bison_20241129","20260910"
"Fraser","Steelhead",2021,222,295,-77.8,-69.5,-39.8,NA,NA,NA,NA,NA,"Bison_20241129","20260910"
"Fraser","Steelhead",2022,123,231,-82.6,-73.5,-41.3,NA,NA,NA,NA,NA,"Bison_20241129","20260910"
"Fraser","Steelhead",2023,505,271,-79.6,-77,-42.8,NA,NA,NA,NA,NA,"Bison_20241129","20260910"
"Fraser","Steelhead",2024,282,258,-80.6,-80,-44.2,NA,NA,NA,NA,NA,"Bison_20241129","20260910"
"Fraser","Steelhead",2025,538,291,-78.1,-82.6,-45.6,NA,NA,NA,NA,NA,"Bison_20241129","20260910"
"Fraser","Steelhead",2026,166,275,-79.4,-84.9,-46.9,NA,NA,NA,NA,NA,"Bison_20241129","20260910"
"Columbia","Chinook",2006,34,34,51,NA,-41.4,NA,NA,NA,NA,NA,"DFO_20250318","20260910"
"Columbia","Chinook",2007,7,15,-31.6,NA,-38,NA,NA,NA,NA,NA,"DFO_20250318","20260910"
"Columbia","Chinook",2008,14,15,-33.8,NA,-34.4,NA,NA,NA,NA,NA,"DFO_20250318","20260910"
"Columbia","Chinook",2009,6,12,-47.2,NA,-30.6,NA,NA,NA,NA,NA,"DFO_20250318","20260910"
"Columbia","Chinook",2010,5,10,-55.6,NA,-26.5,NA,NA,NA,NA,NA,"DFO_20250318","20260910"
"Columbia","Chinook",2011,21,9,-59.6,-34.3,-22.2,NA,NA,NA,NA,NA,"DFO_20250318","20260910"
"Columbia","Chinook",2012,11,10,-55.6,-28.9,-17.7,NA,NA,NA,NA,NA,"DFO_20250318","20260910"
"Columbia","Chinook",2013,40,12,-45.4,-23.2,-12.8,NA,NA,NA,NA,NA,"DFO_20250318","20260910"
"Columbia","Chinook",2014,53,19,-15.6,-16.9,-7.8,NA,NA,NA,NA,NA,"DFO_20250318","20260910"
"Columbia","Chinook",2015,61,31,39,-10.1,-2.4,NA,NA,NA,NA,NA,"DFO_20250318","20260910"
"Columbia","Chinook",2016,40,36,58.1,-2.8,3.3,NA,NA,NA,NA,NA,"DFO_20250318","20260910"
"Columbia","Chinook",2017,55,49,118,5.1,9.4,NA,NA,NA,NA,NA,"DFO_20250318","20260910"
"Columbia","Chinook",2018,10,37,65.2,13.7,15.8,NA,NA,NA,NA,NA,"DFO_20250318","20260910"
"Columbia","Chinook",2019,15,29,28.3,22.9,22.5,NA,NA,NA,NA,NA,"DFO_20250318","20260910"
"Columbia","Chinook",2020,79,30,35,32.9,29.7,NA,NA,NA,NA,NA,"DFO_20250318","20260910"
"Columbia","Chinook",2021,73,34,52.3,43.8,37.3,NA,NA,NA,NA,NA,"DFO_20250318","20260910"
"Columbia","Chinook",2022,23,29,27.9,55.5,45.3,NA,NA,NA,NA,NA,"DFO_20250318","20260910"
"Columbia","Chinook",2023,20,33,47,68.1,53.8,NA,NA,NA,NA,NA,"DFO_20250318","20260910"
"Columbia","Chinook",2024,36,40,75.4,81.8,62.8,NA,NA,NA,NA,NA,"Fegan_20260827","20260910"
"Columbia","Chinook",2025,12,27,20.3,96.6,72.3,NA,NA,NA,NA,NA,"Fegan_20260827","20260910"
"Columbia","Sockeye",1961,3173,3173,-85.8,NA,-56.7,NA,NA,NA,NA,NA,"Ogden_20250627, Ogden_20250901","20260910"
"Columbia","Sockeye",1962,5431,4151,-81.4,NA,-55.7,NA,NA,NA,NA,NA,"Ogden_20250627, Ogden_20250901","20260910"
"Columbia","Sockeye",1963,26238,7675,-65.6,NA,-54.6,NA,NA,NA,NA,NA,"Ogden_20250627, Ogden_20250901","20260910"
"Columbia","Sockeye",1964,23252,10126,-54.6,NA,-53.4,NA,NA,NA,NA,NA,"Ogden_20250627, Ogden_20250901","20260910"
"Columbia","Sockeye",1965,17879,15601,-30,NA,-52.3,NA,NA,NA,NA,NA,"Ogden_20250627, Ogden_20250901","20260910"
"Columbia","Sockeye",1966,73659,29939,34.3,NA,-51.1,NA,NA,NA,NA,NA,"Ogden_20250627, Ogden_20250901","20260910"
"Columbia","Sockeye",1967,26964,30144,35.2,NA,-49.8,NA,NA,NA,NA,NA,"Ogden_20250627, Ogden_20250901","20260910"
"Columbia","Sockeye",1968,45523,35657,59.9,NA,-48.6,NA,NA,NA,NA,NA,"Ogden_20250627, Ogden_20250901","20260910"
"Columbia","Sockeye",1969,10711,31370,40.7,NA,-47.3,NA,NA,NA,NA,NA,"Ogden_20250627, Ogden_20250901","20260910"
"Columbia","Sockeye",1970,29342,24922,11.8,NA,-46,NA,NA,NA,NA,NA,"Ogden_20250627, Ogden_20250901","20260910"
"Columbia","Sockeye",1971,36091,26806,20.2,NA,-44.6,NA,NA,NA,NA,NA,"Ogden_20250627, Ogden_20250901","20260910"
"Columbia","Sockeye",1972,21564,22239,-0.3,NA,-43.3,NA,NA,NA,NA,NA,"Ogden_20250627, Ogden_20250901","20260910"
"Columbia","Sockeye",1973,12133,22943,2.9,NA,-41.8,NA,NA,NA,NA,NA,"Ogden_20250627, Ogden_20250901","20260910"
"Columbia","Sockeye",1974,7110,16097,-27.8,NA,-40.4,NA,NA,NA,NA,NA,"Ogden_20250627, Ogden_20250901","20260910"
"Columbia","Sockeye",1975,12739,12407,-44.4,NA,-38.9,NA,NA,NA,NA,NA,"Ogden_20250627, Ogden_20250901","20260910"
"Columbia","Sockeye",1976,16429,11592,-48,NA,-37.4,NA,NA,NA,NA,NA,"Ogden_20250627, Ogden_20250901","20260910"
"Columbia","Sockeye",1977,13176,11833,-46.9,NA,-35.8,NA,NA,NA,NA,NA,"Ogden_20250627, Ogden_20250901","20260910"
"Columbia","Sockeye",1978,4750,10698,-52,NA,-34.2,NA,NA,NA,NA,NA,"Ogden_20250627, Ogden_20250901","20260910"
"Columbia","Sockeye",1979,15009,11146,-50,NA,-32.6,NA,NA,NA,NA,NA,"Ogden_20250627, Ogden_20250901","20260910"
"Columbia","Sockeye",1980,15807,11039,-50.5,NA,-30.9,38814,38814,-45.5,NA,-68.8,"Ogden_20250627, Ogden_20250901","20260910"
"Columbia","Sockeye",1981,16938,11754,-47.3,NA,-29.2,42049,40399,-43.3,NA,-67.2,"Ogden_20250627, Ogden_20250901","20260910"
"Columbia","Sockeye",1982,11703,14726,-34,NA,-27.4,27493,35535,-50.1,NA,-65.5,"Ogden_20250627, Ogden_20250901","20260910"
"Columbia","Sockeye",1983,16761,15138,-32.1,NA,-25.6,38814,36328,-49,NA,-63.8,"Ogden_20250627, Ogden_20250901","20260910"
"Columbia","Sockeye",1984,53721,20554,-7.8,NA,-23.7,142318,50270,-29.4,NA,-62,"Ogden_20250627, Ogden_20250901","20260910"
"Columbia","Sockeye",1985,31946,24087,8,NA,-21.8,122911,65730,-7.7,NA,-60,"Ogden_20250627, Ogden_20250901","20260910"
"Columbia","Sockeye",1986,15472,25829,15.8,NA,-19.9,48518,75759,6.4,NA,-58,"Ogden_20250627, Ogden_20250901","20260910"
"Columbia","Sockeye",1987,21090,27356,22.7,NA,-17.9,100270,96046,34.9,NA,-55.9,"Ogden_20250627, Ogden_20250901","20260910"
"Columbia","Sockeye",1988,20653,21540,-3.4,NA,-15.8,79245,82968,16.5,NA,-53.7,"Ogden_20250627, Ogden_20250901","20260910"
"Columbia","Sockeye",1989,17947,18649,-16.4,NA,-13.7,43666,64054,-10,NA,-51.3,"Ogden_20250627, Ogden_20250901","20260910"
"Columbia","Sockeye",1990,6261,14874,-33.3,NA,-11.6,12938,46030,-35.4,NA,-48.9,"Ogden_20250627, Ogden_20250901","20260910"
"Columbia","Sockeye",1991,19738,14630,-34.4,NA,-9.4,40431,36680,-48.5,NA,-46.3,"Ogden_20250627, Ogden_20250901","20260910"
"Columbia","Sockeye",1992,33184,16471,-26.1,NA,-7.1,61456,34421,-51.7,NA,-43.6,"Ogden_20250627, Ogden_20250901","20260910"
"Columbia","Sockeye",1993,17151,16285,-27,NA,-4.8,40431,33765,-52.6,NA,-40.7,"Ogden_20250627, Ogden_20250901","20260910"
"Columbia","Sockeye",1994,1977,12208,-45.2,NA,-2.4,3235,23876,-66.5,NA,-37.7,"Ogden_20250627, Ogden_20250901","20260910"
"Columbia","Sockeye",1995,4581,8473,-62,NA,0,4910,14095,-80.2,NA,-34.6,"Ogden_20250627, Ogden_20250901","20260910"
"Columbia","Sockeye",1996,17035,7172,-67.8,NA,2.5,24259,11172,-84.3,NA,-31.3,"Ogden_20250627, Ogden_20250901","20260910"
"Columbia","Sockeye",1997,11996,6559,-70.6,NA,5.1,35580,10821,-84.8,NA,-27.8,"Ogden_20250627, Ogden_20250901","20260910"
"Columbia","Sockeye",1998,3708,7676,-65.6,NA,7.7,8086,13606,-80.9,NA,-24.1,"Ogden_20250627, Ogden_20250901","20260910"
"Columbia","Sockeye",1999,5648,8088,-63.7,NA,10.4,17790,18771,-73.6,NA,-20.3,"Ogden_20250627, Ogden_20250901","20260910"
"Columbia","Sockeye",2000,21926,8615,-61.4,NA,13.1,74394,24841,-65.1,NA,-16.3,"Ogden_20250627, Ogden_20250901","20260910"
"Columbia","Sockeye",2001,39378,11596,-48,NA,16,84097,30800,-56.7,NA,-12,"Ogden_20250627, Ogden_20250901","20260910"
"Columbia","Sockeye",2002,4904,12436,-44.2,NA,18.8,14555,35676,-49.9,NA,-7.6,"Ogden_20250627, Ogden_20250901","20260910"
"Columbia","Sockeye",2003,17753,16558,-25.7,NA,21.8,35580,42426,-40.4,NA,-2.9,"Ogden_20250627, Ogden_20250901","20260910"
"Columbia","Sockeye",2004,41791,19455,-12.7,NA,24.9,92183,44762,-37.1,NA,2,"Ogden_20250627, Ogden_20250901","20260910"
"Columbia","Sockeye",2005,31260,18364,-17.6,NA,28,59838,41111,-42.3,NA,7.2,"Ogden_20250627, Ogden_20250901","20260910"
"Columbia","Sockeye",2006,20819,26360,18.2,NA,31.2,29111,48890,-31.3,NA,12.6,"Ogden_20250627, Ogden_20250901","20260910"
"Columbia","Sockeye",2007,13490,24611,10.4,NA,34.4,19407,42016,-41,NA,18.3,"Ogden_20250627, Ogden_20250901","20260910"
"Columbia","Sockeye",2008,126972,32493,45.7,NA,37.8,177898,49521,-30.4,NA,24.3,"Ogden_20250627, Ogden_20250901","20260910"
"Columbia","Sockeye",2009,68129,39480,77.1,NA,41.2,134232,60605,-14.9,NA,30.6,"Ogden_20250627, Ogden_20250901","20260910"
"Columbia","Sockeye",2010,200344,69536,211.9,NA,44.8,339623,112007,57.3,NA,37.2,"Ogden_20250627, Ogden_20250901","20260910"
"Columbia","Sockeye",2011,34528,87952,294.5,NA,48.4,173046,193552,171.8,NA,44.1,"Ogden_20250627, Ogden_20250901","20260910"
"Columbia","Sockeye",2012,110302,84911,280.8,NA,52.1,472237,247055,247,NA,51.4,"Ogden_20250627, Ogden_20250901","20260910"
"Columbia","Sockeye",2013,47951,77774,248.8,NA,55.9,166577,260756,266.2,NA,59,"Ogden_20250627, Ogden_20250901","20260910"
"Columbia","Sockeye",2014,172043,74868,235.8,169.2,59.8,564420,296063,315.8,244.2,67.1,"Ogden_20250627, Ogden_20250901","20260910"
"Columbia","Sockeye",2015,17798,63438,184.5,163.7,63.7,438275,373492,424.6,238,75.5,"Ogden_20250627, Ogden_20250901","20260910"
"Columbia","Sockeye",2016,96386,61334,175.1,158.3,67.8,271698,325284,356.8,231.9,84.4,"Ogden_20250627, Ogden_20250901","20260910"
"Columbia","Sockeye",2017,36518,57297,157,153,72,56604,248354,248.8,225.9,93.7,"Ogden_20250627, Ogden_20250901","20260910"
"Columbia","Sockeye",2018,57359,43538,95.3,147.8,76.3,166577,183052,157.1,220,103.5,"Ogden_20250627, Ogden_20250901","20260910"
"Columbia","Sockeye",2019,28179,48838,119,142.7,80.7,58221,110511,55.2,214.2,113.8,"Ogden_20250627, Ogden_20250901","20260910"
"Columbia","Sockeye",2020,69363,44982,101.7,137.8,85.2,350943,117813,65.5,208.6,124.6,"Ogden_20250627, Ogden_20250901","20260910"
"Columbia","Sockeye",2021,24938,40891,83.4,132.9,89.8,119677,142064,99.5,203,136,"Ogden_20250627, Ogden_20250901","20260910"
"Columbia","Sockeye",2022,102486,47276,112,128.1,94.6,583827,194381,173,197.5,147.9,"Ogden_20250627, Ogden_20250901","20260910"
"Columbia","Sockeye",2023,43858,52805,136.8,123.4,99.4,210243,267956,276.3,192.2,160.5,"Ogden_20250627, Ogden_20250901","20260910"
"Columbia","Sockeye",2024,155902,64656,190,118.8,104.4,607524,307358,331.7,186.9,173.6,"Ogden_20250627, Thompson_20260826","20260910"
"Columbia","Sockeye",2025,11196,52924,137.4,114.4,109.5,96794,291477,309.4,181.7,187.5,"Thompson_20260826","20260910"
"Columbia","Steelhead",2006,134,134,659.2,NA,461.2,NA,NA,NA,NA,NA,"OBMEP_20260228","20260910"
"Columbia","Steelhead",2007,29,62,253.5,NA,383.9,NA,NA,NA,NA,NA,"OBMEP_20260228","20260910"
"Columbia","Steelhead",2008,38,53,199.7,NA,317.3,NA,NA,NA,NA,NA,"OBMEP_20260228","20260910"
"Columbia","Steelhead",2009,50,52,195.2,NA,259.8,NA,NA,NA,NA,NA,"OBMEP_20260228","20260910"
"Columbia","Steelhead",2010,112,61,244.5,NA,210.2,NA,NA,NA,NA,NA,"OBMEP_20260228","20260910"
"Columbia","Steelhead",2011,38,47,167.4,204.9,167.5,NA,NA,NA,NA,NA,"OBMEP_20260228","20260910"
"Columbia","Steelhead",2012,15,41,134.6,159.1,130.7,NA,NA,NA,NA,NA,"OBMEP_20260228","20260910"
"Columbia","Steelhead",2013,22,37,110.2,120.2,98.9,NA,NA,NA,NA,NA,"OBMEP_20260228","20260910"
"Columbia","Steelhead",2014,23,32,80.2,87.1,71.5,NA,NA,NA,NA,NA,"OBMEP_20260228","20260910"
"Columbia","Steelhead",2015,65,28,61.5,59,47.9,NA,NA,NA,NA,NA,"OBMEP_20260228","20260910"
"Columbia","Steelhead",2016,15,24,34.3,35.1,27.5,NA,NA,NA,NA,NA,"OBMEP_20260228","20260910"
"Columbia","Steelhead",2017,10,22,23.5,14.8,9.9,NA,NA,NA,NA,NA,"OBMEP_20260228","20260910"
"Columbia","Steelhead",2018,9,18,3.7,-2.4,-5.2,NA,NA,NA,NA,NA,"OBMEP_20260228","20260910"
"Columbia","Steelhead",2019,34,20,11.6,-17.1,-18.3,NA,NA,NA,NA,NA,"OBMEP_20260228","20260910"
"Columbia","Steelhead",2020,24,16,-8.2,-29.5,-29.5,NA,NA,NA,NA,NA,"OBMEP_20260228","20260910"
"Columbia","Steelhead",2021,1,9,-46.7,-40.1,-39.2,NA,NA,NA,NA,NA,"OBMEP_20260228","20260910"
"Columbia","Steelhead",2022,9,9,-47.9,-49.1,-47.6,NA,NA,NA,NA,NA,"OBMEP_20260228","20260910"
"Columbia","Steelhead",2023,7,9,-50.1,-56.8,-54.8,NA,NA,NA,NA,NA,"OBMEP_20260228","20260910"
"Columbia","Steelhead",2024,8,7,-62.6,-63.2,-61,NA,NA,NA,NA,NA,"OBMEP_20260228","20260910"
"Columbia","Steelhead",2025,1,4,-80.2,-68.8,-66.4,NA,NA,NA,NA,NA,"OBMEP_20260228","20260910"
