"region","species","year","spawners","spawners_short_trend","spawners_long_trend","total_return","total_return_short_trend","total_return_long_trend"
"Yukon","Chinook",1982,-23.5,NA,16.1,68.1,NA,128.3
"Yukon","Chinook",1983,-4.9,NA,15.5,78.7,NA,120.7
"Yukon","Chinook",1984,9.8,NA,15,66,NA,113.4
"Yukon","Chinook",1985,2.6,NA,14.4,65.6,NA,106.4
"Yukon","Chinook",1986,3.3,NA,13.8,68.8,NA,99.5
"Yukon","Chinook",1987,-2.6,NA,13.3,71,NA,92.9
"Yukon","Chinook",1988,2.8,NA,12.7,70.7,NA,86.5
"Yukon","Chinook",1989,4.3,NA,12.2,68,NA,80.4
"Yukon","Chinook",1990,8.4,NA,11.6,75.3,NA,74.4
"Yukon","Chinook",1991,13.6,NA,11.1,72,NA,68.6
"Yukon","Chinook",1992,12.1,NA,10.6,72.6,NA,63
"Yukon","Chinook",1993,21.7,NA,10,69.8,NA,57.6
"Yukon","Chinook",1994,27.1,NA,9.5,75.1,NA,52.4
"Yukon","Chinook",1995,30,NA,9,82.6,NA,47.4
"Yukon","Chinook",1996,27.5,NA,8.4,85.6,NA,42.5
"Yukon","Chinook",1997,38.2,NA,7.9,96.5,NA,37.8
"Yukon","Chinook",1998,32.3,NA,7.4,77.3,NA,33.2
"Yukon","Chinook",1999,28.8,NA,6.9,70.1,NA,28.8
"Yukon","Chinook",2000,7.2,NA,6.3,37.5,NA,24.5
"Yukon","Chinook",2001,6.9,NA,5.8,21.7,NA,20.4
"Yukon","Chinook",2002,-0.9,NA,5.3,7.6,NA,16.4
"Yukon","Chinook",2003,1.2,NA,4.8,5,NA,12.6
"Yukon","Chinook",2004,9,NA,4.3,9.9,NA,8.8
"Yukon","Chinook",2005,16.3,NA,3.8,11,NA,5.2
"Yukon","Chinook",2006,39.7,NA,3.3,27.9,NA,1.8
"Yukon","Chinook",2007,25.8,18.2,2.8,25.7,13,-1.6
"Yukon","Chinook",2008,18.4,15.4,2.3,19.6,7.1,-4.9
"Yukon","Chinook",2009,11.2,12.6,1.8,6.6,1.5,-8
"Yukon","Chinook",2010,1.6,9.9,1.3,-5.2,-3.7,-11.1
"Yukon","Chinook",2011,-4.8,7.3,0.8,-14.6,-8.7,-14
"Yukon","Chinook",2012,-15.1,4.7,0.3,-26.5,-13.4,-16.9
"Yukon","Chinook",2013,-18.4,2.2,-0.2,-36.2,-17.9,-19.6
"Yukon","Chinook",2014,-9.4,-0.2,-0.7,-36.9,-22.2,-22.3
"Yukon","Chinook",2015,-5.7,-2.6,-1.2,-36.7,-26.2,-24.8
"Yukon","Chinook",2016,7.1,-5,-1.6,-33.6,-30.1,-27.3
"Yukon","Chinook",2017,14.2,-7.2,-2.1,-29.6,-33.7,-29.7
"Yukon","Chinook",2018,24.7,-9.5,-2.6,-24.8,-37.1,-32.1
"Yukon","Chinook",2019,33.1,-11.6,-3.1,-14.5,-40.4,-34.3
"Yukon","Chinook",2020,17.9,-13.7,-3.5,-17.6,-43.5,-36.5
"Yukon","Chinook",2021,0.4,-15.8,-4,-30,-46.4,-38.6
"Yukon","Chinook",2022,-25,-17.8,-4.5,-48.5,-49.2,-40.6
"Yukon","Chinook",2023,-42.2,-19.8,-4.9,-62.1,-51.8,-42.6
"Yukon","Chinook",2024,-49.5,-21.7,-5.4,-68.5,-54.3,-44.5
"Yukon","Chum",1980,-70.7,NA,-36,NA,NA,NA
"Yukon","Chum",1981,-58.1,NA,-34.7,NA,NA,NA
"Yukon","Chum",1982,-58.4,NA,-33.3,NA,NA,NA
"Yukon","Chum",1983,-46.3,NA,-31.9,NA,NA,NA
"Yukon","Chum",1984,-32.6,NA,-30.4,NA,NA,NA
"Yukon","Chum",1985,-27.8,NA,-29,NA,NA,NA
"Yukon","Chum",1986,-7,NA,-27.5,NA,NA,NA
"Yukon","Chum",1987,-9.7,NA,-26,NA,NA,NA
"Yukon","Chum",1988,-19,NA,-24.4,NA,NA,NA
"Yukon","Chum",1989,-29.4,NA,-22.8,NA,NA,NA
"Yukon","Chum",1990,-38.2,NA,-21.2,NA,NA,NA
"Yukon","Chum",1991,-38.6,NA,-19.5,NA,NA,NA
"Yukon","Chum",1992,-34,NA,-17.8,NA,NA,NA
"Yukon","Chum",1993,-37,NA,-16.1,NA,NA,NA
"Yukon","Chum",1994,-26,NA,-14.3,NA,NA,NA
"Yukon","Chum",1995,-11.8,NA,-12.5,NA,NA,NA
"Yukon","Chum",1996,10.8,NA,-10.7,NA,NA,NA
"Yukon","Chum",1997,44.2,NA,-8.8,NA,NA,NA
"Yukon","Chum",1998,19.4,NA,-6.9,NA,NA,NA
"Yukon","Chum",1999,-6.8,NA,-4.9,NA,NA,NA
"Yukon","Chum",2000,-24.2,NA,-2.9,NA,NA,NA
"Yukon","Chum",2001,-40,NA,-0.8,-34.2,NA,71.1
"Yukon","Chum",2002,-27.5,NA,1.2,-34.3,NA,64.7
"Yukon","Chum",2003,-9.3,NA,3.4,-18.6,NA,58.6
"Yukon","Chum",2004,18,NA,5.6,-8.1,NA,52.6
"Yukon","Chum",2005,124.3,NA,7.8,41.4,NA,46.9
"Yukon","Chum",2006,174.4,NA,10.1,88.5,NA,41.4
"Yukon","Chum",2007,211.3,NA,12.4,113,NA,36.1
"Yukon","Chum",2008,218,NA,14.7,127.8,NA,31
"Yukon","Chum",2009,116.3,NA,17.2,61.6,NA,26.1
"Yukon","Chum",2010,84.9,NA,19.6,36.1,NA,21.4
"Yukon","Chum",2011,78.4,NA,22.2,41.6,NA,16.9
"Yukon","Chum",2012,69.8,NA,24.7,41.8,NA,12.5
"Yukon","Chum",2013,105.3,251.7,27.4,75.8,263.8,8.3
"Yukon","Chum",2014,120.5,187.3,30,96.5,185.3,4.3
"Yukon","Chum",2015,88,134.7,32.8,75,123.8,0.4
"Yukon","Chum",2016,90.6,91.7,35.6,85.1,75.5,-3.4
"Yukon","Chum",2017,126.8,56.6,38.4,116.1,37.6,-7
"Yukon","Chum",2018,125.8,27.9,41.4,128.5,7.9,-10.5
"Yukon","Chum",2019,121,4.5,44.3,120.6,-15.4,-13.8
"Yukon","Chum",2020,40.2,-14.6,47.4,18.7,-33.6,-17.1
"Yukon","Chum",2021,-31.3,-30.2,50.5,-46.6,-47.9,-20.2
"Yukon","Chum",2022,-57.7,-43,53.7,-71.4,-59.2,-23.1
"Yukon","Chum",2023,-71,-53.5,56.9,-82.9,-68,-26
"Yukon","Chum",2024,-73.6,-62,60.2,-84.7,-74.9,-28.8
"Northern Transboundary","Chinook",1976,-36.1,NA,36.9,-45.1,NA,25.9
"Northern Transboundary","Chinook",1977,-21.6,NA,35.2,-30.9,NA,24.7
"Northern Transboundary","Chinook",1978,-26.5,NA,33.5,-33.7,NA,23.6
"Northern Transboundary","Chinook",1979,-22.1,NA,31.8,-27.9,NA,22.4
"Northern Transboundary","Chinook",1980,-11.8,NA,30.1,-17.5,NA,21.3
"Northern Transboundary","Chinook",1981,7.1,NA,28.5,1.5,NA,20.2
"Northern Transboundary","Chinook",1982,14.2,NA,26.9,9.3,NA,19.1
"Northern Transboundary","Chinook",1983,7.5,NA,25.3,3.7,NA,18
"Northern Transboundary","Chinook",1984,3.1,NA,23.7,-1.4,NA,16.9
"Northern Transboundary","Chinook",1985,-3.4,NA,22.1,-8,NA,15.9
"Northern Transboundary","Chinook",1986,-10.6,NA,20.6,-14.1,NA,14.8
"Northern Transboundary","Chinook",1987,-12.9,NA,19,-16.5,NA,13.8
"Northern Transboundary","Chinook",1988,11.4,NA,17.5,5,NA,12.7
"Northern Transboundary","Chinook",1989,25.1,NA,16,17.9,NA,11.7
"Northern Transboundary","Chinook",1990,34.5,NA,14.6,26.9,NA,10.7
"Northern Transboundary","Chinook",1991,42.8,NA,13.1,34.9,NA,9.6
"Northern Transboundary","Chinook",1992,54.4,NA,11.7,45.4,NA,8.6
"Northern Transboundary","Chinook",1993,68.1,NA,10.3,59.1,NA,7.7
"Northern Transboundary","Chinook",1994,77.2,NA,8.9,67.2,NA,6.7
"Northern Transboundary","Chinook",1995,73.6,NA,7.5,62.5,NA,5.7
"Northern Transboundary","Chinook",1996,86.5,NA,6.1,73.3,NA,4.7
"Northern Transboundary","Chinook",1997,105.2,NA,4.8,91,NA,3.8
"Northern Transboundary","Chinook",1998,75.7,NA,3.5,63.1,NA,2.8
"Northern Transboundary","Chinook",1999,54.5,NA,2.2,45.9,NA,1.9
"Northern Transboundary","Chinook",2000,52.5,NA,0.9,44.9,NA,0.9
"Northern Transboundary","Chinook",2001,50.7,NA,-0.4,42.7,NA,0
"Northern Transboundary","Chinook",2002,41.2,NA,-1.7,33.8,NA,-0.9
"Northern Transboundary","Chinook",2003,50.9,NA,-2.9,44.2,NA,-1.8
"Northern Transboundary","Chinook",2004,82,NA,-4.1,72.3,NA,-2.7
"Northern Transboundary","Chinook",2005,88.1,NA,-5.4,93.9,NA,-3.6
"Northern Transboundary","Chinook",2006,69.2,NA,-6.6,90.4,NA,-4.5
"Northern Transboundary","Chinook",2007,32,NA,-7.7,67.3,NA,-5.4
"Northern Transboundary","Chinook",2008,16,NA,-8.9,55.6,NA,-6.2
"Northern Transboundary","Chinook",2009,-7.6,NA,-10.1,31.9,NA,-7.1
"Northern Transboundary","Chinook",2010,-15.4,-13.2,-11.2,14.5,13.8,-7.9
"Northern Transboundary","Chinook",2011,-23.7,-17.4,-12.3,-0.4,5,-8.8
"Northern Transboundary","Chinook",2012,-19.5,-21.4,-13.4,-1.8,-3.1,-9.6
"Northern Transboundary","Chinook",2013,-22.1,-25.2,-14.5,-8.4,-10.5,-10.4
"Northern Transboundary","Chinook",2014,-18.9,-28.8,-15.6,-9.4,-17.4,-11.3
"Northern Transboundary","Chinook",2015,-19.7,-32.2,-16.7,-12,-23.8,-12.1
"Northern Transboundary","Chinook",2016,-29,-35.5,-17.7,-22,-29.6,-12.9
"Northern Transboundary","Chinook",2017,-40.5,-38.6,-18.8,-36.4,-35.1,-13.7
"Northern Transboundary","Chinook",2018,-48.1,-41.6,-19.8,-46.2,-40.1,-14.5
"Northern Transboundary","Chinook",2019,-52.8,-44.4,-20.8,-52.8,-44.7,-15.2
"Northern Transboundary","Chinook",2020,-57.4,-47.1,-21.8,-58.6,-48.9,-16
"Northern Transboundary","Chinook",2021,-56.3,-49.6,-22.8,-59.9,-52.9,-16.8
"Northern Transboundary","Chinook",2022,-52.8,-52,-23.8,-58.1,-56.5,-17.5
"Northern Transboundary","Chinook",2023,-48.5,-54.3,-24.7,-54.4,-59.8,-18.3
"Northern Transboundary","Chinook",2024,-46.3,-56.5,-25.7,-52.9,-62.9,-19
"Northern Transboundary","Sockeye",1984,-1,NA,-8.4,-25.8,NA,-3.9
"Northern Transboundary","Sockeye",1985,28.9,NA,-8,-6,NA,-3.8
"Northern Transboundary","Sockeye",1986,13.3,NA,-7.7,-14.9,NA,-3.7
"Northern Transboundary","Sockeye",1987,-6.1,NA,-7.4,-25.5,NA,-3.5
"Northern Transboundary","Sockeye",1988,-16.7,NA,-7,-33.9,NA,-3.4
"Northern Transboundary","Sockeye",1989,-18.9,NA,-6.7,-33.7,NA,-3.2
"Northern Transboundary","Sockeye",1990,-32.2,NA,-6.3,-38.6,NA,-3.1
"Northern Transboundary","Sockeye",1991,-26.7,NA,-6,-32,NA,-3
"Northern Transboundary","Sockeye",1992,-10.6,NA,-5.6,-15.9,NA,-2.8
"Northern Transboundary","Sockeye",1993,8.4,NA,-5.3,11,NA,-2.7
"Northern Transboundary","Sockeye",1994,11.7,NA,-5,23,NA,-2.5
"Northern Transboundary","Sockeye",1995,22.7,NA,-4.6,35.8,NA,-2.4
"Northern Transboundary","Sockeye",1996,19,NA,-4.3,52.7,NA,-2.2
"Northern Transboundary","Sockeye",1997,5.3,NA,-3.9,47.4,NA,-2.1
"Northern Transboundary","Sockeye",1998,-9.4,NA,-3.6,26.2,NA,-2
"Northern Transboundary","Sockeye",1999,-17.8,NA,-3.2,17.1,NA,-1.8
"Northern Transboundary","Sockeye",2000,-27.7,NA,-2.9,9.3,NA,-1.7
"Northern Transboundary","Sockeye",2001,-26.7,NA,-2.5,2.1,NA,-1.5
"Northern Transboundary","Sockeye",2002,-25.7,NA,-2.2,-3,NA,-1.4
"Northern Transboundary","Sockeye",2003,-9.7,NA,-1.8,13.3,NA,-1.3
"Northern Transboundary","Sockeye",2004,4,NA,-1.4,26.7,NA,-1.1
"Northern Transboundary","Sockeye",2005,17.3,NA,-1.1,34,NA,-1
"Northern Transboundary","Sockeye",2006,20.4,NA,-0.7,33,NA,-0.8
"Northern Transboundary","Sockeye",2007,20.5,NA,-0.4,37.6,NA,-0.7
"Northern Transboundary","Sockeye",2008,5.5,NA,0,23.4,NA,-0.5
"Northern Transboundary","Sockeye",2009,1.8,NA,0.4,13.6,NA,-0.4
"Northern Transboundary","Sockeye",2010,-2.6,-8.9,0.7,6.1,5.8,-0.2
"Northern Transboundary","Sockeye",2011,-6.8,-7.3,1.1,2.5,3.7,-0.1
"Northern Transboundary","Sockeye",2012,-3.3,-5.7,1.5,-1.5,1.7,0
"Northern Transboundary","Sockeye",2013,-5.4,-4.2,1.8,-1.7,-0.4,0.2
"Northern Transboundary","Sockeye",2014,-7.4,-2.5,2.2,-6.3,-2.4,0.3
"Northern Transboundary","Sockeye",2015,1.4,-0.9,2.6,-2.7,-4.3,0.5
"Northern Transboundary","Sockeye",2016,5.9,0.8,3,1.5,-6.2,0.6
"Northern Transboundary","Sockeye",2017,0.4,2.5,3.3,1.2,-8.1,0.8
"Northern Transboundary","Sockeye",2018,1.3,4.2,3.7,-7.4,-9.9,0.9
"Northern Transboundary","Sockeye",2019,2.1,6,4.1,-7,-11.7,1.1
"Northern Transboundary","Sockeye",2020,-5.1,7.8,4.5,-19.1,-13.4,1.2
"Northern Transboundary","Sockeye",2021,-0.9,9.6,4.9,-26,-15.2,1.4
"Northern Transboundary","Sockeye",2022,11.7,11.5,5.2,-23,-16.9,1.5
"Northern Transboundary","Sockeye",2023,19.7,13.4,5.6,-18.5,-18.5,1.7
"Northern Transboundary","Sockeye",2024,34.3,15.3,6,-11.4,-20.1,1.8
"Northern Transboundary","Coho",1987,-30.1,NA,-11.8,NA,NA,NA
"Northern Transboundary","Coho",1988,-41,NA,-11.3,NA,NA,NA
"Northern Transboundary","Coho",1989,-37.1,NA,-10.7,NA,NA,NA
"Northern Transboundary","Coho",1990,-31,NA,-10.2,NA,NA,NA
"Northern Transboundary","Coho",1991,-18.3,NA,-9.7,NA,NA,NA
"Northern Transboundary","Coho",1992,-11.2,NA,-9.2,44.6,NA,25.1
"Northern Transboundary","Coho",1993,10.8,NA,-8.6,42.7,NA,23.6
"Northern Transboundary","Coho",1994,23.1,NA,-8.1,56.2,NA,22.1
"Northern Transboundary","Coho",1995,16.9,NA,-7.6,44.2,NA,20.7
"Northern Transboundary","Coho",1996,-5.2,NA,-7,20.5,NA,19.2
"Northern Transboundary","Coho",1997,-21.7,NA,-6.5,-8.4,NA,17.8
"Northern Transboundary","Coho",1998,-31.4,NA,-6,-19.6,NA,16.4
"Northern Transboundary","Coho",1999,-37.5,NA,-5.4,-34.6,NA,15
"Northern Transboundary","Coho",2000,-35.6,NA,-4.9,-40.3,NA,13.7
"Northern Transboundary","Coho",2001,-23.6,NA,-4.3,-32.9,NA,12.3
"Northern Transboundary","Coho",2002,12,NA,-3.8,-3.5,NA,11
"Northern Transboundary","Coho",2003,39.4,NA,-3.2,16.3,NA,9.6
"Northern Transboundary","Coho",2004,62.1,NA,-2.6,36,NA,8.3
"Northern Transboundary","Coho",2005,88,NA,-2.1,56.6,NA,7.1
"Northern Transboundary","Coho",2006,94,NA,-1.5,68.2,NA,5.8
"Northern Transboundary","Coho",2007,56.2,NA,-0.9,39,NA,4.5
"Northern Transboundary","Coho",2008,37.1,NA,-0.4,24.8,NA,3.3
"Northern Transboundary","Coho",2009,31.2,NA,0.2,23.5,NA,2.1
"Northern Transboundary","Coho",2010,29.5,19.8,0.8,27.8,20.1,0.8
"Northern Transboundary","Coho",2011,16.1,16.2,1.4,13.2,15.7,-0.4
"Northern Transboundary","Coho",2012,15,12.7,2,12.6,11.5,-1.5
"Northern Transboundary","Coho",2013,7.5,9.2,2.6,8.8,7.4,-2.7
"Northern Transboundary","Coho",2014,11.4,5.9,3.2,10.8,3.5,-3.9
"Northern Transboundary","Coho",2015,-4,2.7,3.7,-7.4,-0.3,-5
"Northern Transboundary","Coho",2016,0.2,-0.4,4.4,-4,-4,-6.1
"Northern Transboundary","Coho",2017,-3.8,-3.4,5,-8,-7.5,-7.3
"Northern Transboundary","Coho",2018,-9.1,-6.3,5.6,-11.5,-10.9,-8.4
"Northern Transboundary","Coho",2019,-16.2,-9.2,6.2,-19.8,-14.1,-9.5
"Northern Transboundary","Coho",2020,-18.6,-11.9,6.8,-23.8,-17.3,-10.5
"Northern Transboundary","Coho",2021,-21,-14.6,7.4,-25.6,-20.3,-11.6
"Northern Transboundary","Coho",2022,-18.9,-17.2,8,-23.9,-23.2,-12.6
"Northern Transboundary","Coho",2023,-9.4,-19.7,8.7,-19.3,-26,-13.7
"Northern Transboundary","Coho",2024,-13.7,-22.1,9.3,-21.6,-28.7,-14.7
"Northern Transboundary","Pink",1984,141,NA,92.2,NA,NA,NA
"Northern Transboundary","Pink",1985,178.3,NA,86.5,NA,NA,NA
"Northern Transboundary","Pink",1986,64.6,NA,81,NA,NA,NA
"Northern Transboundary","Pink",1987,104.7,NA,75.6,NA,NA,NA
"Northern Transboundary","Pink",1988,51.6,NA,70.4,NA,NA,NA
"Northern Transboundary","Pink",1989,29.4,NA,65.4,NA,NA,NA
"Northern Transboundary","Pink",1990,137.1,NA,60.5,NA,NA,NA
"Northern Transboundary","Pink",1991,106,NA,55.7,NA,NA,NA
"Northern Transboundary","Pink",1992,71.5,NA,51.1,NA,NA,NA
"Northern Transboundary","Pink",1993,-55,NA,46.6,NA,NA,NA
"Northern Transboundary","Pink",1994,-22.9,NA,42.3,NA,NA,NA
"Northern Transboundary","Pink",1995,-20.9,NA,38.1,NA,NA,NA
"Northern Transboundary","Pink",1996,-29.4,NA,34,NA,NA,NA
"Northern Transboundary","Pink",1997,20.2,NA,30,NA,NA,NA
"Northern Transboundary","Pink",1998,25,NA,26.2,NA,NA,NA
"Northern Transboundary","Pink",1999,172.1,NA,22.5,NA,NA,NA
"Northern Transboundary","Pink",2000,43.9,NA,18.8,NA,NA,NA
"Northern Transboundary","Pink",2001,-10.3,NA,15.3,NA,NA,NA
"Northern Transboundary","Pink",2002,-16.4,NA,11.9,NA,NA,NA
"Northern Transboundary","Pink",2003,8.9,NA,8.6,NA,NA,NA
"Northern Transboundary","Pink",2004,33,NA,5.4,NA,NA,NA
"Northern Transboundary","Pink",2005,34.5,NA,2.3,NA,NA,NA
"Northern Transboundary","Pink",2006,115.5,NA,-0.8,NA,NA,NA
"Northern Transboundary","Pink",2007,90.7,NA,-3.7,NA,NA,NA
"Northern Transboundary","Pink",2008,-11.3,NA,-6.6,NA,NA,NA
"Northern Transboundary","Pink",2009,-23.4,NA,-9.3,NA,NA,NA
"Northern Transboundary","Pink",2010,5.1,NA,-12,NA,NA,NA
"Northern Transboundary","Pink",2011,45.8,NA,-14.6,NA,NA,NA
"Northern Transboundary","Pink",2012,18.2,NA,-17.1,NA,NA,NA
"Northern Transboundary","Pink",2013,-39.4,NA,-19.6,NA,NA,NA
"Northern Transboundary","Pink",2014,-60.8,NA,-22,NA,NA,NA
"Northern Transboundary","Pink",2015,-10.7,NA,-24.3,NA,NA,NA
"Northern Transboundary","Pink",2016,-33.1,NA,-26.5,NA,NA,NA
"Northern Transboundary","Pink",2017,-41.5,NA,-28.7,NA,NA,NA
"Northern Transboundary","Pink",2018,-36.7,NA,-30.8,NA,NA,NA
"Northern Transboundary","Pink",2019,-39.4,20.4,-32.9,NA,NA,NA
"Northern Transboundary","Pink",2020,4.2,-8.2,-34.8,NA,NA,NA
"Northern Transboundary","Pink",2021,31.3,-30,-36.8,NA,NA,NA
"Northern Transboundary","Pink",2022,-13.8,-46.6,-38.6,NA,NA,NA
"Northern Transboundary","Pink",2023,-55.8,-59.3,-40.5,NA,NA,NA
"Northern Transboundary","Pink",2024,-83.5,-69,-42.2,NA,NA,NA
"Northern Transboundary","Chum",1984,37.3,NA,212.7,NA,NA,NA
"Northern Transboundary","Chum",1985,186.6,NA,196.5,NA,NA,NA
"Northern Transboundary","Chum",1986,41.9,NA,181.1,NA,NA,NA
"Northern Transboundary","Chum",1987,108.8,NA,166.5,NA,NA,NA
"Northern Transboundary","Chum",1988,184.5,NA,152.7,NA,NA,NA
"Northern Transboundary","Chum",1989,135.4,NA,139.6,NA,NA,NA
"Northern Transboundary","Chum",1990,311.7,NA,127.2,NA,NA,NA
"Northern Transboundary","Chum",1991,275.7,NA,115.4,NA,NA,NA
"Northern Transboundary","Chum",1992,142.5,NA,104.2,NA,NA,NA
"Northern Transboundary","Chum",1993,107.4,NA,93.6,NA,NA,NA
"Northern Transboundary","Chum",1994,73.6,NA,83.6,NA,NA,NA
"Northern Transboundary","Chum",1995,16.8,NA,74,NA,NA,NA
"Northern Transboundary","Chum",1996,39.8,NA,65,NA,NA,NA
"Northern Transboundary","Chum",1997,52.2,NA,56.4,NA,NA,NA
"Northern Transboundary","Chum",1998,27.2,NA,48.3,NA,NA,NA
"Northern Transboundary","Chum",1999,18.5,NA,40.6,NA,NA,NA
"Northern Transboundary","Chum",2000,21.1,NA,33.3,NA,NA,NA
"Northern Transboundary","Chum",2001,2.6,NA,26.4,NA,NA,NA
"Northern Transboundary","Chum",2002,6.1,NA,19.9,NA,NA,NA
"Northern Transboundary","Chum",2003,20,NA,13.6,NA,NA,NA
"Northern Transboundary","Chum",2004,19.3,NA,7.7,NA,NA,NA
"Northern Transboundary","Chum",2005,20.3,NA,2.2,NA,NA,NA
"Northern Transboundary","Chum",2006,47.7,NA,-3.1,NA,NA,NA
"Northern Transboundary","Chum",2007,71,NA,-8.2,NA,NA,NA
"Northern Transboundary","Chum",2008,64,NA,-12.9,NA,NA,NA
"Northern Transboundary","Chum",2009,59.5,NA,-17.4,NA,NA,NA
"Northern Transboundary","Chum",2010,6.9,NA,-21.7,NA,NA,NA
"Northern Transboundary","Chum",2011,-16.8,NA,-25.8,NA,NA,NA
"Northern Transboundary","Chum",2012,-24.9,NA,-29.6,NA,NA,NA
"Northern Transboundary","Chum",2013,-22,-2.7,-33.3,NA,NA,NA
"Northern Transboundary","Chum",2014,5.1,-15.7,-36.8,NA,NA,NA
"Northern Transboundary","Chum",2015,-10,-27,-40,NA,NA,NA
"Northern Transboundary","Chum",2016,-34.3,-36.8,-43.1,NA,NA,NA
"Northern Transboundary","Chum",2017,-36.4,-45.3,-46.1,NA,NA,NA
"Northern Transboundary","Chum",2018,-63.9,-52.6,-48.9,NA,NA,NA
"Northern Transboundary","Chum",2019,-61.9,-59,-51.5,NA,NA,NA
"Northern Transboundary","Chum",2020,-65.6,-64.5,-54.1,NA,NA,NA
"Northern Transboundary","Chum",2021,-79.6,-69.2,-56.4,NA,NA,NA
"Northern Transboundary","Chum",2022,-70,-73.4,-58.7,NA,NA,NA
"Northern Transboundary","Chum",2023,-74.6,-76.9,-60.8,NA,NA,NA
"Northern Transboundary","Chum",2024,-76.2,-80,-62.9,NA,NA,NA
"Haida Gwaii","Chinook",1935,-6.8,NA,-14.8,NA,NA,NA
"Haida Gwaii","Chinook",1936,-6.8,NA,-14.5,NA,NA,NA
"Haida Gwaii","Chinook",1937,-6.8,NA,-14.1,NA,NA,NA
"Haida Gwaii","Chinook",1938,23.6,NA,-13.8,NA,NA,NA
"Haida Gwaii","Chinook",1939,-3.1,NA,-13.4,NA,NA,NA
"Haida Gwaii","Chinook",1940,4.1,NA,-13.1,NA,NA,NA
"Haida Gwaii","Chinook",1941,8,NA,-12.8,NA,NA,NA
"Haida Gwaii","Chinook",1942,28.6,NA,-12.4,NA,NA,NA
"Haida Gwaii","Chinook",1943,-5.9,NA,-12.1,NA,NA,NA
"Haida Gwaii","Chinook",1944,20.2,NA,-11.7,NA,NA,NA
"Haida Gwaii","Chinook",1945,18.9,NA,-11.4,NA,NA,NA
"Haida Gwaii","Chinook",1946,18.9,NA,-11,NA,NA,NA
"Haida Gwaii","Chinook",1947,-10.4,NA,-10.7,NA,NA,NA
"Haida Gwaii","Chinook",1948,-18.6,NA,-10.3,NA,NA,NA
"Haida Gwaii","Chinook",1949,-34.1,NA,-9.9,NA,NA,NA
"Haida Gwaii","Chinook",1950,-34.1,NA,-9.6,NA,NA,NA
"Haida Gwaii","Chinook",1951,-34.1,NA,-9.2,NA,NA,NA
"Haida Gwaii","Chinook",1952,-34.1,NA,-8.9,NA,NA,NA
"Haida Gwaii","Chinook",1953,-6.8,NA,-8.5,NA,NA,NA
"Haida Gwaii","Chinook",1954,-6.8,NA,-8.1,NA,NA,NA
"Haida Gwaii","Chinook",1955,-6.8,NA,-7.8,NA,NA,NA
"Haida Gwaii","Chinook",1956,-34.1,NA,-7.4,NA,NA,NA
"Haida Gwaii","Chinook",1957,-34.1,NA,-7,NA,NA,NA
"Haida Gwaii","Chinook",1958,-34.1,NA,-6.7,NA,NA,NA
"Haida Gwaii","Chinook",1959,-1.9,NA,-6.3,NA,NA,NA
"Haida Gwaii","Chinook",1960,-18.5,NA,-5.9,NA,NA,NA
"Haida Gwaii","Chinook",1961,19.7,NA,-5.6,NA,NA,NA
"Haida Gwaii","Chinook",1962,19.7,NA,-5.2,NA,NA,NA
"Haida Gwaii","Chinook",1963,19.7,NA,-4.8,NA,NA,NA
"Haida Gwaii","Chinook",1964,44.8,NA,-4.4,NA,NA,NA
"Haida Gwaii","Chinook",1965,206.3,NA,-4,NA,NA,NA
"Haida Gwaii","Chinook",1966,270.6,NA,-3.7,NA,NA,NA
"Haida Gwaii","Chinook",1967,270.6,NA,-3.3,NA,NA,NA
"Haida Gwaii","Chinook",1968,181.2,NA,-2.9,NA,NA,NA
"Haida Gwaii","Chinook",1969,103.8,NA,-2.5,NA,NA,NA
"Haida Gwaii","Chinook",1970,13.4,NA,-2.1,NA,NA,NA
"Haida Gwaii","Chinook",1971,-34,NA,-1.7,NA,NA,NA
"Haida Gwaii","Chinook",1972,-39.2,NA,-1.3,NA,NA,NA
"Haida Gwaii","Chinook",1973,-45.1,NA,-1,NA,NA,NA
"Haida Gwaii","Chinook",1974,-49.3,NA,-0.6,NA,NA,NA
"Haida Gwaii","Chinook",1975,-42.6,NA,-0.2,NA,NA,NA
"Haida Gwaii","Chinook",1976,-38.6,NA,0.2,NA,NA,NA
"Haida Gwaii","Chinook",1977,-41.2,NA,0.6,NA,NA,NA
"Haida Gwaii","Chinook",1978,-45.8,NA,1,NA,NA,NA
"Haida Gwaii","Chinook",1979,-54.9,NA,1.4,NA,NA,NA
"Haida Gwaii","Chinook",1980,-62.4,NA,1.8,NA,NA,NA
"Haida Gwaii","Chinook",1981,-61.9,NA,2.2,NA,NA,NA
"Haida Gwaii","Chinook",1982,-57.4,NA,2.6,NA,NA,NA
"Haida Gwaii","Chinook",1983,-57.4,NA,3,NA,NA,NA
"Haida Gwaii","Chinook",1984,-59.8,NA,3.5,NA,NA,NA
"Haida Gwaii","Chinook",1985,-51.7,NA,3.9,NA,NA,NA
"Haida Gwaii","Chinook",1986,-55.5,NA,4.3,NA,NA,NA
"Haida Gwaii","Chinook",1987,-52.2,NA,4.7,NA,NA,NA
"Haida Gwaii","Chinook",1988,-38,NA,5.1,NA,NA,NA
"Haida Gwaii","Chinook",1989,-3.1,NA,5.5,NA,NA,NA
"Haida Gwaii","Chinook",1990,2.7,NA,5.9,NA,NA,NA
"Haida Gwaii","Chinook",1991,34.1,NA,6.4,NA,NA,NA
"Haida Gwaii","Chinook",1992,34.1,-1.8,6.8,NA,NA,NA
"Haida Gwaii","Chinook",1993,14.5,5.4,7.2,NA,NA,NA
"Haida Gwaii","Chinook",1994,7.1,13.1,7.6,NA,NA,NA
"Haida Gwaii","Chinook",1995,1.1,21.4,8.1,NA,NA,NA
"Haida Gwaii","Chinook",1996,10.8,30.2,8.5,NA,NA,NA
"Haida Gwaii","Chinook",1997,15.8,39.7,8.9,NA,NA,NA
"Haida Gwaii","Chinook",1998,44.3,50,9.4,NA,NA,NA
"Haida Gwaii","Chinook",1999,58.5,60.9,9.8,NA,NA,NA
"Haida Gwaii","Chinook",2000,88.8,72.7,10.2,NA,NA,NA
"Haida Gwaii","Chinook",2001,89.4,85.3,10.7,NA,NA,NA
"Haida Gwaii","Chinook",2002,106.1,98.9,11.1,NA,NA,NA
"Haida Gwaii","Chinook",2003,121.4,113.4,11.5,NA,NA,NA
"Haida Gwaii","Chinook",2004,129.5,129,12,NA,NA,NA
"Haida Gwaii","Chinook",2005,156.1,145.8,12.4,NA,NA,NA
"Haida Gwaii","Chinook",2006,168.8,163.7,12.9,NA,NA,NA
"Haida Gwaii","Chum",1950,215,NA,89,NA,NA,NA
"Haida Gwaii","Chum",1951,236.9,NA,86,NA,NA,NA
"Haida Gwaii","Chum",1952,281.3,NA,83.1,NA,NA,NA
"Haida Gwaii","Chum",1953,195.1,NA,80.2,NA,NA,NA
"Haida Gwaii","Chum",1954,189.9,NA,77.4,NA,NA,NA
"Haida Gwaii","Chum",1955,79.2,NA,74.6,NA,NA,NA
"Haida Gwaii","Chum",1956,27,NA,71.8,NA,NA,NA
"Haida Gwaii","Chum",1957,5.8,NA,69.1,NA,NA,NA
"Haida Gwaii","Chum",1958,0.4,NA,66.4,NA,NA,NA
"Haida Gwaii","Chum",1959,-33.8,NA,63.8,NA,NA,NA
"Haida Gwaii","Chum",1960,-16.7,NA,61.2,NA,NA,NA
"Haida Gwaii","Chum",1961,-6.2,NA,58.7,NA,NA,NA
"Haida Gwaii","Chum",1962,-12.8,NA,56.2,NA,NA,NA
"Haida Gwaii","Chum",1963,-8.8,NA,53.7,NA,NA,NA
"Haida Gwaii","Chum",1964,36.8,NA,51.3,NA,NA,NA
"Haida Gwaii","Chum",1965,59.4,NA,48.9,NA,NA,NA
"Haida Gwaii","Chum",1966,81.2,NA,46.5,NA,NA,NA
"Haida Gwaii","Chum",1967,86,NA,44.2,NA,NA,NA
"Haida Gwaii","Chum",1968,95.6,NA,42,NA,NA,NA
"Haida Gwaii","Chum",1969,71.4,NA,39.7,NA,NA,NA
"Haida Gwaii","Chum",1970,55.1,NA,37.5,NA,NA,NA
"Haida Gwaii","Chum",1971,39.4,NA,35.3,NA,NA,NA
"Haida Gwaii","Chum",1972,25.7,NA,33.2,NA,NA,NA
"Haida Gwaii","Chum",1973,16.5,NA,31.1,NA,NA,NA
"Haida Gwaii","Chum",1974,8.9,NA,29,NA,NA,NA
"Haida Gwaii","Chum",1975,-6.1,NA,27,NA,NA,NA
"Haida Gwaii","Chum",1976,-13.2,NA,25,NA,NA,NA
"Haida Gwaii","Chum",1977,-11,NA,23,NA,NA,NA
"Haida Gwaii","Chum",1978,-9.7,NA,21.1,NA,NA,NA
"Haida Gwaii","Chum",1979,-20.8,NA,19.2,NA,NA,NA
"Haida Gwaii","Chum",1980,-12,NA,17.3,NA,NA,NA
"Haida Gwaii","Chum",1981,-10.9,NA,15.4,NA,NA,NA
"Haida Gwaii","Chum",1982,-8,NA,13.6,NA,NA,NA
"Haida Gwaii","Chum",1983,-14.4,NA,11.8,NA,NA,NA
"Haida Gwaii","Chum",1984,7.7,NA,10.1,NA,NA,NA
"Haida Gwaii","Chum",1985,22.4,NA,8.3,NA,NA,NA
"Haida Gwaii","Chum",1986,36.4,NA,6.6,NA,NA,NA
"Haida Gwaii","Chum",1987,44.4,NA,4.9,NA,NA,NA
"Haida Gwaii","Chum",1988,58.1,NA,3.3,NA,NA,NA
"Haida Gwaii","Chum",1989,53.7,NA,1.6,NA,NA,NA
"Haida Gwaii","Chum",1990,45.8,NA,0,NA,NA,NA
"Haida Gwaii","Chum",1991,37.6,NA,-1.5,NA,NA,NA
"Haida Gwaii","Chum",1992,17.9,NA,-3.1,NA,NA,NA
"Haida Gwaii","Chum",1993,15.3,NA,-4.6,NA,NA,NA
"Haida Gwaii","Chum",1994,11,NA,-6.1,NA,NA,NA
"Haida Gwaii","Chum",1995,5.1,NA,-7.6,NA,NA,NA
"Haida Gwaii","Chum",1996,3,NA,-9.1,NA,NA,NA
"Haida Gwaii","Chum",1997,8.2,NA,-10.5,NA,NA,NA
"Haida Gwaii","Chum",1998,13.5,NA,-11.9,NA,NA,NA
"Haida Gwaii","Chum",1999,23.1,NA,-13.3,NA,NA,NA
"Haida Gwaii","Chum",2000,23.5,NA,-14.7,NA,NA,NA
"Haida Gwaii","Chum",2001,20.1,NA,-16,NA,NA,NA
"Haida Gwaii","Chum",2002,17,NA,-17.3,NA,NA,NA
"Haida Gwaii","Chum",2003,7,NA,-18.6,NA,NA,NA
"Haida Gwaii","Chum",2004,-2.6,NA,-19.9,NA,NA,NA
"Haida Gwaii","Chum",2005,-5.4,NA,-21.2,NA,NA,NA
"Haida Gwaii","Chum",2006,-7.3,NA,-22.4,NA,NA,NA
"Haida Gwaii","Chum",2007,-21.2,NA,-23.7,NA,NA,NA
"Haida Gwaii","Chum",2008,-25.4,NA,-24.9,NA,NA,NA
"Haida Gwaii","Chum",2009,-25.5,-11.4,-26.1,NA,NA,NA
"Haida Gwaii","Chum",2010,-29,-16.8,-27.2,NA,NA,NA
"Haida Gwaii","Chum",2011,-32,-21.8,-28.4,NA,NA,NA
"Haida Gwaii","Chum",2012,-17.5,-26.5,-29.5,NA,NA,NA
"Haida Gwaii","Chum",2013,-23.2,-31,-30.6,NA,NA,NA
"Haida Gwaii","Chum",2014,-32.4,-35.2,-31.7,NA,NA,NA
"Haida Gwaii","Chum",2015,-31.3,-39.1,-32.8,NA,NA,NA
"Haida Gwaii","Chum",2016,-35.1,-42.8,-33.8,NA,NA,NA
"Haida Gwaii","Chum",2017,-42.4,-46.2,-34.9,NA,NA,NA
"Haida Gwaii","Chum",2018,-38,-49.5,-35.9,NA,NA,NA
"Haida Gwaii","Chum",2019,-39.1,-52.5,-36.9,NA,NA,NA
"Haida Gwaii","Chum",2020,-58.1,-55.4,-37.9,NA,NA,NA
"Haida Gwaii","Chum",2021,-67.6,-58.1,-38.9,NA,NA,NA
"Haida Gwaii","Chum",2022,-65.5,-60.6,-39.9,NA,NA,NA
"Haida Gwaii","Chum",2023,-66.9,-63,-40.8,NA,NA,NA
"Haida Gwaii","Coho",1950,-17.9,NA,48.8,NA,NA,NA
"Haida Gwaii","Coho",1951,119.1,NA,47.4,NA,NA,NA
"Haida Gwaii","Coho",1952,82.2,NA,46,NA,NA,NA
"Haida Gwaii","Coho",1953,19.6,NA,44.6,NA,NA,NA
"Haida Gwaii","Coho",1954,45,NA,43.2,NA,NA,NA
"Haida Gwaii","Coho",1955,0.7,NA,41.8,NA,NA,NA
"Haida Gwaii","Coho",1956,2.4,NA,40.5,NA,NA,NA
"Haida Gwaii","Coho",1957,42.7,NA,39.1,NA,NA,NA
"Haida Gwaii","Coho",1958,31,NA,37.8,NA,NA,NA
"Haida Gwaii","Coho",1959,-4.8,NA,36.5,NA,NA,NA
"Haida Gwaii","Coho",1960,3.5,NA,35.2,NA,NA,NA
"Haida Gwaii","Coho",1961,42.4,NA,33.9,NA,NA,NA
"Haida Gwaii","Coho",1962,36.7,NA,32.6,NA,NA,NA
"Haida Gwaii","Coho",1963,79.2,NA,31.3,NA,NA,NA
"Haida Gwaii","Coho",1964,130,NA,30.1,NA,NA,NA
"Haida Gwaii","Coho",1965,85.7,NA,28.8,NA,NA,NA
"Haida Gwaii","Coho",1966,120.6,NA,27.6,NA,NA,NA
"Haida Gwaii","Coho",1967,152.9,NA,26.4,NA,NA,NA
"Haida Gwaii","Coho",1968,75.8,NA,25.2,NA,NA,NA
"Haida Gwaii","Coho",1969,62.8,NA,24,NA,NA,NA
"Haida Gwaii","Coho",1970,66.2,NA,22.8,NA,NA,NA
"Haida Gwaii","Coho",1971,36.9,NA,21.6,NA,NA,NA
"Haida Gwaii","Coho",1972,50,NA,20.5,NA,NA,NA
"Haida Gwaii","Coho",1973,39.9,NA,19.3,NA,NA,NA
"Haida Gwaii","Coho",1974,13.3,NA,18.2,NA,NA,NA
"Haida Gwaii","Coho",1975,28.6,NA,17,NA,NA,NA
"Haida Gwaii","Coho",1976,21,NA,15.9,NA,NA,NA
"Haida Gwaii","Coho",1977,11.6,NA,14.8,NA,NA,NA
"Haida Gwaii","Coho",1978,25,NA,13.7,NA,NA,NA
"Haida Gwaii","Coho",1979,13.8,NA,12.6,NA,NA,NA
"Haida Gwaii","Coho",1980,1.1,NA,11.5,NA,NA,NA
"Haida Gwaii","Coho",1981,4.4,NA,10.5,NA,NA,NA
"Haida Gwaii","Coho",1982,-11.6,NA,9.4,NA,NA,NA
"Haida Gwaii","Coho",1983,-17.1,NA,8.4,NA,NA,NA
"Haida Gwaii","Coho",1984,-19.9,NA,7.3,NA,NA,NA
"Haida Gwaii","Coho",1985,-17,NA,6.3,NA,NA,NA
"Haida Gwaii","Coho",1986,-23.5,NA,5.3,NA,NA,NA
"Haida Gwaii","Coho",1987,-26.8,NA,4.3,NA,NA,NA
"Haida Gwaii","Coho",1988,-24.4,NA,3.3,NA,NA,NA
"Haida Gwaii","Coho",1989,-34.1,NA,2.3,NA,NA,NA
"Haida Gwaii","Coho",1990,-39.9,NA,1.3,NA,NA,NA
"Haida Gwaii","Coho",1991,-39.6,NA,0.4,NA,NA,NA
"Haida Gwaii","Coho",1992,-37.9,NA,-0.6,NA,NA,NA
"Haida Gwaii","Coho",1993,-39.6,NA,-1.6,NA,NA,NA
"Haida Gwaii","Coho",1994,-18.3,NA,-2.5,NA,NA,NA
"Haida Gwaii","Coho",1995,-28.8,NA,-3.4,NA,NA,NA
"Haida Gwaii","Coho",1996,-37.6,NA,-4.4,NA,NA,NA
"Haida Gwaii","Coho",1997,-41,NA,-5.3,NA,NA,NA
"Haida Gwaii","Coho",1998,-42.6,NA,-6.2,NA,NA,NA
"Haida Gwaii","Coho",1999,-25.4,NA,-7.1,NA,NA,NA
"Haida Gwaii","Coho",2000,-10.5,NA,-8,NA,NA,NA
"Haida Gwaii","Coho",2001,20.1,NA,-8.8,NA,NA,NA
"Haida Gwaii","Coho",2002,31.9,NA,-9.7,NA,NA,NA
"Haida Gwaii","Coho",2003,39.1,NA,-10.6,NA,NA,NA
"Haida Gwaii","Coho",2004,37.6,NA,-11.4,NA,NA,NA
"Haida Gwaii","Coho",2005,25.7,NA,-12.3,NA,NA,NA
"Haida Gwaii","Coho",2006,19.4,NA,-13.1,NA,NA,NA
"Haida Gwaii","Coho",2007,15.3,NA,-13.9,NA,NA,NA
"Haida Gwaii","Coho",2008,1.4,NA,-14.8,NA,NA,NA
"Haida Gwaii","Coho",2009,18.7,NA,-15.6,NA,NA,NA
"Haida Gwaii","Coho",2010,13.6,NA,-16.4,NA,NA,NA
"Haida Gwaii","Coho",2011,14.5,NA,-17.2,NA,NA,NA
"Haida Gwaii","Coho",2012,21.4,59,-18,NA,NA,NA
"Haida Gwaii","Coho",2013,4.3,40.4,-18.8,NA,NA,NA
"Haida Gwaii","Coho",2014,2.6,23.9,-19.5,NA,NA,NA
"Haida Gwaii","Coho",2015,10.2,9.4,-20.3,NA,NA,NA
"Haida Gwaii","Coho",2016,28.9,-3.4,-21.1,NA,NA,NA
"Haida Gwaii","Coho",2017,27.5,-14.7,-21.8,NA,NA,NA
"Haida Gwaii","Coho",2018,9.8,-24.7,-22.6,NA,NA,NA
"Haida Gwaii","Coho",2019,-17.9,-33.5,-23.3,NA,NA,NA
"Haida Gwaii","Coho",2020,-25.7,-41.3,-24.1,NA,NA,NA
"Haida Gwaii","Coho",2021,-50,-48.1,-24.8,NA,NA,NA
"Haida Gwaii","Coho",2022,-62.7,-54.2,-25.5,NA,NA,NA
"Haida Gwaii","Coho",2023,-76,-59.6,-26.2,NA,NA,NA
"Haida Gwaii","Pink",1950,321.1,NA,78.1,NA,NA,NA
"Haida Gwaii","Pink",1951,38.3,NA,75.3,NA,NA,NA
"Haida Gwaii","Pink",1952,79.1,NA,72.5,NA,NA,NA
"Haida Gwaii","Pink",1953,74.2,NA,69.8,NA,NA,NA
"Haida Gwaii","Pink",1954,58.2,NA,67.1,NA,NA,NA
"Haida Gwaii","Pink",1955,54.2,NA,64.4,NA,NA,NA
"Haida Gwaii","Pink",1956,32.4,NA,61.8,NA,NA,NA
"Haida Gwaii","Pink",1957,113.1,NA,59.3,NA,NA,NA
"Haida Gwaii","Pink",1958,83.8,NA,56.7,NA,NA,NA
"Haida Gwaii","Pink",1959,181.4,NA,54.3,NA,NA,NA
"Haida Gwaii","Pink",1960,145,NA,51.8,NA,NA,NA
"Haida Gwaii","Pink",1961,25.5,NA,49.4,NA,NA,NA
"Haida Gwaii","Pink",1962,105.7,NA,47.1,NA,NA,NA
"Haida Gwaii","Pink",1963,160.8,NA,44.7,NA,NA,NA
"Haida Gwaii","Pink",1964,-20.2,NA,42.4,NA,NA,NA
"Haida Gwaii","Pink",1965,-52.3,NA,40.2,NA,NA,NA
"Haida Gwaii","Pink",1966,22.7,NA,38,NA,NA,NA
"Haida Gwaii","Pink",1967,98.5,NA,35.8,NA,NA,NA
"Haida Gwaii","Pink",1968,157.2,NA,33.6,NA,NA,NA
"Haida Gwaii","Pink",1969,279.8,NA,31.5,NA,NA,NA
"Haida Gwaii","Pink",1970,298.5,NA,29.4,NA,NA,NA
"Haida Gwaii","Pink",1971,83,NA,27.4,NA,NA,NA
"Haida Gwaii","Pink",1972,73.9,NA,25.4,NA,NA,NA
"Haida Gwaii","Pink",1973,99.3,NA,23.4,NA,NA,NA
"Haida Gwaii","Pink",1974,11.1,NA,21.4,NA,NA,NA
"Haida Gwaii","Pink",1975,-25.7,NA,19.5,NA,NA,NA
"Haida Gwaii","Pink",1976,-4.8,NA,17.6,NA,NA,NA
"Haida Gwaii","Pink",1977,-37.1,NA,15.8,NA,NA,NA
"Haida Gwaii","Pink",1978,-39.5,NA,13.9,NA,NA,NA
"Haida Gwaii","Pink",1979,-4.6,NA,12.1,NA,NA,NA
"Haida Gwaii","Pink",1980,-39.5,NA,10.3,NA,NA,NA
"Haida Gwaii","Pink",1981,-56.5,NA,8.6,NA,NA,NA
"Haida Gwaii","Pink",1982,-73.9,NA,6.9,NA,NA,NA
"Haida Gwaii","Pink",1983,-68.9,NA,5.2,NA,NA,NA
"Haida Gwaii","Pink",1984,-54.4,NA,3.5,NA,NA,NA
"Haida Gwaii","Pink",1985,-46.9,NA,1.9,NA,NA,NA
"Haida Gwaii","Pink",1986,6.3,NA,0.3,NA,NA,NA
"Haida Gwaii","Pink",1987,55.2,NA,-1.3,NA,NA,NA
"Haida Gwaii","Pink",1988,65.1,NA,-2.9,NA,NA,NA
"Haida Gwaii","Pink",1989,31.9,NA,-4.4,NA,NA,NA
"Haida Gwaii","Pink",1990,67.6,NA,-5.9,NA,NA,NA
"Haida Gwaii","Pink",1991,14.7,NA,-7.4,NA,NA,NA
"Haida Gwaii","Pink",1992,-10.9,NA,-8.9,NA,NA,NA
"Haida Gwaii","Pink",1993,-5.2,NA,-10.3,NA,NA,NA
"Haida Gwaii","Pink",1994,-7.6,NA,-11.8,NA,NA,NA
"Haida Gwaii","Pink",1995,-53,NA,-13.1,NA,NA,NA
"Haida Gwaii","Pink",1996,-38.8,NA,-14.5,NA,NA,NA
"Haida Gwaii","Pink",1997,-41.6,NA,-15.9,NA,NA,NA
"Haida Gwaii","Pink",1998,-49.2,NA,-17.2,NA,NA,NA
"Haida Gwaii","Pink",1999,-58.2,NA,-18.5,NA,NA,NA
"Haida Gwaii","Pink",2000,-69.7,NA,-19.8,NA,NA,NA
"Haida Gwaii","Pink",2001,-40.5,NA,-21.1,NA,NA,NA
"Haida Gwaii","Pink",2002,-34.3,NA,-22.3,NA,NA,NA
"Haida Gwaii","Pink",2003,-81,NA,-23.6,NA,NA,NA
"Haida Gwaii","Pink",2004,-88.1,NA,-24.8,NA,NA,NA
"Haida Gwaii","Pink",2005,79.2,NA,-26,NA,NA,NA
"Haida Gwaii","Pink",2006,60.5,NA,-27.1,NA,NA,NA
"Haida Gwaii","Pink",2007,9.1,NA,-28.3,NA,NA,NA
"Haida Gwaii","Pink",2008,86.1,NA,-29.4,NA,NA,NA
"Haida Gwaii","Pink",2009,72.2,NA,-30.5,NA,NA,NA
"Haida Gwaii","Pink",2010,177.8,NA,-31.6,NA,NA,NA
"Haida Gwaii","Pink",2011,527,NA,-32.7,NA,NA,NA
"Haida Gwaii","Pink",2012,395.8,NA,-33.8,NA,NA,NA
"Haida Gwaii","Pink",2013,-53.3,NA,-34.8,NA,NA,NA
"Haida Gwaii","Pink",2014,-95.7,NA,-35.9,NA,NA,NA
"Haida Gwaii","Pink",2015,-49.2,NA,-36.9,NA,NA,NA
"Haida Gwaii","Pink",2016,-20.4,NA,-37.9,NA,NA,NA
"Haida Gwaii","Pink",2017,-28.9,NA,-38.9,NA,NA,NA
"Haida Gwaii","Pink",2018,15.7,8.7,-39.8,NA,NA,NA
"Haida Gwaii","Pink",2019,-20.4,-11.7,-40.8,NA,NA,NA
"Haida Gwaii","Pink",2020,20.4,-28.4,-41.7,NA,NA,NA
"Haida Gwaii","Pink",2021,-59.7,-41.8,-42.6,NA,NA,NA
"Haida Gwaii","Pink",2022,-77,-52.8,-43.5,NA,NA,NA
"Haida Gwaii","Pink",2023,-29.5,-61.7,-44.4,NA,NA,NA
"Haida Gwaii","Sockeye",1950,-57.3,NA,11.6,NA,NA,NA
"Haida Gwaii","Sockeye",1951,-28.5,NA,11.2,NA,NA,NA
"Haida Gwaii","Sockeye",1952,-39.9,NA,10.8,NA,NA,NA
"Haida Gwaii","Sockeye",1953,-33.8,NA,10.4,NA,NA,NA
"Haida Gwaii","Sockeye",1954,-17.2,NA,10,NA,NA,NA
"Haida Gwaii","Sockeye",1955,-13.4,NA,9.6,NA,NA,NA
"Haida Gwaii","Sockeye",1956,-18.7,NA,9.2,NA,NA,NA
"Haida Gwaii","Sockeye",1957,4.2,NA,8.8,NA,NA,NA
"Haida Gwaii","Sockeye",1958,24.3,NA,8.4,NA,NA,NA
"Haida Gwaii","Sockeye",1959,8.2,NA,8,NA,NA,NA
"Haida Gwaii","Sockeye",1960,23.9,NA,7.6,NA,NA,NA
"Haida Gwaii","Sockeye",1961,27.9,NA,7.2,NA,NA,NA
"Haida Gwaii","Sockeye",1962,43.3,NA,6.8,NA,NA,NA
"Haida Gwaii","Sockeye",1963,35.7,NA,6.4,NA,NA,NA
"Haida Gwaii","Sockeye",1964,47.2,NA,6.1,NA,NA,NA
"Haida Gwaii","Sockeye",1965,49.8,NA,5.7,NA,NA,NA
"Haida Gwaii","Sockeye",1966,53.3,NA,5.3,NA,NA,NA
"Haida Gwaii","Sockeye",1967,20.7,NA,4.9,NA,NA,NA
"Haida Gwaii","Sockeye",1968,27,NA,4.5,NA,NA,NA
"Haida Gwaii","Sockeye",1969,43.7,NA,4.2,NA,NA,NA
"Haida Gwaii","Sockeye",1970,58.3,NA,3.8,NA,NA,NA
"Haida Gwaii","Sockeye",1971,65.9,NA,3.4,NA,NA,NA
"Haida Gwaii","Sockeye",1972,64.9,NA,3,NA,NA,NA
"Haida Gwaii","Sockeye",1973,58.3,NA,2.7,NA,NA,NA
"Haida Gwaii","Sockeye",1974,43.6,NA,2.3,NA,NA,NA
"Haida Gwaii","Sockeye",1975,31.8,NA,1.9,NA,NA,NA
"Haida Gwaii","Sockeye",1976,39.5,NA,1.6,NA,NA,NA
"Haida Gwaii","Sockeye",1977,64.2,NA,1.2,NA,NA,NA
"Haida Gwaii","Sockeye",1978,45.4,NA,0.8,NA,NA,NA
"Haida Gwaii","Sockeye",1979,26.9,NA,0.5,NA,NA,NA
"Haida Gwaii","Sockeye",1980,31,NA,0.1,NA,NA,NA
"Haida Gwaii","Sockeye",1981,12.7,NA,-0.3,NA,NA,NA
"Haida Gwaii","Sockeye",1982,3,NA,-0.6,NA,NA,NA
"Haida Gwaii","Sockeye",1983,4.7,NA,-1,NA,NA,NA
"Haida Gwaii","Sockeye",1984,8.6,NA,-1.3,NA,NA,NA
"Haida Gwaii","Sockeye",1985,18,NA,-1.7,NA,NA,NA
"Haida Gwaii","Sockeye",1986,7.9,NA,-2,NA,NA,NA
"Haida Gwaii","Sockeye",1987,0.5,NA,-2.4,NA,NA,NA
"Haida Gwaii","Sockeye",1988,8.2,NA,-2.7,NA,NA,NA
"Haida Gwaii","Sockeye",1989,-3.7,NA,-3.1,NA,NA,NA
"Haida Gwaii","Sockeye",1990,-35.4,NA,-3.4,NA,NA,NA
"Haida Gwaii","Sockeye",1991,-44.3,NA,-3.8,NA,NA,NA
"Haida Gwaii","Sockeye",1992,-45.8,NA,-4.1,NA,NA,NA
"Haida Gwaii","Sockeye",1993,-52.5,NA,-4.5,NA,NA,NA
"Haida Gwaii","Sockeye",1994,-55.6,NA,-4.8,NA,NA,NA
"Haida Gwaii","Sockeye",1995,-54.9,NA,-5.2,NA,NA,NA
"Haida Gwaii","Sockeye",1996,-38.1,NA,-5.5,NA,NA,NA
"Haida Gwaii","Sockeye",1997,-32,NA,-5.9,NA,NA,NA
"Haida Gwaii","Sockeye",1998,-28,NA,-6.2,NA,NA,NA
"Haida Gwaii","Sockeye",1999,-14.3,NA,-6.5,NA,NA,NA
"Haida Gwaii","Sockeye",2000,12.2,NA,-6.9,NA,NA,NA
"Haida Gwaii","Sockeye",2001,-2.9,NA,-7.2,NA,NA,NA
"Haida Gwaii","Sockeye",2002,-8.2,NA,-7.5,NA,NA,NA
"Haida Gwaii","Sockeye",2003,-15.2,NA,-7.9,NA,NA,NA
"Haida Gwaii","Sockeye",2004,-17.9,NA,-8.2,NA,NA,NA
"Haida Gwaii","Sockeye",2005,-34.6,NA,-8.5,NA,NA,NA
"Haida Gwaii","Sockeye",2006,-24.4,NA,-8.9,NA,NA,NA
"Haida Gwaii","Sockeye",2007,-30.3,NA,-9.2,NA,NA,NA
"Haida Gwaii","Sockeye",2008,-30.4,NA,-9.5,NA,NA,NA
"Haida Gwaii","Sockeye",2009,-29.1,4,-9.8,NA,NA,NA
"Haida Gwaii","Sockeye",2010,-8.8,3.2,-10.2,NA,NA,NA
"Haida Gwaii","Sockeye",2011,-3.1,2.5,-10.5,NA,NA,NA
"Haida Gwaii","Sockeye",2012,12.5,1.7,-10.8,NA,NA,NA
"Haida Gwaii","Sockeye",2013,13.4,1,-11.1,NA,NA,NA
"Haida Gwaii","Sockeye",2014,24.8,0.2,-11.5,NA,NA,NA
"Haida Gwaii","Sockeye",2015,27.5,-0.5,-11.8,NA,NA,NA
"Haida Gwaii","Sockeye",2016,15.5,-1.3,-12.1,NA,NA,NA
"Haida Gwaii","Sockeye",2017,11.7,-2,-12.4,NA,NA,NA
"Haida Gwaii","Sockeye",2018,12.6,-2.8,-12.7,NA,NA,NA
"Haida Gwaii","Sockeye",2019,-3.3,-3.5,-13,NA,NA,NA
"Haida Gwaii","Sockeye",2020,-20.1,-4.2,-13.4,NA,NA,NA
"Haida Gwaii","Sockeye",2021,-25.8,-4.9,-13.7,NA,NA,NA
"Haida Gwaii","Sockeye",2022,-19.4,-5.6,-14,NA,NA,NA
"Haida Gwaii","Sockeye",2023,-3.4,-6.3,-14.3,NA,NA,NA
"Nass","Chinook",1975,-10.5,NA,10.9,-22.7,NA,-0.8
"Nass","Chinook",1976,-13.8,NA,10.5,-25.5,NA,-0.8
"Nass","Chinook",1977,-13.9,NA,10,-23.8,NA,-0.8
"Nass","Chinook",1978,-10.3,NA,9.6,-19.6,NA,-0.8
"Nass","Chinook",1979,-13.1,NA,9.1,-21.8,NA,-0.7
"Nass","Chinook",1980,-13.1,NA,8.7,-21,NA,-0.7
"Nass","Chinook",1981,-13,NA,8.2,-20.1,NA,-0.7
"Nass","Chinook",1982,-18.4,NA,7.8,-25.1,NA,-0.7
"Nass","Chinook",1983,-19,NA,7.3,-26,NA,-0.7
"Nass","Chinook",1984,-7.4,NA,6.9,-15.6,NA,-0.7
"Nass","Chinook",1985,-2,NA,6.5,-10.8,NA,-0.7
"Nass","Chinook",1986,20.2,NA,6,9,NA,-0.7
"Nass","Chinook",1987,39.1,NA,5.6,25.3,NA,-0.7
"Nass","Chinook",1988,40,NA,5.2,26,NA,-0.7
"Nass","Chinook",1989,44.4,NA,4.7,29.9,NA,-0.6
"Nass","Chinook",1990,53.3,NA,4.3,37.9,NA,-0.6
"Nass","Chinook",1991,11.7,NA,3.9,6.4,NA,-0.6
"Nass","Chinook",1992,7.4,NA,3.5,5.4,NA,-0.6
"Nass","Chinook",1993,17,NA,3,17.8,NA,-0.6
"Nass","Chinook",1994,13.4,NA,2.6,15.3,NA,-0.6
"Nass","Chinook",1995,-9,NA,2.2,-0.3,NA,-0.6
"Nass","Chinook",1996,12.5,NA,1.8,18.3,NA,-0.6
"Nass","Chinook",1997,15.6,NA,1.4,20.4,NA,-0.6
"Nass","Chinook",1998,14.6,NA,0.9,19.2,NA,-0.6
"Nass","Chinook",1999,-0.1,NA,0.5,10.3,NA,-0.5
"Nass","Chinook",2000,16.9,NA,0.1,25.7,NA,-0.5
"Nass","Chinook",2001,25.2,NA,-0.3,35.3,NA,-0.5
"Nass","Chinook",2002,17.5,NA,-0.7,28.7,NA,-0.5
"Nass","Chinook",2003,20.7,NA,-1.1,29.9,NA,-0.5
"Nass","Chinook",2004,28.1,NA,-1.5,33,NA,-0.5
"Nass","Chinook",2005,22.7,NA,-1.9,26.3,NA,-0.5
"Nass","Chinook",2006,19.3,NA,-2.3,21.7,NA,-0.5
"Nass","Chinook",2007,32.4,NA,-2.7,33.6,NA,-0.5
"Nass","Chinook",2008,26.1,NA,-3.1,25,NA,-0.5
"Nass","Chinook",2009,41.1,NA,-3.5,34.9,NA,-0.5
"Nass","Chinook",2010,49.4,1.5,-3.9,37.1,-2.1,-0.4
"Nass","Chinook",2011,23.5,-1.6,-4.3,14.5,-4,-0.4
"Nass","Chinook",2012,2.4,-4.6,-4.7,-2.8,-5.9,-0.4
"Nass","Chinook",2013,-14.4,-7.5,-5.1,-14.8,-7.7,-0.4
"Nass","Chinook",2014,-27.4,-10.3,-5.5,-24.8,-9.5,-0.4
"Nass","Chinook",2015,-27.5,-13,-5.9,-23.4,-11.3,-0.4
"Nass","Chinook",2016,-28.4,-15.7,-6.3,-22.5,-13,-0.4
"Nass","Chinook",2017,-37.4,-18.2,-6.6,-30.2,-14.7,-0.4
"Nass","Chinook",2018,-29.6,-20.7,-7,-23.2,-16.4,-0.4
"Nass","Chinook",2019,-30.9,-23.1,-7.4,-24,-18.1,-0.4
"Nass","Chinook",2020,-35.7,-25.5,-7.8,-28.9,-19.7,-0.3
"Nass","Chinook",2021,-32.8,-27.7,-8.2,-24.5,-21.2,-0.3
"Nass","Chinook",2022,-13.1,-29.9,-8.5,-9,-22.8,-0.3
"Nass","Chinook",2023,-16.3,-32.1,-8.9,-11.6,-24.3,-0.3
"Nass","Chinook",2024,-16.3,-34.1,-9.3,-10.5,-25.8,-0.3
"Nass","Sockeye",1982,33.9,NA,-3.8,38,NA,38.8
"Nass","Sockeye",1983,3.6,NA,-3.7,12.8,NA,36.7
"Nass","Sockeye",1984,-6,NA,-3.7,1.2,NA,34.7
"Nass","Sockeye",1985,6.6,NA,-3.6,6.9,NA,32.6
"Nass","Sockeye",1986,1.1,NA,-3.5,5.2,NA,30.6
"Nass","Sockeye",1987,-8.7,NA,-3.4,-4.6,NA,28.6
"Nass","Sockeye",1988,-13.9,NA,-3.4,-12.5,NA,26.7
"Nass","Sockeye",1989,-21.5,NA,-3.3,-11.1,NA,24.8
"Nass","Sockeye",1990,-33.5,NA,-3.2,-21.2,NA,22.9
"Nass","Sockeye",1991,-28.5,NA,-3.1,-15.1,NA,21
"Nass","Sockeye",1992,-9.7,NA,-3.1,9,NA,19.2
"Nass","Sockeye",1993,15.7,NA,-3,52.5,NA,17.3
"Nass","Sockeye",1994,38.2,NA,-2.9,63.7,NA,15.6
"Nass","Sockeye",1995,49.7,NA,-2.8,97.3,NA,13.8
"Nass","Sockeye",1996,39.7,NA,-2.8,101.1,NA,12.1
"Nass","Sockeye",1997,14.6,NA,-2.7,75.6,NA,10.4
"Nass","Sockeye",1998,-0.4,NA,-2.6,40.7,NA,8.7
"Nass","Sockeye",1999,-7.8,NA,-2.6,40.9,NA,7.1
"Nass","Sockeye",2000,-12.5,NA,-2.5,24.4,NA,5.4
"Nass","Sockeye",2001,-17,NA,-2.4,10.5,NA,3.8
"Nass","Sockeye",2002,-8.6,NA,-2.3,18.4,NA,2.3
"Nass","Sockeye",2003,-8.8,NA,-2.3,30.9,NA,0.7
"Nass","Sockeye",2004,-8.3,NA,-2.2,35.1,NA,-0.8
"Nass","Sockeye",2005,-6.6,NA,-2.1,36.8,NA,-2.3
"Nass","Sockeye",2006,1.3,NA,-2,44.8,NA,-3.8
"Nass","Sockeye",2007,-15.4,NA,-2,22.3,NA,-5.3
"Nass","Sockeye",2008,-18.5,NA,-1.9,-2.5,NA,-6.7
"Nass","Sockeye",2009,-16.5,NA,-1.8,-12.4,NA,-8.1
"Nass","Sockeye",2010,-16.1,-17.9,-1.7,-19.5,-20.6,-9.5
"Nass","Sockeye",2011,-14.5,-15.6,-1.7,-24.6,-21.7,-10.9
"Nass","Sockeye",2012,-10.8,-13.3,-1.6,-28.1,-22.8,-12.2
"Nass","Sockeye",2013,-11.5,-10.8,-1.5,-24,-24,-13.6
"Nass","Sockeye",2014,-10.4,-8.3,-1.4,-24.7,-25.1,-14.9
"Nass","Sockeye",2015,-0.4,-5.7,-1.4,-13.6,-26.1,-16.2
"Nass","Sockeye",2016,-0.4,-3.1,-1.3,-17.5,-27.2,-17.5
"Nass","Sockeye",2017,1.8,-0.4,-1.2,-21.7,-28.3,-18.7
"Nass","Sockeye",2018,3.1,2.4,-1.1,-28.6,-29.3,-19.9
"Nass","Sockeye",2019,1.8,5.3,-1.1,-33.7,-30.3,-21.2
"Nass","Sockeye",2020,-9.6,8.3,-1,-46.6,-31.3,-22.3
"Nass","Sockeye",2021,-5.3,11.3,-0.9,-45.2,-32.3,-23.5
"Nass","Sockeye",2022,8.4,14.4,-0.8,-39.2,-33.3,-24.7
"Nass","Sockeye",2023,27.5,17.6,-0.8,-28.7,-34.2,-25.8
"Nass","Sockeye",2024,48.7,20.9,-0.7,-18.1,-35.2,-27
"Nass","Steelhead",1992,-56,NA,-33.9,-49.5,NA,-12.6
"Nass","Steelhead",1993,-40.9,NA,-32.4,-30.6,NA,-12
"Nass","Steelhead",1994,-40.1,NA,-30.9,-29.5,NA,-11.5
"Nass","Steelhead",1995,-51.2,NA,-29.3,-41.4,NA,-11
"Nass","Steelhead",1996,-43,NA,-27.7,-28.6,NA,-10.4
"Nass","Steelhead",1997,-32.1,NA,-26.1,-14.6,NA,-9.8
"Nass","Steelhead",1998,-28.1,NA,-24.4,-3.7,NA,-9.3
"Nass","Steelhead",1999,-21.3,NA,-22.7,7.9,NA,-8.7
"Nass","Steelhead",2000,8.6,NA,-20.9,38.6,NA,-8.2
"Nass","Steelhead",2001,10.3,NA,-19.1,37.6,NA,-7.6
"Nass","Steelhead",2002,19.6,NA,-17.3,37.6,NA,-7
"Nass","Steelhead",2003,28.3,NA,-15.4,31.8,NA,-6.4
"Nass","Steelhead",2004,9.6,NA,-13.5,13.7,NA,-5.9
"Nass","Steelhead",2005,-3.4,NA,-11.5,1.7,NA,-5.3
"Nass","Steelhead",2006,-20.2,NA,-9.5,-22.4,NA,-4.7
"Nass","Steelhead",2007,-35.9,NA,-7.4,-22.4,NA,-4.1
"Nass","Steelhead",2008,-38.4,NA,-5.3,-27.3,NA,-3.5
"Nass","Steelhead",2009,-13.7,NA,-3.2,-2.8,NA,-2.9
"Nass","Steelhead",2010,3.7,55.8,-1,12.6,46.4,-2.3
"Nass","Steelhead",2011,40.7,50.4,1.3,50.6,39.6,-1.7
"Nass","Steelhead",2012,66.7,45.1,3.6,41.3,33,-1.1
"Nass","Steelhead",2013,49.1,40.1,5.9,28,26.8,-0.5
"Nass","Steelhead",2014,40.4,35.2,8.3,13.7,20.9,0.2
"Nass","Steelhead",2015,34.2,30.5,10.8,12.8,15.2,0.8
"Nass","Steelhead",2016,36.5,25.9,13.3,15.7,9.8,1.4
"Nass","Steelhead",2017,27.6,21.5,15.9,7.3,4.7,2
"Nass","Steelhead",2018,66.2,17.3,18.5,35.3,-0.2,2.7
"Nass","Steelhead",2019,50.1,13.2,21.2,22.8,-4.9,3.3
"Nass","Steelhead",2020,13.8,9.3,24,-10.3,-9.4,3.9
"Nass","Steelhead",2021,-14.5,5.5,26.8,-31.2,-13.6,4.6
"Nass","Steelhead",2022,-12.8,1.8,29.7,-26.8,-17.6,5.2
"Nass","Steelhead",2023,-14.7,-1.8,32.6,-26.8,-21.5,5.9
"Nass","Steelhead",2024,-13.3,-5.2,35.6,-25.9,-25.2,6.5
"Nass","Coho",1992,-14.7,NA,-36.2,10.7,NA,-26.6
"Nass","Coho",1993,-46.4,NA,-34.6,-30.8,NA,-25.2
"Nass","Coho",1994,-22.5,NA,-32.9,9.7,NA,-23.9
"Nass","Coho",1995,-35.7,NA,-31.1,-7.8,NA,-22.5
"Nass","Coho",1996,-40.7,NA,-29.4,-16.2,NA,-21.1
"Nass","Coho",1997,-47.2,NA,-27.5,-29.1,NA,-19.6
"Nass","Coho",1998,-59.7,NA,-25.6,-54,NA,-18.2
"Nass","Coho",1999,-51,NA,-23.7,-50.3,NA,-16.7
"Nass","Coho",2000,-47.3,NA,-21.7,-50.3,NA,-15.2
"Nass","Coho",2001,-13.5,NA,-19.7,-21.7,NA,-13.6
"Nass","Coho",2002,23.6,NA,-17.6,1.4,NA,-12.1
"Nass","Coho",2003,33.7,NA,-15.4,7.5,NA,-10.5
"Nass","Coho",2004,31.4,NA,-13.2,9.2,NA,-8.8
"Nass","Coho",2005,25.1,NA,-11,9.2,NA,-7.2
"Nass","Coho",2006,-3.8,NA,-8.7,-7.4,NA,-5.5
"Nass","Coho",2007,-3.7,NA,-6.3,-5.6,NA,-3.8
"Nass","Coho",2008,0,NA,-3.9,-8.9,NA,-2
"Nass","Coho",2009,18.2,NA,-1.4,-3.1,NA,-0.2
"Nass","Coho",2010,29.7,NA,1.2,5.8,NA,1.6
"Nass","Coho",2011,18.2,NA,3.8,-1.8,NA,3.4
"Nass","Coho",2012,18.2,NA,6.5,5.4,NA,5.3
"Nass","Coho",2013,22,12,9.3,22.6,31.5,7.2
"Nass","Coho",2014,36.5,13.2,12.1,37.7,29.8,9.2
"Nass","Coho",2015,18.7,14.4,15.1,43.8,28.1,11.2
"Nass","Coho",2016,33.3,15.6,18,70.7,26.5,13.2
"Nass","Coho",2017,14.1,16.9,21.1,37.6,24.8,15.2
"Nass","Coho",2018,-14.5,18.1,24.3,4.9,23.2,17.3
"Nass","Coho",2019,8.2,19.4,27.5,3.6,21.6,19.5
"Nass","Coho",2020,-7.9,20.6,30.8,-14.8,20,21.6
"Nass","Coho",2021,-9,21.9,34.2,-14.6,18.5,23.9
"Nass","Coho",2022,28.6,23.2,37.7,16.2,17,26.1
"Nass","Coho",2023,50.4,24.6,41.3,40.9,15.4,28.4
"Nass","Coho",2024,74.3,25.9,44.9,53.4,13.9,30.7
"Nass","Pink",1950,-56.2,NA,-60.2,NA,NA,NA
"Nass","Pink",1951,-62.6,NA,-59.2,NA,NA,NA
"Nass","Pink",1952,-68.2,NA,-58.2,NA,NA,NA
"Nass","Pink",1953,-84.3,NA,-57.1,NA,NA,NA
"Nass","Pink",1954,-83.4,NA,-56.1,NA,NA,NA
"Nass","Pink",1955,-78.2,NA,-55,NA,NA,NA
"Nass","Pink",1956,-71.9,NA,-53.9,NA,NA,NA
"Nass","Pink",1957,-76.1,NA,-52.7,NA,NA,NA
"Nass","Pink",1958,-80.4,NA,-51.6,NA,NA,NA
"Nass","Pink",1959,-49.5,NA,-50.4,NA,NA,NA
"Nass","Pink",1960,-55.1,NA,-49.1,NA,NA,NA
"Nass","Pink",1961,-38.7,NA,-47.9,NA,NA,NA
"Nass","Pink",1962,25.6,NA,-46.6,NA,NA,NA
"Nass","Pink",1963,9.7,NA,-45.3,NA,NA,NA
"Nass","Pink",1964,16.8,NA,-43.9,NA,NA,NA
"Nass","Pink",1965,33.9,NA,-42.5,NA,NA,NA
"Nass","Pink",1966,33.6,NA,-41.1,NA,NA,NA
"Nass","Pink",1967,-37.6,NA,-39.6,NA,NA,NA
"Nass","Pink",1968,-46.9,NA,-38.1,NA,NA,NA
"Nass","Pink",1969,-50.1,NA,-36.6,NA,NA,NA
"Nass","Pink",1970,-45.2,NA,-35,NA,NA,NA
"Nass","Pink",1971,-3.4,NA,-33.4,NA,NA,NA
"Nass","Pink",1972,1,NA,-31.8,NA,NA,NA
"Nass","Pink",1973,-24.9,NA,-30.1,NA,NA,NA
"Nass","Pink",1974,-58.1,NA,-28.4,NA,NA,NA
"Nass","Pink",1975,-41.8,NA,-26.6,NA,NA,NA
"Nass","Pink",1976,-23.3,NA,-24.8,NA,NA,NA
"Nass","Pink",1977,-16.4,NA,-22.9,NA,NA,NA
"Nass","Pink",1978,29.3,NA,-21,NA,NA,NA
"Nass","Pink",1979,-31.1,NA,-19.1,NA,NA,NA
"Nass","Pink",1980,-61.3,NA,-17.1,NA,NA,NA
"Nass","Pink",1981,-28.2,NA,-15,NA,NA,NA
"Nass","Pink",1982,36.9,NA,-12.9,NA,NA,NA
"Nass","Pink",1983,131,NA,-10.7,NA,NA,NA
"Nass","Pink",1984,136.8,NA,-8.5,NA,NA,NA
"Nass","Pink",1985,120,NA,-6.3,NA,NA,NA
"Nass","Pink",1986,86.8,NA,-3.9,NA,NA,NA
"Nass","Pink",1987,54.3,NA,-1.6,NA,NA,NA
"Nass","Pink",1988,2.8,NA,0.9,NA,NA,NA
"Nass","Pink",1989,38.7,NA,3.4,NA,NA,NA
"Nass","Pink",1990,44,NA,5.9,NA,NA,NA
"Nass","Pink",1991,15.2,NA,8.6,NA,NA,NA
"Nass","Pink",1992,23,NA,11.2,-28.6,NA,-1.8
"Nass","Pink",1993,16.9,NA,14,25.3,NA,-1.8
"Nass","Pink",1994,-2,NA,16.8,-5.7,NA,-1.8
"Nass","Pink",1995,1.9,NA,19.7,-13.7,NA,-1.8
"Nass","Pink",1996,41.1,NA,22.7,38.3,NA,-1.8
"Nass","Pink",1997,21.7,NA,25.7,-5.2,NA,-1.8
"Nass","Pink",1998,-21.7,NA,28.8,-48.7,NA,-1.8
"Nass","Pink",1999,4.7,NA,32,-10.2,NA,-1.8
"Nass","Pink",2000,45.1,NA,35.3,70.2,NA,-1.8
"Nass","Pink",2001,73,NA,38.6,104.2,NA,-1.8
"Nass","Pink",2002,98.5,NA,42.1,119.5,NA,-1.8
"Nass","Pink",2003,110.4,NA,45.6,63,NA,-1.8
"Nass","Pink",2004,173.9,NA,49.2,73.2,NA,-1.8
"Nass","Pink",2005,205.7,NA,52.9,98.9,NA,-1.8
"Nass","Pink",2006,49.6,NA,56.7,-15.5,NA,-1.8
"Nass","Pink",2007,16.6,NA,60.5,-31.1,NA,-1.8
"Nass","Pink",2008,-28,NA,64.5,-56.9,NA,-1.8
"Nass","Pink",2009,-23.9,NA,68.6,-59.2,NA,-1.8
"Nass","Pink",2010,52.3,NA,72.8,-21.6,NA,-1.8
"Nass","Pink",2011,-39,NA,77,-65.2,NA,-1.8
"Nass","Pink",2012,-30.9,NA,81.4,-57.5,NA,-1.8
"Nass","Pink",2013,86.8,NA,85.9,5.8,NA,-1.8
"Nass","Pink",2014,129,NA,90.5,30.7,NA,-1.8
"Nass","Pink",2015,47.9,NA,95.2,-16.4,NA,-1.8
"Nass","Pink",2016,36.2,NA,100.1,-23.4,NA,-1.8
"Nass","Pink",2017,109.8,NA,105,11.3,NA,-1.8
"Nass","Pink",2018,82.7,NA,110.1,-7.7,NA,-1.8
"Nass","Pink",2019,-20.3,-9.6,115.3,-59,-55.2,-1.8
"Nass","Pink",2020,44.9,33.5,120.6,-30,-34,-1.9
"Nass","Pink",2021,167.8,97.2,126.1,28.3,-2.9,-1.9
"Nass","Pink",2022,113.3,191.2,131.7,5.1,43,-1.9
"Nass","Pink",2023,331.9,330,137.4,108.9,110.6,-1.9
"Nass","Pink",2024,563.8,535.1,143.3,231.9,210.1,-1.9
"Nass","Chum",1950,-45.3,NA,44,NA,NA,NA
"Nass","Chum",1951,14,NA,42.5,NA,NA,NA
"Nass","Chum",1952,29.2,NA,41,NA,NA,NA
"Nass","Chum",1953,29.2,NA,39.6,NA,NA,NA
"Nass","Chum",1954,33.4,NA,38.1,NA,NA,NA
"Nass","Chum",1955,-26.2,NA,36.7,NA,NA,NA
"Nass","Chum",1956,-33.6,NA,35.3,NA,NA,NA
"Nass","Chum",1957,-27.8,NA,33.9,NA,NA,NA
"Nass","Chum",1958,-7.5,NA,32.5,NA,NA,NA
"Nass","Chum",1959,89.9,NA,31.2,NA,NA,NA
"Nass","Chum",1960,115.2,NA,29.8,NA,NA,NA
"Nass","Chum",1961,128.4,NA,28.5,NA,NA,NA
"Nass","Chum",1962,122.4,NA,27.2,NA,NA,NA
"Nass","Chum",1963,84.9,NA,25.8,NA,NA,NA
"Nass","Chum",1964,101.9,NA,24.5,NA,NA,NA
"Nass","Chum",1965,49,NA,23.3,NA,NA,NA
"Nass","Chum",1966,23.1,NA,22,NA,NA,NA
"Nass","Chum",1967,-3.6,NA,20.7,NA,NA,NA
"Nass","Chum",1968,-18.5,NA,19.5,NA,NA,NA
"Nass","Chum",1969,-20.1,NA,18.3,NA,NA,NA
"Nass","Chum",1970,-16.2,NA,17,NA,NA,NA
"Nass","Chum",1971,-15.2,NA,15.8,NA,NA,NA
"Nass","Chum",1972,-6.4,NA,14.6,NA,NA,NA
"Nass","Chum",1973,23.2,NA,13.5,NA,NA,NA
"Nass","Chum",1974,78.6,NA,12.3,NA,NA,NA
"Nass","Chum",1975,89.2,NA,11.1,NA,NA,NA
"Nass","Chum",1976,86.1,NA,10,NA,NA,NA
"Nass","Chum",1977,87.1,NA,8.9,NA,NA,NA
"Nass","Chum",1978,60.1,NA,7.7,NA,NA,NA
"Nass","Chum",1979,74.3,NA,6.6,NA,NA,NA
"Nass","Chum",1980,68.7,NA,5.5,NA,NA,NA
"Nass","Chum",1981,18.9,NA,4.4,NA,NA,NA
"Nass","Chum",1982,-10,NA,3.4,NA,NA,NA
"Nass","Chum",1983,-8.9,NA,2.3,NA,NA,NA
"Nass","Chum",1984,-4.7,NA,1.2,NA,NA,NA
"Nass","Chum",1985,28.3,NA,0.2,NA,NA,NA
"Nass","Chum",1986,43.7,NA,-0.8,NA,NA,NA
"Nass","Chum",1987,33.2,NA,-1.9,NA,NA,NA
"Nass","Chum",1988,26.5,NA,-2.9,NA,NA,NA
"Nass","Chum",1989,16.4,NA,-3.9,NA,NA,NA
"Nass","Chum",1990,16.3,NA,-4.9,NA,NA,NA
"Nass","Chum",1991,16.5,NA,-5.8,NA,NA,NA
"Nass","Chum",1992,-5.8,NA,-6.8,33.4,NA,74.5
"Nass","Chum",1993,12.6,NA,-7.8,192.8,NA,68.5
"Nass","Chum",1994,28.6,NA,-8.7,194.1,NA,62.7
"Nass","Chum",1995,32.5,NA,-9.7,175,NA,57.1
"Nass","Chum",1996,30.1,NA,-10.6,168.6,NA,51.7
"Nass","Chum",1997,-9.5,NA,-11.5,71,NA,46.5
"Nass","Chum",1998,8.8,NA,-12.4,101.9,NA,41.5
"Nass","Chum",1999,0,NA,-13.3,90.2,NA,36.6
"Nass","Chum",2000,-7.6,NA,-14.2,71.2,NA,31.9
"Nass","Chum",2001,-1.2,NA,-15.1,95.4,NA,27.4
"Nass","Chum",2002,-44.8,NA,-16,12.6,NA,23
"Nass","Chum",2003,-35.6,NA,-16.8,12,NA,18.8
"Nass","Chum",2004,-18.4,NA,-17.7,34,NA,14.7
"Nass","Chum",2005,-18.4,NA,-18.5,10.8,NA,10.7
"Nass","Chum",2006,10.9,NA,-19.4,35.7,NA,6.9
"Nass","Chum",2007,-28.9,NA,-20.2,-4.9,NA,3.3
"Nass","Chum",2008,-64.6,NA,-21,-54.2,NA,-0.3
"Nass","Chum",2009,-68,NA,-21.9,-58.6,NA,-3.7
"Nass","Chum",2010,-79.3,NA,-22.7,-74.8,NA,-7
"Nass","Chum",2011,-82.2,NA,-23.5,-80.2,NA,-10.2
"Nass","Chum",2012,-72.9,NA,-24.2,-71.8,NA,-13.3
"Nass","Chum",2013,-75.3,-72.8,-25,-75.1,-72.4,-16.3
"Nass","Chum",2014,-69.8,-66.9,-25.8,-69,-66.5,-19.2
"Nass","Chum",2015,-49.2,-59.8,-26.6,-48.5,-59.3,-22
"Nass","Chum",2016,-45.6,-51.1,-27.3,-42.5,-50.5,-24.6
"Nass","Chum",2017,-38.4,-40.5,-28.1,-36.7,-39.8,-27.2
"Nass","Chum",2018,-24.2,-27.7,-28.8,-23.9,-26.9,-29.7
"Nass","Chum",2019,-36.2,-12.1,-29.5,-37.4,-11.1,-32.1
"Nass","Chum",2020,-5.3,6.9,-30.3,-11,8,-34.5
"Nass","Chum",2021,42.8,30,-31,41.5,31.3,-36.7
"Nass","Chum",2022,72.5,58,-31.7,75.4,59.6,-38.9
"Nass","Chum",2023,111.2,92.2,-32.4,116.5,93.9,-41
"Nass","Chum",2024,117.7,133.7,-33.1,128.7,135.7,-43
"Skeena","Chinook",1975,NA,NA,NA,NA,NA,NA
"Skeena","Chinook",1976,NA,NA,NA,NA,NA,NA
"Skeena","Chinook",1977,NA,NA,NA,NA,NA,NA
"Skeena","Chinook",1978,NA,NA,NA,NA,NA,NA
"Skeena","Chinook",1979,NA,NA,NA,NA,NA,NA
"Skeena","Chinook",1980,NA,NA,NA,NA,NA,NA
"Skeena","Chinook",1981,NA,NA,NA,NA,NA,NA
"Skeena","Chinook",1982,NA,NA,NA,NA,NA,NA
"Skeena","Chinook",1983,NA,NA,NA,NA,NA,NA
"Skeena","Chinook",1984,-16.5,NA,42.1,NA,NA,NA
"Skeena","Chinook",1985,-20,NA,39.8,NA,NA,NA
"Skeena","Chinook",1986,-30.3,NA,37.5,NA,NA,NA
"Skeena","Chinook",1987,-7.8,NA,35.3,NA,NA,NA
"Skeena","Chinook",1988,-0.5,NA,33.1,NA,NA,NA
"Skeena","Chinook",1989,7.6,NA,30.9,NA,NA,NA
"Skeena","Chinook",1990,6,NA,28.8,NA,NA,NA
"Skeena","Chinook",1991,9.3,NA,26.7,NA,NA,NA
"Skeena","Chinook",1992,36.1,NA,24.6,NA,NA,NA
"Skeena","Chinook",1993,39.4,NA,22.6,NA,NA,NA
"Skeena","Chinook",1994,48,NA,20.6,NA,NA,NA
"Skeena","Chinook",1995,41.8,NA,18.6,NA,NA,NA
"Skeena","Chinook",1996,70.1,NA,16.7,NA,NA,NA
"Skeena","Chinook",1997,74.9,NA,14.8,NA,NA,NA
"Skeena","Chinook",1998,52.7,NA,12.9,NA,NA,NA
"Skeena","Chinook",1999,32.8,NA,11.1,NA,NA,NA
"Skeena","Chinook",2000,25.4,NA,9.3,NA,NA,NA
"Skeena","Chinook",2001,39.7,NA,7.5,NA,NA,NA
"Skeena","Chinook",2002,18.6,NA,5.8,NA,NA,NA
"Skeena","Chinook",2003,29.1,NA,4,NA,NA,NA
"Skeena","Chinook",2004,52.3,NA,2.3,NA,NA,NA
"Skeena","Chinook",2005,56.6,NA,0.7,NA,NA,NA
"Skeena","Chinook",2006,53.4,NA,-1,NA,NA,NA
"Skeena","Chinook",2007,40.4,47.8,-2.6,NA,NA,NA
"Skeena","Chinook",2008,43.9,37.6,-4.2,NA,NA,NA
"Skeena","Chinook",2009,37.3,28.1,-5.7,NA,NA,NA
"Skeena","Chinook",2010,26.2,19.3,-7.3,NA,NA,NA
"Skeena","Chinook",2011,12.4,11.1,-8.8,NA,NA,NA
"Skeena","Chinook",2012,-3.8,3.4,-10.2,NA,NA,NA
"Skeena","Chinook",2013,-10.4,-3.7,-11.7,NA,NA,NA
"Skeena","Chinook",2014,-11,-10.3,-13.1,NA,NA,NA
"Skeena","Chinook",2015,-12.6,-16.5,-14.6,NA,NA,NA
"Skeena","Chinook",2016,-23.8,-22.2,-16,NA,NA,NA
"Skeena","Chinook",2017,-31.7,-27.6,-17.3,NA,NA,NA
"Skeena","Chinook",2018,-26,-32.6,-18.7,NA,NA,NA
"Skeena","Chinook",2019,-34.2,-37.2,-20,NA,NA,NA
"Skeena","Chinook",2020,-44.1,-41.5,-21.3,NA,NA,NA
"Skeena","Chinook",2021,-52.7,-45.5,-22.6,NA,NA,NA
"Skeena","Chinook",2022,-53.8,-49.3,-23.8,NA,NA,NA
"Skeena","Chinook",2023,-49.2,-52.8,-25.1,NA,NA,NA
"Skeena","Chinook",2024,-50.5,-56,-26.3,NA,NA,NA
"Skeena","Sockeye",1960,-68.8,NA,-25.8,-67.7,NA,-8.4
"Skeena","Sockeye",1961,-41.7,NA,-25.2,-41.5,NA,-8.2
"Skeena","Sockeye",1962,-39.7,NA,-24.6,-38,NA,-8.1
"Skeena","Sockeye",1963,-37,NA,-24,-40.8,NA,-7.9
"Skeena","Sockeye",1964,-31.1,NA,-23.3,-34,NA,-7.7
"Skeena","Sockeye",1965,-18.1,NA,-22.7,-24.1,NA,-7.5
"Skeena","Sockeye",1966,-30.6,NA,-22.1,-31.7,NA,-7.4
"Skeena","Sockeye",1967,-29,NA,-21.4,-24.3,NA,-7.2
"Skeena","Sockeye",1968,-30,NA,-20.8,-16.6,NA,-7
"Skeena","Sockeye",1969,-33.8,NA,-20.1,-22.3,NA,-6.9
"Skeena","Sockeye",1970,-33.2,NA,-19.5,-19.8,NA,-6.7
"Skeena","Sockeye",1971,-23.4,NA,-18.8,-11.9,NA,-6.5
"Skeena","Sockeye",1972,-21.9,NA,-18.1,-16.5,NA,-6.3
"Skeena","Sockeye",1973,-16.4,NA,-17.5,-9.9,NA,-6.2
"Skeena","Sockeye",1974,-14.6,NA,-16.8,1.1,NA,-6
"Skeena","Sockeye",1975,-11.2,NA,-16.1,1.7,NA,-5.8
"Skeena","Sockeye",1976,-17.1,NA,-15.4,-4,NA,-5.6
"Skeena","Sockeye",1977,-11.8,NA,-14.7,3.1,NA,-5.5
"Skeena","Sockeye",1978,-22.7,NA,-14,-10.8,NA,-5.3
"Skeena","Sockeye",1979,-15,NA,-13.3,-8.2,NA,-5.1
"Skeena","Sockeye",1980,-21.8,NA,-12.6,-9,NA,-4.9
"Skeena","Sockeye",1981,-6.5,NA,-11.8,8.8,NA,-4.7
"Skeena","Sockeye",1982,-3.5,NA,-11.1,17.2,NA,-4.6
"Skeena","Sockeye",1983,11.5,NA,-10.4,28.8,NA,-4.4
"Skeena","Sockeye",1984,8.2,NA,-9.6,23,NA,-4.2
"Skeena","Sockeye",1985,42.1,NA,-8.9,57.7,NA,-4
"Skeena","Sockeye",1986,24.2,NA,-8.2,36.1,NA,-3.9
"Skeena","Sockeye",1987,27.9,NA,-7.4,24.4,NA,-3.7
"Skeena","Sockeye",1988,39.5,NA,-6.6,43.4,NA,-3.5
"Skeena","Sockeye",1989,41.8,NA,-5.9,45.8,NA,-3.3
"Skeena","Sockeye",1990,20.7,NA,-5.1,27.4,NA,-3.1
"Skeena","Sockeye",1991,34.4,NA,-4.3,46.9,NA,-3
"Skeena","Sockeye",1992,33.6,NA,-3.5,64.3,NA,-2.8
"Skeena","Sockeye",1993,37.6,NA,-2.7,70.1,NA,-2.6
"Skeena","Sockeye",1994,34.9,NA,-1.9,71.2,NA,-2.4
"Skeena","Sockeye",1995,50.5,NA,-1.1,97.8,NA,-2.2
"Skeena","Sockeye",1996,59.9,NA,-0.3,127,NA,-2.1
"Skeena","Sockeye",1997,48.2,NA,0.5,122.1,NA,-1.9
"Skeena","Sockeye",1998,17.3,NA,1.4,62.7,NA,-1.7
"Skeena","Sockeye",1999,6.6,NA,2.2,31.2,NA,-1.5
"Skeena","Sockeye",2000,1,NA,3,26.6,NA,-1.3
"Skeena","Sockeye",2001,-3.8,NA,3.9,13.7,NA,-1.1
"Skeena","Sockeye",2002,-10.9,NA,4.7,-7,NA,-1
"Skeena","Sockeye",2003,7.3,NA,5.6,8.1,NA,-0.8
"Skeena","Sockeye",2004,15.3,NA,6.5,21.1,NA,-0.6
"Skeena","Sockeye",2005,1.5,NA,7.3,-9.4,NA,-0.4
"Skeena","Sockeye",2006,-1.9,NA,8.2,-16.7,NA,-0.2
"Skeena","Sockeye",2007,8.6,NA,9.1,-8.9,NA,0
"Skeena","Sockeye",2008,-0.1,NA,10,-8.7,NA,0.2
"Skeena","Sockeye",2009,-4.5,-14.4,10.9,-16.8,-25.8,0.3
"Skeena","Sockeye",2010,-5.6,-12.6,11.8,-19.1,-25.7,0.5
"Skeena","Sockeye",2011,-10.3,-10.7,12.8,-25.3,-25.5,0.7
"Skeena","Sockeye",2012,-8.9,-8.8,13.7,-24.6,-25.4,0.9
"Skeena","Sockeye",2013,-22.6,-6.8,14.6,-44.1,-25.2,1.1
"Skeena","Sockeye",2014,-11.2,-4.8,15.6,-29.5,-25.1,1.3
"Skeena","Sockeye",2015,0.2,-2.7,16.5,-17.2,-24.9,1.5
"Skeena","Sockeye",2016,-0.3,-0.6,17.5,-19.3,-24.8,1.7
"Skeena","Sockeye",2017,-4.9,1.5,18.5,-30.7,-24.6,1.9
"Skeena","Sockeye",2018,19.3,3.7,19.4,-10,-24.5,2
"Skeena","Sockeye",2019,-2.2,6,20.4,-31.8,-24.3,2.2
"Skeena","Sockeye",2020,-1.4,8.3,21.4,-35,-24.2,2.4
"Skeena","Sockeye",2021,2.1,10.6,22.4,-34.7,-24,2.6
"Skeena","Sockeye",2022,25,13,23.4,-13.4,-23.9,2.8
"Skeena","Sockeye",2023,29,15.4,24.4,-10.4,-23.7,3
"Skeena","Steelhead",1956,-7.7,NA,-21.6,NA,NA,NA
"Skeena","Steelhead",1957,-42.8,NA,-21,NA,NA,NA
"Skeena","Steelhead",1958,-32,NA,-20.4,NA,NA,NA
"Skeena","Steelhead",1959,-36.9,NA,-19.8,NA,NA,NA
"Skeena","Steelhead",1960,-33.7,NA,-19.2,NA,NA,NA
"Skeena","Steelhead",1961,-38.8,NA,-18.5,NA,NA,NA
"Skeena","Steelhead",1962,-22.7,NA,-17.9,NA,NA,NA
"Skeena","Steelhead",1963,-23.3,NA,-17.3,NA,NA,NA
"Skeena","Steelhead",1964,-17.5,NA,-16.6,NA,NA,NA
"Skeena","Steelhead",1965,-15.1,NA,-16,NA,NA,NA
"Skeena","Steelhead",1966,3.6,NA,-15.4,NA,NA,NA
"Skeena","Steelhead",1967,5,NA,-14.7,NA,NA,NA
"Skeena","Steelhead",1968,2.6,NA,-14.1,NA,NA,NA
"Skeena","Steelhead",1969,10.9,NA,-13.4,NA,NA,NA
"Skeena","Steelhead",1970,17.9,NA,-12.7,NA,NA,NA
"Skeena","Steelhead",1971,3.3,NA,-12.1,NA,NA,NA
"Skeena","Steelhead",1972,-6.9,NA,-11.4,NA,NA,NA
"Skeena","Steelhead",1973,-9.6,NA,-10.7,NA,NA,NA
"Skeena","Steelhead",1974,-20.3,NA,-10,NA,NA,NA
"Skeena","Steelhead",1975,-31.8,NA,-9.3,NA,NA,NA
"Skeena","Steelhead",1976,-27.6,NA,-8.6,NA,NA,NA
"Skeena","Steelhead",1977,-26.9,NA,-7.9,NA,NA,NA
"Skeena","Steelhead",1978,-22.9,NA,-7.2,NA,NA,NA
"Skeena","Steelhead",1979,-24.2,NA,-6.5,NA,NA,NA
"Skeena","Steelhead",1980,-15.3,NA,-5.8,NA,NA,NA
"Skeena","Steelhead",1981,-17.4,NA,-5.1,NA,NA,NA
"Skeena","Steelhead",1982,-5.2,NA,-4.4,NA,NA,NA
"Skeena","Steelhead",1983,-16.8,NA,-3.6,NA,NA,NA
"Skeena","Steelhead",1984,10.6,NA,-2.9,NA,NA,NA
"Skeena","Steelhead",1985,18.9,NA,-2.1,NA,NA,NA
"Skeena","Steelhead",1986,31.2,NA,-1.4,NA,NA,NA
"Skeena","Steelhead",1987,19.7,NA,-0.6,NA,NA,NA
"Skeena","Steelhead",1988,55,NA,0.1,NA,NA,NA
"Skeena","Steelhead",1989,29,NA,0.9,NA,NA,NA
"Skeena","Steelhead",1990,21.2,NA,1.7,NA,NA,NA
"Skeena","Steelhead",1991,-7.2,NA,2.4,NA,NA,NA
"Skeena","Steelhead",1992,-17.8,NA,3.2,NA,NA,NA
"Skeena","Steelhead",1993,-32.8,NA,4,NA,NA,NA
"Skeena","Steelhead",1994,-30.9,NA,4.8,NA,NA,NA
"Skeena","Steelhead",1995,-33.3,NA,5.6,NA,NA,NA
"Skeena","Steelhead",1996,-20.5,NA,6.4,NA,NA,NA
"Skeena","Steelhead",1997,-18.6,NA,7.3,NA,NA,NA
"Skeena","Steelhead",1998,8.5,NA,8.1,NA,NA,NA
"Skeena","Steelhead",1999,22.1,NA,8.9,NA,NA,NA
"Skeena","Steelhead",2000,46.6,NA,9.7,NA,NA,NA
"Skeena","Steelhead",2001,50.1,NA,10.6,NA,NA,NA
"Skeena","Steelhead",2002,97.6,NA,11.4,NA,NA,NA
"Skeena","Steelhead",2003,65.6,NA,12.3,NA,NA,NA
"Skeena","Steelhead",2004,62.2,NA,13.1,NA,NA,NA
"Skeena","Steelhead",2005,45.9,NA,14,NA,NA,NA
"Skeena","Steelhead",2006,47.9,NA,14.9,NA,NA,NA
"Skeena","Steelhead",2007,18.6,NA,15.8,NA,NA,NA
"Skeena","Steelhead",2008,56.3,NA,16.7,NA,NA,NA
"Skeena","Steelhead",2009,56.4,NA,17.5,NA,NA,NA
"Skeena","Steelhead",2010,72.4,113.6,18.4,NA,NA,NA
"Skeena","Steelhead",2011,78.8,95.8,19.4,NA,NA,NA
"Skeena","Steelhead",2012,79.6,79.5,20.3,NA,NA,NA
"Skeena","Steelhead",2013,60.6,64.5,21.2,NA,NA,NA
"Skeena","Steelhead",2014,56.7,50.8,22.1,NA,NA,NA
"Skeena","Steelhead",2015,37.8,38.2,23.1,NA,NA,NA
"Skeena","Steelhead",2016,46,26.7,24,NA,NA,NA
"Skeena","Steelhead",2017,23.2,16.1,25,NA,NA,NA
"Skeena","Steelhead",2018,38.3,6.5,25.9,NA,NA,NA
"Skeena","Steelhead",2019,21.1,-2.4,26.9,NA,NA,NA
"Skeena","Steelhead",2020,8.4,-10.6,27.8,NA,NA,NA
"Skeena","Steelhead",2021,-28.8,-18,28.8,NA,NA,NA
"Skeena","Steelhead",2022,-30.5,-24.9,29.8,NA,NA,NA
"Skeena","Steelhead",2023,-48.9,-31.1,30.8,NA,NA,NA
"Skeena","Steelhead",2024,-40.5,-36.9,31.8,NA,NA,NA
"Skeena","Chum",1950,240,NA,180.3,NA,NA,NA
"Skeena","Chum",1951,152.5,NA,173.1,NA,NA,NA
"Skeena","Chum",1952,168.8,NA,166,NA,NA,NA
"Skeena","Chum",1953,110.9,NA,159.1,NA,NA,NA
"Skeena","Chum",1954,139.8,NA,152.3,NA,NA,NA
"Skeena","Chum",1955,64.3,NA,145.8,NA,NA,NA
"Skeena","Chum",1956,66.9,NA,139.4,NA,NA,NA
"Skeena","Chum",1957,38.8,NA,133.2,NA,NA,NA
"Skeena","Chum",1958,36.4,NA,127.1,NA,NA,NA
"Skeena","Chum",1959,-3.8,NA,121.2,NA,NA,NA
"Skeena","Chum",1960,28.2,NA,115.5,NA,NA,NA
"Skeena","Chum",1961,61.8,NA,109.9,NA,NA,NA
"Skeena","Chum",1962,68.6,NA,104.5,NA,NA,NA
"Skeena","Chum",1963,66.3,NA,99.1,NA,NA,NA
"Skeena","Chum",1964,73.5,NA,94,NA,NA,NA
"Skeena","Chum",1965,51.5,NA,88.9,NA,NA,NA
"Skeena","Chum",1966,27,NA,84,NA,NA,NA
"Skeena","Chum",1967,37.9,NA,79.3,NA,NA,NA
"Skeena","Chum",1968,55.8,NA,74.6,NA,NA,NA
"Skeena","Chum",1969,73.3,NA,70.1,NA,NA,NA
"Skeena","Chum",1970,85,NA,65.7,NA,NA,NA
"Skeena","Chum",1971,32.8,NA,61.4,NA,NA,NA
"Skeena","Chum",1972,51.6,NA,57.2,NA,NA,NA
"Skeena","Chum",1973,71.9,NA,53.1,NA,NA,NA
"Skeena","Chum",1974,70.5,NA,49.1,NA,NA,NA
"Skeena","Chum",1975,60.9,NA,45.2,NA,NA,NA
"Skeena","Chum",1976,92.3,NA,41.5,NA,NA,NA
"Skeena","Chum",1977,51,NA,37.8,NA,NA,NA
"Skeena","Chum",1978,14.8,NA,34.2,NA,NA,NA
"Skeena","Chum",1979,-1.1,NA,30.7,NA,NA,NA
"Skeena","Chum",1980,24,NA,27.3,NA,NA,NA
"Skeena","Chum",1981,30.4,NA,24,NA,NA,NA
"Skeena","Chum",1982,19.3,NA,20.8,NA,NA,NA
"Skeena","Chum",1983,-6.9,NA,17.7,NA,NA,NA
"Skeena","Chum",1984,37.7,NA,14.6,NA,NA,NA
"Skeena","Chum",1985,23.7,NA,11.7,NA,NA,NA
"Skeena","Chum",1986,20,NA,8.8,NA,NA,NA
"Skeena","Chum",1987,16.9,NA,5.9,NA,NA,NA
"Skeena","Chum",1988,168.7,NA,3.2,NA,NA,NA
"Skeena","Chum",1989,144.1,NA,0.5,NA,NA,NA
"Skeena","Chum",1990,101.1,NA,-2.1,NA,NA,NA
"Skeena","Chum",1991,100,NA,-4.6,NA,NA,NA
"Skeena","Chum",1992,102.4,NA,-7.1,NA,NA,NA
"Skeena","Chum",1993,27.1,NA,-9.5,NA,NA,NA
"Skeena","Chum",1994,7.5,NA,-11.9,NA,NA,NA
"Skeena","Chum",1995,19.1,NA,-14.2,NA,NA,NA
"Skeena","Chum",1996,19.8,NA,-16.4,NA,NA,NA
"Skeena","Chum",1997,63.4,NA,-18.6,NA,NA,NA
"Skeena","Chum",1998,84.1,NA,-20.7,NA,NA,NA
"Skeena","Chum",1999,55.9,NA,-22.7,NA,NA,NA
"Skeena","Chum",2000,47.9,NA,-24.7,NA,NA,NA
"Skeena","Chum",2001,56.6,NA,-26.7,NA,NA,NA
"Skeena","Chum",2002,14.7,NA,-28.6,NA,NA,NA
"Skeena","Chum",2003,4.4,NA,-30.5,NA,NA,NA
"Skeena","Chum",2004,31.9,NA,-32.3,NA,NA,NA
"Skeena","Chum",2005,47.6,NA,-34,NA,NA,NA
"Skeena","Chum",2006,21.5,NA,-35.7,NA,NA,NA
"Skeena","Chum",2007,20.2,NA,-37.4,NA,NA,NA
"Skeena","Chum",2008,-23.1,NA,-39,NA,NA,NA
"Skeena","Chum",2009,-31.4,-39.2,-40.6,NA,NA,NA
"Skeena","Chum",2010,-52.6,-45.5,-42.2,NA,NA,NA
"Skeena","Chum",2011,-57.2,-51.1,-43.7,NA,NA,NA
"Skeena","Chum",2012,-61,-56.2,-45.1,NA,NA,NA
"Skeena","Chum",2013,-57.4,-60.7,-46.5,NA,NA,NA
"Skeena","Chum",2014,-66.5,-64.8,-47.9,NA,NA,NA
"Skeena","Chum",2015,-67.2,-68.4,-49.3,NA,NA,NA
"Skeena","Chum",2016,-65,-71.7,-50.6,NA,NA,NA
"Skeena","Chum",2017,-71.6,-74.6,-51.9,NA,NA,NA
"Skeena","Chum",2018,-74.8,-77.2,-53.1,NA,NA,NA
"Skeena","Chum",2019,-73.8,-79.6,-54.3,NA,NA,NA
"Skeena","Chum",2020,-84.5,-81.7,-55.5,NA,NA,NA
"Skeena","Chum",2021,-88.7,-83.6,-56.7,NA,NA,NA
"Skeena","Chum",2022,-86.7,-85.3,-57.8,NA,NA,NA
"Skeena","Chum",2023,-84.4,-86.8,-58.9,NA,NA,NA
"Skeena","Coho",1950,1.3,NA,46.3,NA,NA,NA
"Skeena","Coho",1951,22.9,NA,44.7,NA,NA,NA
"Skeena","Coho",1952,38.2,NA,43.2,NA,NA,NA
"Skeena","Coho",1953,47.9,NA,41.7,NA,NA,NA
"Skeena","Coho",1954,77.6,NA,40.2,NA,NA,NA
"Skeena","Coho",1955,82.4,NA,38.7,NA,NA,NA
"Skeena","Coho",1956,112.8,NA,37.3,NA,NA,NA
"Skeena","Coho",1957,108.1,NA,35.8,NA,NA,NA
"Skeena","Coho",1958,128,NA,34.4,NA,NA,NA
"Skeena","Coho",1959,89.7,NA,33,NA,NA,NA
"Skeena","Coho",1960,89.2,NA,31.6,NA,NA,NA
"Skeena","Coho",1961,93.9,NA,30.2,NA,NA,NA
"Skeena","Coho",1962,43.4,NA,28.8,NA,NA,NA
"Skeena","Coho",1963,86.5,NA,27.5,NA,NA,NA
"Skeena","Coho",1964,67.8,NA,26.1,NA,NA,NA
"Skeena","Coho",1965,106.2,NA,24.8,NA,NA,NA
"Skeena","Coho",1966,166.3,NA,23.5,NA,NA,NA
"Skeena","Coho",1967,127.1,NA,22.2,NA,NA,NA
"Skeena","Coho",1968,129,NA,20.9,NA,NA,NA
"Skeena","Coho",1969,66.3,NA,19.6,NA,NA,NA
"Skeena","Coho",1970,49.7,NA,18.4,NA,NA,NA
"Skeena","Coho",1971,52.9,NA,17.1,NA,NA,NA
"Skeena","Coho",1972,25.7,NA,15.9,NA,NA,NA
"Skeena","Coho",1973,8.4,NA,14.7,NA,NA,NA
"Skeena","Coho",1974,-16.6,NA,13.5,NA,NA,NA
"Skeena","Coho",1975,-42.5,NA,12.3,NA,NA,NA
"Skeena","Coho",1976,-54.9,NA,11.1,NA,NA,NA
"Skeena","Coho",1977,-58,NA,9.9,NA,NA,NA
"Skeena","Coho",1978,-55.8,NA,8.8,NA,NA,NA
"Skeena","Coho",1979,-55.7,NA,7.6,NA,NA,NA
"Skeena","Coho",1980,-48.8,NA,6.5,NA,NA,NA
"Skeena","Coho",1981,-52.3,NA,5.4,NA,NA,NA
"Skeena","Coho",1982,-60,NA,4.3,NA,NA,NA
"Skeena","Coho",1983,-54.5,NA,3.2,NA,NA,NA
"Skeena","Coho",1984,-47.9,NA,2.1,NA,NA,NA
"Skeena","Coho",1985,-45.2,NA,1,NA,NA,NA
"Skeena","Coho",1986,-25.1,NA,-0.1,NA,NA,NA
"Skeena","Coho",1987,-11.8,NA,-1.1,NA,NA,NA
"Skeena","Coho",1988,-38.7,NA,-2.1,NA,NA,NA
"Skeena","Coho",1989,-21.9,NA,-3.2,NA,NA,NA
"Skeena","Coho",1990,-14.5,NA,-4.2,NA,NA,NA
"Skeena","Coho",1991,-13.1,NA,-5.2,NA,NA,NA
"Skeena","Coho",1992,21.1,NA,-6.2,NA,NA,NA
"Skeena","Coho",1993,4.5,NA,-7.2,NA,NA,NA
"Skeena","Coho",1994,0.2,NA,-8.2,NA,NA,NA
"Skeena","Coho",1995,-12.1,NA,-9.1,NA,NA,NA
"Skeena","Coho",1996,-24,NA,-10.1,NA,NA,NA
"Skeena","Coho",1997,-37.8,NA,-11,NA,NA,NA
"Skeena","Coho",1998,-40.6,NA,-12,NA,NA,NA
"Skeena","Coho",1999,-21.4,NA,-12.9,NA,NA,NA
"Skeena","Coho",2000,-15.8,NA,-13.8,NA,NA,NA
"Skeena","Coho",2001,20.9,NA,-14.7,NA,NA,NA
"Skeena","Coho",2002,20.1,NA,-15.6,NA,NA,NA
"Skeena","Coho",2003,6.6,NA,-16.5,NA,NA,NA
"Skeena","Coho",2004,10.8,NA,-17.4,NA,NA,NA
"Skeena","Coho",2005,15.2,NA,-18.3,NA,NA,NA
"Skeena","Coho",2006,1.5,NA,-19.1,NA,NA,NA
"Skeena","Coho",2007,-12.6,NA,-20,NA,NA,NA
"Skeena","Coho",2008,-20.8,NA,-20.8,NA,NA,NA
"Skeena","Coho",2009,-15.7,NA,-21.6,NA,NA,NA
"Skeena","Coho",2010,-0.5,NA,-22.5,NA,NA,NA
"Skeena","Coho",2011,5.4,NA,-23.3,NA,NA,NA
"Skeena","Coho",2012,17.5,28.2,-24.1,NA,NA,NA
"Skeena","Coho",2013,15.9,18.8,-24.9,NA,NA,NA
"Skeena","Coho",2014,22.6,10,-25.7,NA,NA,NA
"Skeena","Coho",2015,12.6,1.9,-26.5,NA,NA,NA
"Skeena","Coho",2016,22.9,-5.6,-27.2,NA,NA,NA
"Skeena","Coho",2017,2.3,-12.6,-28,NA,NA,NA
"Skeena","Coho",2018,-33.1,-19,-28.8,NA,NA,NA
"Skeena","Coho",2019,-37.2,-25,-29.5,NA,NA,NA
"Skeena","Coho",2020,-50.9,-30.5,-30.2,NA,NA,NA
"Skeena","Coho",2021,-53,-35.7,-31,NA,NA,NA
"Skeena","Coho",2022,-41.9,-40.4,-31.7,NA,NA,NA
"Skeena","Coho",2023,-5.5,-44.8,-32.4,NA,NA,NA
"Skeena","Pink",1950,-20.5,NA,23.1,NA,NA,NA
"Skeena","Pink",1951,-31.6,NA,22.3,NA,NA,NA
"Skeena","Pink",1952,14.3,NA,21.6,NA,NA,NA
"Skeena","Pink",1953,-7.1,NA,20.9,NA,NA,NA
"Skeena","Pink",1954,-48.5,NA,20.2,NA,NA,NA
"Skeena","Pink",1955,-42.8,NA,19.4,NA,NA,NA
"Skeena","Pink",1956,-59.8,NA,18.7,NA,NA,NA
"Skeena","Pink",1957,-49.5,NA,18,NA,NA,NA
"Skeena","Pink",1958,-35.3,NA,17.3,NA,NA,NA
"Skeena","Pink",1959,-27.5,NA,16.6,NA,NA,NA
"Skeena","Pink",1960,-40,NA,15.9,NA,NA,NA
"Skeena","Pink",1961,-38.6,NA,15.2,NA,NA,NA
"Skeena","Pink",1962,27.8,NA,14.5,NA,NA,NA
"Skeena","Pink",1963,50.2,NA,13.8,NA,NA,NA
"Skeena","Pink",1964,79,NA,13.1,NA,NA,NA
"Skeena","Pink",1965,91.8,NA,12.4,NA,NA,NA
"Skeena","Pink",1966,31.6,NA,11.8,NA,NA,NA
"Skeena","Pink",1967,-18.5,NA,11.1,NA,NA,NA
"Skeena","Pink",1968,21.7,NA,10.4,NA,NA,NA
"Skeena","Pink",1969,55.1,NA,9.8,NA,NA,NA
"Skeena","Pink",1970,22.2,NA,9.1,NA,NA,NA
"Skeena","Pink",1971,23.5,NA,8.4,NA,NA,NA
"Skeena","Pink",1972,38.8,NA,7.8,NA,NA,NA
"Skeena","Pink",1973,52.9,NA,7.1,NA,NA,NA
"Skeena","Pink",1974,-3.5,NA,6.5,NA,NA,NA
"Skeena","Pink",1975,21.5,NA,5.9,NA,NA,NA
"Skeena","Pink",1976,47,NA,5.2,NA,NA,NA
"Skeena","Pink",1977,7.2,NA,4.6,NA,NA,NA
"Skeena","Pink",1978,12,NA,4,NA,NA,NA
"Skeena","Pink",1979,-17.7,NA,3.3,NA,NA,NA
"Skeena","Pink",1980,-21,NA,2.7,NA,NA,NA
"Skeena","Pink",1981,32.5,NA,2.1,NA,NA,NA
"Skeena","Pink",1982,28.8,NA,1.5,NA,NA,NA
"Skeena","Pink",1983,80.3,NA,0.9,NA,NA,NA
"Skeena","Pink",1984,127.4,NA,0.3,NA,NA,NA
"Skeena","Pink",1985,86,NA,-0.3,NA,NA,NA
"Skeena","Pink",1986,127.9,NA,-0.9,NA,NA,NA
"Skeena","Pink",1987,163.8,NA,-1.5,NA,NA,NA
"Skeena","Pink",1988,76.4,NA,-2.1,NA,NA,NA
"Skeena","Pink",1989,114.3,NA,-2.7,NA,NA,NA
"Skeena","Pink",1990,284.6,NA,-3.3,NA,NA,NA
"Skeena","Pink",1991,328.3,NA,-3.9,NA,NA,NA
"Skeena","Pink",1992,129.5,NA,-4.5,NA,NA,NA
"Skeena","Pink",1993,-7.9,NA,-5,NA,NA,NA
"Skeena","Pink",1994,-50.1,NA,-5.6,NA,NA,NA
"Skeena","Pink",1995,-15.9,NA,-6.2,NA,NA,NA
"Skeena","Pink",1996,159.8,NA,-6.7,NA,NA,NA
"Skeena","Pink",1997,30,NA,-7.3,NA,NA,NA
"Skeena","Pink",1998,-49.2,NA,-7.9,NA,NA,NA
"Skeena","Pink",1999,-23.3,NA,-8.4,NA,NA,NA
"Skeena","Pink",2000,4.8,NA,-9,NA,NA,NA
"Skeena","Pink",2001,20.1,NA,-9.5,NA,NA,NA
"Skeena","Pink",2002,76.3,NA,-10.1,NA,NA,NA
"Skeena","Pink",2003,109.9,NA,-10.6,NA,NA,NA
"Skeena","Pink",2004,72.7,NA,-11.1,NA,NA,NA
"Skeena","Pink",2005,66.4,NA,-11.7,NA,NA,NA
"Skeena","Pink",2006,-27.3,NA,-12.2,NA,NA,NA
"Skeena","Pink",2007,-47.8,NA,-12.7,NA,NA,NA
"Skeena","Pink",2008,-55.6,NA,-13.3,NA,NA,NA
"Skeena","Pink",2009,-16.6,NA,-13.8,NA,NA,NA
"Skeena","Pink",2010,60,NA,-14.3,NA,NA,NA
"Skeena","Pink",2011,-45.7,NA,-14.8,NA,NA,NA
"Skeena","Pink",2012,-51.5,NA,-15.3,NA,NA,NA
"Skeena","Pink",2013,3.8,NA,-15.8,NA,NA,NA
"Skeena","Pink",2014,143.4,NA,-16.3,NA,NA,NA
"Skeena","Pink",2015,8.8,NA,-16.8,NA,NA,NA
"Skeena","Pink",2016,-70.7,NA,-17.3,NA,NA,NA
"Skeena","Pink",2017,-66.8,NA,-17.8,NA,NA,NA
"Skeena","Pink",2018,-87.1,-95.4,-18.3,NA,NA,NA
"Skeena","Pink",2019,-93.8,-90.1,-18.8,NA,NA,NA
"Skeena","Pink",2020,-91.1,-78.7,-19.3,NA,NA,NA
"Skeena","Pink",2021,-74.3,-53.8,-19.8,NA,NA,NA
"Skeena","Pink",2022,55.4,0,-20.3,NA,NA,NA
"Skeena","Pink",2023,236.8,116.5,-20.8,NA,NA,NA
"Central Coast","Chinook",1975,-59.4,NA,-26.3,NA,NA,NA
"Central Coast","Chinook",1976,-43,NA,-25.5,NA,NA,NA
"Central Coast","Chinook",1977,-37,NA,-24.6,NA,NA,NA
"Central Coast","Chinook",1978,-30,NA,-23.8,NA,NA,NA
"Central Coast","Chinook",1979,-38.5,NA,-22.9,NA,NA,NA
"Central Coast","Chinook",1980,-35.6,NA,-22,NA,NA,NA
"Central Coast","Chinook",1981,-43.1,NA,-21.1,NA,NA,NA
"Central Coast","Chinook",1982,-47.1,NA,-20.2,NA,NA,NA
"Central Coast","Chinook",1983,-51,NA,-19.3,NA,NA,NA
"Central Coast","Chinook",1984,-41.2,NA,-18.4,NA,NA,NA
"Central Coast","Chinook",1985,-26.2,NA,-17.5,NA,NA,NA
"Central Coast","Chinook",1986,-4.2,NA,-16.6,NA,NA,NA
"Central Coast","Chinook",1987,10.5,NA,-15.6,NA,NA,NA
"Central Coast","Chinook",1988,22,NA,-14.7,NA,NA,NA
"Central Coast","Chinook",1989,32.5,NA,-13.7,NA,NA,NA
"Central Coast","Chinook",1990,22.9,NA,-12.7,NA,NA,NA
"Central Coast","Chinook",1991,8.7,NA,-11.7,NA,NA,NA
"Central Coast","Chinook",1992,25,NA,-10.7,NA,NA,NA
"Central Coast","Chinook",1993,46.3,NA,-9.7,NA,NA,NA
"Central Coast","Chinook",1994,52.7,NA,-8.7,NA,NA,NA
"Central Coast","Chinook",1995,60.7,NA,-7.7,NA,NA,NA
"Central Coast","Chinook",1996,73.9,NA,-6.6,NA,NA,NA
"Central Coast","Chinook",1997,44.8,NA,-5.6,NA,NA,NA
"Central Coast","Chinook",1998,22.6,NA,-4.5,NA,NA,NA
"Central Coast","Chinook",1999,10.7,NA,-3.4,NA,NA,NA
"Central Coast","Chinook",2000,9,NA,-2.3,NA,NA,NA
"Central Coast","Chinook",2001,13.7,NA,-1.2,NA,NA,NA
"Central Coast","Chinook",2002,14.8,NA,-0.1,NA,NA,NA
"Central Coast","Chinook",2003,10.1,NA,1,NA,NA,NA
"Central Coast","Chinook",2004,6.2,NA,2.2,NA,NA,NA
"Central Coast","Chinook",2005,-0.4,NA,3.3,NA,NA,NA
"Central Coast","Chinook",2006,-4.8,NA,4.5,NA,NA,NA
"Central Coast","Chinook",2007,-9.2,NA,5.7,NA,NA,NA
"Central Coast","Chinook",2008,-12,NA,6.9,NA,NA,NA
"Central Coast","Chinook",2009,-13.2,NA,8.1,NA,NA,NA
"Central Coast","Chinook",2010,-15.8,-11.8,9.3,NA,NA,NA
"Central Coast","Chinook",2011,-23.9,-9.4,10.5,NA,NA,NA
"Central Coast","Chinook",2012,-28.7,-7.1,11.8,NA,NA,NA
"Central Coast","Chinook",2013,-17.5,-4.6,13.1,NA,NA,NA
"Central Coast","Chinook",2014,-7.7,-2.1,14.3,NA,NA,NA
"Central Coast","Chinook",2015,19.6,0.5,15.6,NA,NA,NA
"Central Coast","Chinook",2016,41.1,3.1,16.9,NA,NA,NA
"Central Coast","Chinook",2017,54.4,5.8,18.3,NA,NA,NA
"Central Coast","Chinook",2018,42.9,8.6,19.6,NA,NA,NA
"Central Coast","Chinook",2019,31.9,11.4,21,NA,NA,NA
"Central Coast","Chinook",2020,13.6,14.4,22.3,NA,NA,NA
"Central Coast","Chinook",2021,2.2,17.4,23.7,NA,NA,NA
"Central Coast","Chinook",2022,1.8,20.5,25.1,NA,NA,NA
"Central Coast","Chinook",2023,4.9,23.6,26.5,NA,NA,NA
"Central Coast","Chinook",2024,10,26.9,28,NA,NA,NA
"Central Coast","Chum",1950,59.7,NA,30.3,NA,NA,NA
"Central Coast","Chum",1951,53.8,NA,29.4,NA,NA,NA
"Central Coast","Chum",1952,50.8,NA,28.5,NA,NA,NA
"Central Coast","Chum",1953,55.1,NA,27.7,NA,NA,NA
"Central Coast","Chum",1954,53.3,NA,26.8,NA,NA,NA
"Central Coast","Chum",1955,29.1,NA,25.9,NA,NA,NA
"Central Coast","Chum",1956,12.8,NA,25.1,NA,NA,NA
"Central Coast","Chum",1957,-0.9,NA,24.2,NA,NA,NA
"Central Coast","Chum",1958,0.7,NA,23.4,NA,NA,NA
"Central Coast","Chum",1959,-7.7,NA,22.6,NA,NA,NA
"Central Coast","Chum",1960,-11.8,NA,21.8,NA,NA,NA
"Central Coast","Chum",1961,-23.9,NA,20.9,NA,NA,NA
"Central Coast","Chum",1962,-28.2,NA,20.1,NA,NA,NA
"Central Coast","Chum",1963,-10.6,NA,19.3,NA,NA,NA
"Central Coast","Chum",1964,7.3,NA,18.5,NA,NA,NA
"Central Coast","Chum",1965,2.5,NA,17.7,NA,NA,NA
"Central Coast","Chum",1966,15.6,NA,16.9,NA,NA,NA
"Central Coast","Chum",1967,14.8,NA,16.1,NA,NA,NA
"Central Coast","Chum",1968,29,NA,15.3,NA,NA,NA
"Central Coast","Chum",1969,49.9,NA,14.6,NA,NA,NA
"Central Coast","Chum",1970,38.8,NA,13.8,NA,NA,NA
"Central Coast","Chum",1971,28.2,NA,13,NA,NA,NA
"Central Coast","Chum",1972,18,NA,12.2,NA,NA,NA
"Central Coast","Chum",1973,49.8,NA,11.5,NA,NA,NA
"Central Coast","Chum",1974,48,NA,10.7,NA,NA,NA
"Central Coast","Chum",1975,37.3,NA,10,NA,NA,NA
"Central Coast","Chum",1976,4.7,NA,9.2,NA,NA,NA
"Central Coast","Chum",1977,-19.3,NA,8.5,NA,NA,NA
"Central Coast","Chum",1978,-22.9,NA,7.8,NA,NA,NA
"Central Coast","Chum",1979,-21,NA,7.1,NA,NA,NA
"Central Coast","Chum",1980,-11.6,NA,6.3,NA,NA,NA
"Central Coast","Chum",1981,-9.7,NA,5.6,NA,NA,NA
"Central Coast","Chum",1982,-8.5,NA,4.9,NA,NA,NA
"Central Coast","Chum",1983,-7.1,NA,4.2,NA,NA,NA
"Central Coast","Chum",1984,-10.3,NA,3.5,NA,NA,NA
"Central Coast","Chum",1985,-0.2,NA,2.8,NA,NA,NA
"Central Coast","Chum",1986,8.3,NA,2.1,NA,NA,NA
"Central Coast","Chum",1987,11.3,NA,1.4,NA,NA,NA
"Central Coast","Chum",1988,36.8,NA,0.7,NA,NA,NA
"Central Coast","Chum",1989,29.9,NA,0,NA,NA,NA
"Central Coast","Chum",1990,23.7,NA,-0.6,NA,NA,NA
"Central Coast","Chum",1991,22.5,NA,-1.3,NA,NA,NA
"Central Coast","Chum",1992,-15.2,NA,-2,NA,NA,NA
"Central Coast","Chum",1993,-24.6,NA,-2.6,NA,NA,NA
"Central Coast","Chum",1994,-31,NA,-3.3,NA,NA,NA
"Central Coast","Chum",1995,-19.3,NA,-3.9,NA,NA,NA
"Central Coast","Chum",1996,7.3,NA,-4.6,NA,NA,NA
"Central Coast","Chum",1997,19.1,NA,-5.2,NA,NA,NA
"Central Coast","Chum",1998,48.1,NA,-5.9,NA,NA,NA
"Central Coast","Chum",1999,34.1,NA,-6.5,NA,NA,NA
"Central Coast","Chum",2000,25.5,NA,-7.1,NA,NA,NA
"Central Coast","Chum",2001,33.1,NA,-7.8,NA,NA,NA
"Central Coast","Chum",2002,22.6,NA,-8.4,NA,NA,NA
"Central Coast","Chum",2003,46.5,NA,-9,NA,NA,NA
"Central Coast","Chum",2004,67.6,NA,-9.6,NA,NA,NA
"Central Coast","Chum",2005,65.8,NA,-10.2,NA,NA,NA
"Central Coast","Chum",2006,50.8,NA,-10.8,NA,NA,NA
"Central Coast","Chum",2007,15.6,NA,-11.4,NA,NA,NA
"Central Coast","Chum",2008,-20.2,NA,-12,NA,NA,NA
"Central Coast","Chum",2009,-33.1,NA,-12.6,NA,NA,NA
"Central Coast","Chum",2010,-48.3,NA,-13.2,NA,NA,NA
"Central Coast","Chum",2011,-37.8,NA,-13.8,NA,NA,NA
"Central Coast","Chum",2012,-18.3,17,-14.4,NA,NA,NA
"Central Coast","Chum",2013,-7.3,6.9,-15,NA,NA,NA
"Central Coast","Chum",2014,6.3,-2.3,-15.5,NA,NA,NA
"Central Coast","Chum",2015,10.8,-10.7,-16.1,NA,NA,NA
"Central Coast","Chum",2016,3.5,-18.4,-16.7,NA,NA,NA
"Central Coast","Chum",2017,-12.5,-25.4,-17.2,NA,NA,NA
"Central Coast","Chum",2018,-14.7,-31.9,-17.8,NA,NA,NA
"Central Coast","Chum",2019,-30.5,-37.7,-18.3,NA,NA,NA
"Central Coast","Chum",2020,-57.5,-43.1,-18.9,NA,NA,NA
"Central Coast","Chum",2021,-56.9,-48,-19.4,NA,NA,NA
"Central Coast","Chum",2022,-54,-52.5,-20,NA,NA,NA
"Central Coast","Chum",2023,-57.3,-56.6,-20.5,NA,NA,NA
"Central Coast","Coho",1950,20.9,NA,17.5,NA,NA,NA
"Central Coast","Coho",1951,37.6,NA,17,NA,NA,NA
"Central Coast","Coho",1952,19.3,NA,16.5,NA,NA,NA
"Central Coast","Coho",1953,8.8,NA,16,NA,NA,NA
"Central Coast","Coho",1954,23,NA,15.5,NA,NA,NA
"Central Coast","Coho",1955,7.3,NA,15,NA,NA,NA
"Central Coast","Coho",1956,32.1,NA,14.5,NA,NA,NA
"Central Coast","Coho",1957,64.3,NA,14,NA,NA,NA
"Central Coast","Coho",1958,38.4,NA,13.6,NA,NA,NA
"Central Coast","Coho",1959,70.3,NA,13.1,NA,NA,NA
"Central Coast","Coho",1960,43.1,NA,12.6,NA,NA,NA
"Central Coast","Coho",1961,33.2,NA,12.1,NA,NA,NA
"Central Coast","Coho",1962,48.2,NA,11.7,NA,NA,NA
"Central Coast","Coho",1963,51,NA,11.2,NA,NA,NA
"Central Coast","Coho",1964,93.1,NA,10.7,NA,NA,NA
"Central Coast","Coho",1965,98.9,NA,10.2,NA,NA,NA
"Central Coast","Coho",1966,106.3,NA,9.8,NA,NA,NA
"Central Coast","Coho",1967,32.4,NA,9.3,NA,NA,NA
"Central Coast","Coho",1968,16.9,NA,8.9,NA,NA,NA
"Central Coast","Coho",1969,-15,NA,8.4,NA,NA,NA
"Central Coast","Coho",1970,-23.2,NA,7.9,NA,NA,NA
"Central Coast","Coho",1971,-9.9,NA,7.5,NA,NA,NA
"Central Coast","Coho",1972,-24.6,NA,7,NA,NA,NA
"Central Coast","Coho",1973,-9.1,NA,6.6,NA,NA,NA
"Central Coast","Coho",1974,-20,NA,6.1,NA,NA,NA
"Central Coast","Coho",1975,-25.9,NA,5.7,NA,NA,NA
"Central Coast","Coho",1976,-14.5,NA,5.2,NA,NA,NA
"Central Coast","Coho",1977,-19.5,NA,4.8,NA,NA,NA
"Central Coast","Coho",1978,-20.2,NA,4.3,NA,NA,NA
"Central Coast","Coho",1979,-12.1,NA,3.9,NA,NA,NA
"Central Coast","Coho",1980,-33.8,NA,3.5,NA,NA,NA
"Central Coast","Coho",1981,-40.6,NA,3,NA,NA,NA
"Central Coast","Coho",1982,-46.4,NA,2.6,NA,NA,NA
"Central Coast","Coho",1983,-45.6,NA,2.1,NA,NA,NA
"Central Coast","Coho",1984,-29.1,NA,1.7,NA,NA,NA
"Central Coast","Coho",1985,-23.1,NA,1.3,NA,NA,NA
"Central Coast","Coho",1986,2.3,NA,0.9,NA,NA,NA
"Central Coast","Coho",1987,-10.7,NA,0.4,NA,NA,NA
"Central Coast","Coho",1988,-21.3,NA,0,NA,NA,NA
"Central Coast","Coho",1989,-30,NA,-0.4,NA,NA,NA
"Central Coast","Coho",1990,-36.5,NA,-0.8,NA,NA,NA
"Central Coast","Coho",1991,-24.3,NA,-1.3,NA,NA,NA
"Central Coast","Coho",1992,-26.7,NA,-1.7,NA,NA,NA
"Central Coast","Coho",1993,-17.9,NA,-2.1,NA,NA,NA
"Central Coast","Coho",1994,-19.3,NA,-2.5,NA,NA,NA
"Central Coast","Coho",1995,-16.4,NA,-2.9,NA,NA,NA
"Central Coast","Coho",1996,-22.6,NA,-3.3,NA,NA,NA
"Central Coast","Coho",1997,-30.2,NA,-3.7,NA,NA,NA
"Central Coast","Coho",1998,-11.2,NA,-4.1,NA,NA,NA
"Central Coast","Coho",1999,-9,NA,-4.6,NA,NA,NA
"Central Coast","Coho",2000,8.7,NA,-5,NA,NA,NA
"Central Coast","Coho",2001,69.9,NA,-5.4,NA,NA,NA
"Central Coast","Coho",2002,57.3,NA,-5.8,NA,NA,NA
"Central Coast","Coho",2003,71.1,NA,-6.2,NA,NA,NA
"Central Coast","Coho",2004,87.7,NA,-6.6,NA,NA,NA
"Central Coast","Coho",2005,55,NA,-6.9,NA,NA,NA
"Central Coast","Coho",2006,27.4,NA,-7.3,NA,NA,NA
"Central Coast","Coho",2007,4.3,NA,-7.7,NA,NA,NA
"Central Coast","Coho",2008,-15.6,NA,-8.1,NA,NA,NA
"Central Coast","Coho",2009,-2.7,NA,-8.5,NA,NA,NA
"Central Coast","Coho",2010,4.9,NA,-8.9,NA,NA,NA
"Central Coast","Coho",2011,19,NA,-9.3,NA,NA,NA
"Central Coast","Coho",2012,29.6,26.9,-9.7,NA,NA,NA
"Central Coast","Coho",2013,7.2,19.6,-10.1,NA,NA,NA
"Central Coast","Coho",2014,9.6,12.7,-10.4,NA,NA,NA
"Central Coast","Coho",2015,8.1,6.2,-10.8,NA,NA,NA
"Central Coast","Coho",2016,14.1,0.1,-11.2,NA,NA,NA
"Central Coast","Coho",2017,11.4,-5.7,-11.6,NA,NA,NA
"Central Coast","Coho",2018,-3.4,-11.1,-11.9,NA,NA,NA
"Central Coast","Coho",2019,-24.3,-16.3,-12.3,NA,NA,NA
"Central Coast","Coho",2020,-35.3,-21.1,-12.7,NA,NA,NA
"Central Coast","Coho",2021,-36.7,-25.6,-13.1,NA,NA,NA
"Central Coast","Coho",2022,-32.6,-29.9,-13.4,NA,NA,NA
"Central Coast","Coho",2023,-17.9,-34,-13.8,NA,NA,NA
"Central Coast","Pink",1950,-60.3,NA,-20,NA,NA,NA
"Central Coast","Pink",1951,-32.8,NA,-19.6,NA,NA,NA
"Central Coast","Pink",1952,-4.8,NA,-19.1,NA,NA,NA
"Central Coast","Pink",1953,-40.1,NA,-18.6,NA,NA,NA
"Central Coast","Pink",1954,-57.1,NA,-18.1,NA,NA,NA
"Central Coast","Pink",1955,-57.1,NA,-17.6,NA,NA,NA
"Central Coast","Pink",1956,-38,NA,-17.1,NA,NA,NA
"Central Coast","Pink",1957,-25.5,NA,-16.6,NA,NA,NA
"Central Coast","Pink",1958,-48.8,NA,-16.2,NA,NA,NA
"Central Coast","Pink",1959,-49,NA,-15.7,NA,NA,NA
"Central Coast","Pink",1960,-7.9,NA,-15.2,NA,NA,NA
"Central Coast","Pink",1961,37.1,NA,-14.6,NA,NA,NA
"Central Coast","Pink",1962,142.8,NA,-14.1,NA,NA,NA
"Central Coast","Pink",1963,153.1,NA,-13.6,NA,NA,NA
"Central Coast","Pink",1964,42.9,NA,-13.1,NA,NA,NA
"Central Coast","Pink",1965,-17.9,NA,-12.6,NA,NA,NA
"Central Coast","Pink",1966,-13.9,NA,-12.1,NA,NA,NA
"Central Coast","Pink",1967,-46.9,NA,-11.6,NA,NA,NA
"Central Coast","Pink",1968,-35.3,NA,-11,NA,NA,NA
"Central Coast","Pink",1969,-28.1,NA,-10.5,NA,NA,NA
"Central Coast","Pink",1970,-53,NA,-10,NA,NA,NA
"Central Coast","Pink",1971,-25,NA,-9.4,NA,NA,NA
"Central Coast","Pink",1972,-1.4,NA,-8.9,NA,NA,NA
"Central Coast","Pink",1973,-24.5,NA,-8.3,NA,NA,NA
"Central Coast","Pink",1974,-32,NA,-7.8,NA,NA,NA
"Central Coast","Pink",1975,-30.4,NA,-7.2,NA,NA,NA
"Central Coast","Pink",1976,-23.9,NA,-6.7,NA,NA,NA
"Central Coast","Pink",1977,-10.9,NA,-6.1,NA,NA,NA
"Central Coast","Pink",1978,2.7,NA,-5.6,NA,NA,NA
"Central Coast","Pink",1979,58.7,NA,-5,NA,NA,NA
"Central Coast","Pink",1980,24.6,NA,-4.5,NA,NA,NA
"Central Coast","Pink",1981,5.1,NA,-3.9,NA,NA,NA
"Central Coast","Pink",1982,-36.5,NA,-3.3,NA,NA,NA
"Central Coast","Pink",1983,-21.8,NA,-2.7,NA,NA,NA
"Central Coast","Pink",1984,19.8,NA,-2.2,NA,NA,NA
"Central Coast","Pink",1985,66,NA,-1.6,NA,NA,NA
"Central Coast","Pink",1986,174.3,NA,-1,NA,NA,NA
"Central Coast","Pink",1987,41.9,NA,-0.4,NA,NA,NA
"Central Coast","Pink",1988,26.7,NA,0.2,NA,NA,NA
"Central Coast","Pink",1989,41.5,NA,0.8,NA,NA,NA
"Central Coast","Pink",1990,31.1,NA,1.4,NA,NA,NA
"Central Coast","Pink",1991,97,NA,2,NA,NA,NA
"Central Coast","Pink",1992,123.8,NA,2.6,NA,NA,NA
"Central Coast","Pink",1993,64.8,NA,3.2,NA,NA,NA
"Central Coast","Pink",1994,-28.1,NA,3.8,NA,NA,NA
"Central Coast","Pink",1995,-33.9,NA,4.4,NA,NA,NA
"Central Coast","Pink",1996,30.4,NA,5.1,NA,NA,NA
"Central Coast","Pink",1997,58.5,NA,5.7,NA,NA,NA
"Central Coast","Pink",1998,9,NA,6.3,NA,NA,NA
"Central Coast","Pink",1999,3.9,NA,7,NA,NA,NA
"Central Coast","Pink",2000,64.6,NA,7.6,NA,NA,NA
"Central Coast","Pink",2001,179.8,NA,8.2,NA,NA,NA
"Central Coast","Pink",2002,183.4,NA,8.9,NA,NA,NA
"Central Coast","Pink",2003,133.6,NA,9.5,NA,NA,NA
"Central Coast","Pink",2004,60.8,NA,10.2,NA,NA,NA
"Central Coast","Pink",2005,49.8,NA,10.8,NA,NA,NA
"Central Coast","Pink",2006,-12.9,NA,11.5,NA,NA,NA
"Central Coast","Pink",2007,-20.3,NA,12.2,NA,NA,NA
"Central Coast","Pink",2008,-18.6,NA,12.8,NA,NA,NA
"Central Coast","Pink",2009,3.6,NA,13.5,NA,NA,NA
"Central Coast","Pink",2010,-2.5,NA,14.2,NA,NA,NA
"Central Coast","Pink",2011,-45.7,NA,14.9,NA,NA,NA
"Central Coast","Pink",2012,-6.7,NA,15.5,NA,NA,NA
"Central Coast","Pink",2013,68.4,NA,16.2,NA,NA,NA
"Central Coast","Pink",2014,98.5,NA,16.9,NA,NA,NA
"Central Coast","Pink",2015,-19.3,NA,17.6,NA,NA,NA
"Central Coast","Pink",2016,-18.2,NA,18.3,NA,NA,NA
"Central Coast","Pink",2017,23.1,NA,19,NA,NA,NA
"Central Coast","Pink",2018,-54.5,-52.9,19.7,NA,NA,NA
"Central Coast","Pink",2019,-69.9,-44.8,20.4,NA,NA,NA
"Central Coast","Pink",2020,2.7,-35.1,21.2,NA,NA,NA
"Central Coast","Pink",2021,55.1,-23.9,21.9,NA,NA,NA
"Central Coast","Pink",2022,-27.1,-10.6,22.6,NA,NA,NA
"Central Coast","Pink",2023,-24.2,5,23.3,NA,NA,NA
"Central Coast","Sockeye",1950,109.1,NA,88.5,NA,NA,NA
"Central Coast","Sockeye",1951,85.5,NA,85.4,NA,NA,NA
"Central Coast","Sockeye",1952,101.9,NA,82.4,NA,NA,NA
"Central Coast","Sockeye",1953,102.2,NA,79.4,NA,NA,NA
"Central Coast","Sockeye",1954,82.3,NA,76.4,NA,NA,NA
"Central Coast","Sockeye",1955,70.5,NA,73.5,NA,NA,NA
"Central Coast","Sockeye",1956,66.5,NA,70.7,NA,NA,NA
"Central Coast","Sockeye",1957,50,NA,67.9,NA,NA,NA
"Central Coast","Sockeye",1958,29.1,NA,65.2,NA,NA,NA
"Central Coast","Sockeye",1959,40.2,NA,62.4,NA,NA,NA
"Central Coast","Sockeye",1960,15.5,NA,59.8,NA,NA,NA
"Central Coast","Sockeye",1961,1,NA,57.2,NA,NA,NA
"Central Coast","Sockeye",1962,5.4,NA,54.6,NA,NA,NA
"Central Coast","Sockeye",1963,34.4,NA,52.1,NA,NA,NA
"Central Coast","Sockeye",1964,34.7,NA,49.6,NA,NA,NA
"Central Coast","Sockeye",1965,28.8,NA,47.1,NA,NA,NA
"Central Coast","Sockeye",1966,34.3,NA,44.7,NA,NA,NA
"Central Coast","Sockeye",1967,23.9,NA,42.3,NA,NA,NA
"Central Coast","Sockeye",1968,17,NA,40,NA,NA,NA
"Central Coast","Sockeye",1969,-0.1,NA,37.7,NA,NA,NA
"Central Coast","Sockeye",1970,7.8,NA,35.5,NA,NA,NA
"Central Coast","Sockeye",1971,17,NA,33.2,NA,NA,NA
"Central Coast","Sockeye",1972,7.2,NA,31.1,NA,NA,NA
"Central Coast","Sockeye",1973,16.2,NA,28.9,NA,NA,NA
"Central Coast","Sockeye",1974,35.2,NA,26.8,NA,NA,NA
"Central Coast","Sockeye",1975,56.7,NA,24.7,NA,NA,NA
"Central Coast","Sockeye",1976,45.3,NA,22.7,NA,NA,NA
"Central Coast","Sockeye",1977,57.7,NA,20.7,NA,NA,NA
"Central Coast","Sockeye",1978,27.8,NA,18.7,NA,NA,NA
"Central Coast","Sockeye",1979,8.5,NA,16.7,NA,NA,NA
"Central Coast","Sockeye",1980,5.7,NA,14.8,NA,NA,NA
"Central Coast","Sockeye",1981,23.5,NA,12.9,NA,NA,NA
"Central Coast","Sockeye",1982,46.6,NA,11.1,NA,NA,NA
"Central Coast","Sockeye",1983,59.1,NA,9.3,NA,NA,NA
"Central Coast","Sockeye",1984,70.2,NA,7.5,NA,NA,NA
"Central Coast","Sockeye",1985,96.9,NA,5.7,NA,NA,NA
"Central Coast","Sockeye",1986,96.9,NA,4,NA,NA,NA
"Central Coast","Sockeye",1987,86.4,NA,2.3,NA,NA,NA
"Central Coast","Sockeye",1988,85.3,NA,0.6,NA,NA,NA
"Central Coast","Sockeye",1989,88.5,NA,-1,NA,NA,NA
"Central Coast","Sockeye",1990,66.5,NA,-2.7,NA,NA,NA
"Central Coast","Sockeye",1991,65.3,NA,-4.3,NA,NA,NA
"Central Coast","Sockeye",1992,61.9,NA,-5.8,NA,NA,NA
"Central Coast","Sockeye",1993,56,NA,-7.4,NA,NA,NA
"Central Coast","Sockeye",1994,43.4,NA,-8.9,NA,NA,NA
"Central Coast","Sockeye",1995,28.2,NA,-10.4,NA,NA,NA
"Central Coast","Sockeye",1996,3.4,NA,-11.8,NA,NA,NA
"Central Coast","Sockeye",1997,-12,NA,-13.3,NA,NA,NA
"Central Coast","Sockeye",1998,-26,NA,-14.7,NA,NA,NA
"Central Coast","Sockeye",1999,-43.2,NA,-16.1,NA,NA,NA
"Central Coast","Sockeye",2000,-57,NA,-17.5,NA,NA,NA
"Central Coast","Sockeye",2001,-62.8,NA,-18.8,NA,NA,NA
"Central Coast","Sockeye",2002,-61.9,NA,-20.2,NA,NA,NA
"Central Coast","Sockeye",2003,-55.9,NA,-21.5,NA,NA,NA
"Central Coast","Sockeye",2004,-48.1,NA,-22.8,NA,NA,NA
"Central Coast","Sockeye",2005,-37.9,NA,-24,NA,NA,NA
"Central Coast","Sockeye",2006,-32.2,NA,-25.3,NA,NA,NA
"Central Coast","Sockeye",2007,-43.1,NA,-26.5,NA,NA,NA
"Central Coast","Sockeye",2008,-57.5,NA,-27.7,NA,NA,NA
"Central Coast","Sockeye",2009,-60.5,-47.5,-28.9,NA,NA,NA
"Central Coast","Sockeye",2010,-60.6,-46.2,-30.1,NA,NA,NA
"Central Coast","Sockeye",2011,-50.4,-44.8,-31.2,NA,NA,NA
"Central Coast","Sockeye",2012,-47.6,-43.5,-32.3,NA,NA,NA
"Central Coast","Sockeye",2013,-35.2,-42.1,-33.4,NA,NA,NA
"Central Coast","Sockeye",2014,-22.5,-40.7,-34.5,NA,NA,NA
"Central Coast","Sockeye",2015,-12.3,-39.2,-35.6,NA,NA,NA
"Central Coast","Sockeye",2016,-18.1,-37.7,-36.7,NA,NA,NA
"Central Coast","Sockeye",2017,-18,-36.2,-37.7,NA,NA,NA
"Central Coast","Sockeye",2018,-18.4,-34.6,-38.7,NA,NA,NA
"Central Coast","Sockeye",2019,-34,-33,-39.7,NA,NA,NA
"Central Coast","Sockeye",2020,-38.3,-31.4,-40.7,NA,NA,NA
"Central Coast","Sockeye",2021,-39.6,-29.7,-41.7,NA,NA,NA
"Central Coast","Sockeye",2022,-38.8,-28,-42.6,NA,NA,NA
"Central Coast","Sockeye",2023,-44.1,-26.2,-43.6,NA,NA,NA
"East Vancouver Island & Mainland Inlets","Chinook",1975,NA,NA,NA,-38.7,NA,-34.2
"East Vancouver Island & Mainland Inlets","Chinook",1976,NA,NA,NA,-44.9,NA,-33.2
"East Vancouver Island & Mainland Inlets","Chinook",1977,NA,NA,NA,-40.2,NA,-32.2
"East Vancouver Island & Mainland Inlets","Chinook",1978,NA,NA,NA,-37.4,NA,-31.2
"East Vancouver Island & Mainland Inlets","Chinook",1979,36.4,NA,-25.2,-26,NA,-30.1
"East Vancouver Island & Mainland Inlets","Chinook",1980,22.6,NA,-24.4,-9.2,NA,-29.1
"East Vancouver Island & Mainland Inlets","Chinook",1981,8.7,NA,-23.5,-3.4,NA,-28
"East Vancouver Island & Mainland Inlets","Chinook",1982,-1.3,NA,-22.7,-1.7,NA,-26.9
"East Vancouver Island & Mainland Inlets","Chinook",1983,-10.9,NA,-21.8,-10.5,NA,-25.8
"East Vancouver Island & Mainland Inlets","Chinook",1984,-12.1,NA,-20.9,-14.3,NA,-24.7
"East Vancouver Island & Mainland Inlets","Chinook",1985,-20.1,NA,-20,-21,NA,-23.6
"East Vancouver Island & Mainland Inlets","Chinook",1986,-21,NA,-19.1,-21.8,NA,-22.5
"East Vancouver Island & Mainland Inlets","Chinook",1987,-26.4,NA,-18.1,-23.7,NA,-21.3
"East Vancouver Island & Mainland Inlets","Chinook",1988,-28.8,NA,-17.2,-23.9,NA,-20.1
"East Vancouver Island & Mainland Inlets","Chinook",1989,-21.6,NA,-16.3,-17.1,NA,-18.9
"East Vancouver Island & Mainland Inlets","Chinook",1990,-15.9,NA,-15.3,-13,NA,-17.7
"East Vancouver Island & Mainland Inlets","Chinook",1991,-7.5,NA,-14.4,-6.3,NA,-16.5
"East Vancouver Island & Mainland Inlets","Chinook",1992,-0.9,NA,-13.4,0.4,NA,-15.2
"East Vancouver Island & Mainland Inlets","Chinook",1993,-1.8,NA,-12.4,1.7,NA,-14
"East Vancouver Island & Mainland Inlets","Chinook",1994,-6.8,NA,-11.4,-0.3,NA,-12.7
"East Vancouver Island & Mainland Inlets","Chinook",1995,12.7,NA,-10.4,19.3,NA,-11.4
"East Vancouver Island & Mainland Inlets","Chinook",1996,26,NA,-9.4,31.7,NA,-10
"East Vancouver Island & Mainland Inlets","Chinook",1997,45.2,NA,-8.3,40.5,NA,-8.7
"East Vancouver Island & Mainland Inlets","Chinook",1998,47.5,NA,-7.3,45.6,NA,-7.3
"East Vancouver Island & Mainland Inlets","Chinook",1999,17.8,NA,-6.2,20,NA,-5.9
"East Vancouver Island & Mainland Inlets","Chinook",2000,-4.7,NA,-5.2,-0.3,NA,-4.5
"East Vancouver Island & Mainland Inlets","Chinook",2001,-20.8,NA,-4.1,-7.8,NA,-3.1
"East Vancouver Island & Mainland Inlets","Chinook",2002,-28.5,NA,-3,-10.4,NA,-1.7
"East Vancouver Island & Mainland Inlets","Chinook",2003,-36.5,NA,-1.9,-19.1,NA,-0.2
"East Vancouver Island & Mainland Inlets","Chinook",2004,-48.5,NA,-0.8,-33.9,NA,1.3
"East Vancouver Island & Mainland Inlets","Chinook",2005,-57.8,NA,0.4,-42.4,NA,2.8
"East Vancouver Island & Mainland Inlets","Chinook",2006,-59.3,NA,1.5,-47.7,NA,4.4
"East Vancouver Island & Mainland Inlets","Chinook",2007,-58.9,NA,2.7,-49.5,NA,5.9
"East Vancouver Island & Mainland Inlets","Chinook",2008,-55.4,NA,3.8,-43.5,NA,7.5
"East Vancouver Island & Mainland Inlets","Chinook",2009,-57.5,NA,5,-48.9,NA,9.1
"East Vancouver Island & Mainland Inlets","Chinook",2010,-53.4,NA,6.2,-46.6,NA,10.8
"East Vancouver Island & Mainland Inlets","Chinook",2011,-47,NA,7.4,-39.8,NA,12.4
"East Vancouver Island & Mainland Inlets","Chinook",2012,-41.2,NA,8.7,-33.8,NA,14.1
"East Vancouver Island & Mainland Inlets","Chinook",2013,-16.3,-14.7,9.9,-15.3,-18.1,15.8
"East Vancouver Island & Mainland Inlets","Chinook",2014,-6.9,-3.3,11.2,-8.7,-7.5,17.5
"East Vancouver Island & Mainland Inlets","Chinook",2015,3.4,9.7,12.4,0,4.4,19.3
"East Vancouver Island & Mainland Inlets","Chinook",2016,23.5,24.4,13.7,10.4,17.9,21.1
"East Vancouver Island & Mainland Inlets","Chinook",2017,42.7,41.1,15,29,33.2,22.9
"East Vancouver Island & Mainland Inlets","Chinook",2018,75.2,60.1,16.3,59.1,50.4,24.7
"East Vancouver Island & Mainland Inlets","Chinook",2019,103.3,81.6,17.6,88.3,69.9,26.6
"East Vancouver Island & Mainland Inlets","Chinook",2020,116.1,106,19,100.5,91.9,28.5
"East Vancouver Island & Mainland Inlets","Chinook",2021,131.1,133.6,20.3,114.2,116.7,30.4
"East Vancouver Island & Mainland Inlets","Chinook",2022,155.1,165,21.7,140.4,144.7,32.4
"East Vancouver Island & Mainland Inlets","Chinook",2023,178.7,200.5,23.1,160,176.4,34.4
"East Vancouver Island & Mainland Inlets","Chinook",2024,236.2,240.9,24.5,214.5,212.2,36.4
"East Vancouver Island & Mainland Inlets","Chum",1953,-6.3,NA,-18.4,NA,NA,NA
"East Vancouver Island & Mainland Inlets","Chum",1954,-1.2,NA,-17.8,NA,NA,NA
"East Vancouver Island & Mainland Inlets","Chum",1955,-13.5,NA,-17.3,NA,NA,NA
"East Vancouver Island & Mainland Inlets","Chum",1956,-24.6,NA,-16.8,NA,NA,NA
"East Vancouver Island & Mainland Inlets","Chum",1957,-23.4,NA,-16.2,NA,NA,NA
"East Vancouver Island & Mainland Inlets","Chum",1958,-23.1,NA,-15.7,NA,NA,NA
"East Vancouver Island & Mainland Inlets","Chum",1959,-19.5,NA,-15.1,NA,NA,NA
"East Vancouver Island & Mainland Inlets","Chum",1960,-16.5,NA,-14.6,NA,NA,NA
"East Vancouver Island & Mainland Inlets","Chum",1961,-29.8,NA,-14,NA,NA,NA
"East Vancouver Island & Mainland Inlets","Chum",1962,-36.5,NA,-13.5,NA,NA,NA
"East Vancouver Island & Mainland Inlets","Chum",1963,-41,NA,-12.9,NA,NA,NA
"East Vancouver Island & Mainland Inlets","Chum",1964,-41.1,NA,-12.3,NA,NA,NA
"East Vancouver Island & Mainland Inlets","Chum",1965,-49,NA,-11.8,NA,NA,NA
"East Vancouver Island & Mainland Inlets","Chum",1966,-46.7,NA,-11.2,NA,NA,NA
"East Vancouver Island & Mainland Inlets","Chum",1967,-45.2,NA,-10.6,NA,NA,NA
"East Vancouver Island & Mainland Inlets","Chum",1968,-32.2,NA,-10.1,NA,NA,NA
"East Vancouver Island & Mainland Inlets","Chum",1969,-8,NA,-9.5,NA,NA,NA
"East Vancouver Island & Mainland Inlets","Chum",1970,0,NA,-8.9,NA,NA,NA
"East Vancouver Island & Mainland Inlets","Chum",1971,-4.2,NA,-8.3,NA,NA,NA
"East Vancouver Island & Mainland Inlets","Chum",1972,-3.8,NA,-7.7,NA,NA,NA
"East Vancouver Island & Mainland Inlets","Chum",1973,6.4,NA,-7.1,NA,NA,NA
"East Vancouver Island & Mainland Inlets","Chum",1974,3.5,NA,-6.5,NA,NA,NA
"East Vancouver Island & Mainland Inlets","Chum",1975,8.3,NA,-5.9,NA,NA,NA
"East Vancouver Island & Mainland Inlets","Chum",1976,-9.2,NA,-5.3,NA,NA,NA
"East Vancouver Island & Mainland Inlets","Chum",1977,-16.1,NA,-4.7,NA,NA,NA
"East Vancouver Island & Mainland Inlets","Chum",1978,-9.6,NA,-4.1,NA,NA,NA
"East Vancouver Island & Mainland Inlets","Chum",1979,-7.2,NA,-3.4,NA,NA,NA
"East Vancouver Island & Mainland Inlets","Chum",1980,6.4,NA,-2.8,NA,NA,NA
"East Vancouver Island & Mainland Inlets","Chum",1981,6.6,NA,-2.2,NA,NA,NA
"East Vancouver Island & Mainland Inlets","Chum",1982,6.4,NA,-1.5,NA,NA,NA
"East Vancouver Island & Mainland Inlets","Chum",1983,14.7,NA,-0.9,NA,NA,NA
"East Vancouver Island & Mainland Inlets","Chum",1984,15.8,NA,-0.3,NA,NA,NA
"East Vancouver Island & Mainland Inlets","Chum",1985,34.9,NA,0.4,NA,NA,NA
"East Vancouver Island & Mainland Inlets","Chum",1986,37,NA,1,NA,NA,NA
"East Vancouver Island & Mainland Inlets","Chum",1987,47.4,NA,1.7,NA,NA,NA
"East Vancouver Island & Mainland Inlets","Chum",1988,59.6,NA,2.3,NA,NA,NA
"East Vancouver Island & Mainland Inlets","Chum",1989,22.2,NA,3,NA,NA,NA
"East Vancouver Island & Mainland Inlets","Chum",1990,23.7,NA,3.7,NA,NA,NA
"East Vancouver Island & Mainland Inlets","Chum",1991,26.5,NA,4.3,NA,NA,NA
"East Vancouver Island & Mainland Inlets","Chum",1992,29.9,NA,5,NA,NA,NA
"East Vancouver Island & Mainland Inlets","Chum",1993,74.6,NA,5.7,NA,NA,NA
"East Vancouver Island & Mainland Inlets","Chum",1994,81.8,NA,6.4,NA,NA,NA
"East Vancouver Island & Mainland Inlets","Chum",1995,57.8,NA,7.1,NA,NA,NA
"East Vancouver Island & Mainland Inlets","Chum",1996,25.2,NA,7.8,NA,NA,NA
"East Vancouver Island & Mainland Inlets","Chum",1997,6.5,NA,8.5,NA,NA,NA
"East Vancouver Island & Mainland Inlets","Chum",1998,14.8,NA,9.2,NA,NA,NA
"East Vancouver Island & Mainland Inlets","Chum",1999,15.8,NA,9.9,NA,NA,NA
"East Vancouver Island & Mainland Inlets","Chum",2000,-0.8,NA,10.6,NA,NA,NA
"East Vancouver Island & Mainland Inlets","Chum",2001,11.3,NA,11.3,NA,NA,NA
"East Vancouver Island & Mainland Inlets","Chum",2002,6.2,NA,12,NA,NA,NA
"East Vancouver Island & Mainland Inlets","Chum",2003,21.3,NA,12.7,NA,NA,NA
"East Vancouver Island & Mainland Inlets","Chum",2004,73.1,NA,13.5,NA,NA,NA
"East Vancouver Island & Mainland Inlets","Chum",2005,57.8,NA,14.2,NA,NA,NA
"East Vancouver Island & Mainland Inlets","Chum",2006,39.5,NA,15,NA,NA,NA
"East Vancouver Island & Mainland Inlets","Chum",2007,36.4,NA,15.7,NA,NA,NA
"East Vancouver Island & Mainland Inlets","Chum",2008,22.6,NA,16.4,NA,NA,NA
"East Vancouver Island & Mainland Inlets","Chum",2009,17.7,NA,17.2,NA,NA,NA
"East Vancouver Island & Mainland Inlets","Chum",2010,-0.3,NA,18,NA,NA,NA
"East Vancouver Island & Mainland Inlets","Chum",2011,7.2,NA,18.7,NA,NA,NA
"East Vancouver Island & Mainland Inlets","Chum",2012,23,81.3,19.5,NA,NA,NA
"East Vancouver Island & Mainland Inlets","Chum",2013,32.5,63.3,20.3,NA,NA,NA
"East Vancouver Island & Mainland Inlets","Chum",2014,55.3,47,21,NA,NA,NA
"East Vancouver Island & Mainland Inlets","Chum",2015,37.2,32.3,21.8,NA,NA,NA
"East Vancouver Island & Mainland Inlets","Chum",2016,45.4,19.1,22.6,NA,NA,NA
"East Vancouver Island & Mainland Inlets","Chum",2017,41.6,7.2,23.4,NA,NA,NA
"East Vancouver Island & Mainland Inlets","Chum",2018,37,-3.5,24.2,NA,NA,NA
"East Vancouver Island & Mainland Inlets","Chum",2019,10.9,-13.1,25,NA,NA,NA
"East Vancouver Island & Mainland Inlets","Chum",2020,-13.6,-21.8,25.8,NA,NA,NA
"East Vancouver Island & Mainland Inlets","Chum",2021,-39.8,-29.6,26.6,NA,NA,NA
"East Vancouver Island & Mainland Inlets","Chum",2022,-48.6,-36.6,27.5,NA,NA,NA
"East Vancouver Island & Mainland Inlets","Chum",2023,-57.7,-43,28.3,NA,NA,NA
"East Vancouver Island & Mainland Inlets","Coho",1953,42.6,NA,16.5,NA,NA,NA
"East Vancouver Island & Mainland Inlets","Coho",1954,49.3,NA,16,NA,NA,NA
"East Vancouver Island & Mainland Inlets","Coho",1955,62.8,NA,15.5,NA,NA,NA
"East Vancouver Island & Mainland Inlets","Coho",1956,70.7,NA,15,NA,NA,NA
"East Vancouver Island & Mainland Inlets","Coho",1957,68.4,NA,14.5,NA,NA,NA
"East Vancouver Island & Mainland Inlets","Coho",1958,67.9,NA,14.1,NA,NA,NA
"East Vancouver Island & Mainland Inlets","Coho",1959,41.5,NA,13.6,NA,NA,NA
"East Vancouver Island & Mainland Inlets","Coho",1960,8.4,NA,13.1,NA,NA,NA
"East Vancouver Island & Mainland Inlets","Coho",1961,10.4,NA,12.6,NA,NA,NA
"East Vancouver Island & Mainland Inlets","Coho",1962,-8.4,NA,12.2,NA,NA,NA
"East Vancouver Island & Mainland Inlets","Coho",1963,-1.4,NA,11.7,NA,NA,NA
"East Vancouver Island & Mainland Inlets","Coho",1964,22.7,NA,11.2,NA,NA,NA
"East Vancouver Island & Mainland Inlets","Coho",1965,10.7,NA,10.8,NA,NA,NA
"East Vancouver Island & Mainland Inlets","Coho",1966,24.7,NA,10.3,NA,NA,NA
"East Vancouver Island & Mainland Inlets","Coho",1967,9.6,NA,9.8,NA,NA,NA
"East Vancouver Island & Mainland Inlets","Coho",1968,-12.6,NA,9.4,NA,NA,NA
"East Vancouver Island & Mainland Inlets","Coho",1969,-23.2,NA,8.9,NA,NA,NA
"East Vancouver Island & Mainland Inlets","Coho",1970,-16.4,NA,8.5,NA,NA,NA
"East Vancouver Island & Mainland Inlets","Coho",1971,-0.9,NA,8,NA,NA,NA
"East Vancouver Island & Mainland Inlets","Coho",1972,-12.1,NA,7.6,NA,NA,NA
"East Vancouver Island & Mainland Inlets","Coho",1973,-9.3,NA,7.1,NA,NA,NA
"East Vancouver Island & Mainland Inlets","Coho",1974,-12,NA,6.7,NA,NA,NA
"East Vancouver Island & Mainland Inlets","Coho",1975,-17.9,NA,6.2,NA,NA,NA
"East Vancouver Island & Mainland Inlets","Coho",1976,-5.8,NA,5.8,NA,NA,NA
"East Vancouver Island & Mainland Inlets","Coho",1977,24.9,NA,5.3,NA,NA,NA
"East Vancouver Island & Mainland Inlets","Coho",1978,9.5,NA,4.9,NA,NA,NA
"East Vancouver Island & Mainland Inlets","Coho",1979,0.6,NA,4.5,NA,NA,NA
"East Vancouver Island & Mainland Inlets","Coho",1980,17.3,NA,4,NA,NA,NA
"East Vancouver Island & Mainland Inlets","Coho",1981,-0.7,NA,3.6,NA,NA,NA
"East Vancouver Island & Mainland Inlets","Coho",1982,-1.3,NA,3.2,NA,NA,NA
"East Vancouver Island & Mainland Inlets","Coho",1983,-10.5,NA,2.7,NA,NA,NA
"East Vancouver Island & Mainland Inlets","Coho",1984,-19.7,NA,2.3,NA,NA,NA
"East Vancouver Island & Mainland Inlets","Coho",1985,-24.7,NA,1.9,NA,NA,NA
"East Vancouver Island & Mainland Inlets","Coho",1986,-31.3,NA,1.4,NA,NA,NA
"East Vancouver Island & Mainland Inlets","Coho",1987,-30.8,NA,1,NA,NA,NA
"East Vancouver Island & Mainland Inlets","Coho",1988,-36,NA,0.6,NA,NA,NA
"East Vancouver Island & Mainland Inlets","Coho",1989,-35.1,NA,0.2,NA,NA,NA
"East Vancouver Island & Mainland Inlets","Coho",1990,-20.8,NA,-0.2,NA,NA,NA
"East Vancouver Island & Mainland Inlets","Coho",1991,-8.2,NA,-0.7,NA,NA,NA
"East Vancouver Island & Mainland Inlets","Coho",1992,4.6,NA,-1.1,NA,NA,NA
"East Vancouver Island & Mainland Inlets","Coho",1993,13.9,NA,-1.5,NA,NA,NA
"East Vancouver Island & Mainland Inlets","Coho",1994,9.4,NA,-1.9,NA,NA,NA
"East Vancouver Island & Mainland Inlets","Coho",1995,19.4,NA,-2.3,NA,NA,NA
"East Vancouver Island & Mainland Inlets","Coho",1996,9.5,NA,-2.7,NA,NA,NA
"East Vancouver Island & Mainland Inlets","Coho",1997,5.4,NA,-3.1,NA,NA,NA
"East Vancouver Island & Mainland Inlets","Coho",1998,10,NA,-3.5,NA,NA,NA
"East Vancouver Island & Mainland Inlets","Coho",1999,-0.7,NA,-3.9,NA,NA,NA
"East Vancouver Island & Mainland Inlets","Coho",2000,13.9,NA,-4.3,NA,NA,NA
"East Vancouver Island & Mainland Inlets","Coho",2001,39.8,NA,-4.7,NA,NA,NA
"East Vancouver Island & Mainland Inlets","Coho",2002,38.9,NA,-5.1,NA,NA,NA
"East Vancouver Island & Mainland Inlets","Coho",2003,44.4,NA,-5.5,NA,NA,NA
"East Vancouver Island & Mainland Inlets","Coho",2004,40.7,NA,-5.9,NA,NA,NA
"East Vancouver Island & Mainland Inlets","Coho",2005,2.1,NA,-6.3,NA,NA,NA
"East Vancouver Island & Mainland Inlets","Coho",2006,-21,NA,-6.7,NA,NA,NA
"East Vancouver Island & Mainland Inlets","Coho",2007,-29.6,NA,-7.1,NA,NA,NA
"East Vancouver Island & Mainland Inlets","Coho",2008,-41.9,NA,-7.5,NA,NA,NA
"East Vancouver Island & Mainland Inlets","Coho",2009,-31.8,NA,-7.9,NA,NA,NA
"East Vancouver Island & Mainland Inlets","Coho",2010,-19,NA,-8.3,NA,NA,NA
"East Vancouver Island & Mainland Inlets","Coho",2011,-9.6,NA,-8.6,NA,NA,NA
"East Vancouver Island & Mainland Inlets","Coho",2012,2.6,-6.5,-9,NA,NA,NA
"East Vancouver Island & Mainland Inlets","Coho",2013,8.3,-6.1,-9.4,NA,NA,NA
"East Vancouver Island & Mainland Inlets","Coho",2014,13,-5.7,-9.8,NA,NA,NA
"East Vancouver Island & Mainland Inlets","Coho",2015,-4.2,-5.3,-10.2,NA,NA,NA
"East Vancouver Island & Mainland Inlets","Coho",2016,-9.5,-4.9,-10.5,NA,NA,NA
"East Vancouver Island & Mainland Inlets","Coho",2017,-25.8,-4.4,-10.9,NA,NA,NA
"East Vancouver Island & Mainland Inlets","Coho",2018,-30.6,-4,-11.3,NA,NA,NA
"East Vancouver Island & Mainland Inlets","Coho",2019,-22.4,-3.6,-11.7,NA,NA,NA
"East Vancouver Island & Mainland Inlets","Coho",2020,-9.3,-3.2,-12,NA,NA,NA
"East Vancouver Island & Mainland Inlets","Coho",2021,7.5,-2.7,-12.4,NA,NA,NA
"East Vancouver Island & Mainland Inlets","Coho",2022,16.7,-2.3,-12.8,NA,NA,NA
"East Vancouver Island & Mainland Inlets","Coho",2023,20.2,-1.9,-13.1,NA,NA,NA
"East Vancouver Island & Mainland Inlets","Pink",1953,-71.5,NA,-53.5,NA,NA,NA
"East Vancouver Island & Mainland Inlets","Pink",1954,-61.2,NA,-52.5,NA,NA,NA
"East Vancouver Island & Mainland Inlets","Pink",1955,-39.8,NA,-51.5,NA,NA,NA
"East Vancouver Island & Mainland Inlets","Pink",1956,-41.2,NA,-50.4,NA,NA,NA
"East Vancouver Island & Mainland Inlets","Pink",1957,-38.7,NA,-49.4,NA,NA,NA
"East Vancouver Island & Mainland Inlets","Pink",1958,-32.3,NA,-48.3,NA,NA,NA
"East Vancouver Island & Mainland Inlets","Pink",1959,-46.3,NA,-47.1,NA,NA,NA
"East Vancouver Island & Mainland Inlets","Pink",1960,-68.3,NA,-46,NA,NA,NA
"East Vancouver Island & Mainland Inlets","Pink",1961,-67,NA,-44.8,NA,NA,NA
"East Vancouver Island & Mainland Inlets","Pink",1962,-45.8,NA,-43.6,NA,NA,NA
"East Vancouver Island & Mainland Inlets","Pink",1963,-40.5,NA,-42.4,NA,NA,NA
"East Vancouver Island & Mainland Inlets","Pink",1964,-43.3,NA,-41.2,NA,NA,NA
"East Vancouver Island & Mainland Inlets","Pink",1965,-47.9,NA,-39.9,NA,NA,NA
"East Vancouver Island & Mainland Inlets","Pink",1966,-31.9,NA,-38.6,NA,NA,NA
"East Vancouver Island & Mainland Inlets","Pink",1967,-46.7,NA,-37.2,NA,NA,NA
"East Vancouver Island & Mainland Inlets","Pink",1968,-43.1,NA,-35.9,NA,NA,NA
"East Vancouver Island & Mainland Inlets","Pink",1969,-56.6,NA,-34.5,NA,NA,NA
"East Vancouver Island & Mainland Inlets","Pink",1970,-61.4,NA,-33.1,NA,NA,NA
"East Vancouver Island & Mainland Inlets","Pink",1971,14.9,NA,-31.6,NA,NA,NA
"East Vancouver Island & Mainland Inlets","Pink",1972,-6.9,NA,-30.1,NA,NA,NA
"East Vancouver Island & Mainland Inlets","Pink",1973,-21.5,NA,-28.6,NA,NA,NA
"East Vancouver Island & Mainland Inlets","Pink",1974,-4.1,NA,-27.1,NA,NA,NA
"East Vancouver Island & Mainland Inlets","Pink",1975,20.3,NA,-25.5,NA,NA,NA
"East Vancouver Island & Mainland Inlets","Pink",1976,64.6,NA,-23.9,NA,NA,NA
"East Vancouver Island & Mainland Inlets","Pink",1977,-36.3,NA,-22.2,NA,NA,NA
"East Vancouver Island & Mainland Inlets","Pink",1978,-45.3,NA,-20.5,NA,NA,NA
"East Vancouver Island & Mainland Inlets","Pink",1979,-40.7,NA,-18.8,NA,NA,NA
"East Vancouver Island & Mainland Inlets","Pink",1980,-28.8,NA,-17,NA,NA,NA
"East Vancouver Island & Mainland Inlets","Pink",1981,45.9,NA,-15.2,NA,NA,NA
"East Vancouver Island & Mainland Inlets","Pink",1982,-10.1,NA,-13.4,NA,NA,NA
"East Vancouver Island & Mainland Inlets","Pink",1983,8.5,NA,-11.5,NA,NA,NA
"East Vancouver Island & Mainland Inlets","Pink",1984,-11.9,NA,-9.6,NA,NA,NA
"East Vancouver Island & Mainland Inlets","Pink",1985,-31,NA,-7.7,NA,NA,NA
"East Vancouver Island & Mainland Inlets","Pink",1986,34.2,NA,-5.7,NA,NA,NA
"East Vancouver Island & Mainland Inlets","Pink",1987,-11.3,NA,-3.6,NA,NA,NA
"East Vancouver Island & Mainland Inlets","Pink",1988,4.1,NA,-1.5,NA,NA,NA
"East Vancouver Island & Mainland Inlets","Pink",1989,0.2,NA,0.6,NA,NA,NA
"East Vancouver Island & Mainland Inlets","Pink",1990,38.2,NA,2.8,NA,NA,NA
"East Vancouver Island & Mainland Inlets","Pink",1991,15.2,NA,5,NA,NA,NA
"East Vancouver Island & Mainland Inlets","Pink",1992,-0.2,NA,7.3,NA,NA,NA
"East Vancouver Island & Mainland Inlets","Pink",1993,37.9,NA,9.6,NA,NA,NA
"East Vancouver Island & Mainland Inlets","Pink",1994,1.9,NA,12,NA,NA,NA
"East Vancouver Island & Mainland Inlets","Pink",1995,-22.5,NA,14.4,NA,NA,NA
"East Vancouver Island & Mainland Inlets","Pink",1996,5.8,NA,16.9,NA,NA,NA
"East Vancouver Island & Mainland Inlets","Pink",1997,35.8,NA,19.5,NA,NA,NA
"East Vancouver Island & Mainland Inlets","Pink",1998,29.5,NA,22,NA,NA,NA
"East Vancouver Island & Mainland Inlets","Pink",1999,83.1,NA,24.7,NA,NA,NA
"East Vancouver Island & Mainland Inlets","Pink",2000,183.8,NA,27.4,NA,NA,NA
"East Vancouver Island & Mainland Inlets","Pink",2001,335.6,NA,30.2,NA,NA,NA
"East Vancouver Island & Mainland Inlets","Pink",2002,73.4,NA,33,NA,NA,NA
"East Vancouver Island & Mainland Inlets","Pink",2003,-25.8,NA,35.9,NA,NA,NA
"East Vancouver Island & Mainland Inlets","Pink",2004,-0.7,NA,38.8,NA,NA,NA
"East Vancouver Island & Mainland Inlets","Pink",2005,17.8,NA,41.8,NA,NA,NA
"East Vancouver Island & Mainland Inlets","Pink",2006,-28.3,NA,44.9,NA,NA,NA
"East Vancouver Island & Mainland Inlets","Pink",2007,-20.1,NA,48,NA,NA,NA
"East Vancouver Island & Mainland Inlets","Pink",2008,-18.9,NA,51.3,NA,NA,NA
"East Vancouver Island & Mainland Inlets","Pink",2009,52.5,NA,54.5,NA,NA,NA
"East Vancouver Island & Mainland Inlets","Pink",2010,130.5,NA,57.9,NA,NA,NA
"East Vancouver Island & Mainland Inlets","Pink",2011,9.1,NA,61.3,NA,NA,NA
"East Vancouver Island & Mainland Inlets","Pink",2012,57.6,NA,64.8,NA,NA,NA
"East Vancouver Island & Mainland Inlets","Pink",2013,217.2,NA,68.4,NA,NA,NA
"East Vancouver Island & Mainland Inlets","Pink",2014,323.6,NA,72,NA,NA,NA
"East Vancouver Island & Mainland Inlets","Pink",2015,379.9,NA,75.8,NA,NA,NA
"East Vancouver Island & Mainland Inlets","Pink",2016,85.9,NA,79.6,NA,NA,NA
"East Vancouver Island & Mainland Inlets","Pink",2017,-5,NA,83.5,NA,NA,NA
"East Vancouver Island & Mainland Inlets","Pink",2018,-4,-10,87.4,NA,NA,NA
"East Vancouver Island & Mainland Inlets","Pink",2019,2.5,11.2,91.5,NA,NA,NA
"East Vancouver Island & Mainland Inlets","Pink",2020,39.3,37.4,95.7,NA,NA,NA
"East Vancouver Island & Mainland Inlets","Pink",2021,65.5,69.8,99.9,NA,NA,NA
"East Vancouver Island & Mainland Inlets","Pink",2022,112.2,109.9,104.2,NA,NA,NA
"East Vancouver Island & Mainland Inlets","Pink",2023,163.9,159.4,108.7,NA,NA,NA
"East Vancouver Island & Mainland Inlets","Sockeye",1953,67.9,NA,43.5,NA,NA,NA
"East Vancouver Island & Mainland Inlets","Sockeye",1954,61.9,NA,42.1,NA,NA,NA
"East Vancouver Island & Mainland Inlets","Sockeye",1955,53.4,NA,40.7,NA,NA,NA
"East Vancouver Island & Mainland Inlets","Sockeye",1956,41,NA,39.3,NA,NA,NA
"East Vancouver Island & Mainland Inlets","Sockeye",1957,47.3,NA,37.9,NA,NA,NA
"East Vancouver Island & Mainland Inlets","Sockeye",1958,34.1,NA,36.6,NA,NA,NA
"East Vancouver Island & Mainland Inlets","Sockeye",1959,27,NA,35.2,NA,NA,NA
"East Vancouver Island & Mainland Inlets","Sockeye",1960,19.4,NA,33.9,NA,NA,NA
"East Vancouver Island & Mainland Inlets","Sockeye",1961,16.3,NA,32.6,NA,NA,NA
"East Vancouver Island & Mainland Inlets","Sockeye",1962,15.1,NA,31.3,NA,NA,NA
"East Vancouver Island & Mainland Inlets","Sockeye",1963,32.2,NA,30,NA,NA,NA
"East Vancouver Island & Mainland Inlets","Sockeye",1964,37,NA,28.7,NA,NA,NA
"East Vancouver Island & Mainland Inlets","Sockeye",1965,16.2,NA,27.4,NA,NA,NA
"East Vancouver Island & Mainland Inlets","Sockeye",1966,30.7,NA,26.2,NA,NA,NA
"East Vancouver Island & Mainland Inlets","Sockeye",1967,26.1,NA,24.9,NA,NA,NA
"East Vancouver Island & Mainland Inlets","Sockeye",1968,14.4,NA,23.7,NA,NA,NA
"East Vancouver Island & Mainland Inlets","Sockeye",1969,16.7,NA,22.5,NA,NA,NA
"East Vancouver Island & Mainland Inlets","Sockeye",1970,36.1,NA,21.3,NA,NA,NA
"East Vancouver Island & Mainland Inlets","Sockeye",1971,34.4,NA,20.1,NA,NA,NA
"East Vancouver Island & Mainland Inlets","Sockeye",1972,27.6,NA,18.9,NA,NA,NA
"East Vancouver Island & Mainland Inlets","Sockeye",1973,36.4,NA,17.7,NA,NA,NA
"East Vancouver Island & Mainland Inlets","Sockeye",1974,44.6,NA,16.6,NA,NA,NA
"East Vancouver Island & Mainland Inlets","Sockeye",1975,42.7,NA,15.4,NA,NA,NA
"East Vancouver Island & Mainland Inlets","Sockeye",1976,23.4,NA,14.3,NA,NA,NA
"East Vancouver Island & Mainland Inlets","Sockeye",1977,13.3,NA,13.2,NA,NA,NA
"East Vancouver Island & Mainland Inlets","Sockeye",1978,-11.8,NA,12,NA,NA,NA
"East Vancouver Island & Mainland Inlets","Sockeye",1979,-35.3,NA,10.9,NA,NA,NA
"East Vancouver Island & Mainland Inlets","Sockeye",1980,-37.1,NA,9.9,NA,NA,NA
"East Vancouver Island & Mainland Inlets","Sockeye",1981,-28.1,NA,8.8,NA,NA,NA
"East Vancouver Island & Mainland Inlets","Sockeye",1982,-15.8,NA,7.7,NA,NA,NA
"East Vancouver Island & Mainland Inlets","Sockeye",1983,6.5,NA,6.6,NA,NA,NA
"East Vancouver Island & Mainland Inlets","Sockeye",1984,22.7,NA,5.6,NA,NA,NA
"East Vancouver Island & Mainland Inlets","Sockeye",1985,39.4,NA,4.6,NA,NA,NA
"East Vancouver Island & Mainland Inlets","Sockeye",1986,34.4,NA,3.5,NA,NA,NA
"East Vancouver Island & Mainland Inlets","Sockeye",1987,46,NA,2.5,NA,NA,NA
"East Vancouver Island & Mainland Inlets","Sockeye",1988,63.4,NA,1.5,NA,NA,NA
"East Vancouver Island & Mainland Inlets","Sockeye",1989,68.3,NA,0.5,NA,NA,NA
"East Vancouver Island & Mainland Inlets","Sockeye",1990,50.8,NA,-0.5,NA,NA,NA
"East Vancouver Island & Mainland Inlets","Sockeye",1991,55.2,NA,-1.5,NA,NA,NA
"East Vancouver Island & Mainland Inlets","Sockeye",1992,69.7,NA,-2.4,NA,NA,NA
"East Vancouver Island & Mainland Inlets","Sockeye",1993,50,NA,-3.4,NA,NA,NA
"East Vancouver Island & Mainland Inlets","Sockeye",1994,34.2,NA,-4.4,NA,NA,NA
"East Vancouver Island & Mainland Inlets","Sockeye",1995,25.6,NA,-5.3,NA,NA,NA
"East Vancouver Island & Mainland Inlets","Sockeye",1996,3.2,NA,-6.2,NA,NA,NA
"East Vancouver Island & Mainland Inlets","Sockeye",1997,-20,NA,-7.1,NA,NA,NA
"East Vancouver Island & Mainland Inlets","Sockeye",1998,-35.8,NA,-8.1,NA,NA,NA
"East Vancouver Island & Mainland Inlets","Sockeye",1999,-45.4,NA,-9,NA,NA,NA
"East Vancouver Island & Mainland Inlets","Sockeye",2000,-56.7,NA,-9.9,NA,NA,NA
"East Vancouver Island & Mainland Inlets","Sockeye",2001,-59.4,NA,-10.8,NA,NA,NA
"East Vancouver Island & Mainland Inlets","Sockeye",2002,-54.8,NA,-11.6,NA,NA,NA
"East Vancouver Island & Mainland Inlets","Sockeye",2003,-48.7,NA,-12.5,NA,NA,NA
"East Vancouver Island & Mainland Inlets","Sockeye",2004,-45.8,NA,-13.4,NA,NA,NA
"East Vancouver Island & Mainland Inlets","Sockeye",2005,-35.3,NA,-14.2,NA,NA,NA
"East Vancouver Island & Mainland Inlets","Sockeye",2006,-28.8,NA,-15.1,NA,NA,NA
"East Vancouver Island & Mainland Inlets","Sockeye",2007,-47.9,NA,-15.9,NA,NA,NA
"East Vancouver Island & Mainland Inlets","Sockeye",2008,-54.6,NA,-16.7,NA,NA,NA
"East Vancouver Island & Mainland Inlets","Sockeye",2009,-55.4,-24,-17.5,NA,NA,NA
"East Vancouver Island & Mainland Inlets","Sockeye",2010,-42.4,-22.2,-18.4,NA,NA,NA
"East Vancouver Island & Mainland Inlets","Sockeye",2011,-27.1,-20.4,-19.2,NA,NA,NA
"East Vancouver Island & Mainland Inlets","Sockeye",2012,-12.1,-18.5,-20,NA,NA,NA
"East Vancouver Island & Mainland Inlets","Sockeye",2013,2.9,-16.5,-20.7,NA,NA,NA
"East Vancouver Island & Mainland Inlets","Sockeye",2014,40.6,-14.6,-21.5,NA,NA,NA
"East Vancouver Island & Mainland Inlets","Sockeye",2015,35.3,-12.5,-22.3,NA,NA,NA
"East Vancouver Island & Mainland Inlets","Sockeye",2016,18.1,-10.5,-23.1,NA,NA,NA
"East Vancouver Island & Mainland Inlets","Sockeye",2017,2.3,-8.3,-23.8,NA,NA,NA
"East Vancouver Island & Mainland Inlets","Sockeye",2018,5.4,-6.1,-24.6,NA,NA,NA
"East Vancouver Island & Mainland Inlets","Sockeye",2019,-7.3,-3.9,-25.3,NA,NA,NA
"East Vancouver Island & Mainland Inlets","Sockeye",2020,-29.5,-1.6,-26,NA,NA,NA
"East Vancouver Island & Mainland Inlets","Sockeye",2021,-22.4,0.7,-26.8,NA,NA,NA
"East Vancouver Island & Mainland Inlets","Sockeye",2022,5.1,3.1,-27.5,NA,NA,NA
"East Vancouver Island & Mainland Inlets","Sockeye",2023,-12.7,5.6,-28.2,NA,NA,NA
"East Vancouver Island & Mainland Inlets","Steelhead",1953,NA,NA,NA,NA,NA,NA
"East Vancouver Island & Mainland Inlets","Steelhead",1954,NA,NA,NA,NA,NA,NA
"East Vancouver Island & Mainland Inlets","Steelhead",1955,NA,NA,NA,NA,NA,NA
"East Vancouver Island & Mainland Inlets","Steelhead",1956,NA,NA,NA,NA,NA,NA
"East Vancouver Island & Mainland Inlets","Steelhead",1957,NA,NA,NA,NA,NA,NA
"East Vancouver Island & Mainland Inlets","Steelhead",1958,NA,NA,NA,NA,NA,NA
"East Vancouver Island & Mainland Inlets","Steelhead",1959,NA,NA,NA,NA,NA,NA
"East Vancouver Island & Mainland Inlets","Steelhead",1960,NA,NA,NA,NA,NA,NA
"East Vancouver Island & Mainland Inlets","Steelhead",1961,NA,NA,NA,NA,NA,NA
"East Vancouver Island & Mainland Inlets","Steelhead",1962,NA,NA,NA,NA,NA,NA
"East Vancouver Island & Mainland Inlets","Steelhead",1963,NA,NA,NA,NA,NA,NA
"East Vancouver Island & Mainland Inlets","Steelhead",1964,NA,NA,NA,NA,NA,NA
"East Vancouver Island & Mainland Inlets","Steelhead",1965,NA,NA,NA,NA,NA,NA
"East Vancouver Island & Mainland Inlets","Steelhead",1966,NA,NA,NA,NA,NA,NA
"East Vancouver Island & Mainland Inlets","Steelhead",1967,NA,NA,NA,NA,NA,NA
"East Vancouver Island & Mainland Inlets","Steelhead",1968,NA,NA,NA,NA,NA,NA
"East Vancouver Island & Mainland Inlets","Steelhead",1969,NA,NA,NA,NA,NA,NA
"East Vancouver Island & Mainland Inlets","Steelhead",1970,NA,NA,NA,NA,NA,NA
"East Vancouver Island & Mainland Inlets","Steelhead",1971,NA,NA,NA,NA,NA,NA
"East Vancouver Island & Mainland Inlets","Steelhead",1972,NA,NA,NA,NA,NA,NA
"East Vancouver Island & Mainland Inlets","Steelhead",1973,NA,NA,NA,NA,NA,NA
"East Vancouver Island & Mainland Inlets","Steelhead",1974,NA,NA,NA,NA,NA,NA
"East Vancouver Island & Mainland Inlets","Steelhead",1975,NA,NA,NA,NA,NA,NA
"East Vancouver Island & Mainland Inlets","Steelhead",1976,71.8,NA,75.8,NA,NA,NA
"East Vancouver Island & Mainland Inlets","Steelhead",1977,48.7,NA,72,NA,NA,NA
"East Vancouver Island & Mainland Inlets","Steelhead",1978,41.4,NA,68.3,NA,NA,NA
"East Vancouver Island & Mainland Inlets","Steelhead",1979,23.4,NA,64.6,NA,NA,NA
"East Vancouver Island & Mainland Inlets","Steelhead",1980,4.4,NA,61.1,NA,NA,NA
"East Vancouver Island & Mainland Inlets","Steelhead",1981,0,NA,57.6,NA,NA,NA
"East Vancouver Island & Mainland Inlets","Steelhead",1982,5.5,NA,54.1,NA,NA,NA
"East Vancouver Island & Mainland Inlets","Steelhead",1983,33.1,NA,50.8,NA,NA,NA
"East Vancouver Island & Mainland Inlets","Steelhead",1984,73.2,NA,47.5,NA,NA,NA
"East Vancouver Island & Mainland Inlets","Steelhead",1985,143,NA,44.3,NA,NA,NA
"East Vancouver Island & Mainland Inlets","Steelhead",1986,174.2,NA,41.2,NA,NA,NA
"East Vancouver Island & Mainland Inlets","Steelhead",1987,238,NA,38.1,NA,NA,NA
"East Vancouver Island & Mainland Inlets","Steelhead",1988,233.3,NA,35.2,NA,NA,NA
"East Vancouver Island & Mainland Inlets","Steelhead",1989,209.5,NA,32.2,NA,NA,NA
"East Vancouver Island & Mainland Inlets","Steelhead",1990,195.6,NA,29.4,NA,NA,NA
"East Vancouver Island & Mainland Inlets","Steelhead",1991,142.6,NA,26.6,NA,NA,NA
"East Vancouver Island & Mainland Inlets","Steelhead",1992,89.6,NA,23.8,NA,NA,NA
"East Vancouver Island & Mainland Inlets","Steelhead",1993,36.5,NA,21.1,NA,NA,NA
"East Vancouver Island & Mainland Inlets","Steelhead",1994,7.8,NA,18.5,NA,NA,NA
"East Vancouver Island & Mainland Inlets","Steelhead",1995,-11.7,NA,15.9,NA,NA,NA
"East Vancouver Island & Mainland Inlets","Steelhead",1996,-17.1,NA,13.4,NA,NA,NA
"East Vancouver Island & Mainland Inlets","Steelhead",1997,-31.2,NA,11,NA,NA,NA
"East Vancouver Island & Mainland Inlets","Steelhead",1998,-42.4,NA,8.6,NA,NA,NA
"East Vancouver Island & Mainland Inlets","Steelhead",1999,-44.1,NA,6.2,NA,NA,NA
"East Vancouver Island & Mainland Inlets","Steelhead",2000,-52.5,NA,3.9,NA,NA,NA
"East Vancouver Island & Mainland Inlets","Steelhead",2001,-49.7,NA,1.7,NA,NA,NA
"East Vancouver Island & Mainland Inlets","Steelhead",2002,-45.4,NA,-0.6,NA,NA,NA
"East Vancouver Island & Mainland Inlets","Steelhead",2003,-37.2,NA,-2.7,NA,NA,NA
"East Vancouver Island & Mainland Inlets","Steelhead",2004,-36.4,NA,-4.8,NA,NA,NA
"East Vancouver Island & Mainland Inlets","Steelhead",2005,-30.9,NA,-6.9,NA,NA,NA
"East Vancouver Island & Mainland Inlets","Steelhead",2006,-32.1,NA,-8.9,NA,NA,NA
"East Vancouver Island & Mainland Inlets","Steelhead",2007,-29.5,NA,-10.9,NA,NA,NA
"East Vancouver Island & Mainland Inlets","Steelhead",2008,-25.6,NA,-12.8,NA,NA,NA
"East Vancouver Island & Mainland Inlets","Steelhead",2009,-22.4,NA,-14.7,NA,NA,NA
"East Vancouver Island & Mainland Inlets","Steelhead",2010,-13.6,15.6,-16.5,NA,NA,NA
"East Vancouver Island & Mainland Inlets","Steelhead",2011,-7.7,10.5,-18.4,NA,NA,NA
"East Vancouver Island & Mainland Inlets","Steelhead",2012,-8.1,5.6,-20.1,NA,NA,NA
"East Vancouver Island & Mainland Inlets","Steelhead",2013,3.8,0.9,-21.9,NA,NA,NA
"East Vancouver Island & Mainland Inlets","Steelhead",2014,10.2,-3.5,-23.5,NA,NA,NA
"East Vancouver Island & Mainland Inlets","Steelhead",2015,13.3,-7.8,-25.2,NA,NA,NA
"East Vancouver Island & Mainland Inlets","Steelhead",2016,10.8,-11.8,-26.8,NA,NA,NA
"East Vancouver Island & Mainland Inlets","Steelhead",2017,12.1,-15.7,-28.4,NA,NA,NA
"East Vancouver Island & Mainland Inlets","Steelhead",2018,-8.8,-19.4,-30,NA,NA,NA
"East Vancouver Island & Mainland Inlets","Steelhead",2019,-14,-23,-31.5,NA,NA,NA
"East Vancouver Island & Mainland Inlets","Steelhead",2020,-18.7,-26.4,-33,NA,NA,NA
"East Vancouver Island & Mainland Inlets","Steelhead",2021,-35,-29.6,-34.4,NA,NA,NA
"East Vancouver Island & Mainland Inlets","Steelhead",2022,-48.5,-32.7,-35.8,NA,NA,NA
"East Vancouver Island & Mainland Inlets","Steelhead",2023,-45.5,-35.7,-37.2,NA,NA,NA
"East Vancouver Island & Mainland Inlets","Steelhead",2024,-44,-38.5,-38.6,NA,NA,NA
"West Vancouver Island","Chinook",1995,-51.8,NA,-31.3,NA,NA,NA
"West Vancouver Island","Chinook",1996,-39.3,NA,-29.7,NA,NA,NA
"West Vancouver Island","Chinook",1997,-29.9,NA,-28.1,NA,NA,NA
"West Vancouver Island","Chinook",1998,-12.5,NA,-26.4,NA,NA,NA
"West Vancouver Island","Chinook",1999,11.6,NA,-24.7,NA,NA,NA
"West Vancouver Island","Chinook",2000,1.1,NA,-22.9,NA,NA,NA
"West Vancouver Island","Chinook",2001,-11.4,NA,-21.2,NA,NA,NA
"West Vancouver Island","Chinook",2002,-24.4,NA,-19.3,NA,NA,NA
"West Vancouver Island","Chinook",2003,-29.3,NA,-17.5,NA,NA,NA
"West Vancouver Island","Chinook",2004,-6.2,NA,-15.6,NA,NA,NA
"West Vancouver Island","Chinook",2005,-4.2,NA,-13.6,NA,NA,NA
"West Vancouver Island","Chinook",2006,0.9,NA,-11.6,NA,NA,NA
"West Vancouver Island","Chinook",2007,-8.8,NA,-9.6,NA,NA,NA
"West Vancouver Island","Chinook",2008,-27.7,NA,-7.5,NA,NA,NA
"West Vancouver Island","Chinook",2009,-18.3,NA,-5.3,NA,NA,NA
"West Vancouver Island","Chinook",2010,-21.8,NA,-3.1,NA,NA,NA
"West Vancouver Island","Chinook",2011,-16.4,NA,-0.9,NA,NA,NA
"West Vancouver Island","Chinook",2012,-13.5,NA,1.4,NA,NA,NA
"West Vancouver Island","Chinook",2013,-6.2,10.4,3.7,NA,NA,NA
"West Vancouver Island","Chinook",2014,-7.1,12.3,6.1,NA,NA,NA
"West Vancouver Island","Chinook",2015,13.4,14.3,8.6,NA,NA,NA
"West Vancouver Island","Chinook",2016,41.9,16.3,11.1,NA,NA,NA
"West Vancouver Island","Chinook",2017,44.1,18.3,13.7,NA,NA,NA
"West Vancouver Island","Chinook",2018,47.6,20.4,16.3,NA,NA,NA
"West Vancouver Island","Chinook",2019,34.1,22.5,19,NA,NA,NA
"West Vancouver Island","Chinook",2020,15.4,24.6,21.8,NA,NA,NA
"West Vancouver Island","Chinook",2021,12.8,26.8,24.6,NA,NA,NA
"West Vancouver Island","Chinook",2022,15.5,29,27.5,NA,NA,NA
"West Vancouver Island","Chinook",2023,29.4,31.3,30.4,NA,NA,NA
"West Vancouver Island","Chinook",2024,32,33.5,33.4,NA,NA,NA
"West Vancouver Island","Sockeye",1977,-25.1,NA,-13,103.7,NA,28.2
"West Vancouver Island","Sockeye",1978,-45.3,NA,-12.6,2,NA,26.9
"West Vancouver Island","Sockeye",1979,-35.2,NA,-12.1,20.8,NA,25.6
"West Vancouver Island","Sockeye",1980,-27,NA,-11.7,29.4,NA,24.3
"West Vancouver Island","Sockeye",1981,-21.8,NA,-11.3,42.3,NA,23.1
"West Vancouver Island","Sockeye",1982,-14.5,NA,-10.9,30.4,NA,21.8
"West Vancouver Island","Sockeye",1983,12.9,NA,-10.4,74.4,NA,20.6
"West Vancouver Island","Sockeye",1984,8.5,NA,-10,76.1,NA,19.4
"West Vancouver Island","Sockeye",1985,0.7,NA,-9.5,62.6,NA,18.2
"West Vancouver Island","Sockeye",1986,-3.4,NA,-9.1,25.1,NA,17
"West Vancouver Island","Sockeye",1987,-3,NA,-8.7,19.7,NA,15.8
"West Vancouver Island","Sockeye",1988,-8.2,NA,-8.2,5.5,NA,14.7
"West Vancouver Island","Sockeye",1989,-0.2,NA,-7.8,-12.8,NA,13.5
"West Vancouver Island","Sockeye",1990,2.3,NA,-7.3,-24.6,NA,12.4
"West Vancouver Island","Sockeye",1991,17.9,NA,-6.9,3,NA,11.2
"West Vancouver Island","Sockeye",1992,16.1,NA,-6.4,9.9,NA,10.1
"West Vancouver Island","Sockeye",1993,22.3,NA,-6,23.4,NA,9
"West Vancouver Island","Sockeye",1994,10.8,NA,-5.5,24,NA,7.9
"West Vancouver Island","Sockeye",1995,-2.4,NA,-5,10.3,NA,6.8
"West Vancouver Island","Sockeye",1996,-8.2,NA,-4.6,-13.1,NA,5.7
"West Vancouver Island","Sockeye",1997,-11.9,NA,-4.1,-24.2,NA,4.7
"West Vancouver Island","Sockeye",1998,-11.6,NA,-3.6,-31.5,NA,3.6
"West Vancouver Island","Sockeye",1999,-4.9,NA,-3.2,-30.9,NA,2.5
"West Vancouver Island","Sockeye",2000,0.3,NA,-2.7,-23.8,NA,1.5
"West Vancouver Island","Sockeye",2001,10.1,NA,-2.2,-14,NA,0.5
"West Vancouver Island","Sockeye",2002,18.9,NA,-1.8,0.6,NA,-0.5
"West Vancouver Island","Sockeye",2003,10.4,NA,-1.3,2.8,NA,-1.5
"West Vancouver Island","Sockeye",2004,9.5,NA,-0.8,9.9,NA,-2.5
"West Vancouver Island","Sockeye",2005,19.6,NA,-0.3,17.2,NA,-3.5
"West Vancouver Island","Sockeye",2006,-9,NA,0.2,-8.9,NA,-4.5
"West Vancouver Island","Sockeye",2007,-28,NA,0.7,-37.3,NA,-5.4
"West Vancouver Island","Sockeye",2008,-38.3,NA,1.2,-54.2,NA,-6.4
"West Vancouver Island","Sockeye",2009,-36.7,NA,1.7,-55.9,NA,-7.3
"West Vancouver Island","Sockeye",2010,-24.6,27.3,2.1,-41.9,19.5,-8.3
"West Vancouver Island","Sockeye",2011,1.6,24.5,2.6,-19.5,16.3,-9.2
"West Vancouver Island","Sockeye",2012,21.3,21.8,3.1,8.8,13.2,-10.1
"West Vancouver Island","Sockeye",2013,53.7,19.1,3.6,41.3,10.2,-11
"West Vancouver Island","Sockeye",2014,60.8,16.5,4.2,63.5,7.3,-11.9
"West Vancouver Island","Sockeye",2015,58.2,13.9,4.7,68.3,4.4,-12.8
"West Vancouver Island","Sockeye",2016,38.6,11.4,5.2,59.1,1.7,-13.7
"West Vancouver Island","Sockeye",2017,42.7,8.9,5.7,48.6,-1,-14.6
"West Vancouver Island","Sockeye",2018,13.2,6.5,6.2,22.8,-3.6,-15.4
"West Vancouver Island","Sockeye",2019,-8,4.2,6.7,-10.8,-6.2,-16.3
"West Vancouver Island","Sockeye",2020,-23,1.9,7.2,-36.2,-8.7,-17.1
"West Vancouver Island","Sockeye",2021,-24.5,-0.4,7.8,-43.6,-11.1,-18
"West Vancouver Island","Sockeye",2022,-18.6,-2.6,8.3,-36.3,-13.5,-18.8
"West Vancouver Island","Sockeye",2023,-8.3,-4.7,8.8,-23.9,-15.8,-19.6
"West Vancouver Island","Sockeye",2024,10.9,-6.8,9.3,-4,-18,-20.4
"West Vancouver Island","Chum",1953,14.4,NA,-18.8,NA,NA,NA
"West Vancouver Island","Chum",1954,41.3,NA,-18.3,NA,NA,NA
"West Vancouver Island","Chum",1955,-6.4,NA,-17.8,NA,NA,NA
"West Vancouver Island","Chum",1956,-14.9,NA,-17.3,NA,NA,NA
"West Vancouver Island","Chum",1957,-27.8,NA,-16.8,NA,NA,NA
"West Vancouver Island","Chum",1958,-38,NA,-16.3,NA,NA,NA
"West Vancouver Island","Chum",1959,-33.1,NA,-15.7,NA,NA,NA
"West Vancouver Island","Chum",1960,-26,NA,-15.2,NA,NA,NA
"West Vancouver Island","Chum",1961,-31.7,NA,-14.7,NA,NA,NA
"West Vancouver Island","Chum",1962,-44.5,NA,-14.1,NA,NA,NA
"West Vancouver Island","Chum",1963,-49.5,NA,-13.6,NA,NA,NA
"West Vancouver Island","Chum",1964,-52.2,NA,-13.1,NA,NA,NA
"West Vancouver Island","Chum",1965,-47.9,NA,-12.5,NA,NA,NA
"West Vancouver Island","Chum",1966,-45.4,NA,-12,NA,NA,NA
"West Vancouver Island","Chum",1967,-33.7,NA,-11.4,NA,NA,NA
"West Vancouver Island","Chum",1968,-22.3,NA,-10.9,NA,NA,NA
"West Vancouver Island","Chum",1969,-15.9,NA,-10.3,NA,NA,NA
"West Vancouver Island","Chum",1970,-5.2,NA,-9.7,NA,NA,NA
"West Vancouver Island","Chum",1971,-5.9,NA,-9.2,NA,NA,NA
"West Vancouver Island","Chum",1972,4.1,NA,-8.6,NA,NA,NA
"West Vancouver Island","Chum",1973,26.3,NA,-8,NA,NA,NA
"West Vancouver Island","Chum",1974,39.9,NA,-7.5,NA,NA,NA
"West Vancouver Island","Chum",1975,30.8,NA,-6.9,NA,NA,NA
"West Vancouver Island","Chum",1976,2.1,NA,-6.3,NA,NA,NA
"West Vancouver Island","Chum",1977,-18.8,NA,-5.7,NA,NA,NA
"West Vancouver Island","Chum",1978,-25,NA,-5.1,NA,NA,NA
"West Vancouver Island","Chum",1979,-38.2,NA,-4.5,NA,NA,NA
"West Vancouver Island","Chum",1980,-32.4,NA,-3.9,NA,NA,NA
"West Vancouver Island","Chum",1981,-25.1,NA,-3.3,NA,NA,NA
"West Vancouver Island","Chum",1982,-20.8,NA,-2.7,NA,NA,NA
"West Vancouver Island","Chum",1983,0.2,NA,-2.1,NA,NA,NA
"West Vancouver Island","Chum",1984,-5.9,NA,-1.5,NA,NA,NA
"West Vancouver Island","Chum",1985,8,NA,-0.9,NA,NA,NA
"West Vancouver Island","Chum",1986,15.3,NA,-0.2,NA,NA,NA
"West Vancouver Island","Chum",1987,16,NA,0.4,NA,NA,NA
"West Vancouver Island","Chum",1988,34.2,NA,1,NA,NA,NA
"West Vancouver Island","Chum",1989,12.1,NA,1.7,NA,NA,NA
"West Vancouver Island","Chum",1990,-7.6,NA,2.3,NA,NA,NA
"West Vancouver Island","Chum",1991,18.2,NA,2.9,NA,NA,NA
"West Vancouver Island","Chum",1992,29.9,NA,3.6,NA,NA,NA
"West Vancouver Island","Chum",1993,58.2,NA,4.2,NA,NA,NA
"West Vancouver Island","Chum",1994,119.8,NA,4.9,NA,NA,NA
"West Vancouver Island","Chum",1995,73.1,NA,5.5,NA,NA,NA
"West Vancouver Island","Chum",1996,69.2,NA,6.2,NA,NA,NA
"West Vancouver Island","Chum",1997,83.7,NA,6.9,NA,NA,NA
"West Vancouver Island","Chum",1998,100.6,NA,7.5,NA,NA,NA
"West Vancouver Island","Chum",1999,132.8,NA,8.2,NA,NA,NA
"West Vancouver Island","Chum",2000,53.7,NA,8.9,NA,NA,NA
"West Vancouver Island","Chum",2001,40,NA,9.6,NA,NA,NA
"West Vancouver Island","Chum",2002,11.8,NA,10.3,NA,NA,NA
"West Vancouver Island","Chum",2003,22.2,NA,11,NA,NA,NA
"West Vancouver Island","Chum",2004,85.9,NA,11.7,NA,NA,NA
"West Vancouver Island","Chum",2005,104.2,NA,12.4,NA,NA,NA
"West Vancouver Island","Chum",2006,94.1,NA,13.1,NA,NA,NA
"West Vancouver Island","Chum",2007,67.2,NA,13.8,NA,NA,NA
"West Vancouver Island","Chum",2008,22.3,NA,14.5,NA,NA,NA
"West Vancouver Island","Chum",2009,-13.4,NA,15.2,NA,NA,NA
"West Vancouver Island","Chum",2010,-27.4,NA,15.9,NA,NA,NA
"West Vancouver Island","Chum",2011,-17.7,NA,16.7,NA,NA,NA
"West Vancouver Island","Chum",2012,-2.6,NA,17.4,NA,NA,NA
"West Vancouver Island","Chum",2013,-3.6,39.2,18.1,NA,NA,NA
"West Vancouver Island","Chum",2014,11.1,29.4,18.9,NA,NA,NA
"West Vancouver Island","Chum",2015,9.7,20.3,19.6,NA,NA,NA
"West Vancouver Island","Chum",2016,39.1,11.9,20.4,NA,NA,NA
"West Vancouver Island","Chum",2017,52.1,4,21.1,NA,NA,NA
"West Vancouver Island","Chum",2018,47.9,-3.3,21.9,NA,NA,NA
"West Vancouver Island","Chum",2019,0.9,-10.1,22.6,NA,NA,NA
"West Vancouver Island","Chum",2020,-22.2,-16.4,23.4,NA,NA,NA
"West Vancouver Island","Chum",2021,-30.8,-22.3,24.2,NA,NA,NA
"West Vancouver Island","Chum",2022,-42,-27.8,25,NA,NA,NA
"West Vancouver Island","Chum",2023,-36.1,-32.8,25.7,NA,NA,NA
"West Vancouver Island","Chum",2024,-41.7,-37.6,26.5,NA,NA,NA
"West Vancouver Island","Coho",1953,71.8,NA,-8.7,NA,NA,NA
"West Vancouver Island","Coho",1954,97.8,NA,-8.4,NA,NA,NA
"West Vancouver Island","Coho",1955,75.9,NA,-8.2,NA,NA,NA
"West Vancouver Island","Coho",1956,75.6,NA,-7.9,NA,NA,NA
"West Vancouver Island","Coho",1957,55.9,NA,-7.6,NA,NA,NA
"West Vancouver Island","Coho",1958,36,NA,-7.3,NA,NA,NA
"West Vancouver Island","Coho",1959,20.7,NA,-7,NA,NA,NA
"West Vancouver Island","Coho",1960,-11.2,NA,-6.7,NA,NA,NA
"West Vancouver Island","Coho",1961,-18,NA,-6.4,NA,NA,NA
"West Vancouver Island","Coho",1962,-19.5,NA,-6.1,NA,NA,NA
"West Vancouver Island","Coho",1963,-22.8,NA,-5.8,NA,NA,NA
"West Vancouver Island","Coho",1964,10.4,NA,-5.5,NA,NA,NA
"West Vancouver Island","Coho",1965,29.3,NA,-5.2,NA,NA,NA
"West Vancouver Island","Coho",1966,31.4,NA,-4.9,NA,NA,NA
"West Vancouver Island","Coho",1967,33.4,NA,-4.6,NA,NA,NA
"West Vancouver Island","Coho",1968,14.8,NA,-4.3,NA,NA,NA
"West Vancouver Island","Coho",1969,-6.2,NA,-4,NA,NA,NA
"West Vancouver Island","Coho",1970,-9.2,NA,-3.7,NA,NA,NA
"West Vancouver Island","Coho",1971,5.5,NA,-3.4,NA,NA,NA
"West Vancouver Island","Coho",1972,0.7,NA,-3.1,NA,NA,NA
"West Vancouver Island","Coho",1973,22.7,NA,-2.8,NA,NA,NA
"West Vancouver Island","Coho",1974,12.3,NA,-2.5,NA,NA,NA
"West Vancouver Island","Coho",1975,-10.9,NA,-2.2,NA,NA,NA
"West Vancouver Island","Coho",1976,-26.5,NA,-1.9,NA,NA,NA
"West Vancouver Island","Coho",1977,-38.8,NA,-1.6,NA,NA,NA
"West Vancouver Island","Coho",1978,-40.5,NA,-1.3,NA,NA,NA
"West Vancouver Island","Coho",1979,-30.3,NA,-0.9,NA,NA,NA
"West Vancouver Island","Coho",1980,-32.4,NA,-0.6,NA,NA,NA
"West Vancouver Island","Coho",1981,-36.2,NA,-0.3,NA,NA,NA
"West Vancouver Island","Coho",1982,-43.3,NA,0,NA,NA,NA
"West Vancouver Island","Coho",1983,-61.1,NA,0.3,NA,NA,NA
"West Vancouver Island","Coho",1984,-58.3,NA,0.6,NA,NA,NA
"West Vancouver Island","Coho",1985,-58.5,NA,0.9,NA,NA,NA
"West Vancouver Island","Coho",1986,-49.5,NA,1.3,NA,NA,NA
"West Vancouver Island","Coho",1987,-31.8,NA,1.6,NA,NA,NA
"West Vancouver Island","Coho",1988,-22,NA,1.9,NA,NA,NA
"West Vancouver Island","Coho",1989,-13.5,NA,2.2,NA,NA,NA
"West Vancouver Island","Coho",1990,-11.9,NA,2.5,NA,NA,NA
"West Vancouver Island","Coho",1991,-7.6,NA,2.9,NA,NA,NA
"West Vancouver Island","Coho",1992,-21.4,NA,3.2,NA,NA,NA
"West Vancouver Island","Coho",1993,-43.2,NA,3.5,NA,NA,NA
"West Vancouver Island","Coho",1994,-59.4,NA,3.8,NA,NA,NA
"West Vancouver Island","Coho",1995,-60.7,NA,4.2,NA,NA,NA
"West Vancouver Island","Coho",1996,-60.4,NA,4.5,NA,NA,NA
"West Vancouver Island","Coho",1997,-48.6,NA,4.8,NA,NA,NA
"West Vancouver Island","Coho",1998,-18.8,NA,5.2,NA,NA,NA
"West Vancouver Island","Coho",1999,-10.8,NA,5.5,NA,NA,NA
"West Vancouver Island","Coho",2000,31.5,NA,5.8,NA,NA,NA
"West Vancouver Island","Coho",2001,94.8,NA,6.2,NA,NA,NA
"West Vancouver Island","Coho",2002,117.3,NA,6.5,NA,NA,NA
"West Vancouver Island","Coho",2003,155.2,NA,6.8,NA,NA,NA
"West Vancouver Island","Coho",2004,163.9,NA,7.2,NA,NA,NA
"West Vancouver Island","Coho",2005,128.2,NA,7.5,NA,NA,NA
"West Vancouver Island","Coho",2006,74.1,NA,7.8,NA,NA,NA
"West Vancouver Island","Coho",2007,35.3,NA,8.2,NA,NA,NA
"West Vancouver Island","Coho",2008,11.6,NA,8.5,NA,NA,NA
"West Vancouver Island","Coho",2009,16.6,NA,8.9,NA,NA,NA
"West Vancouver Island","Coho",2010,28.6,NA,9.2,NA,NA,NA
"West Vancouver Island","Coho",2011,54.2,NA,9.6,NA,NA,NA
"West Vancouver Island","Coho",2012,58.5,NA,9.9,NA,NA,NA
"West Vancouver Island","Coho",2013,51.6,64.7,10.2,NA,NA,NA
"West Vancouver Island","Coho",2014,61.8,57.7,10.6,NA,NA,NA
"West Vancouver Island","Coho",2015,48.9,50.9,10.9,NA,NA,NA
"West Vancouver Island","Coho",2016,49.1,44.5,11.3,NA,NA,NA
"West Vancouver Island","Coho",2017,46.3,38.3,11.6,NA,NA,NA
"West Vancouver Island","Coho",2018,46.7,32.4,12,NA,NA,NA
"West Vancouver Island","Coho",2019,24.2,26.8,12.3,NA,NA,NA
"West Vancouver Island","Coho",2020,11.9,21.4,12.7,NA,NA,NA
"West Vancouver Island","Coho",2021,15.5,16.2,13.1,NA,NA,NA
"West Vancouver Island","Coho",2022,3.9,11.2,13.4,NA,NA,NA
"West Vancouver Island","Coho",2023,17.9,6.5,13.8,NA,NA,NA
"West Vancouver Island","Coho",2024,-2.5,2,14.1,NA,NA,NA
"West Vancouver Island","Pink",1953,1805.9,NA,3078.3,NA,NA,NA
"West Vancouver Island","Pink",1954,1805.9,NA,2803.8,NA,NA,NA
"West Vancouver Island","Pink",1955,NA,NA,NA,NA,NA,NA
"West Vancouver Island","Pink",1956,58.7,NA,2324,NA,NA,NA
"West Vancouver Island","Pink",1957,58.7,NA,2114.7,NA,NA,NA
"West Vancouver Island","Pink",1958,697.1,NA,1923.5,NA,NA,NA
"West Vancouver Island","Pink",1959,342.8,NA,1748.7,NA,NA,NA
"West Vancouver Island","Pink",1960,652.2,NA,1589.1,NA,NA,NA
"West Vancouver Island","Pink",1961,1895.3,NA,1443.2,NA,NA,NA
"West Vancouver Island","Pink",1962,2946.8,NA,1310,NA,NA,NA
"West Vancouver Island","Pink",1963,257.8,NA,1188.2,NA,NA,NA
"West Vancouver Island","Pink",1964,54.7,NA,1077,NA,NA,NA
"West Vancouver Island","Pink",1965,115.7,NA,975.4,NA,NA,NA
"West Vancouver Island","Pink",1966,412.4,NA,882.5,NA,NA,NA
"West Vancouver Island","Pink",1967,1080.1,NA,797.7,NA,NA,NA
"West Vancouver Island","Pink",1968,1534.7,NA,720.2,NA,NA,NA
"West Vancouver Island","Pink",1969,1037.6,NA,649.3,NA,NA,NA
"West Vancouver Island","Pink",1970,633.2,NA,584.6,NA,NA,NA
"West Vancouver Island","Pink",1971,4412.6,NA,525.5,NA,NA,NA
"West Vancouver Island","Pink",1972,12957.2,NA,471.5,NA,NA,NA
"West Vancouver Island","Pink",1973,847.3,NA,422.2,NA,NA,NA
"West Vancouver Island","Pink",1974,866.4,NA,377.1,NA,NA,NA
"West Vancouver Island","Pink",1975,13489.9,NA,335.9,NA,NA,NA
"West Vancouver Island","Pink",1976,5331.8,NA,298.2,NA,NA,NA
"West Vancouver Island","Pink",1977,2632.4,NA,263.9,NA,NA,NA
"West Vancouver Island","Pink",1978,3263,NA,232.4,NA,NA,NA
"West Vancouver Island","Pink",1979,215.7,NA,203.7,NA,NA,NA
"West Vancouver Island","Pink",1980,96.1,NA,177.5,NA,NA,NA
"West Vancouver Island","Pink",1981,3073.9,NA,153.5,NA,NA,NA
"West Vancouver Island","Pink",1982,234.6,NA,131.7,NA,NA,NA
"West Vancouver Island","Pink",1983,370.2,NA,111.6,NA,NA,NA
"West Vancouver Island","Pink",1984,232.3,NA,93.4,NA,NA,NA
"West Vancouver Island","Pink",1985,41.6,NA,76.7,NA,NA,NA
"West Vancouver Island","Pink",1986,125.8,NA,61.4,NA,NA,NA
"West Vancouver Island","Pink",1987,325.4,NA,47.5,NA,NA,NA
"West Vancouver Island","Pink",1988,NA,NA,NA,NA,NA,NA
"West Vancouver Island","Pink",1989,NA,NA,NA,NA,NA,NA
"West Vancouver Island","Pink",1990,-0.9,NA,12.5,NA,NA,NA
"West Vancouver Island","Pink",1991,107.7,NA,2.8,NA,NA,NA
"West Vancouver Island","Pink",1992,335,NA,-6.1,NA,NA,NA
"West Vancouver Island","Pink",1993,234.6,NA,-14.2,NA,NA,NA
"West Vancouver Island","Pink",1994,211.8,NA,-21.6,NA,NA,NA
"West Vancouver Island","Pink",1995,-79.5,NA,-28.4,NA,NA,NA
"West Vancouver Island","Pink",1996,-89.5,NA,-34.6,NA,NA,NA
"West Vancouver Island","Pink",1997,-28.6,NA,-40.2,NA,NA,NA
"West Vancouver Island","Pink",1998,-74.2,NA,-45.4,NA,NA,NA
"West Vancouver Island","Pink",1999,-89.7,NA,-50.1,NA,NA,NA
"West Vancouver Island","Pink",2000,-85.5,NA,-54.4,NA,NA,NA
"West Vancouver Island","Pink",2001,-82.6,NA,-58.3,NA,NA,NA
"West Vancouver Island","Pink",2002,-86.6,NA,-61.9,NA,NA,NA
"West Vancouver Island","Pink",2003,-87.8,NA,-65.2,NA,NA,NA
"West Vancouver Island","Pink",2004,-92.7,NA,-68.2,NA,NA,NA
"West Vancouver Island","Pink",2005,-94.4,NA,-71,NA,NA,NA
"West Vancouver Island","Pink",2006,-96.1,NA,-73.5,NA,NA,NA
"West Vancouver Island","Pink",2007,-96.3,NA,-75.8,NA,NA,NA
"West Vancouver Island","Pink",2008,-93.6,NA,-77.9,NA,NA,NA
"West Vancouver Island","Pink",2009,-93.9,NA,-79.8,NA,NA,NA
"West Vancouver Island","Pink",2010,-77.4,NA,-81.5,NA,NA,NA
"West Vancouver Island","Pink",2011,-80.6,NA,-83.1,NA,NA,NA
"West Vancouver Island","Pink",2012,-69,NA,-84.6,NA,NA,NA
"West Vancouver Island","Pink",2013,-72.9,NA,-85.9,NA,NA,NA
"West Vancouver Island","Pink",2014,-84.1,NA,-87.1,NA,NA,NA
"West Vancouver Island","Pink",2015,-83.9,NA,-88.2,NA,NA,NA
"West Vancouver Island","Pink",2016,-84.6,NA,-89.3,NA,NA,NA
"West Vancouver Island","Pink",2017,-84.6,NA,-90.2,NA,NA,NA
"West Vancouver Island","Pink",2018,-86.8,NA,-91,NA,NA,NA
"West Vancouver Island","Pink",2019,-92.3,-94,-91.8,NA,NA,NA
"West Vancouver Island","Pink",2020,-94.8,-93.3,-92.5,NA,NA,NA
"West Vancouver Island","Pink",2021,-93.6,-92.5,-93.2,NA,NA,NA
"West Vancouver Island","Pink",2022,-91,-91.7,-93.7,NA,NA,NA
"West Vancouver Island","Pink",2023,-90.3,-90.7,-94.3,NA,NA,NA
"West Vancouver Island","Pink",2024,-89.4,-89.7,-94.8,NA,NA,NA
"West Vancouver Island","Steelhead",1953,NA,NA,NA,NA,NA,NA
"West Vancouver Island","Steelhead",1954,NA,NA,NA,NA,NA,NA
"West Vancouver Island","Steelhead",1955,NA,NA,NA,NA,NA,NA
"West Vancouver Island","Steelhead",1956,NA,NA,NA,NA,NA,NA
"West Vancouver Island","Steelhead",1957,NA,NA,NA,NA,NA,NA
"West Vancouver Island","Steelhead",1958,NA,NA,NA,NA,NA,NA
"West Vancouver Island","Steelhead",1959,NA,NA,NA,NA,NA,NA
"West Vancouver Island","Steelhead",1960,NA,NA,NA,NA,NA,NA
"West Vancouver Island","Steelhead",1961,NA,NA,NA,NA,NA,NA
"West Vancouver Island","Steelhead",1962,NA,NA,NA,NA,NA,NA
"West Vancouver Island","Steelhead",1963,NA,NA,NA,NA,NA,NA
"West Vancouver Island","Steelhead",1964,NA,NA,NA,NA,NA,NA
"West Vancouver Island","Steelhead",1965,NA,NA,NA,NA,NA,NA
"West Vancouver Island","Steelhead",1966,NA,NA,NA,NA,NA,NA
"West Vancouver Island","Steelhead",1967,NA,NA,NA,NA,NA,NA
"West Vancouver Island","Steelhead",1968,NA,NA,NA,NA,NA,NA
"West Vancouver Island","Steelhead",1969,NA,NA,NA,NA,NA,NA
"West Vancouver Island","Steelhead",1970,NA,NA,NA,NA,NA,NA
"West Vancouver Island","Steelhead",1971,NA,NA,NA,NA,NA,NA
"West Vancouver Island","Steelhead",1972,NA,NA,NA,NA,NA,NA
"West Vancouver Island","Steelhead",1973,NA,NA,NA,NA,NA,NA
"West Vancouver Island","Steelhead",1974,NA,NA,NA,NA,NA,NA
"West Vancouver Island","Steelhead",1975,-35.7,NA,17,NA,NA,NA
"West Vancouver Island","Steelhead",1976,-44,NA,16.2,NA,NA,NA
"West Vancouver Island","Steelhead",1977,-39.4,NA,15.4,NA,NA,NA
"West Vancouver Island","Steelhead",1978,-44.7,NA,14.6,NA,NA,NA
"West Vancouver Island","Steelhead",1979,-42,NA,13.8,NA,NA,NA
"West Vancouver Island","Steelhead",1980,-32.3,NA,13,NA,NA,NA
"West Vancouver Island","Steelhead",1981,-14.6,NA,12.2,NA,NA,NA
"West Vancouver Island","Steelhead",1982,2.8,NA,11.4,NA,NA,NA
"West Vancouver Island","Steelhead",1983,33.2,NA,10.6,NA,NA,NA
"West Vancouver Island","Steelhead",1984,74.5,NA,9.9,NA,NA,NA
"West Vancouver Island","Steelhead",1985,83.2,NA,9.1,NA,NA,NA
"West Vancouver Island","Steelhead",1986,88.6,NA,8.3,NA,NA,NA
"West Vancouver Island","Steelhead",1987,90.5,NA,7.6,NA,NA,NA
"West Vancouver Island","Steelhead",1988,88.7,NA,6.8,NA,NA,NA
"West Vancouver Island","Steelhead",1989,55.7,NA,6.1,NA,NA,NA
"West Vancouver Island","Steelhead",1990,41.2,NA,5.3,NA,NA,NA
"West Vancouver Island","Steelhead",1991,25.1,NA,4.6,NA,NA,NA
"West Vancouver Island","Steelhead",1992,18.2,NA,3.9,NA,NA,NA
"West Vancouver Island","Steelhead",1993,10.7,NA,3.2,NA,NA,NA
"West Vancouver Island","Steelhead",1994,5.8,NA,2.4,NA,NA,NA
"West Vancouver Island","Steelhead",1995,3.8,NA,1.7,NA,NA,NA
"West Vancouver Island","Steelhead",1996,20.5,NA,1,NA,NA,NA
"West Vancouver Island","Steelhead",1997,18.1,NA,0.3,NA,NA,NA
"West Vancouver Island","Steelhead",1998,31.4,NA,-0.4,NA,NA,NA
"West Vancouver Island","Steelhead",1999,39.6,NA,-1.1,NA,NA,NA
"West Vancouver Island","Steelhead",2000,57.4,NA,-1.8,NA,NA,NA
"West Vancouver Island","Steelhead",2001,43.8,NA,-2.5,NA,NA,NA
"West Vancouver Island","Steelhead",2002,45.2,NA,-3.2,NA,NA,NA
"West Vancouver Island","Steelhead",2003,24.3,NA,-3.8,NA,NA,NA
"West Vancouver Island","Steelhead",2004,5,NA,-4.5,NA,NA,NA
"West Vancouver Island","Steelhead",2005,-17.3,NA,-5.2,NA,NA,NA
"West Vancouver Island","Steelhead",2006,-19.3,NA,-5.8,NA,NA,NA
"West Vancouver Island","Steelhead",2007,-28.1,NA,-6.5,NA,NA,NA
"West Vancouver Island","Steelhead",2008,-32.3,NA,-7.1,NA,NA,NA
"West Vancouver Island","Steelhead",2009,-25.2,NA,-7.8,NA,NA,NA
"West Vancouver Island","Steelhead",2010,-5.6,22.8,-8.4,NA,NA,NA
"West Vancouver Island","Steelhead",2011,-0.4,15.5,-9.1,NA,NA,NA
"West Vancouver Island","Steelhead",2012,12.9,8.8,-9.7,NA,NA,NA
"West Vancouver Island","Steelhead",2013,21.6,2.4,-10.3,NA,NA,NA
"West Vancouver Island","Steelhead",2014,26.8,-3.7,-11,NA,NA,NA
"West Vancouver Island","Steelhead",2015,0.7,-9.3,-11.6,NA,NA,NA
"West Vancouver Island","Steelhead",2016,-6.6,-14.6,-12.2,NA,NA,NA
"West Vancouver Island","Steelhead",2017,-17.3,-19.7,-12.8,NA,NA,NA
"West Vancouver Island","Steelhead",2018,-23.9,-24.4,-13.4,NA,NA,NA
"West Vancouver Island","Steelhead",2019,-34.1,-28.8,-14,NA,NA,NA
"West Vancouver Island","Steelhead",2020,-32.7,-33,-14.6,NA,NA,NA
"West Vancouver Island","Steelhead",2021,-47.8,-36.9,-15.2,NA,NA,NA
"West Vancouver Island","Steelhead",2022,-51.6,-40.6,-15.8,NA,NA,NA
"West Vancouver Island","Steelhead",2023,-47.3,-44.1,-16.4,NA,NA,NA
"West Vancouver Island","Steelhead",2024,-34.5,-47.4,-17,NA,NA,NA
"Fraser","Chinook",1975,NA,NA,NA,-47.6,NA,-50.1
"Fraser","Chinook",1976,NA,NA,NA,-65.2,NA,-48.8
"Fraser","Chinook",1977,NA,NA,NA,-63.5,NA,-47.5
"Fraser","Chinook",1978,NA,NA,NA,-62.1,NA,-46.1
"Fraser","Chinook",1979,NA,NA,NA,-56.5,NA,-44.7
"Fraser","Chinook",1980,NA,NA,NA,-56.6,NA,-43.3
"Fraser","Chinook",1981,NA,NA,NA,-50.1,NA,-41.8
"Fraser","Chinook",1982,NA,NA,NA,-47.8,NA,-40.3
"Fraser","Chinook",1983,NA,NA,NA,-45.9,NA,-38.8
"Fraser","Chinook",1984,-18.1,NA,-5.2,-47,NA,-37.2
"Fraser","Chinook",1985,-2.5,NA,-5.1,-41.9,NA,-35.5
"Fraser","Chinook",1986,6.3,NA,-5,-31.6,NA,-33.9
"Fraser","Chinook",1987,-0.1,NA,-4.9,-23.2,NA,-32.1
"Fraser","Chinook",1988,-8.3,NA,-4.8,-13.7,NA,-30.4
"Fraser","Chinook",1989,-11,NA,-4.7,-11.4,NA,-28.6
"Fraser","Chinook",1990,-9.6,NA,-4.5,-9.1,NA,-26.7
"Fraser","Chinook",1991,-18.1,NA,-4.4,-14.6,NA,-24.8
"Fraser","Chinook",1992,-14.8,NA,-4.3,-16.5,NA,-22.8
"Fraser","Chinook",1993,-8.3,NA,-4.2,-17.5,NA,-20.8
"Fraser","Chinook",1994,-1.3,NA,-4.1,-10.8,NA,-18.8
"Fraser","Chinook",1995,-14.1,NA,-4,-9.7,NA,-16.6
"Fraser","Chinook",1996,-11.6,NA,-3.9,1.6,NA,-14.5
"Fraser","Chinook",1997,-12.5,NA,-3.8,13.2,NA,-12.3
"Fraser","Chinook",1998,-2.5,NA,-3.7,24.2,NA,-10
"Fraser","Chinook",1999,-3.5,NA,-3.6,21.1,NA,-7.6
"Fraser","Chinook",2000,1.7,NA,-3.5,21,NA,-5.2
"Fraser","Chinook",2001,6.4,NA,-3.4,19.7,NA,-2.8
"Fraser","Chinook",2002,12.3,NA,-3.3,24.2,NA,-0.2
"Fraser","Chinook",2003,17.3,NA,-3.2,31.3,NA,2.4
"Fraser","Chinook",2004,22.7,NA,-3,39.7,NA,5
"Fraser","Chinook",2005,28.6,NA,-2.9,46.9,NA,7.8
"Fraser","Chinook",2006,31.9,NA,-2.8,57.8,NA,10.6
"Fraser","Chinook",2007,19.5,NA,-2.7,38,NA,13.5
"Fraser","Chinook",2008,-1.3,NA,-2.6,27.4,NA,16.4
"Fraser","Chinook",2009,-7.1,NA,-2.5,23.9,NA,19.4
"Fraser","Chinook",2010,-1.9,-12.8,-2.4,30.3,14.6,22.5
"Fraser","Chinook",2011,-2.5,-12,-2.3,24.3,16.2,25.7
"Fraser","Chinook",2012,-8.9,-11.1,-2.2,21.9,17.9,29
"Fraser","Chinook",2013,-6.8,-10.3,-2.1,22,19.7,32.4
"Fraser","Chinook",2014,-6.1,-9.4,-2,26.7,21.4,35.8
"Fraser","Chinook",2015,-3.9,-8.5,-1.9,30.9,23.2,39.3
"Fraser","Chinook",2016,-13.5,-7.7,-1.7,19.9,24.9,43
"Fraser","Chinook",2017,-12.1,-6.8,-1.6,22,26.8,46.7
"Fraser","Chinook",2018,-21.9,-5.9,-1.5,5.4,28.6,50.5
"Fraser","Chinook",2019,-20.7,-5,-1.4,6,30.5,54.4
"Fraser","Chinook",2020,-26.9,-4.1,-1.3,1.1,32.4,58.4
"Fraser","Chinook",2021,-20.8,-3.1,-1.2,13.7,34.3,62.6
"Fraser","Chinook",2022,-10.2,-2.2,-1.1,25.1,36.3,66.8
"Fraser","Chinook",2023,34.4,-1.3,-1,91.8,38.2,71.1
"Fraser","Chinook",2024,44.6,-0.3,-0.9,95,40.2,75.6
"Fraser","Chum",1998,206.8,NA,127.9,185,NA,120.2
"Fraser","Chum",1999,180.1,NA,115,164.6,NA,108.3
"Fraser","Chum",2000,66.7,NA,102.8,58.5,NA,97.1
"Fraser","Chum",2001,87.4,NA,91.3,77.9,NA,86.5
"Fraser","Chum",2002,68.3,NA,80.5,60.8,NA,76.4
"Fraser","Chum",2003,42.1,NA,70.3,36.1,NA,66.9
"Fraser","Chum",2004,100.9,NA,60.6,92.2,NA,57.9
"Fraser","Chum",2005,65,NA,51.6,59.9,NA,49.4
"Fraser","Chum",2006,61.6,NA,43,60.4,NA,41.3
"Fraser","Chum",2007,48.7,NA,34.9,49.3,NA,33.7
"Fraser","Chum",2008,15.2,NA,27.2,17.8,NA,26.5
"Fraser","Chum",2009,-4.7,NA,20,-0.6,NA,19.6
"Fraser","Chum",2010,-28.9,NA,13.2,-27.9,NA,13.2
"Fraser","Chum",2011,-27.9,NA,6.8,-27.6,NA,7.1
"Fraser","Chum",2012,-19,NA,0.8,-19,NA,1.3
"Fraser","Chum",2013,-10,6.4,-4.9,-8.4,18.9,-4.2
"Fraser","Chum",2014,3.8,-0.5,-10.3,9.2,9.6,-9.3
"Fraser","Chum",2015,0.6,-6.9,-15.4,10.6,1.1,-14.2
"Fraser","Chum",2016,7.5,-12.9,-20.2,19.6,-6.8,-18.8
"Fraser","Chum",2017,-2.4,-18.6,-24.7,10.4,-14.1,-23.2
"Fraser","Chum",2018,-13.4,-23.8,-29,-3.5,-20.8,-27.4
"Fraser","Chum",2019,-34.8,-28.8,-33,-31,-27,-31.3
"Fraser","Chum",2020,-52.7,-33.4,-36.8,-50.5,-32.7,-35
"Fraser","Chum",2021,-55.1,-37.7,-40.4,-56.3,-37.9,-38.5
"Fraser","Chum",2022,-49.4,-41.7,-43.7,-51.6,-42.8,-41.8
"Fraser","Chum",2023,-40.2,-45.5,-46.9,-43.6,-47.2,-45
"Fraser","Chum",2024,-28.5,-49,-49.9,-34.9,-51.4,-47.9
"Fraser","Coho",1984,117.3,NA,19.7,323.4,NA,165
"Fraser","Coho",1985,76.9,NA,18.6,244.7,NA,152.6
"Fraser","Coho",1986,75.4,NA,17.6,233.7,NA,140.7
"Fraser","Coho",1987,81.6,NA,16.5,216.9,NA,129.5
"Fraser","Coho",1988,86.7,NA,15.4,234.2,NA,118.7
"Fraser","Coho",1989,96.8,NA,14.4,243.3,NA,108.5
"Fraser","Coho",1990,80.5,NA,13.4,236.2,NA,98.7
"Fraser","Coho",1991,44.7,NA,12.3,195,NA,89.4
"Fraser","Coho",1992,24.7,NA,11.3,184,NA,80.6
"Fraser","Coho",1993,5.7,NA,10.3,212.6,NA,72.1
"Fraser","Coho",1994,-0.5,NA,9.3,143.1,NA,64.1
"Fraser","Coho",1995,-3.4,NA,8.3,118.6,NA,56.4
"Fraser","Coho",1996,-32.5,NA,7.3,57.2,NA,49.1
"Fraser","Coho",1997,-40.3,NA,6.4,-6,NA,42.1
"Fraser","Coho",1998,-44.5,NA,5.4,-22.7,NA,35.4
"Fraser","Coho",1999,-46.7,NA,4.4,-38.2,NA,29.1
"Fraser","Coho",2000,-37.6,NA,3.5,-53.4,NA,23.1
"Fraser","Coho",2001,-18.7,NA,2.6,-45.8,NA,17.3
"Fraser","Coho",2002,-2.9,NA,1.6,-35,NA,11.8
"Fraser","Coho",2003,-5,NA,0.7,-35.8,NA,6.6
"Fraser","Coho",2004,9.8,NA,-0.2,-23.8,NA,1.6
"Fraser","Coho",2005,-23.9,NA,-1.1,-46.3,NA,-3.2
"Fraser","Coho",2006,-51,NA,-2,-65.3,NA,-7.7
"Fraser","Coho",2007,-37.3,NA,-2.9,-55.8,NA,-12
"Fraser","Coho",2008,-49.7,NA,-3.8,-64.9,NA,-16.1
"Fraser","Coho",2009,-43.5,NA,-4.6,-60.7,NA,-20.1
"Fraser","Coho",2010,-19.6,NA,-5.5,-43.9,NA,-23.8
"Fraser","Coho",2011,-33.3,NA,-6.4,-53.3,NA,-27.4
"Fraser","Coho",2012,-10,NA,-7.2,-36.6,-45.2,-30.8
"Fraser","Coho",2013,13.5,-29.2,-8,-19,-41.9,-34
"Fraser","Coho",2014,-5.5,-23.3,-8.9,-27.8,-38.4,-37.1
"Fraser","Coho",2015,-22.5,-16.9,-9.7,-39.9,-34.7,-40
"Fraser","Coho",2016,-19.9,-10,-10.5,-38.6,-30.8,-42.9
"Fraser","Coho",2017,-35.4,-2.4,-11.3,-51.4,-26.6,-45.5
"Fraser","Coho",2018,-25.9,5.7,-12.1,-47.1,-22.1,-48.1
"Fraser","Coho",2019,0.8,14.6,-12.9,-27.2,-17.4,-50.5
"Fraser","Coho",2020,3.4,24.1,-13.7,-23.9,-12.5,-52.8
"Fraser","Coho",2021,41.8,34.5,-14.5,4.3,-7.2,-55
"Fraser","Coho",2022,71.6,45.8,-15.3,26,-1.6,-57.1
"Fraser","Coho",2023,91.6,58,-16,36.5,4.4,-59.1
"Fraser","Coho",2024,104.1,71.2,-16.8,NA,NA,NA
"Fraser","Pink",1959,-76.3,NA,-67.4,-31.2,NA,-30.2
"Fraser","Pink",1961,-76,NA,-65.1,-79.9,NA,-28.6
"Fraser","Pink",1963,-57.1,NA,-62.5,-41.6,NA,-27
"Fraser","Pink",1965,-73.8,NA,-59.8,-75.3,NA,-25.4
"Fraser","Pink",1967,-59.8,NA,-56.9,38,NA,-23.7
"Fraser","Pink",1969,-66.4,NA,-53.8,-58.1,NA,-21.9
"Fraser","Pink",1971,-60.4,NA,-50.4,4,NA,-20.1
"Fraser","Pink",1973,-61.5,NA,-46.8,-27.5,NA,-18.3
"Fraser","Pink",1975,-70,NA,-42.9,-47.9,NA,-16.5
"Fraser","Pink",1977,-47.6,NA,-38.8,-12.6,NA,-14.6
"Fraser","Pink",1979,-21.8,NA,-34.4,53.4,NA,-12.6
"Fraser","Pink",1981,-1.4,NA,-29.6,99,NA,-10.6
"Fraser","Pink",1983,1.7,NA,-24.5,63.4,NA,-8.6
"Fraser","Pink",1985,41.9,NA,-19,102.7,NA,-6.5
"Fraser","Pink",1987,-29.2,NA,-13.1,-23.6,NA,-4.4
"Fraser","Pink",1989,57.9,NA,-6.8,75.5,NA,-2.2
"Fraser","Pink",1991,184.2,NA,0,136.1,NA,0
"Fraser","Pink",1993,136.5,NA,7.3,80.8,NA,2.3
"Fraser","Pink",1995,57.5,NA,15.1,37.4,NA,4.6
"Fraser","Pink",1997,-37.6,NA,23.4,-12.9,NA,7
"Fraser","Pink",1999,-24.4,NA,32.4,-61.6,NA,9.4
"Fraser","Pink",2001,335.1,NA,42,126.4,NA,11.9
"Fraser","Pink",2003,387.1,NA,52.3,158.2,NA,14.5
"Fraser","Pink",2005,93.5,NA,63.4,5.1,NA,17.1
"Fraser","Pink",2007,68,NA,75.3,-9.6,NA,19.7
"Fraser","Pink",2009,238.8,NA,88,112.9,NA,22.4
"Fraser","Pink",2011,180.7,NA,101.7,119.8,NA,25.2
"Fraser","Pink",2013,105.2,NA,116.3,69.3,NA,28.1
"Fraser","Pink",2015,17.9,NA,132,-37.5,NA,31
"Fraser","Pink",2017,-25.5,NA,148.9,-62.1,NA,34
"Fraser","Pink",2019,82.4,74.8,167,-5.7,-11,37
"Fraser","Pink",2021,71.9,87.3,186.4,-13.7,-3,40.1
"Fraser","Pink",2023,109.5,100.7,207.2,11.9,5.6,43.3
"Fraser","Sockeye",1893,664.8,NA,-46,262.7,NA,6.4
"Fraser","Sockeye",1894,308.8,NA,-45.5,134.8,NA,6.3
"Fraser","Sockeye",1895,207.7,NA,-45,108,NA,6.2
"Fraser","Sockeye",1896,106.7,NA,-44.4,79.1,NA,6.2
"Fraser","Sockeye",1897,124.5,NA,-43.9,105.1,NA,6.1
"Fraser","Sockeye",1898,56.3,NA,-43.3,95.4,NA,6.1
"Fraser","Sockeye",1899,46.6,NA,-42.8,127.7,NA,6
"Fraser","Sockeye",1900,27.7,NA,-42.2,123.8,NA,6
"Fraser","Sockeye",1901,31.5,NA,-41.7,144.9,NA,5.9
"Fraser","Sockeye",1902,25.6,NA,-41.1,164.6,NA,5.9
"Fraser","Sockeye",1903,-4.7,NA,-40.5,103.7,NA,5.8
"Fraser","Sockeye",1904,-18.8,NA,-39.9,76.1,NA,5.8
"Fraser","Sockeye",1905,-23.1,NA,-39.3,66.4,NA,5.7
"Fraser","Sockeye",1906,-23.7,NA,-38.8,46.4,NA,5.7
"Fraser","Sockeye",1907,-38.4,NA,-38.2,17.9,NA,5.6
"Fraser","Sockeye",1908,-39.2,NA,-37.6,21.1,NA,5.5
"Fraser","Sockeye",1909,-49.8,NA,-36.9,16.9,NA,5.5
"Fraser","Sockeye",1910,-42.2,NA,-36.3,21.4,NA,5.4
"Fraser","Sockeye",1911,-44.9,NA,-35.7,26.9,NA,5.4
"Fraser","Sockeye",1912,-36,NA,-35.1,34.9,NA,5.3
"Fraser","Sockeye",1913,-30.8,NA,-34.5,46.6,NA,5.3
"Fraser","Sockeye",1914,-33.1,NA,-33.8,53.8,NA,5.2
"Fraser","Sockeye",1915,-18.1,NA,-33.2,51,NA,5.2
"Fraser","Sockeye",1916,-35.9,NA,-32.5,18.8,NA,5.1
"Fraser","Sockeye",1917,-64.4,NA,-31.9,-20.5,NA,5.1
"Fraser","Sockeye",1918,-78.7,NA,-31.2,-51.1,NA,5
"Fraser","Sockeye",1919,-80.9,NA,-30.5,-55.5,NA,5
"Fraser","Sockeye",1920,-78.7,NA,-29.8,-55.9,NA,4.9
"Fraser","Sockeye",1921,-83.7,NA,-29.2,-69,NA,4.9
"Fraser","Sockeye",1922,-75.6,NA,-28.5,-64.8,NA,4.8
"Fraser","Sockeye",1923,-74.1,NA,-27.8,-66.9,NA,4.7
"Fraser","Sockeye",1924,-72.2,NA,-27.1,-66.4,NA,4.7
"Fraser","Sockeye",1925,-73.4,NA,-26.4,-65.7,NA,4.6
"Fraser","Sockeye",1926,-70.6,NA,-25.6,-61.8,NA,4.6
"Fraser","Sockeye",1927,-64.9,NA,-24.9,-53.6,NA,4.5
"Fraser","Sockeye",1928,-70.6,NA,-24.2,-56.2,NA,4.5
"Fraser","Sockeye",1929,-66.6,NA,-23.4,-53.8,NA,4.4
"Fraser","Sockeye",1930,-52.3,NA,-22.7,-38,NA,4.4
"Fraser","Sockeye",1931,-63.2,NA,-21.9,-42.4,NA,4.3
"Fraser","Sockeye",1932,-56.9,NA,-21.2,-33.5,NA,4.3
"Fraser","Sockeye",1933,-55.3,NA,-20.4,-31,NA,4.2
"Fraser","Sockeye",1934,-61.9,NA,-19.6,-33.1,NA,4.2
"Fraser","Sockeye",1935,-59,NA,-18.9,-30.7,NA,4.1
"Fraser","Sockeye",1936,-48.9,NA,-18.1,-20.7,NA,4.1
"Fraser","Sockeye",1937,-39.5,NA,-17.3,-18.7,NA,4
"Fraser","Sockeye",1938,-45.9,NA,-16.5,-26.9,NA,4
"Fraser","Sockeye",1939,-53.7,NA,-15.6,-32.5,NA,3.9
"Fraser","Sockeye",1940,-54.5,NA,-14.8,-37.1,NA,3.8
"Fraser","Sockeye",1941,-57,NA,-14,-30.9,NA,3.8
"Fraser","Sockeye",1942,-42.3,NA,-13.2,-11.7,NA,3.7
"Fraser","Sockeye",1943,-35.7,NA,-12.3,-22.4,NA,3.7
"Fraser","Sockeye",1944,-44.1,NA,-11.5,-29.3,NA,3.6
"Fraser","Sockeye",1945,-43.8,NA,-10.6,-40.9,NA,3.6
"Fraser","Sockeye",1946,-43.6,NA,-9.7,-41.5,NA,3.5
"Fraser","Sockeye",1947,-27.9,NA,-8.8,-36.7,NA,3.5
"Fraser","Sockeye",1948,-3.4,NA,-7.9,-28.6,NA,3.4
"Fraser","Sockeye",1949,14.3,NA,-7.1,-20.9,NA,3.4
"Fraser","Sockeye",1950,1.2,NA,-6.1,-37.5,NA,3.3
"Fraser","Sockeye",1951,-0.6,NA,-5.2,-20.8,NA,3.3
"Fraser","Sockeye",1952,-5,NA,-4.3,-20,NA,3.2
"Fraser","Sockeye",1953,-0.8,NA,-3.4,-11.1,NA,3.2
"Fraser","Sockeye",1954,7.3,NA,-2.4,14.7,NA,3.1
"Fraser","Sockeye",1955,-4.3,NA,-1.5,7,NA,3.1
"Fraser","Sockeye",1956,-3.6,NA,-0.5,3,NA,3
"Fraser","Sockeye",1957,2.6,NA,0.5,-0.1,NA,3
"Fraser","Sockeye",1958,6.7,NA,1.4,10,NA,2.9
"Fraser","Sockeye",1959,33.8,NA,2.4,25.7,NA,2.9
"Fraser","Sockeye",1960,23.3,NA,3.4,30.6,NA,2.8
"Fraser","Sockeye",1961,14.8,NA,4.4,25.7,NA,2.7
"Fraser","Sockeye",1962,-0.4,NA,5.4,-16.3,NA,2.7
"Fraser","Sockeye",1963,13.6,NA,6.5,-18.4,NA,2.6
"Fraser","Sockeye",1964,3.1,NA,7.5,-29.1,NA,2.6
"Fraser","Sockeye",1965,-6.3,NA,8.6,-33.6,NA,2.5
"Fraser","Sockeye",1966,-2.3,NA,9.6,-25.9,NA,2.5
"Fraser","Sockeye",1967,-6.3,NA,10.7,-15.5,NA,2.4
"Fraser","Sockeye",1968,3.1,NA,11.8,-4.9,NA,2.4
"Fraser","Sockeye",1969,7.3,NA,12.9,6,NA,2.3
"Fraser","Sockeye",1970,7.7,NA,14,9.4,NA,2.3
"Fraser","Sockeye",1971,-6.8,NA,15.1,13.2,NA,2.2
"Fraser","Sockeye",1972,0,NA,16.2,20.2,NA,2.2
"Fraser","Sockeye",1973,4.2,NA,17.3,31,NA,2.1
"Fraser","Sockeye",1974,1.6,NA,18.5,42.4,NA,2.1
"Fraser","Sockeye",1975,8.6,NA,19.6,18.4,NA,2
"Fraser","Sockeye",1976,8.4,NA,20.8,23.2,NA,2
"Fraser","Sockeye",1977,6.8,NA,22,19.8,NA,1.9
"Fraser","Sockeye",1978,16.8,NA,23.2,22.8,NA,1.9
"Fraser","Sockeye",1979,27.5,NA,24.4,41.9,NA,1.8
"Fraser","Sockeye",1980,28.5,NA,25.6,31.7,NA,1.8
"Fraser","Sockeye",1981,37.3,NA,26.8,41.1,NA,1.7
"Fraser","Sockeye",1982,54.4,NA,28,55.6,NA,1.7
"Fraser","Sockeye",1983,40.9,NA,29.3,47.8,NA,1.6
"Fraser","Sockeye",1984,44.2,NA,30.5,73,NA,1.6
"Fraser","Sockeye",1985,58.9,NA,31.8,97.4,NA,1.5
"Fraser","Sockeye",1986,55.8,NA,33.1,106.6,NA,1.5
"Fraser","Sockeye",1987,84.4,NA,34.4,126.3,NA,1.4
"Fraser","Sockeye",1988,104.9,NA,35.7,103.6,NA,1.4
"Fraser","Sockeye",1989,124.9,NA,37,120,NA,1.3
"Fraser","Sockeye",1990,154.4,NA,38.4,135.2,NA,1.2
"Fraser","Sockeye",1991,192.2,NA,39.7,160.4,NA,1.2
"Fraser","Sockeye",1992,175.5,NA,41.1,193.8,NA,1.1
"Fraser","Sockeye",1993,227.6,NA,42.4,213.3,NA,1.1
"Fraser","Sockeye",1994,176.9,NA,43.8,195.1,NA,1
"Fraser","Sockeye",1995,136,NA,45.2,125.9,NA,1
"Fraser","Sockeye",1996,174.6,NA,46.7,108.4,NA,0.9
"Fraser","Sockeye",1997,149.8,NA,48.1,89.4,NA,0.9
"Fraser","Sockeye",1998,173,NA,49.5,68.6,NA,0.8
"Fraser","Sockeye",1999,177.2,NA,51,64.9,NA,0.8
"Fraser","Sockeye",2000,186.7,NA,52.5,69.8,NA,0.7
"Fraser","Sockeye",2001,202.5,NA,53.9,37.8,NA,0.7
"Fraser","Sockeye",2002,272,NA,55.4,50.3,NA,0.6
"Fraser","Sockeye",2003,277.9,NA,57,61.5,NA,0.6
"Fraser","Sockeye",2004,159.7,NA,58.5,53.5,NA,0.5
"Fraser","Sockeye",2005,132,NA,60,51.9,NA,0.5
"Fraser","Sockeye",2006,91.1,NA,61.6,45.8,NA,0.4
"Fraser","Sockeye",2007,56.2,NA,63.2,10.1,NA,0.4
"Fraser","Sockeye",2008,74.5,NA,64.8,-12.3,NA,0.3
"Fraser","Sockeye",2009,32.1,NA,66.4,-38.5,NA,0.3
"Fraser","Sockeye",2010,71.1,NA,68,-25.4,NA,0.2
"Fraser","Sockeye",2011,123.5,NA,69.6,0.2,NA,0.2
"Fraser","Sockeye",2012,130.6,155,71.3,4.9,NA,0.1
"Fraser","Sockeye",2013,184.9,126.7,72.9,33.1,10.2,0.1
"Fraser","Sockeye",2014,133.1,101.6,74.6,20.4,-3.3,0
"Fraser","Sockeye",2015,92.1,79.3,76.3,-4.7,-15.1,0
"Fraser","Sockeye",2016,63.6,59.4,78.1,-24,-25.5,-0.1
"Fraser","Sockeye",2017,27.8,41.7,79.8,-43.8,-34.6,-0.1
"Fraser","Sockeye",2018,16.7,26,81.5,-50.8,-42.6,-0.2
"Fraser","Sockeye",2019,-17,12.1,83.3,-64,-49.6,-0.2
"Fraser","Sockeye",2020,-28.2,-0.4,85.1,-70.1,-55.8,-0.3
"Fraser","Sockeye",2021,-14.6,-11.4,86.9,-64.9,-61.2,-0.3
"Fraser","Sockeye",2022,-17.9,-21.2,88.7,-69.1,-65.9,-0.4
"Fraser","Sockeye",2023,8.3,-30,90.6,-61.4,-70.1,-0.4
"Fraser","Sockeye",2024,NA,NA,NA,-59.6,-73.7,-0.5
"Fraser","Steelhead",1972,-33.9,NA,67.8,NA,NA,NA
"Fraser","Steelhead",1973,-19.2,NA,64.8,NA,NA,NA
"Fraser","Steelhead",1974,-32.7,NA,61.8,NA,NA,NA
"Fraser","Steelhead",1975,-40.9,NA,58.9,NA,NA,NA
"Fraser","Steelhead",1976,-38.8,NA,56,NA,NA,NA
"Fraser","Steelhead",1977,-46.4,NA,53.2,NA,NA,NA
"Fraser","Steelhead",1978,-38.7,NA,50.4,NA,NA,NA
"Fraser","Steelhead",1979,-21.2,NA,47.7,NA,NA,NA
"Fraser","Steelhead",1980,-0.7,NA,45,NA,NA,NA
"Fraser","Steelhead",1981,11.6,NA,42.4,NA,NA,NA
"Fraser","Steelhead",1982,49.5,NA,39.8,NA,NA,NA
"Fraser","Steelhead",1983,63.3,NA,37.2,NA,NA,NA
"Fraser","Steelhead",1984,61.5,NA,34.8,NA,NA,NA
"Fraser","Steelhead",1985,108.8,NA,32.3,NA,NA,NA
"Fraser","Steelhead",1986,147.9,NA,29.9,NA,NA,NA
"Fraser","Steelhead",1987,181.4,NA,27.6,NA,NA,NA
"Fraser","Steelhead",1988,174,NA,25.3,NA,NA,NA
"Fraser","Steelhead",1989,174.7,NA,23,NA,NA,NA
"Fraser","Steelhead",1990,106.6,NA,20.8,NA,NA,NA
"Fraser","Steelhead",1991,70.7,NA,18.6,NA,NA,NA
"Fraser","Steelhead",1992,39.2,NA,16.4,NA,NA,NA
"Fraser","Steelhead",1993,43.7,NA,14.3,NA,NA,NA
"Fraser","Steelhead",1994,57.2,NA,12.2,NA,NA,NA
"Fraser","Steelhead",1995,82.9,NA,10.2,NA,NA,NA
"Fraser","Steelhead",1996,80,NA,8.2,NA,NA,NA
"Fraser","Steelhead",1997,124.8,NA,6.2,NA,NA,NA
"Fraser","Steelhead",1998,93.7,NA,4.3,NA,NA,NA
"Fraser","Steelhead",1999,90.2,NA,2.4,NA,NA,NA
"Fraser","Steelhead",2000,74.7,NA,0.6,NA,NA,NA
"Fraser","Steelhead",2001,100.6,NA,-1.3,NA,NA,NA
"Fraser","Steelhead",2002,99.7,NA,-3,NA,NA,NA
"Fraser","Steelhead",2003,104.2,NA,-4.8,NA,NA,NA
"Fraser","Steelhead",2004,67.3,NA,-6.5,NA,NA,NA
"Fraser","Steelhead",2005,75.3,NA,-8.2,NA,NA,NA
"Fraser","Steelhead",2006,64.2,NA,-9.9,NA,NA,NA
"Fraser","Steelhead",2007,25.5,NA,-11.5,NA,NA,NA
"Fraser","Steelhead",2008,11.3,NA,-13.1,NA,NA,NA
"Fraser","Steelhead",2009,8.1,25,-14.7,NA,NA,NA
"Fraser","Steelhead",2010,-17.4,9.7,-16.2,NA,NA,NA
"Fraser","Steelhead",2011,-31.1,-3.8,-17.8,NA,NA,NA
"Fraser","Steelhead",2012,-28.9,-15.6,-19.2,NA,NA,NA
"Fraser","Steelhead",2013,-27.4,-25.9,-20.7,NA,NA,NA
"Fraser","Steelhead",2014,-15.2,-35,-22.1,NA,NA,NA
"Fraser","Steelhead",2015,-5.4,-43,-23.6,NA,NA,NA
"Fraser","Steelhead",2016,-16,-50,-24.9,NA,NA,NA
"Fraser","Steelhead",2017,-32.8,-56.1,-26.3,NA,NA,NA
"Fraser","Steelhead",2018,-53.7,-61.5,-27.6,NA,NA,NA
"Fraser","Steelhead",2019,-67.9,-66.2,-29,NA,NA,NA
"Fraser","Steelhead",2020,-76.1,-70.3,-30.2,NA,NA,NA
"Fraser","Steelhead",2021,-79.6,-74,-31.5,NA,NA,NA
"Fraser","Steelhead",2022,-84.1,-77.2,-32.7,NA,NA,NA
"Fraser","Steelhead",2023,-81.3,-80,-34,NA,NA,NA
"Columbia","Chinook",2006,49.7,NA,-44.1,NA,NA,NA
"Columbia","Chinook",2007,-32.1,NA,-40.5,NA,NA,NA
"Columbia","Chinook",2008,-34.2,NA,-36.6,NA,NA,NA
"Columbia","Chinook",2009,-47.6,-52.9,-32.5,NA,NA,NA
"Columbia","Chinook",2010,-55.9,-47.7,-28.1,NA,NA,NA
"Columbia","Chinook",2011,-60,-42,-23.4,NA,NA,NA
"Columbia","Chinook",2012,-56.2,-35.7,-18.4,NA,NA,NA
"Columbia","Chinook",2013,-46,-28.7,-13.1,NA,NA,NA
"Columbia","Chinook",2014,-16.5,-20.9,-7.4,NA,NA,NA
"Columbia","Chinook",2015,37.6,-12.3,-1.4,NA,NA,NA
"Columbia","Chinook",2016,56.6,-2.7,5.1,NA,NA,NA
"Columbia","Chinook",2017,116,7.9,11.9,NA,NA,NA
"Columbia","Chinook",2018,63.7,19.7,19.2,NA,NA,NA
"Columbia","Chinook",2019,27.2,32.7,26.9,NA,NA,NA
"Columbia","Chinook",2020,33.9,47.2,35.2,NA,NA,NA
"Columbia","Chinook",2021,51.1,63.3,44,NA,NA,NA
"Columbia","Chinook",2022,26.9,81.1,53.4,NA,NA,NA
"Columbia","Chinook",2023,45.7,100.8,63.4,NA,NA,NA
"Columbia","Sockeye",1961,-85.9,NA,-57,NA,NA,NA
"Columbia","Sockeye",1962,-81.6,NA,-56,NA,NA,NA
"Columbia","Sockeye",1963,-65.9,NA,-54.9,NA,NA,NA
"Columbia","Sockeye",1964,-55.1,NA,-53.8,NA,NA,NA
"Columbia","Sockeye",1965,-30.8,NA,-52.6,NA,NA,NA
"Columbia","Sockeye",1966,32.8,NA,-51.4,NA,NA,NA
"Columbia","Sockeye",1967,33.7,NA,-50.2,NA,NA,NA
"Columbia","Sockeye",1968,58.2,NA,-49,NA,NA,NA
"Columbia","Sockeye",1969,39.2,NA,-47.7,NA,NA,NA
"Columbia","Sockeye",1970,10.6,NA,-46.5,NA,NA,NA
"Columbia","Sockeye",1971,18.9,NA,-45.1,NA,NA,NA
"Columbia","Sockeye",1972,-1.3,NA,-43.8,NA,NA,NA
"Columbia","Sockeye",1973,1.8,NA,-42.4,NA,NA,NA
"Columbia","Sockeye",1974,-28.6,NA,-40.9,NA,NA,NA
"Columbia","Sockeye",1975,-44.9,NA,-39.5,NA,NA,NA
"Columbia","Sockeye",1976,-48.6,NA,-38,NA,NA,NA
"Columbia","Sockeye",1977,-47.5,NA,-36.4,NA,NA,NA
"Columbia","Sockeye",1978,-52.5,NA,-34.9,NA,NA,NA
"Columbia","Sockeye",1979,-50.5,NA,-33.3,NA,NA,NA
"Columbia","Sockeye",1980,-51,NA,-31.6,-38,NA,-64.3
"Columbia","Sockeye",1981,-47.8,NA,-29.9,-35.9,NA,-62.7
"Columbia","Sockeye",1982,-34.7,NA,-28.2,-44,NA,-61
"Columbia","Sockeye",1983,-32.8,NA,-26.4,-43,NA,-59.2
"Columbia","Sockeye",1984,-8.8,NA,-24.6,-21.8,NA,-57.3
"Columbia","Sockeye",1985,6.9,NA,-22.7,1.5,NA,-55.3
"Columbia","Sockeye",1986,14.6,NA,-20.8,17.6,NA,-53.2
"Columbia","Sockeye",1987,21.4,NA,-18.8,48.9,NA,-51.1
"Columbia","Sockeye",1988,-4.4,NA,-16.8,28.4,NA,-48.8
"Columbia","Sockeye",1989,-17.3,NA,-14.8,-1.1,NA,-46.4
"Columbia","Sockeye",1990,-34,NA,-12.7,-30.1,NA,-44
"Columbia","Sockeye",1991,-35.1,NA,-10.5,-44.3,NA,-41.4
"Columbia","Sockeye",1992,-26.9,NA,-8.3,-47.5,NA,-38.7
"Columbia","Sockeye",1993,-27.7,NA,-6,-48.3,NA,-35.8
"Columbia","Sockeye",1994,-45.8,NA,-3.7,-70.2,NA,-32.9
"Columbia","Sockeye",1995,-62.4,NA,-1.3,-81.8,NA,-29.8
"Columbia","Sockeye",1996,-68.2,NA,1.2,-86,NA,-26.5
"Columbia","Sockeye",1997,-70.9,NA,3.7,-86.3,NA,-23.1
"Columbia","Sockeye",1998,-65.9,NA,6.2,-78.6,NA,-19.6
"Columbia","Sockeye",1999,-64.1,NA,8.9,-71.9,NA,-15.9
"Columbia","Sockeye",2000,-61.8,NA,11.5,-61.9,NA,-12
"Columbia","Sockeye",2001,-48.5,NA,14.3,-52.8,NA,-7.9
"Columbia","Sockeye",2002,-44.8,NA,17.1,-45.1,NA,-3.7
"Columbia","Sockeye",2003,-26.5,NA,20,-33.4,NA,0.8
"Columbia","Sockeye",2004,-13.7,NA,23,-30,NA,5.4
"Columbia","Sockeye",2005,-18.5,NA,26.1,-35.8,NA,10.3
"Columbia","Sockeye",2006,17,NA,29.2,-25.5,NA,15.4
"Columbia","Sockeye",2007,9.2,NA,32.4,-36.2,NA,20.7
"Columbia","Sockeye",2008,44.2,NA,35.7,-24.5,NA,26.3
"Columbia","Sockeye",2009,75.2,NA,39,-7.5,NA,32.1
"Columbia","Sockeye",2010,208.5,NA,42.5,73.3,NA,38.2
"Columbia","Sockeye",2011,290.2,NA,46,199.5,NA,44.6
"Columbia","Sockeye",2012,276.7,NA,49.6,282.2,384,51.3
"Columbia","Sockeye",2013,245.1,196.7,53.3,303,347.5,58.3
"Columbia","Sockeye",2014,232.2,186.6,57.1,357.7,313.9,65.6
"Columbia","Sockeye",2015,181.5,176.9,61,477.5,282.7,73.3
"Columbia","Sockeye",2016,172.1,167.5,65,403.1,253.9,81.3
"Columbia","Sockeye",2017,154.2,158.4,69.1,282.3,227.3,89.6
"Columbia","Sockeye",2018,93.2,149.7,73.3,181.4,202.6,98.4
"Columbia","Sockeye",2019,116.7,141.2,77.5,70.8,179.9,107.6
"Columbia","Sockeye",2020,99.6,133,81.9,82,158.8,117.1
"Columbia","Sockeye",2021,81.4,125.1,86.4,74.7,139.3,127.2
"Columbia","Sockeye",2022,109.8,117.5,91.1,139.5,121.3,137.7
"Columbia","Sockeye",2023,134.3,110.1,95.8,229.5,104.7,148.7
"Columbia","Sockeye",2024,186.9,103,100.6,NA,NA,NA
"Columbia","Steelhead",2006,552.8,NA,356.5,NA,NA,NA
"Columbia","Steelhead",2007,203.7,NA,297.2,NA,NA,NA
"Columbia","Steelhead",2008,157.5,NA,245.7,NA,NA,NA
"Columbia","Steelhead",2009,154,NA,200.8,NA,NA,NA
"Columbia","Steelhead",2010,195.9,187.5,161.8,NA,NA,NA
"Columbia","Steelhead",2011,130,147.8,127.8,NA,NA,NA
"Columbia","Steelhead",2012,101.6,113.5,98.3,NA,NA,NA
"Columbia","Steelhead",2013,80.8,84,72.5,NA,NA,NA
"Columbia","Steelhead",2014,54.8,58.5,50.1,NA,NA,NA
"Columbia","Steelhead",2015,38.8,36.6,30.7,NA,NA,NA
"Columbia","Steelhead",2016,15.3,17.7,13.7,NA,NA,NA
"Columbia","Steelhead",2017,6.3,1.5,-1,NA,NA,NA
"Columbia","Steelhead",2018,-11.1,-12.6,-13.9,NA,NA,NA
"Columbia","Steelhead",2019,-3.9,-24.7,-25.1,NA,NA,NA
"Columbia","Steelhead",2020,-21.2,-35.1,-34.8,NA,NA,NA
"Columbia","Steelhead",2021,-54.1,-44.1,-43.2,NA,NA,NA
"Columbia","Steelhead",2022,-55,-51.8,-50.6,NA,NA,NA
"Columbia","Steelhead",2023,-57.2,-58.5,-57,NA,NA,NA
"Columbia","Steelhead",2024,-68,-64.2,-62.6,NA,NA,NA
