"region","species","year","spawners","smoothedSpawners","runsize","smoothedRunsize","source_id","spawners_short_trend","spawners_short_trend_lwr","spawners_short_trend_upr","spawners_long_trend","spawners_long_trend_lwr","spawners_long_trend_upr","runsize_short_trend","runsize_short_trend_lwr","runsize_short_trend_upr","runsize_long_trend","runsize_long_trend_lwr","runsize_long_trend_upr"
"Yukon","Chinook",1982,35777,35777,162185,162185,"JTC_202603",NA,NA,NA,55934.7357795603,49010.8877262953,63836.7271411535,NA,NA,NA,227182.83414422,198469.677148978,260050.002958681
"Yukon","Chinook",1983,55250,44459.9,183136,172342.4,"JTC_202603",NA,NA,NA,55541.6737845768,48887.3557209302,63101.7464802583,NA,NA,NA,219174.561089308,192362.178589244,249724.184769536
"Yukon","Chinook",1984,68331,51308,138298,160152.4,"JTC_202603",NA,NA,NA,55151.3738967123,48761.1642555247,62379.028251983,NA,NA,NA,211448.582414444,186431.011529042,239823.313934618
"Yukon","Chinook",1985,39082,47932.8,158372,159705.4,"JTC_202603",NA,NA,NA,54763.8167062151,48632.0011469875,61668.7684960236,NA,NA,NA,203994.94714562,180670.196340602,230330.952773711
"Yukon","Chinook",1986,49804,48301.3,176175,162871.3,"JTC_202603",NA,NA,NA,54378.9829397289,48499.5124440865,60971.2064418883,NA,NA,NA,196804.055084086,175073.85537286,221231.411252421
"Yukon","Chinook",1987,33795,45510.1,176108,165006.2,"JTC_202603",NA,NA,NA,53996.8534593341,48363.2966319276,60286.6302869849,NA,NA,NA,189866.644441403,169636.201687102,212509.725594611
"Yukon","Chinook",1988,49442,48031.2,160326,164689.5,"JTC_202603",NA,NA,NA,53617.4092615962,48222.8982773426,59615.3835340135,NA,NA,NA,183173.779910356,164351.528119489,204151.637837244
"Yukon","Chinook",1989,60545,48769.4,166594,162111.4,"JTC_202603",NA,NA,NA,53240.6314766207,48077.8012291311,58957.8717737164,NA,NA,NA,176716.841156387,159214.197188746,196143.575759582
"Yukon","Chinook",1990,85985,50673.6,178126,169095.5,"JTC_202603",NA,NA,NA,52866.5013671149,47927.4216027945,58314.569683344,NA,NA,NA,170487.511714694,154218.63263753,188472.632350357
"Yukon","Chinook",1991,51662,53086.1,141490,165948.5,"JTC_202603",NA,NA,NA,52495.000327456,47771.1009501921,57686.0278404055,NA,NA,NA,164477.768278723,149359.313758986,181126.543615508
"Yukon","Chinook",1992,46024,52392.3,179658,166490.8,"JTC_202603",NA,NA,NA,52126.1098827654,47608.1002554218,57072.8787103975,NA,NA,NA,158679.870366232,144630.774124383,174093.66306641
"Yukon","Chinook",1993,55346,56881.8,159529,163769.8,"JTC_202603",NA,NA,NA,51759.8116879907,47437.5957203789,56475.8408450567,NA,NA,NA,153086.350349645,140027.606883519,167362.930674584
"Yukon","Chinook",1994,64047,59389.1,192917,168899.4,"JTC_202603",NA,NA,NA,51396.087526993,47258.6777055362,55895.7199255889,NA,NA,NA,147690.003837824,135544.479406266,160923.833483757
"Yukon","Chinook",1995,69485,60768.1,214663,176188.6,"JTC_202603",NA,NA,NA,51034.9193116405,47070.3546445907,55333.4048322276,NA,NA,NA,142483.880396898,131176.16055229,154766.354553158
"Yukon","Chinook",1996,76425,59586,195905,179004.6,"JTC_202603",NA,NA,NA,50676.2890809103,46871.5641778216,54789.8564952766,NA,NA,NA,137461.274598182,126917.56407428,148880.906689147
"Yukon","Chinook",1997,83707,64576.8,199464,189548.6,"JTC_202603",NA,NA,NA,50320.1789999938,46661.1939973966,54266.0870343929,NA,NA,NA,132615.717381655,122763.811229378,143258.247854416
"Yukon","Chinook",1998,35520,61847.8,97139,171085,"JTC_202603",NA,NA,NA,49966.5713594104,46438.1147317056,53763.1268590338,NA,NA,NA,127940.967723893,118710.314140212,137889.376678698
"Yukon","Chinook",1999,47002,60186.1,124131,164078.6,"JTC_202603",NA,NA,NA,49615.4485741269,46201.2263166726,53281.9782821107,NA,NA,NA,123431.004599689,114752.878369482,132765.409573728
"Yukon","Chinook",2000,21345,50114.4,53788,132618.6,"JTC_202603",NA,NA,NA,49266.7931826827,45949.5174461478,52823.5560547485,NA,NA,NA,119080.019227049,110887.818382491,127877.445746137
"Yukon","Chinook",2001,68219,49961,103240,117386.9,"JTC_202603",NA,NA,NA,48920.5878463217,45682.1348186468,52388.618104879,NA,NA,NA,114882.407585543,107112.073560085,123216.432415037
"Yukon","Chinook",2002,48542,46321.1,93774,103822.7,"JTC_202603",NA,NA,NA,48576.8153481299,45398.4554155915,51977.6932445128,NA,NA,NA,110832.763198385,103423.306673529,118773.048293315
"Yukon","Chinook",2003,94909,47300.9,172467,101336.5,"JTC_202603",NA,NA,NA,48235.4585921789,45098.1519500621,51591.015706678,NA,NA,NA,106925.870168961,99819.9636527376,114537.626472837
"Yukon","Chinook",2004,55433,50943.1,127492,106034.6,"JTC_202603",NA,NA,NA,47896.5006026765,44781.2402970702,51228.4777010134,NA,NA,NA,103156.696462802,96301.2755957209,110500.135738508
"Yukon","Chinook",2005,69335,54353.1,131682,107083.3,"JTC_202603",NA,NA,NA,47559.9245231217,44448.0993156534,50889.6095777133,NA,NA,NA,99520.387426388,92867.1924442076,106650.230860039
"Yukon","Chinook",2006,64261,65313,126125,123426.3,"JTC_202603",NA,NA,NA,47225.7136154668,44099.4581476757,50573.5925149374,NA,NA,NA,96012.259534405,89518.2510713102,102977.369090451
"Yukon","Chinook",2007,36229,58774.9,92824,121257.9,"JTC_202603",NA,NA,NA,46893.8512592849,43736.3525684673,50279.3021545509,NA,NA,NA,92627.7943574172,86255.3945199804,99470.9761084277
"Yukon","Chinook",2008,33885,55357.1,69577,115373.8,"JTC_202603",55807.4068396848,44214.5423803178,70439.8709225702,46564.3209509435,43360.0580537445,50005.3755217522,105951.44487894,85060.6986416478,131972.91876508,89362.6327421807,83079.7688076663,96120.6349659097
"Yukon","Chinook",2009,64971,51968.7,86638,102866.6,"JTC_202603",54049.2706813017,43669.6675304873,66895.9446311594,46237.1063027835,42972.0108651469,49750.289926247,99752.5313168158,81579.0397693307,121974.56028225,86212.5691971029,79992.5258835726,92916.2694322624
"Yukon","Chinook",2010,32250,47482.7,62767,91407.6,"JTC_202603",52346.5222021974,43095.473093032,63583.4390482231,45912.1910423045,42573.7287832535,49512.4422161074,93916.2983145891,78178.2389892457,112822.585967026,83173.5464756171,76994.6561418898,89848.29831025
"Yukon","Chinook",2011,47008,44504.7,70497,82367.6,"JTC_202603",50697.416489157,42481.9758175915,60501.612488813,45589.5590113555,42166.7406946,49290.2191777899,88421.5264783765,74841.3613875755,104465.8488276,80241.6503504932,74086.8643154528,86907.7468787924
"Yukon","Chinook",2012,32328,39689.7,51449,70933.6,"JTC_202603",49100.2636000747,41815.8401138579,57653.6517987561,45269.1941653314,41752.5304747756,49082.0536402348,83248.2378998504,71547.8761697749,96861.9822758312,77413.1045723579,71269.492422217,84086.3117703735
"Yukon","Chinook",2013,28507,38135.3,39673,61563.7,"JTC_202603",47553.426832163,41079.7742705366,55047.2451136071,44951.0805723746,41332.4969175864,48886.4645330531,78377.6235204998,68273.3439723277,89977.3104890114,74684.2660059268,68542.4855613681,81376.3834673039
"Yukon","Chinook",2014,63366,42328.7,65109,60886.4,"JTC_202603",46055.3210447211,40252.81312418,52694.2698387007,44635.2024125836,40907.9287171498,48702.0818919408,73791.9747455968,64990.5456571493,83785.348804127,72051.6199376882,65905.3918844617,78771.0350732174
"Yukon","Chinook",2015,82700,44065.5,88362,61086.7,"JTC_202603",44604.4110347422,39312.8157819278,50608.2671562497,44321.5439772255,40479.9919634995,48527.6593507335,69474.6190592342,61673.731348275,78262.2129050201,69511.7755489902,63357.386700703,76263.9873831724
"Yukon","Chinook",2016,69171,50041.6,83745,64094.1,"JTC_202603",43199.2099636937,38242.4660711925,48798.4153012836,44010.0896679552,40049.7270833483,48362.0771884552,65409.8594063403,58307.2043394708,73377.7198894259,67061.4615487052,60897.3114203237,73849.5595315816
"Yukon","Chinook",2017,69394,53397.8,99898,67928,"JTC_202603",41838.2778338613,37037.6893902288,47261.0878519104,43700.8239960396,39618.0522993819,48204.3388579862,61582.9171212785,54895.8179240946,69084.6010603238,64697.5219598429,58523.7198392614,71522.6126985913
"Yukon","Chinook",2018,54604,58272.6,76807,72619.5,"JTC_202603",40520.2200126926,35713.1482705022,45974.3346467486,43393.7315815871,39185.7711621236,48053.5634423069,57979.8781955284,51469.6658989663,65313.5437515212,62416.9120546876,56234.9263304973,69278.4922940283
"Yukon","Chinook",2019,42149,62197.1,85421,82521,"JTC_202603",39243.6858036297,34299.3755145825,44900.7263936697,43088.7971527832,38753.5822899223,47908.9759027646,54587.642689092,48076.782017726,61980.2451265003,60216.6944332234,54029.052374461,67112.9721715829
"Yukon","Chinook",2020,30630,55100,52148,79523.9,"JTC_202603",38007.3670619653,32833.2606824237,43996.8471287491,42786.0055451306,38322.089997945,47769.8964384801,51393.8771016906,44768.2857916396,59000.0389078319,58094.0352397946,51904.0693416627,65022.2029457236
"Yukon","Chinook",2021,31512,46915.2,33250,67569.7,"JTC_202603",36809.9968543057,31348.9344087539,43222.3899781304,42485.3417006955,37891.8149460046,47635.7298270606,48386.9695305872,41586.2844853244,56299.7836745962,56046.2005131332,49857.8365097317,63002.6654153998
"Yukon","Chinook",2022,12004,35038.6,13336,49746.6,"JTC_202603",35650.3481602635,29873.2624522781,42544.6442610114,42186.7906673583,37463.2042746182,47505.9552772236,45555.9874519946,38559.2994834396,53822.2431560928,54070.5526650455,47888.1340098349,61051.1293863116
"Yukon","Chinook",2023,14580,27015.9,15826,36593.1,"JTC_202603",34527.2326150535,28425.3348941001,41938.9884585475,41890.3375980703,37036.6409396131,47380.1170830108,42890.6379725722,35703.2230400429,51524.9512244606,52164.5470832296,45992.690835919,59164.617745595
"Yukon","Chinook",2024,24176,23585.6,25385,30427.2,"JTC_202603",33439.4992917007,27017.789473332,41387.5500060201,41595.9677501152,36612.4521173668,47257.8162075058,40381.2304064919,33024.3449241714,49377.0208882683,50325.7288538422,44169.2082936212,57340.3753998508
"Yukon","Chinook",2025,23868,21452.8,24891,24774.7,"JTC_202603",32386.033521613,25658.4875155571,40877.5134008623,41303.6664843764,36190.9166555827,47138.7028211521,38018.6410420138,30522.3979921611,47355.9471655115,48551.7295995977,42415.3793791455,55575.8425744851
"Yukon","Chum",1980,22912,22912,NA,NA,"JTC_202603",NA,NA,NA,54052.3074263139,37024.2583643685,78911.8288165495,NA,NA,NA,NA,NA,NA
"Yukon","Chum",1981,47066,32838.6,NA,NA,"JTC_202603",NA,NA,NA,54906.5259766088,38078.6333113094,79171.0818551003,NA,NA,NA,NA,NA,NA
"Yukon","Chum",1982,31958,32542.4,NA,NA,"JTC_202603",NA,NA,NA,55774.2442157498,39156.8324223159,79443.7681855299,NA,NA,NA,NA,NA,NA
"Yukon","Chum",1983,90875,42067.7,NA,NA,"JTC_202603",NA,NA,NA,56655.6754867964,40258.4985523913,79731.3779769493,NA,NA,NA,NA,NA,NA
"Yukon","Chum",1984,56633,52747.3,NA,NA,"JTC_202603",NA,NA,NA,57551.0365043863,41383.1032900633,80035.6072746362,NA,NA,NA,NA,NA,NA
"Yukon","Chum",1985,62010,56511.8,NA,NA,"JTC_202603",NA,NA,NA,58460.5474080192,42529.9166869233,80358.3893287071,NA,NA,NA,NA,NA,NA
"Yukon","Chum",1986,87940,72784.8,NA,NA,"JTC_202603",NA,NA,NA,59384.4318161807,43697.9726341744,80701.9303081506,NA,NA,NA,NA,NA,NA
"Yukon","Chum",1987,80776,70672.4,NA,NA,"JTC_202603",NA,NA,NA,60322.9168813236,44886.0296820099,81068.7496053926,NA,NA,NA,NA,NA,NA
"Yukon","Chum",1988,36786,63445.9,NA,NA,"JTC_202603",NA,NA,NA,61276.2333457165,46092.5273514846,81461.7246827485,NA,NA,NA,NA,NA,NA
"Yukon","Chum",1989,35750,55285,NA,NA,"JTC_202603",NA,NA,NA,62244.6155981757,47315.5384118786,81884.1399888199,NA,NA,NA,NA,NA,NA
"Yukon","Chum",1990,51735,48418,NA,NA,"JTC_202603",NA,NA,NA,63228.3017316941,48552.7182557385,82339.7388137304,NA,NA,NA,NA,NA,NA
"Yukon","Chum",1991,78461,48067.3,NA,NA,"JTC_202603",NA,NA,NA,64227.5336019798,49801.2534728795,82832.7759830366,NA,NA,NA,NA,NA,NA
"Yukon","Chum",1992,49082,51660.6,NA,NA,"JTC_202603",NA,NA,NA,65242.556886921,51057.8130703,83368.067944515,NA,NA,NA,NA,NA,NA
"Yukon","Chum",1993,29743,49338.6,NA,NA,"JTC_202603",NA,NA,NA,66273.6211469889,52318.5075348289,83951.0350521886,NA,NA,NA,NA,NA,NA
"Yukon","Chum",1994,98358,57935.2,NA,NA,"JTC_202603",NA,NA,NA,67320.9798865979,53578.8630230375,84587.7287642895,NA,NA,NA,NA,NA,NA
"Yukon","Chum",1995,158092,69025,NA,NA,"JTC_202603",NA,NA,NA,68384.8906164322,54833.8201475247,85284.8342873026,NA,NA,NA,NA,NA,NA
"Yukon","Chum",1996,122429,86745.6,NA,NA,"JTC_202603",NA,NA,NA,69465.6149167608,56077.7686006671,86049.6374263062,NA,NA,NA,NA,NA,NA
"Yukon","Chum",1997,85419,112924.9,NA,NA,"JTC_202603",NA,NA,NA,70563.41850175,57304.6293742871,86889.9438844868,NA,NA,NA,NA,NA,NA
"Yukon","Chum",1998,46252,93512.5,NA,NA,"JTC_202603",NA,NA,NA,71678.5712847942,58507.9944727952,87813.9411156587,NA,NA,NA,NA,NA,NA
"Yukon","Chum",1999,58552,72950.4,NA,NA,"JTC_202603",NA,NA,NA,72811.3474448792,59681.3286542953,88829.9981967203,NA,NA,NA,NA,NA,NA
"Yukon","Chum",2000,53732,59376.6,NA,NA,"JTC_202603",NA,NA,NA,73962.0254939925,60818.2283304585,89946.4085907014,NA,NA,NA,NA,NA,NA
"Yukon","Chum",2001,33491,46984.9,90100,90100,"JTC_202603",NA,NA,NA,75130.8883456013,61912.7201419761,91171.0932851132,NA,NA,NA,261189.771402223,141811.236827771,481062.701455726
"Yukon","Chum",2002,98621,56776.4,89900,90000,"JTC_202603",NA,NA,NA,76318.2233842107,62959.5686655535,92511.2948511823,NA,NA,NA,247890.354728412,139656.925589757,440004.158103026
"Yukon","Chum",2003,143133,70993.3,170800,111427.1,"JTC_202603",NA,NA,NA,77524.3225360225,63954.5535983614,93973.3020796696,NA,NA,NA,235268.12569068,137397.799785038,402852.818986937
"Yukon","Chum",2004,154080,92383.8,181300,125846.9,"JTC_202603",NA,NA,NA,78749.4823407098,64894.6760626358,95562.245552226,NA,NA,NA,223288.602844786,135011.068028059,369286.76210468
"Yukon","Chum",2005,437498,175633.7,504500,193587.2,"JTC_202603",NA,NA,NA,79994.0040243263,65778.2634983984,97281.9946820235,NA,NA,NA,211919.060493249,132468.977874832,339020.417616386
"Yukon","Chum",2006,220898,214863.9,284200,258132.5,"JTC_202603",NA,NA,NA,81258.1935733683,66604.9609942716,99135.168375444,NA,NA,NA,201128.439285185,129738.07464951,311802.446572281
"Yukon","Chum",2007,236987,243730.4,278500,291693.7,"JTC_202603",NA,NA,NA,82542.3618100055,67375.6181518055,101123.250221212,NA,NA,NA,190887.261368276,126778.816852,287413.524257903
"Yukon","Chum",2008,167898,249020.2,237000,311899.5,"JTC_202603",NA,NA,NA,83846.8244685033,68092.0978943122,103246.781797852,NA,NA,NA,181167.549861083,123546.083526606,265663.468932222
"Yukon","Chum",2009,93626,169371.2,128000,221361.4,"JTC_202603",NA,NA,NA,85171.9022728496,68757.0423533827,105505.598968205,NA,NA,NA,171942.752425714,119991.438710819,246386.829171879
"Yukon","Chum",2010,117789,144733.1,143000,186436.1,"JTC_202603",NA,NA,NA,86517.9210156121,69373.6303113697,107899.076684717,NA,NA,NA,163187.668732066,116068.266871964,229435.796224841
"Yukon","Chum",2011,205566,139676.9,326000,193922.4,"JTC_202603",NA,NA,NA,87885.2116380381,69945.3532024794,110426.355304886,NA,NA,NA,154878.381615484,111740.627899101,214669.574914966
"Yukon","Chum",2012,137662,132912.8,238000,194126.7,"JTC_202603",NA,NA,NA,89274.1103114232,70475.8263115604,113086.531779888,NA,NA,NA,146992.191739779,106995.253714835,201940.774775397
"Yukon","Chum",2013,200262,160737.5,303000,240792.7,"JTC_202603",NA,NA,NA,90684.958519764,70968.6419619496,115878.808927196,NA,NA,NA,139507.555587112,101853.368619571,191082.124525349
"Yukon","Chum",2014,156796,172653.2,223000,269082.5,"JTC_202603",276343.977005632,177804.036434805,429495.275577111,92118.1031437175,71427.2640847556,118802.603397036,516402.400936765,294841.944630092,904455.57204495,132404.026605341,96376.5643047452,181899.265529688
"Yukon","Chum",2015,108658,147215.1,205000,239618.1,"JTC_202603",218559.231133254,148697.519320652,321243.674620769,93573.8965458885,71854.9591030178,121857.617401565,387553.079860545,237543.947786166,632293.060333407,125662.199352072,90661.9304277305,174174.411150304
"Yukon","Chum",2016,145267,149207.5,298000,253471.7,"JTC_202603",172857.530788831,123796.154692977,241362.310683362,95052.6966574627,72254.7561203131,125043.881219545,290853.39153523,190287.070162461,444568.804886852,119263.656482807,84827.0339072048,167680.26774588
"Yukon","Chum",2017,401585,177556,563000,295934.7,"JTC_202603",136712.257796123,102354.245400512,182603.480281434,96554.8670662108,72629.4291958041,128361.773696994,218281.571644293,151096.954443401,315339.542712958,113190.918438389,78991.0651121463,162197.889074367
"Yukon","Chum",2018,154126,176795.2,279000,312983,"JTC_202603",108125.120996586,83738.0845125956,139614.392406693,98080.7771058821,72981.4952594285,131812.027192618,163817.393594777,118380.234145045,226694.41936823,107427.395694287,73259.4441535975,157531.161736098
"Yukon","Chum",2019,99866,173105,178000,302125.4,"JTC_202603",85515.6807369905,67480.0977339871,108371.681391736,99630.8019470123,73313.2224027634,135395.722235102,122942.75802594,90982.8430611452,166129.36288292,101957.343441282,67715.526317499,153514.274301922
"Yukon","Chum",2020,23512,109796.9,25000,162599.1,"JTC_202603",67633.9742745055,53369.7113190079,85710.6842647525,101205.322689164,73626.6445163822,139114.275924103,92266.8919297632,68281.4041508174,124677.859986227,96765.8185737472,62418.8754124463,150012.693794548
"Yukon","Chum",2021,23170,53811.8,23000,73101,"JTC_202603",53491.4115954151,41426.7129006625,69069.7116455105,102804.726454628,73923.579347773,142969.427003663,69245.0656148643,50038.9299389886,95822.9745890481,91838.6388680275,57407.6281385316,146920.119548902
"Yukon","Chum",2022,22034,33088.9,23000,39170,"JTC_202603",42306.1212232901,31673.9053500975,56507.3322401087,104429.406483603,74205.6479536107,146963.21963707,51967.4935583275,35972.4824572739,75074.6182152552,87162.3442393967,52702.5608905369,144153.796797211
"Yukon","Chum",2023,22090,22692.2,23000,23484.5,"JTC_202603",33459.7244600126,23963.0012434715,46720.0727306634,106079.76223088,74474.2942101708,151097.987222324,39000.9073246525,25515.8392663511,59612.8058445659,82724.1599717567,48311.3364201685,141649.706882791
"Yukon","Chum",2024,16174,20666.1,16000,21005.2,"JTC_202603",26463.1483238799,18004.2933385704,38896.1791525261,107756.199464055,74730.803550749,155376.337082365,29269.6581650395,17940.3300146064,47753.4631972074,78511.9618196281,44232.2139631557,139358.345343086
"Yukon","Chum",2025,19574,19812.8,20000,20283.9,"JTC_202603",20929.5871533127,13466.4236836134,32528.8754237808,109459.130363294,74976.3204546711,159801.13650859,21966.4861118944,12541.8500575734,38473.3121420692,74514.2428870992,40457.009048917,137241.296961033
"Northern Transboundary","Chinook",1976,35587,35587,37937,37936.6,"PSC_20260819",NA,NA,NA,76746.5992415442,61441.748990345,95863.8155965866,NA,NA,NA,88403.6752596128,69575.0728578336,112327.727135497
"Northern Transboundary","Chinook",1977,53648,43694.1,60340,47844.3,"PSC_20260819",NA,NA,NA,75746.2709666565,61048.7756707947,93982.1888696603,NA,NA,NA,87498.4938650067,69361.5614013365,110377.942392991
"Northern Transboundary","Chinook",1978,35993,40959.5,42437,45969.5,"PSC_20260819",NA,NA,NA,74758.9811412561,60653.6003609879,92144.6579925278,NA,NA,NA,86602.5807882023,69142.9167981665,108471.082020884
"Northern Transboundary","Chinook",1979,51581,43389.9,65371,50199.4,"PSC_20260819",NA,NA,NA,73784.5598199669,60255.8388545883,90350.7671839792,NA,NA,NA,85715.841129199,68918.6255915374,106606.963755067
"Northern Transboundary","Chinook",1980,80530,49102.3,97363,57310.9,"PSC_20260819",NA,NA,NA,72822.8392725096,59855.0645303289,88600.120329377,NA,NA,NA,84838.1809596946,68688.1154722113,104785.477066433
"Northern Transboundary","Chinook",1981,94203,59656.4,106349,70432.4,"PSC_20260819",NA,NA,NA,71873.6539548302,59450.8034356521,86892.3855404245,NA,NA,NA,83969.5073131361,68450.7482965305,103006.589904119
"Northern Transboundary","Chinook",1982,73920,63606.1,87131,75803.1,"PSC_20260819",NA,NA,NA,70936.8404806041,59042.5290022028,85227.3000904643,NA,NA,NA,83109.728174872,68205.8125274795,101270.356020145
"Northern Transboundary","Chinook",1983,26562,59855.9,32827,72008.3,"PSC_20260819",NA,NA,NA,70012.2375931117,58629.6564798929,83604.6756384351,NA,NA,NA,82258.7524724055,67952.5151980415,99576.9227760903
"Northern Transboundary","Chinook",1984,41986,57442.1,49852,68209.1,"PSC_20260819",NA,NA,NA,69099.6861374813,58211.5372433265,82024.4035875521,NA,NA,NA,81416.490065748,67689.9735835551,97926.5392450448
"Northern Transboundary","Chinook",1985,58040,53800.2,68905,63652.3,"PSC_20260819",NA,NA,NA,68199.029033293,57787.4532186918,80486.4603304493,NA,NA,NA,80582.8517378706,67417.2068940892,96319.5642977158
"Northern Transboundary","Chinook",1986,64069,49808.2,75540,59443.4,"PSC_20260819",NA,NA,NA,67310.1112475396,57356.6118078159,78990.9120039543,NA,NA,NA,79757.7491852537,67133.1284689994,94756.4741904638
"Northern Transboundary","Chinook",1987,64843,48520,75529,57768.5,"PSC_20260819",NA,NA,NA,66432.7797679409,56918.1418553311,77537.9182073981,NA,NA,NA,78941.0950085338,66836.5391832877,93237.8689455629
"Northern Transboundary","Chinook",1988,90930,62059.8,101364,72380.6,"PSC_20260819",NA,NA,NA,65566.8835766047,56471.0914184294,76127.7339248492,NA,NA,NA,78132.8027032455,66526.1230653243,91764.4765240541
"Northern Transboundary","Chinook",1989,74789,69655.7,88301,81148.1,"PSC_20260819",NA,NA,NA,64712.2736240317,56014.4283532942,74760.7086370501,NA,NA,NA,77332.7866506581,66200.446475496,90337.1534415532
"Northern Transboundary","Chinook",1990,83536,74918,99870,87400.6,"PSC_20260819",NA,NA,NA,63868.8028034594,55547.0450119586,73437.2813291684,NA,NA,NA,76540.9621087073,65857.9625863367,88956.8800863877
"Northern Transboundary","Chinook",1991,86518,79556.9,103042,92999.7,"PSC_20260819",NA,NA,NA,63036.32592554,55067.7686108307,72157.9698329993,NA,NA,NA,75757.2452030177,65497.0232895559,87624.7486145727
"Northern Transboundary","Chinook",1992,95791,86014.2,109375,100148.2,"PSC_20260819",NA,NA,NA,62214.6996933484,54575.3790196557,70923.3527547188,NA,NA,NA,74981.5529180193,65115.9009458399,86341.941005685
"Northern Transboundary","Chinook",1993,139004,93634.1,159203,109611.7,"PSC_20260819",NA,NA,NA,61403.7826777157,54068.635721892,69734.0422370879,NA,NA,NA,74213.8030881537,64712.822449447,85109.6948075445
"Northern Transboundary","Chinook",1994,97432,98720.4,113045,115163.3,"PSC_20260819",NA,NA,NA,60603.4352928855,53546.3153737647,68590.6461287242,NA,NA,NA,73453.9143891705,64286.0177112173,83929.2544660164
"Northern Transboundary","Chinook",1995,75361,96707.8,87328,112113.6,"PSC_20260819",NA,NA,NA,59813.5197724856,53007.2605858655,67493.7189364492,NA,NA,NA,72701.8063295134,63833.7836574143,82801.8071424498
"Northern Transboundary","Chinook",1996,123890,103907.6,142171,119568.8,"PSC_20260819",NA,NA,NA,59033.9001458144,52450.4391536704,66443.7023342275,NA,NA,NA,71957.3992417937,63354.5630296532,81728.4037334356
"Northern Transboundary","Chinook",1997,154428,114321.4,177983,131798.3,"PSC_20260819",NA,NA,NA,58264.4422144356,51875.0109813228,65440.8579842337,NA,NA,NA,71220.6142743516,62847.0346431856,80709.8684355502
"Northern Transboundary","Chinook",1998,63840,97845.5,72535,112623.7,"PSC_20260819",NA,NA,NA,57505.0135290781,51280.3976068247,64485.1977617927,NA,NA,NA,70491.3733829041,62310.2085984888,79746.7033600736
"Northern Transboundary","Chinook",1999,51348,86080.6,64858,100779.5,"PSC_20260819",NA,NA,NA,56755.4833668373,50666.3470532345,63576.4186594879,NA,NA,NA,69769.5993222776,61743.5169011027,78838.9977426799
"Northern Transboundary","Chinook",2000,70433,84924.1,82883,99731.9,"PSC_20260819",NA,NA,NA,56015.7227086734,50032.9854240624,62713.8509521348,NA,NA,NA,69055.2156382262,61146.8879931442,77986.3532446094
"Northern Transboundary","Chinook",2001,116772,83925,130938,98103.7,"PSC_20260819",NA,NA,NA,55285.6042172024,49380.8469515912,61896.4279137918,NA,NA,NA,68348.1466593328,60520.7938269581,77187.8367148058
"Northern Transboundary","Chinook",2002,111488,78630.7,129102,92001.8,"PSC_20260819",NA,NA,NA,54565.0022147781,48710.8764681905,61122.6831166345,NA,NA,NA,67648.317488994,59866.2608755901,76441.9690182734
"Northern Transboundary","Chinook",2003,89163,84064,105134,99091.2,"PSC_20260819",NA,NA,NA,53853.7926618575,48024.4022364953,60390.7773757224,NA,NA,NA,66955.6539974862,59184.8415942967,75746.7534163866
"Northern Transboundary","Chinook",2004,131015,101384.1,157036,118261,"PSC_20260819",NA,NA,NA,53151.8531356506,47323.0818024787,59698.5526755317,NA,NA,NA,66270.0828141138,58478.5491231753,75099.7407090088
"Northern Transboundary","Chinook",2005,82948,104755.2,149459,133061.6,"PSC_20260819",NA,NA,NA,52459.0628090468,46608.8277265816,59043.6062229913,NA,NA,NA,65591.5313194369,57749.7637348622,74498.1226344222
"Northern Transboundary","Chinook",2006,68917,94269.9,119638,130681.3,"PSC_20260819",NA,NA,NA,51775.302429817,45883.722580589,58423.3752392416,NA,NA,NA,64919.9276375796,57001.123150773,73938.8414035384
"Northern Transboundary","Chinook",2007,32136,73506.5,67783,114881.7,"PSC_20260819",NA,NA,NA,51100.4543000855,45149.9329777473,57835.2227225257,NA,NA,NA,64255.200628616,56235.4096442548,73418.7024499696
"Northern Transboundary","Chinook",2008,46882,64638.4,73046,106812.3,"PSC_20260819",NA,NA,NA,50434.402256071,44409.6308813319,57276.5159369165,NA,NA,NA,63597.2798810351,55455.4450783315,72934.4792482261
"Northern Transboundary","Chinook",2009,41972,51477.6,68672,90526.9,"PSC_20260819",NA,NA,NA,49777.031648091,43664.9277752346,56744.6920432183,NA,NA,NA,62946.0957042821,54664.0016550308,72483.002423003
"Northern Transboundary","Chinook",2010,53443,47144.9,73308,78506.2,"PSC_20260819",NA,NA,NA,49128.2293208262,42917.8243620155,56237.3082065138,NA,NA,NA,62301.5791213766,53863.7323434032,72061.2291823948
"Northern Transboundary","Chinook",2011,41033,42500.7,59372,68241.1,"PSC_20260819",44294.2689763241,37716.8383991654,52018.7361247746,48487.8835938434,42170.1759591452,55752.076009544,68031.9415883013,57451.0252822742,80561.5748985086,61663.6618616062,53057.1216239807,71666.2924372418
"Northern Transboundary","Chinook",2012,42072,44853.5,63047,67259.6,"PSC_20260819",42564.1661776977,36837.937489916,49180.501565773,47855.8842423707,41423.6720340225,55286.8817312524,63605.2208670488,54639.3648242473,74042.2977931606,61032.2763532945,52246.4548220127,71295.5313342239
"Northern Transboundary","Chinook",2013,39778,43403.4,51631,62750.5,"PSC_20260819",40901.6399699709,35946.7194031941,46539.5502011923,47232.1224783252,40679.8273894426,54839.7949787387,59466.5392034282,51915.4938759534,68115.8748731624,60407.3557166443,51433.8029792623,70946.5062528716
"Northern Transboundary","Chinook",2014,51263,45174.5,64820,62030.3,"PSC_20260819",39304.0508593281,35032.275738861,44096.7188505829,46616.4909315862,39939.9822333223,54409.068438734,55597.1543943628,49261.1829091043,62748.0582927565,59788.8337566524,50621.0197574228,70617.0017733878
"Northern Transboundary","Chinook",2015,50861,44729.3,63594,60291.6,"PSC_20260819",37768.8624487139,34079.566073569,41857.5450048412,46008.8836315135,39205.3085227987,53993.1313584021,51979.5437595001,46653.9985427481,57912.9989677115,59176.6449560988,49809.7469999399,70305.0209884503
"Northern Transboundary","Chinook",2016,22245,39574.2,32480,53439.6,"PSC_20260819",36293.637410947,33069.3163107647,39832.3359376047,45409.1959887064,38476.8203608115,53590.5789772818,48597.3247889776,44067.851165987,53592.3561997552,58570.7244686059,49001.4260388973,70008.7740722931
"Northern Transboundary","Chinook",2017,17290,33126.2,22602,43527.1,"PSC_20260819",34876.0336191206,31980.8902887329,38033.2664294389,44817.3247770002,37755.3866917998,53200.1596636638,45435.1809545025,41477.5793250795,49770.3988988618,57971.0081117702,48197.3124182693,69726.6634357202
"Northern Transboundary","Chinook",2018,20222,28934,22375,36824,"PSC_20260819",33513.8004281477,30800.4091097873,36466.2305339576,44233.1681156977,37041.7449976754,52820.7610541665,42478.7923477758,38869.8326927236,46422.8342218526,57377.4323603636,47398.4922856707,69457.2672148767
"Northern Transboundary","Chinook",2019,31694,26281.1,34113,32387.1,"PSC_20260819",32204.7751015453,29531.3793576336,35120.1861173145,43656.6254520321,36336.5150875966,52451.3961029133,39714.7708321526,36255.4417735783,43504.1733072978,56789.9343396043,46605.8992139266,69199.3223324153
"Northern Transboundary","Chinook",2020,30676,23753.4,33039,28411.5,"PSC_20260819",30946.879377787,28197.5634292979,33964.2588489832,43087.5975438585,35640.2123885935,52091.1896331936,37130.599413874,33669.8724833018,40947.0339846794,56208.451818497,45820.3306257068,68951.7079577722
"Northern Transboundary","Chinook",2021,25279,24368.6,27690,27519.2,"PSC_20260819",29738.1161707707,26833.2702982892,32957.4272369863,42525.9864425711,34953.2603804541,51739.3657481245,34714.5755583063,31157.9063679899,38677.237872164,55632.9232032409,45042.4633085465,68713.4298791878
"Northern Transboundary","Chinook",2022,25163,26267.9,28882,28902.3,"PSC_20260819",28576.5663991641,25470.7118446492,32061.1434869414,41971.6954762429,34276.0019879655,51395.2362871547,32455.7581944951,28757.0300726539,36630.2165876729,55063.2875307054,44272.8677357064,68483.6060719832
"Northern Transboundary","Chinook",2023,31551,28711.9,34528,31522,"PSC_20260819",27460.3859395937,24133.7704013507,31245.5444553842,41424.6292329854,33608.7098599184,51058.1903989359,30343.9181680414,26490.8555118096,34757.4040928322,54499.4844619724,43512.0210668186,68261.4535891045
"Northern Transboundary","Chinook",2024,39124,29947.2,42449,32930.9,"PSC_20260819",26387.8026988398,22837.8073297117,30489.6228092351,40884.6935445247,32951.5955401632,50727.6852252059,28369.4919179231,24370.4997428122,33024.6847694815,53941.4542759453,42760.3188074383,68046.2767947782
"Northern Transboundary","Chinook",2025,63916,34683.1,65388,37748.4,"Foos_20260708",25357.1138003895,21591.7360322569,29779.1349118627,40351.7954699925,32304.8175825224,50403.2376438193,26523.5381674854,22398.367976281,31408.4525116755,53389.1378630226,42018.0851726844,67837.456896057
"Northern Transboundary","Sockeye",1984,138183,138182.8,236171,236171.2,"Foos_20250415",NA,NA,NA,126047.369164266,114072.444247927,139279.379678248,NA,NA,NA,305603.329389477,265901.031016751,351233.669823754
"Northern Transboundary","Sockeye",1985,234057,179840.8,379306,299301.3,"Foos_20250415",NA,NA,NA,126644.829141157,115024.705859142,139438.850361712,NA,NA,NA,306064.225992554,267636.105240891,350009.989676494
"Northern Transboundary","Sockeye",1986,122211,158111.2,222060,270954.3,"Foos_20250415",NA,NA,NA,127245.121056756,115979.008608029,139605.615077035,NA,NA,NA,306525.817698264,269363.371463448,348815.343396974
"Northern Transboundary","Sockeye",1987,74490,130992.6,158700,237037.2,"Foos_20250415",NA,NA,NA,127848.258334353,116934.564111328,139780.545498643,NA,NA,NA,306988.105554928,271080.246057252,347652.395638964
"Northern Transboundary","Sockeye",1988,71968,116205.3,130440,210346.4,"Foos_20250415",NA,NA,NA,128454.254460859,117890.456723748,139964.641309014,NA,NA,NA,307451.090612447,272783.754950167,346524.202425658
"Northern Transboundary","Sockeye",1989,121408,113236,240710,211148.8,"Foos_20250415",NA,NA,NA,129063.122987116,118845.62349301,140159.050250321,NA,NA,NA,307914.773922307,274470.473475007,345434.271305175
"Northern Transboundary","Sockeye",1990,95651,94680,257896,195469.8,"Foos_20250415",NA,NA,NA,129674.877528195,119798.831587344,140365.090703679,NA,NA,NA,308379.156537581,276136.459052924,344386.628672614
"Northern Transboundary","Sockeye",1991,180097,102314.5,369111,216379.8,"Foos_20250415",NA,NA,NA,130289.531763701,120748.653378579,140584.276612859,NA,NA,NA,308844.239512927,277777.177487724,343385.893481236
"Northern Transboundary","Sockeye",1992,200572,124730.1,459886,267689.4,"Foos_20250415",NA,NA,NA,130907.099438082,121693.439735726,140818.344197571,NA,NA,NA,309310.023904595,279387.424854788,342437.355359094
"Northern Transboundary","Sockeye",1993,188717,151253.4,522404,353305.5,"Foos_20250415",NA,NA,NA,131527.594360932,122631.29266487,141069.279320494,NA,NA,NA,309776.510770429,280961.248825839,341547.05328985
"Northern Transboundary","Sockeye",1994,140978,155842.5,402678,391600.3,"Foos_20250415",NA,NA,NA,132151.030407303,123560.039288216,141339.343515226,NA,NA,NA,310243.701169868,282491.875977563,340721.848309802
"Northern Transboundary","Sockeye",1995,153130,171222.1,422415,432217,"Foos_20250415",NA,NA,NA,132777.421518015,124477.210343258,141631.095494161,NA,NA,NA,310711.596163947,283971.65533931,339969.479965854
"Northern Transboundary","Sockeye",1996,154326,166014.7,664966,486217.4,"Foos_20250415",NA,NA,NA,133406.781699966,125380.027906359,141947.403432025,NA,NA,NA,311180.196815304,285392.033122668,339298.591591694
"Northern Transboundary","Sockeye",1997,109225,147013.3,384541,469125.4,"Foos_20250415",NA,NA,NA,134039.125026447,126265.408787999,142291.441577807,NA,NA,NA,311649.504188178,286743.578836287,338718.704198742
"Northern Transboundary","Sockeye",1998,88825,126444.8,240671,401765.2,"Foos_20250415",NA,NA,NA,134674.465637454,127129.991676082,142666.663118692,NA,NA,NA,312119.519348412,288016.087725027,338240.114042833
"Northern Transboundary","Sockeye",1999,86881,114777.2,277273,372874.2,"Foos_20250415",NA,NA,NA,135312.817740008,127970.196963522,143076.740359787,NA,NA,NA,312590.243363458,289198.786587281,337873.686812777
"Northern Transboundary","Sockeye",2000,80281,100871,298910,347954.6,"Foos_20250415",NA,NA,NA,135954.19560847,128782.327277459,143525.464202272,NA,NA,NA,313061.67730238,290280.66636045,337630.525050815
"Northern Transboundary","Sockeye",2001,165287,102264.8,473675,325131.2,"Foos_20250415",NA,NA,NA,136598.613584862,129562.712844903,144016.5987852,NA,NA,NA,313533.822235848,291250.951815001,337521.498464533
"Northern Transboundary","Sockeye",2002,117181,103713.1,297106,308782.3,"Foos_20250415",NA,NA,NA,137246.086079185,130307.898163624,144553.69482211,NA,NA,NA,314006.679236153,292099.693951457,337556.651535905
"Northern Transboundary","Sockeye",2003,234996,125990.8,522635,360584.8,"Foos_20250415",NA,NA,NA,137896.627569744,131014.855441282,145139.876169469,NA,NA,NA,314480.249377201,292818.436042758,337744.537485015
"Northern Transboundary","Sockeye",2004,176091,145111.4,485099,403266.4,"Foos_20250415",NA,NA,NA,138550.25260347,131681.198469625,145777.625960119,NA,NA,NA,314954.533734516,293400.868114723,338091.563795713
"Northern Transboundary","Sockeye",2005,146441,163648.3,396009,426604.2,"Foos_20250415",NA,NA,NA,139206.975796246,132305.362593923,146468.606641546,NA,NA,NA,315429.533385246,293843.361538221,338601.457629638
"Northern Transboundary","Sockeye",2006,188583,168021.2,456770,423514.9,"Foos_20250415",NA,NA,NA,139866.811833234,132886.717074326,147213.547622307,NA,NA,NA,315905.249408165,294145.280196735,339274.954664876
"Northern Transboundary","Sockeye",2007,117493,168110.5,351488,437994.4,"Foos_20250415",NA,NA,NA,140529.775469204,133425.587526282,148012.222839452,NA,NA,NA,316381.682883668,294309.003130039,340109.776458569
"Northern Transboundary","Sockeye",2008,121020,147215.7,302963,392741.4,"Foos_20250415",NA,NA,NA,141195.881528861,133923.185406576,148863.521280411,NA,NA,NA,316858.834893786,294339.655593481,341100.899393969
"Northern Transboundary","Sockeye",2009,147621,142113.7,320513,361501.2,"Foos_20250415",NA,NA,NA,141865.144907181,134381.461630762,149765.593373547,NA,NA,NA,317336.706522179,294244.608358484,342241.055386326
"Northern Transboundary","Sockeye",2010,117322,135950.2,282268,337832.3,"Foos_20250415",NA,NA,NA,142537.58056974,134802.914940854,150716.042628525,NA,NA,NA,317815.298854141,294032.845678497,343521.36392337
"Northern Transboundary","Sockeye",2011,151037,130045.6,384488,326391,"Foos_20250415",123930.101350206,114035.631100118,134683.079950582,143213.20355305,135190.388834489,151712.128715285,320020.16988455,291460.837372481,351377.941737178,318294.612976603,293714.309713322,344931.987647487
"Northern Transboundary","Sockeye",2012,141657,135002.3,287578,313550.3,"Foos_20250415",126996.686491498,117845.317674362,136858.711895421,143892.028964897,135546.884948723,152750.95408845,315896.146380973,290438.847572102,343584.806690076,318774.649978137,293299.308192781,346462.724698595
"Northern Transboundary","Sockeye",2013,108138,131997.4,300261,312989,"Foos_20250415",130139.152668361,121724.802453056,139135.153361786,144574.071984676,135875.410147753,153829.616907883,311825.268183406,289266.991594804,336142.735614497,319255.410948954,292798.037113568,348103.48602389
"Northern Transboundary","Sockeye",2014,132590,129192.7,252455,298398.6,"Foos_20250415",133359.377517088,125648.878171345,141543.035087767,145259.347863734,136178.86378299,154945.323786971,307806.850420983,287885.895511387,329106.283577334,319736.89698091,292220.235838301,349844.640285455
"Northern Transboundary","Sockeye",2015,184720,141470,341090,309911.8,"Foos_20250415",136659.285135095,129578.413275508,144127.094487004,145947.871925704,136459.963524998,156095.463969106,303840.217048604,286211.015648351,322555.291196651,320219.10916751,291574.966813153,351677.234149335
"Northern Transboundary","Sockeye",2016,187927,147790.3,474002,323160,"Foos_20250415",140040.847230576,133456.625884974,146949.907979545,146639.659566859,136721.203607461,157277.651092233,299924.700733202,284129.156891391,316598.363554383,320702.048603905,290870.498388219,353593.109471934
"Northern Transboundary","Sockeye",2017,108640,140151.1,282606,322034.8,"Foos_20250415",143506.084300606,137210.985061613,150089.996234959,147334.726256445,136964.83771798,158489.740306623,296059.642741472,281509.369904116,311361.970260751,321185.716386899,290114.264868294,355584.943256059
"Northern Transboundary","Sockeye",2018,113093,141412.7,193079,294815.4,"Foos_20250415",147057.066838397,140768.738669123,153626.303052585,148033.087537032,137192.879071732,159729.828209881,292244.392829046,278242.53606948,306950.857861254,321670.113614952,289312.879472945,357646.234697726
"Northern Transboundary","Sockeye",2019,137972,142542.6,258564,296228.5,"Foos_20250415",150695.916570427,144085.425075623,157609.690633749,148734.759024865,137407.111440917,160996.241826222,288478.309131101,274300.631732557,303388.783006079,322155.241388176,288472.180224768,359771.259304828
"Northern Transboundary","Sockeye",2020,127606,132378.1,169547,257579.3,"Foos_20250415",154424.807724179,147164.303839666,162043.516114006,149439.756410204,137609.106413667,162287.521356386,284760.758054373,269763.823732927,300591.414392099,322641.100808346,287597.293800877,361955.005052638
"Northern Transboundary","Sockeye",2021,233806,138289.4,303861,235662.1,"Foos_20250415",158245.968327249,150046.602854834,166893.391888758,150148.095457685,137800.243549746,163602.400030822,281091.114170562,264781.845069619,298404.954633024,323127.692978899,286692.706939452,364193.100984314
"Northern Transboundary","Sockeye",2022,198127,155947.9,344269,245150.7,"Foos_20250415",162161.681538606,152785.906376129,172112.805317864,150859.792006666,137981.731233995,164939.783265216,277468.760111116,259511.256399176,296668.8763557,323615.019004934,285762.338645343,366481.745012378
"Northern Transboundary","Sockeye",2023,159158,166977.4,257160,259613.1,"Foos_20250415",166174.287012784,155430.02889342,177661.252853155,151574.861971581,138154.626875804,166298.728470074,273893.086463359,254078.925679851,295252.440208087,324103.079993216,284809.609135755,368817.634980216
"Northern Transboundary","Sockeye",2024,242586,186927.3,387708,281523,"Foos_20250415",170286.182297839,158015.376643599,183509.886806623,152293.321342301,138319.855698057,167678.426270908,270363.491667975,248575.558281472,294061.162458013,324591.877052182,283837.50333889,371197.905170635
"Northern Transboundary","Sockeye",2025,209640,206439.8,379996,330835.2,"Foos_20250415",174499.82426789,160567.911834568,189640.559695994,153015.186184486,138478.22775554,169078.18349904,266879.381917799,243062.454967369,293030.054774967,325081.411291939,282848.627989727,373620.069217366
"Northern Transboundary","Coho",1987,55457,55457,NA,NA,"Foos_20250415",NA,NA,NA,70826.7475293098,58788.9226237052,85329.4794614561,NA,NA,NA,NA,NA,NA
"Northern Transboundary","Coho",1988,39450,46773.7,NA,NA,"Foos_20250415",NA,NA,NA,71166.4789970835,59498.1256995141,85123.1475495654,NA,NA,NA,NA,NA,NA
"Northern Transboundary","Coho",1989,56808,49904.3,NA,NA,"Foos_20250415",NA,NA,NA,71507.8400394773,60209.1498116958,84926.8126705585,NA,NA,NA,NA,NA,NA
"Northern Transboundary","Coho",1990,72196,54730.8,NA,NA,"Foos_20250415",NA,NA,NA,71850.8384729982,60920.9778798616,84741.6303699787,NA,NA,NA,NA,NA,NA
"Northern Transboundary","Coho",1991,127484,64815.1,NA,NA,"Foos_20250415",NA,NA,NA,72195.4821516466,61632.4101140238,84568.9408132159,NA,NA,NA,NA,NA,NA
"Northern Transboundary","Coho",1992,83729,70381.8,164015,164015,"Foos_20250415",NA,NA,NA,72541.7789670957,62342.0329304057,84410.2998948629,NA,NA,NA,141778.332212074,119600.438897429,168068.743477407
"Northern Transboundary","Coho",1993,119330,87821.5,159667,161826.4,"Foos_20250415",NA,NA,NA,72889.736848872,63048.1838306332,84267.5143850287,NA,NA,NA,140099.913125156,119080.678728529,164829.306208631
"Northern Transboundary","Coho",1994,96343,97607.4,212328,177161.2,"Foos_20250415",NA,NA,NA,73239.3637645377,63748.9127535716,84142.6806033449,NA,NA,NA,138441.363722042,118546.764681505,161674.687965641
"Northern Transboundary","Coho",1995,55710,92675.9,128688,163554,"Foos_20250415",NA,NA,NA,73590.6677198724,64441.9412409214,84038.2252795591,NA,NA,NA,136802.448778801,117996.450220241,158605.703450782
"Northern Transboundary","Coho",1996,44635,75129.6,66706,136697.9,"Foos_20250415",NA,NA,NA,73943.6567590567,65124.6220664159,83956.9459508743,NA,NA,NA,135182.935856163,117427.094910247,155623.590625819
"Northern Transboundary","Coho",1997,32345,62115.1,41514,103854.2,"Foos_20250415",NA,NA,NA,74298.3389648564,65793.9039021288,83902.046322533,NA,NA,NA,133582.595266549,116835.596174729,152730.078352665
"Northern Transboundary","Coho",1998,61382,54382,83514,91229,"Foos_20250415",NA,NA,NA,74654.7224588073,66446.308203945,83877.1594095975,NA,NA,NA,132001.200041501,116218.315820979,149927.459276184
"Northern Transboundary","Coho",1999,60768,49593.7,75352,74156.7,"Foos_20250415",NA,NA,NA,75012.8154014018,67077.9286578236,83886.3481183015,NA,NA,NA,130438.525899486,115571.006660581,147218.662625305
"Northern Transboundary","Coho",2000,64700,51100,81667,67709.9,"Foos_20250415",NA,NA,NA,75372.6259922752,67684.4666829464,83934.0697708825,NA,NA,NA,128894.351214093,114888.749358034,144607.316797639
"Northern Transboundary","Coho",2001,104394,60564.8,119232,76049.7,"Foos_20250415",NA,NA,NA,75734.1624703933,68261.3183978877,84025.0891677681,NA,NA,NA,127368.456982595,114165.916758682,142097.784476412
"Northern Transboundary","Coho",2002,219360,88815.9,256400,109456.7,"Foos_20250415",NA,NA,NA,76097.433114242,68803.7270671963,84164.3261697292,NA,NA,NA,125860.626794896,113396.192361052,139695.143614408
"Northern Transboundary","Coho",2003,183112,110516.2,211894,131860.3,"Foos_20250415",NA,NA,NA,76462.4462420157,69307.0078429782,84356.6309854116,NA,NA,NA,124370.646802833,112572.679922933,137405.077295349
"Northern Transboundary","Coho",2004,129327,128537.1,164909,154221.2,"Foos_20250415",NA,NA,NA,76829.2102118086,69766.8368890912,84606.4950766492,NA,NA,NA,122898.305689848,111688.148320831,135233.628352834
"Northern Transboundary","Coho",2005,135558,149029.7,165535,177628.6,"Foos_20250415",NA,NA,NA,77197.7334218056,70179.5759954082,84917.7265740973,NA,NA,NA,121443.39464102,110735.451747996,133186.778661436
"Northern Transboundary","Coho",2006,122384,153844.8,170223,190738.3,"Foos_20250415",NA,NA,NA,77568.024310475,70542.5827110313,85293.1401743185,NA,NA,NA,120005.707313447,109708.139269089,131269.839081653
"Northern Transboundary","Coho",2007,74246,123875.6,98936,157661.3,"Foos_20250415",NA,NA,NA,77940.0913567615,70854.4450984604,85734.3224163127,NA,NA,NA,118585.039806986,108601.211988595,129486.691801387
"Northern Transboundary","Coho",2008,95226,108690.9,123589,141545.8,"Foos_20250415",NA,NA,NA,78313.9430802802,71115.0886226826,86241.5248235404,NA,NA,NA,117181.190635327,107411.908237773,127839.004668982
"Northern Transboundary","Coho",2009,103950,104044.8,156662,140100.9,"Foos_20250415",NA,NA,NA,78689.5880415117,71325.7313046438,86813.708781976,NA,NA,NA,115793.960697427,106140.33031655,126325.603981152
"Northern Transboundary","Coho",2010,126830,102669.1,196492,144988,"Foos_20250415",NA,NA,NA,79067.0348419989,71488.701558624,87448.7277346794,NA,NA,NA,114423.153249264,104789.720041016,124942.198475001
"Northern Transboundary","Coho",2011,70871,92042.5,92742,128405.5,"Foos_20250415",89104.1419528903,83493.8390987735,95091.4246950401,79446.2921245428,71607.1646578922,88143.6007485117,126266.272406234,117986.068844878,135127.576530468,113068.573875938,103366.274216765,123681.563403636
"Northern Transboundary","Coho",2012,70775,91165.3,96401,127740.6,"Foos_20250415",86846.9899182496,81916.0332143054,92074.7668301811,79827.368573401,71684.8165691799,88894.8187124657,122502.122037416,115257.005863391,130202.670035147,111730.030464099,101878.537188719,122534.14754458
"Northern Transboundary","Coho",2013,68117,85257,103792,123357.7,"Foos_20250415",84647.0151954132,80338.3967604621,89186.7086028131,80210.2729144867,71725.5969582227,89698.631365366,118850.1855459,112547.749991564,125505.544138853,110407.333174696,100336.53868624,121488.93492197
"Northern Transboundary","Coho",2014,124171,88342.4,171888,125667.4,"Foos_20250415",82502.7693905932,78750.4292262218,86433.9029513625,80595.0139155682,71733.4544682016,90551.2820511106,115307.117700218,109842.948093809,121043.104023181,109100.294416059,98750.8937077978,120534.344498097
"Northern Transboundary","Coho",2015,60178,76104.9,79919,104974.4,"Foos_20250415",80412.8408001588,77137.537511078,83827.2153116509,80981.6003864696,71712.176986732,91449.1774858152,111869.672994301,107121.588120554,116828.213205426,107808.728817287,97132.0393238439,119658.992955439
"Northern Transboundary","Coho",2016,87704,79418.7,111217,108858.5,"Foos_20250415",78375.8534812161,75480.6790825919,81382.0766263583,81370.0411792727,71665.2842392703,92388.9951989947,108534.702674545,104356.616886224,112880.064878828,106532.453201964,95489.6955846424,118852.233382279
"Northern Transboundary","Coho",2017,57868,76284.2,78056,104358.4,"Foos_20250415",76390.4663457298,73758.6242458743,79116.2173668727,81760.3451885201,71595.9716595056,93367.7396982215,105299.151855499,101518.335470008,109220.776031766,105271.286562178,93832.5562176965,118104.464177073
"Northern Transboundary","Coho",2018,51173,72042.9,85485,100385.9,"Foos_20250415",74455.3722775936,71955.1439868897,77042.4761015711,82152.521351418,71507.0919096827,94382.7609843173,102160.056721544,98584.7515342996,105865.025036026,104025.050032846,92168.1663243991,117407.250961784
"Northern Transboundary","Coho",2019,82759,66427.9,105110,90981.3,"Foos_20250415",72569.2972720664,70069.1039776157,75158.702018566,82546.5786480414,71401.1614005721,95431.7480673737,99114.5418119908,95555.7868066561,102805.834443892,102793.566866352,90502.9288724843,116753.319707421
"Northern Transboundary","Coho",2020,52063,64531,61935,86459,"Foos_20250415",70730.9995970079,68118.2232108286,73443.9929313457,82942.5261015396,71280.3816942325,96512.7076004591,96159.8173871142,92458.1076432969,100009.731062169,101576.662407476,88842.1870089871,116136.474046936
"Northern Transboundary","Coho",2021,75526,62630.2,100032,84645.5,"Foos_20250415",68939.2689753612,66131.2968632581,71866.4691648851,83340.3727783431,71146.668476309,97623.9349442765,93293.1768727048,89333.5342807785,97428.3276831519,100374.164068624,87190.3425974136,115551.47637158
"Northern Transboundary","Coho",2022,66034,64305.8,90441,87175.7,"Foos_20250415",67192.9257883447,64136.8985051444,70394.5682006414,83740.1277883707,71001.683224188,98763.9825364555,90511.9943808058,86222.8151993708,95014.5400361597,99185.9013053529,85550.9851643853,114993.918525332
"Northern Transboundary","Coho",2023,89022,71835.8,117931,92970,"Foos_20250415",65490.8202988289,62157.2715020025,69003.1502311893,84141.800285238,70846.8645676174,99931.62856888,87813.7223043575,83157.1008353415,92731.1047100569,98011.7055921806,83927.0163662748,114460.096986701
"Northern Transboundary","Coho",2024,64996,68447.2,93635,90845.1,"Foos_20250415",63831.8318943849,60207.6187846278,67674.2054451307,84545.3994664683,70683.4576567673,101125.847658081,85195.8889835498,80157.1671804556,90551.3474965606,96851.4103986861,82320.7625816862,113946.89993192
"Northern Transboundary","Coho",2025,47568,67222.2,67181,92334.4,"Foos_20250415",62214.8683495093,58297.6065273348,66395.3474990757,84950.9345737012,70512.5407233737,102345.784323058,82656.0964417422,77235.7312794398,88456.8601321093,95704.8511658903,80734.0728689928,113451.708940142
"Northern Transboundary","Pink",1984,27345,27345.5,NA,NA,"Foos_20260708",NA,NA,NA,15946.5339650689,12076.9118975302,21056.0404560954,NA,NA,NA,NA,NA,NA
"Northern Transboundary","Pink",1985,35719,31253.1,NA,NA,"Foos_20260708",NA,NA,NA,15510.9127139189,11864.8261977212,20277.4494298972,NA,NA,NA,NA,NA,NA
"Northern Transboundary","Pink",1986,12575,21193.2,NA,NA,"Foos_20260708",NA,NA,NA,15087.19159573,11654.8117818792,19530.418380516,NA,NA,NA,NA,NA,NA
"Northern Transboundary","Pink",1987,55232,26353.8,NA,NA,"Foos_20260708",NA,NA,NA,14675.0455272698,11446.6981420287,18813.8936272563,NA,NA,NA,NA,NA,NA
"Northern Transboundary","Pink",1988,3816,14518.4,NA,NA,"Foos_20260708",NA,NA,NA,14274.1583058036,11240.3000035599,18126.8823140497,NA,NA,NA,NA,NA,NA
"Northern Transboundary","Pink",1989,26304,10019.3,NA,NA,"Foos_20260708",NA,NA,NA,13884.2223665012,11035.4154227846,17468.4525536247,NA,NA,NA,NA,NA,NA
"Northern Transboundary","Pink",1990,11735,17569.6,NA,NA,"Foos_20260708",NA,NA,NA,13504.9385464692,10831.8238428487,16837.7336808632,NA,NA,NA,NA,NA,NA
"Northern Transboundary","Pink",1991,22920,16400.6,NA,NA,"Foos_20260708",NA,NA,NA,13136.0158552309,10629.2842304823,16233.9164902591,NA,NA,NA,NA,NA,NA
"Northern Transboundary","Pink",1992,12067,16630.4,NA,NA,"Foos_20260708",NA,NA,NA,12777.1712514746,10427.5334915069,15656.2532570601,NA,NA,NA,NA,NA,NA
"Northern Transboundary","Pink",1993,1869,4748.8,NA,NA,"Foos_20260708",NA,NA,NA,12428.1294259019,10226.2854677068,15104.0572370804,NA,NA,NA,NA,NA,NA
"Northern Transboundary","Pink",1994,32965,7849.1,NA,NA,"Foos_20260708",NA,NA,NA,12088.6225900073,10025.2309554769,14576.7012024596,NA,NA,NA,NA,NA,NA
"Northern Transboundary","Pink",1995,1473,6969.2,NA,NA,"Foos_20260708",NA,NA,NA,11758.3902706284,9824.03935505017,14073.6144023421,NA,NA,NA,NA,NA,NA
"Northern Transboundary","Pink",1996,19365,5341.4,NA,NA,"Foos_20260708",NA,NA,NA,11437.1791101078,9622.36274185118,13594.2771547938,NA,NA,NA,NA,NA,NA
"Northern Transboundary","Pink",1997,4130,8942.8,NA,NA,"Foos_20260708",NA,NA,NA,11124.7426719147,9419.84330795017,13138.2121199266,NA,NA,NA,NA,NA,NA
"Northern Transboundary","Pink",1998,21559,9435.8,NA,NA,"Foos_20260708",NA,NA,NA,10820.8412515762,9216.12517471396,12704.9712511578,NA,NA,NA,NA,NA,NA
"Northern Transboundary","Pink",1999,19307,20402.1,NA,NA,"Foos_20260708",NA,NA,NA,10525.2416927734,9010.87140821573,12294.1175911456,NA,NA,NA,NA,NA,NA
"Northern Transboundary","Pink",2000,5036,9861,NA,NA,"Foos_20260708",NA,NA,NA,10237.7172084619,8803.78652973276,11905.2016182427,NA,NA,NA,NA,NA,NA
"Northern Transboundary","Pink",2001,6961,5921,NA,NA,"Foos_20260708",NA,NA,NA,9958.04720687795,8594.64378538105,11537.732877665,NA,NA,NA,NA,NA,NA
"Northern Transboundary","Pink",2002,4297,5469,NA,NA,"Foos_20260708",NA,NA,NA,9686.01712229824,8383.31493691887,11191.1491336548,NA,NA,NA,NA,NA,NA
"Northern Transboundary","Pink",2003,11395,6997.1,NA,NA,"Foos_20260708",NA,NA,NA,9421.41825042309,8169.79863974912,10864.7869749861,NA,NA,NA,NA,NA,NA
"Northern Transboundary","Pink",2004,6692,8732.4,NA,NA,"Foos_20260708",NA,NA,NA,9164.04758825621,7954.24218505218,10557.8590953192,NA,NA,NA,NA,NA,NA
"Northern Transboundary","Pink",2005,12218,9042.5,NA,NA,"Foos_20260708",NA,NA,NA,8913.70767835861,7736.95127154127,10269.4435814123,NA,NA,NA,NA,NA,NA
"Northern Transboundary","Pink",2006,17177,14487,NA,NA,"Foos_20260708",NA,NA,NA,8670.20645735737,7518.384073277,9998.48894131268,NA,NA,NA,NA,NA,NA
"Northern Transboundary","Pink",2007,9932,13061.9,NA,NA,"Foos_20260708",NA,NA,NA,8433.35710859256,7299.12901496707,9743.83545971197,NA,NA,NA,NA,NA,NA
"Northern Transboundary","Pink",2008,3629,6003.4,NA,NA,"Foos_20260708",NA,NA,NA,8202.97791878948,7079.86934854526,9504.24978534016,NA,NA,NA,NA,NA,NA
"Northern Transboundary","Pink",2009,7441,5196.1,NA,NA,"Foos_20260708",NA,NA,NA,7978.8921386465,6861.34044358506,9278.46683656044,NA,NA,NA,NA,NA,NA
"Northern Transboundary","Pink",2010,7146,7291.7,NA,NA,"Foos_20260708",NA,NA,NA,7760.92784723108,6644.28664738932,9065.23216809036,NA,NA,NA,NA,NA,NA
"Northern Transboundary","Pink",2011,13967,9990.2,NA,NA,"Foos_20260708",NA,NA,NA,7548.91782008028,6429.42354905677,8863.33896336411,NA,NA,NA,NA,NA,NA
"Northern Transboundary","Pink",2012,6246,9340.2,NA,NA,"Foos_20260708",NA,NA,NA,7342.69940090434,6217.40923396963,8671.65606495194,NA,NA,NA,NA,NA,NA
"Northern Transboundary","Pink",2013,6864,6547.7,NA,NA,"Foos_20260708",NA,NA,NA,7142.11437679521,6008.82565671966,8489.14591392425,NA,NA,NA,NA,NA,NA
"Northern Transboundary","Pink",2014,1902,3613.5,NA,NA,"Foos_20260708",NA,NA,NA,6947.00885684392,5804.16934960854,8314.87317997068,NA,NA,NA,NA,NA,NA
"Northern Transboundary","Pink",2015,19413,6077,NA,NA,"Foos_20260708",NA,NA,NA,6757.2331540738,5603.84961026023,8148.00593772427,NA,NA,NA,NA,NA,NA
"Northern Transboundary","Pink",2016,1170,4766.3,NA,NA,"Foos_20260708",NA,NA,NA,6572.64167059922,5408.19198908654,7987.81156757599,NA,NA,NA,NA,NA,NA
"Northern Transboundary","Pink",2017,17227,4490,NA,NA,"Foos_20260708",NA,NA,NA,6393.09278592128,5217.4450688224,7833.64938782646,NA,NA,NA,NA,NA,NA
"Northern Transboundary","Pink",2018,2694,6812.1,NA,NA,"Foos_20260708",NA,NA,NA,6218.44874827514,5031.78893406883,7684.9616193372,NA,NA,NA,NA,NA,NA
"Northern Transboundary","Pink",2019,22521,7788.6,NA,NA,"Foos_20260708",NA,NA,NA,6048.5755689454,4851.34418328057,7541.26382937926,NA,NA,NA,NA,NA,NA
"Northern Transboundary","Pink",2020,6245,11859.3,NA,NA,"Foos_20260708",16872.5425951944,11463.8146938905,24833.155561941,5883.34291946866,4676.18073790591,7402.13559913914,NA,NA,NA,NA,NA,NA
"Northern Transboundary","Pink",2021,40913,15984.4,NA,NA,"Foos_20260708",12089.5643969714,9044.71788039598,16159.4390495372,5722.62403164404,4506.32601553168,7267.21184722941,NA,NA,NA,NA,NA,NA
"Northern Transboundary","Pink",2022,2710,10529.2,NA,NA,"Foos_20260708",8662.45063444954,6902.16737192631,10871.6649352033,5566.29560027541,4341.77225462478,7136.17502084365,NA,NA,NA,NA,NA,NA
"Northern Transboundary","Pink",2023,18323,7046.3,NA,NA,"Foos_20260708",6206.84488955395,4945.56149144619,7789.79769023485,5414.23768857031,4182.48292283255,7008.74822185348,NA,NA,NA,NA,NA,NA
"Northern Transboundary","Pink",2024,733,3665.4,NA,NA,"Foos_20260708",4447.34695858154,3327.24962089495,5944.51791227027,5266.33363612326,4028.39822802592,6884.68924795306,NA,NA,NA,NA,NA,NA
"Northern Transboundary","Pink",2025,12398,3015.1,NA,NA,"Foos_20260708",3186.626268572,2165.10895352522,4690.10437512602,5122.46996941257,3879.43979888368,6763.78548136876,NA,NA,NA,NA,NA,NA
"Northern Transboundary","Chum",1984,416,416.4,NA,NA,"Foos_20260708",NA,NA,NA,705.861012479862,592.810466430076,840.470600897978,NA,NA,NA,NA,NA,NA
"Northern Transboundary","Chum",1985,1776,860.1,NA,NA,"Foos_20260708",NA,NA,NA,670.5893229711,566.728723455813,793.48376299106,NA,NA,NA,NA,NA,NA
"Northern Transboundary","Chum",1986,139,468.1,NA,NA,"Foos_20260708",NA,NA,NA,637.080150528455,541.746236964851,749.190470562866,NA,NA,NA,NA,NA,NA
"Northern Transboundary","Chum",1987,1979,671.2,NA,NA,"Foos_20260708",NA,NA,NA,605.245422636785,517.813422220904,707.440181931985,NA,NA,NA,NA,NA,NA
"Northern Transboundary","Chum",1988,1044,844.5,NA,NA,"Foos_20260708",NA,NA,NA,575.00146774141,494.882578223397,668.091184562828,NA,NA,NA,NA,NA,NA
"Northern Transboundary","Chum",1989,544,628.2,NA,NA,"Foos_20260708",NA,NA,NA,546.268795333276,472.907784473534,631.010117727442,NA,NA,NA,NA,NA,NA
"Northern Transboundary","Chum",1990,657,927,NA,NA,"Foos_20260708",NA,NA,NA,518.971887023199,451.844804565931,596.071520129918,NA,NA,NA,NA,NA,NA
"Northern Transboundary","Chum",1991,1034,788.2,NA,NA,"Foos_20260708",NA,NA,NA,493.038998056079,431.650999111675,563.15739823239,NA,NA,NA,NA,NA,NA
"Northern Transboundary","Chum",1992,246,549.5,NA,NA,"Foos_20260708",NA,NA,NA,468.401968743398,412.285251715416,532.156809902419,NA,NA,NA,NA,NA,NA
"Northern Transboundary","Chum",1993,397,507.8,NA,NA,"Foos_20260708",NA,NA,NA,444.996045318379,393.70791329495,502.965456527787,NA,NA,NA,NA,NA,NA
"Northern Transboundary","Chum",1994,446,461,NA,NA,"Foos_20260708",NA,NA,NA,422.759709742974,375.880771915967,475.485274947558,NA,NA,NA,NA,NA,NA
"Northern Transboundary","Chum",1995,188,300.9,NA,NA,"Foos_20260708",NA,NA,NA,401.63451801935,358.767057344034,449.624018600876,NA,NA,NA,NA,NA,NA
"Northern Transboundary","Chum",1996,348,328,NA,NA,"Foos_20260708",NA,NA,NA,381.564946580902,342.331491260611,425.294815627845,NA,NA,NA,NA,NA,NA
"Northern Transboundary","Chum",1997,404,329.4,NA,NA,"Foos_20260708",NA,NA,NA,362.498246359074,326.540394721673,402.415691098209,NA,NA,NA,NA,NA,NA
"Northern Transboundary","Chum",1998,165,256.9,NA,NA,"Foos_20260708",NA,NA,NA,344.384304142422,311.361862616947,380.909042433268,NA,NA,NA,NA,NA,NA
"Northern Transboundary","Chum",1999,135,236.5,NA,NA,"Foos_20260708",NA,NA,NA,327.175510863519,296.766008820736,360.701063218684,NA,NA,NA,NA,NA,NA
"Northern Transboundary","Chum",2000,326,232.7,NA,NA,"Foos_20260708",NA,NA,NA,310.826636467545,282.72527362069,341.721122772156,NA,NA,NA,NA,NA,NA
"Northern Transboundary","Chum",2001,191,192.9,NA,NA,"Foos_20260708",NA,NA,NA,295.294711033642,269.214766182863,323.901127716051,NA,NA,NA,NA,NA,NA
"Northern Transboundary","Chum",2002,155,189.9,NA,NA,"Foos_20260708",NA,NA,NA,280.538911836622,256.2125913941,307.174915277362,NA,NA,NA,NA,NA,NA
"Northern Transboundary","Chum",2003,197,208.9,NA,NA,"Foos_20260708",NA,NA,NA,266.520456052156,243.700088929922,291.47774958209,NA,NA,NA,NA,NA,NA
"Northern Transboundary","Chum",2004,327,209,NA,NA,"Foos_20260708",NA,NA,NA,253.202498823467,231.661903424248,276.746001231972,NA,NA,NA,NA,NA,NA
"Northern Transboundary","Chum",2005,199,211.3,NA,NA,"Foos_20260708",NA,NA,NA,240.550036421602,220.085818920187,262.917076194801,NA,NA,NA,NA,NA,NA
"Northern Transboundary","Chum",2006,368,262.3,NA,NA,"Foos_20260708",NA,NA,NA,228.529814244752,208.962332120902,249.929618743554,NA,NA,NA,NA,NA,NA
"Northern Transboundary","Chum",2007,386,310.2,NA,NA,"Foos_20260708",NA,NA,NA,217.110239414833,198.283998089588,237.723954090682,NA,NA,NA,NA,NA,NA
"Northern Transboundary","Chum",2008,270,295.7,NA,NA,"Foos_20260708",NA,NA,NA,206.261297741586,188.044638015033,226.242680435494,NA,NA,NA,NA,NA,NA
"Northern Transboundary","Chum",2009,186,290.8,NA,NA,"Foos_20260708",NA,NA,NA,195.954474835961,178.238529184034,215.431289654497,NA,NA,NA,NA,NA,NA
"Northern Transboundary","Chum",2010,76,195.8,NA,NA,"Foos_20260708",NA,NA,NA,186.162681165441,168.859691653026,205.238701548254,NA,NA,NA,NA,NA,NA
"Northern Transboundary","Chum",2011,139,151.7,NA,NA,"Foos_20260708",NA,NA,NA,176.860180854343,159.901350529625,195.617632172754,NA,NA,NA,NA,NA,NA
"Northern Transboundary","Chum",2012,249,148.6,NA,NA,"Foos_20260708",NA,NA,NA,168.022524041932,151.355604817013,186.524764772029,NA,NA,NA,NA,NA,NA
"Northern Transboundary","Chum",2013,396,179.5,NA,NA,"Foos_20260708",NA,NA,NA,159.626482620598,143.213291288562,177.920734343595,NA,NA,NA,NA,NA,NA
"Northern Transboundary","Chum",2014,242,239.9,NA,NA,"Foos_20260708",163.547097676959,119.112684495922,224.557554652984,151.649989185171,135.464005022589,169.769963733373,NA,NA,NA,NA,NA,NA
"Northern Transboundary","Chum",2015,76,206.3,NA,NA,"Foos_20260708",153.755426220564,116.566855298019,202.80834574997,144.072079032924,128.096228260157,162.040399149873,NA,NA,NA,NA,NA,NA
"Northern Transboundary","Chum",2016,56,142.4,NA,NA,"Foos_20260708",144.549988523569,113.706151182709,183.760499892298,136.872835061822,121.097521755275,154.703190505587,NA,NA,NA,NA,NA,NA
"Northern Transboundary","Chum",2017,220,122.9,NA,NA,"Foos_20260708",135.895686388265,110.365311358343,167.33190303768,130.033335422193,114.454741874288,147.732352929442,NA,NA,NA,NA,NA,NA
"Northern Transboundary","Chum",2018,54,84.4,NA,NA,"Foos_20260708",127.759522968945,106.313233648813,153.532115890398,123.535603784222,108.154257593348,141.104434923983,NA,NA,NA,NA,NA,NA
"Northern Transboundary","Chum",2019,157,101,NA,NA,"Foos_20260708",120.110476962586,101.30305297443,142.409594307304,117.36256209058,102.182151398125,134.798208806533,NA,NA,NA,NA,NA,NA
"Northern Transboundary","Chum",2020,58,101.7,NA,NA,"Foos_20260708",112.919384331816,95.2379730901349,133.883438970387,111.497985669978,96.524395731376,128.794391451668,NA,NA,NA,NA,NA,NA
"Northern Transboundary","Chum",2021,44,68.1,NA,NA,"Foos_20260708",106.158827109215,88.3385279474568,127.573968403767,105.926460593692,91.1670019323505,123.075398072573,NA,NA,NA,NA,NA,NA
"Northern Transboundary","Chum",2022,199,94.5,NA,NA,"Foos_20260708",99.8030288589587,81.0532890871511,122.890072464698,100.633343162972,86.0961419348409,117.625128473479,NA,NA,NA,NA,NA,NA
"Northern Transboundary","Chum",2023,157,94.6,NA,NA,"Foos_20260708",93.8277563972592,73.8069450092122,119.279396667137,95.6047214208494,81.2982448485573,112.428783364078,NA,NA,NA,NA,NA,NA
"Northern Transboundary","Chum",2024,88,104.9,NA,NA,"Foos_20260708",88.2102273968528,66.8749654273941,116.352123214962,90.8273785871933,76.7600714152383,107.472707475669,NA,NA,NA,NA,NA,NA
"Northern Transboundary","Chum",2025,103,129.8,NA,NA,"Foos_20260708",82.9290235232757,60.3978838804767,113.865296276498,86.2887583209072,72.4687695785548,102.744255985924,NA,NA,NA,NA,NA,NA
"Northern Transboundary","Steelhead",1987,44,43.9,NA,NA,"Foos_20260708",NA,NA,NA,64.7053107777285,50.3998048780194,83.0712986483881,NA,NA,NA,NA,NA,NA
"Northern Transboundary","Steelhead",1988,33,37.8,NA,NA,"Foos_20260708",NA,NA,NA,63.5323609069723,49.9668028038855,80.7808516037353,NA,NA,NA,NA,NA,NA
"Northern Transboundary","Steelhead",1989,32,35.8,NA,NA,"Foos_20260708",NA,NA,NA,62.3806737638464,49.5300900227948,78.5653419454832,NA,NA,NA,NA,NA,NA
"Northern Transboundary","Steelhead",1990,38,36.3,NA,NA,"Foos_20260708",NA,NA,NA,61.2498639068265,49.0888795737132,76.4235374932798,NA,NA,NA,NA,NA,NA
"Northern Transboundary","Steelhead",1991,134,47.1,NA,NA,"Foos_20260708",NA,NA,NA,60.1395528815052,48.6422715724941,74.3543774553602,NA,NA,NA,NA,NA,NA
"Northern Transboundary","Steelhead",1992,29,43.3,NA,NA,"Foos_20260708",NA,NA,NA,59.049369093933,48.1892369258034,72.3569870126845,NA,NA,NA,NA,NA,NA
"Northern Transboundary","Steelhead",1993,18,38.6,NA,NA,"Foos_20260708",NA,NA,NA,57.9789476862546,47.7286000437834,70.430692953947,NA,NA,NA,NA,NA,NA
"Northern Transboundary","Steelhead",1994,130,51.1,NA,NA,"Foos_20260708",NA,NA,NA,56.9279304145999,47.2590214708981,68.5750394405688,NA,NA,NA,NA,NA,NA
"Northern Transboundary","Steelhead",1995,52,54.6,NA,NA,"Foos_20260708",NA,NA,NA,55.8959655291888,46.7789820608147,66.789802274416,NA,NA,NA,NA,NA,NA
"Northern Transboundary","Steelhead",1996,61,46.6,NA,NA,"Foos_20260708",NA,NA,NA,54.882707656609,46.2867713415772,65.0749990206203,NA,NA,NA,NA,NA,NA
"Northern Transboundary","Steelhead",1997,86,58,NA,NA,"Foos_20260708",NA,NA,NA,53.8878176842278,45.7804840967535,63.4308909585012,NA,NA,NA,NA,NA,NA
"Northern Transboundary","Steelhead",1998,110,83,NA,NA,"Foos_20260708",NA,NA,NA,52.9109626466996,45.2580308853051,61.8579711365533,NA,NA,NA,NA,NA,NA
"Northern Transboundary","Steelhead",1999,98,78.3,NA,NA,"Foos_20260708",NA,NA,NA,51.9518156145305,44.7171700051289,60.3569310253,NA,NA,NA,NA,NA,NA
"Northern Transboundary","Steelhead",2000,123,92.9,NA,NA,"Foos_20260708",NA,NA,NA,51.010055584663,44.1555697032115,58.9285969638654,NA,NA,NA,NA,NA,NA
"Northern Transboundary","Steelhead",2001,95,101.6,NA,NA,"Foos_20260708",NA,NA,NA,50.0853673730442,43.5709092107759,57.5738278207054,NA,NA,NA,NA,NA,NA
"Northern Transboundary","Steelhead",2002,66,96.4,NA,NA,"Foos_20260708",NA,NA,NA,49.177441509141,42.9610239603244,56.2933685104541,NA,NA,NA,NA,NA,NA
"Northern Transboundary","Steelhead",2003,68,87.7,NA,NA,"Foos_20260708",NA,NA,NA,48.2859741323686,42.3240926683444,55.0876616820092,NA,NA,NA,NA,NA,NA
"Northern Transboundary","Steelhead",2004,50,76.6,NA,NA,"Foos_20260708",NA,NA,NA,47.4106668903949,41.6588515038633,53.9566323565962,NA,NA,NA,NA,NA,NA
"Northern Transboundary","Steelhead",2005,61,66.5,NA,NA,"Foos_20260708",NA,NA,NA,46.5512268392902,40.964805597721,52.8994752598951,NA,NA,NA,NA,NA,NA
"Northern Transboundary","Steelhead",2006,37,55.1,NA,NA,"Foos_20260708",NA,NA,NA,45.7073663454853,40.2423964045121,51.9144863352661,NA,NA,NA,NA,NA,NA
"Northern Transboundary","Steelhead",2007,46,51.2,NA,NA,"Foos_20260708",NA,NA,NA,44.8788029895081,39.49308245453,50.9989808997563,NA,NA,NA,NA,NA,NA
"Northern Transboundary","Steelhead",2008,NA,47.6,NA,NA,"Foos_20260708",NA,NA,NA,44.0652594714641,38.7193056162818,50.149326321362,NA,NA,NA,NA,NA,NA
"Northern Transboundary","Steelhead",2009,42,45.6,NA,NA,"Foos_20260708",NA,NA,NA,43.2664635182317,37.9243423019114,49.3610897842816,NA,NA,NA,NA,NA,NA
"Northern Transboundary","Steelhead",2010,142,56.4,NA,NA,"Foos_20260708",NA,NA,NA,42.4821477923384,37.1120683220872,48.6292724347027,NA,NA,NA,NA,NA,NA
"Northern Transboundary","Steelhead",2011,73,66.7,NA,NA,"Foos_20260708",47.9645252339078,34.3281316682963,67.0177947097216,41.7120498024895,36.2866847197726,47.9485825768288,NA,NA,NA,NA,NA,NA
"Northern Transboundary","Steelhead",2012,26,57.8,NA,NA,"Foos_20260708",45.3641651685352,33.5846636401732,61.275214886372,40.9559118157194,35.4524534076633,47.3136990935133,NA,NA,NA,NA,NA,NA
"Northern Transboundary","Steelhead",2013,16,44.8,NA,NA,"Foos_20260708",42.9047816360608,32.7950025406885,56.1311219584193,40.2134807711337,34.6134785641219,46.7194891358461,NA,NA,NA,NA,NA,NA
"Northern Transboundary","Steelhead",2014,117,55.1,NA,NA,"Foos_20260708",40.5787317015339,31.9388836606437,51.5557614348968,39.4845081952165,33.773550924076,46.1611629444253,NA,NA,NA,NA,NA,NA
"Northern Transboundary","Steelhead",2015,38,42.2,NA,NA,"Foos_20260708",38.378786785879,30.9885803291941,47.5314215594549,38.7687501186724,32.936055393061,45.6343653733568,NA,NA,NA,NA,NA,NA
"Northern Transboundary","Steelhead",2016,11,29,NA,NA,"Foos_20260708",36.2981102019086,29.9092845481951,44.0516322651191,38.0659669947757,32.103931919821,45.1352141808129,NA,NA,NA,NA,NA,NA
"Northern Transboundary","Steelhead",2017,9,23.6,NA,NA,"Foos_20260708",34.3302359082043,28.6655434274132,41.1143469335344,37.3759236192001,31.2796754459126,44.6602992669742,NA,NA,NA,NA,NA,NA
"Northern Transboundary","Steelhead",2018,20,24.7,NA,NA,"Foos_20260708",32.4690484148398,27.2376746376308,38.7051801958419,36.6983890513015,30.4653610888697,44.2066567020837,NA,NA,NA,NA,NA,NA
"Northern Transboundary","Steelhead",2019,31,18.9,NA,NA,"Foos_20260708",30.7087637784997,25.6416356720805,36.7772237646483,36.0331365368277,29.6626832793832,43.7717288234711,NA,NA,NA,NA,NA,NA
"Northern Transboundary","Steelhead",2020,25,17.4,NA,NA,"Foos_20260708",29.0439116279332,23.9318965213458,35.247887767641,35.3799434320299,28.8730007217433,43.353318531627,NA,NA,NA,NA,NA,NA
"Northern Transboundary","Steelhead",2021,24,20.3,NA,NA,"Foos_20260708",27.469318163885,22.1798353673581,34.0202453215332,34.7385911291483,28.0973818857494,42.9495430764743,NA,NA,NA,NA,NA,NA
"Northern Transboundary","Steelhead",2022,52,28.7,NA,NA,"Foos_20260708",25.9800900806706,20.4485216709769,33.0080135601075,34.1088649832504,27.3366479328979,42.5587904303917,NA,NA,NA,NA,NA,NA
"Northern Transboundary","Steelhead",2023,23,29.5,NA,NA,"Foos_20260708",24.5715993594323,18.7817215865765,32.1463339927246,33.4905542403937,26.5914115118354,42.1796798123913,NA,NA,NA,NA,NA,NA
"Northern Transboundary","Steelhead",2024,54,33.1,NA,NA,"Foos_20260708",23.2394688858165,17.2049842162148,31.3904916916949,32.8834519670924,25.8621108438996,41.8110269420308,NA,NA,NA,NA,NA,NA
"Northern Transboundary","Steelhead",2025,44,37,NA,NA,"Foos_20260708",21.9795588473778,15.7307340465557,30.7106461590152,32.2873549810612,25.1490391053472,41.4518140158844,NA,NA,NA,NA,NA,NA
"Haida Gwaii","Chinook",1935,1500,1500,NA,NA,"NuSEDS_20251103",NA,NA,NA,1329.00759488469,1043.399071485,1692.79543707794,NA,NA,NA,NA,NA,NA
"Haida Gwaii","Chinook",1936,1500,1500,NA,NA,"NuSEDS_20251103",NA,NA,NA,1336.46964663806,1053.83674122048,1694.90305900349,NA,NA,NA,NA,NA,NA
"Haida Gwaii","Chinook",1937,NA,1500,NA,NA,"NuSEDS_20251103",NA,NA,NA,1343.97359598222,1064.3465935051,1697.06469463956,NA,NA,NA,NA,NA,NA
"Haida Gwaii","Chinook",1938,3500,1989.5,NA,NA,"NuSEDS_20251103",NA,NA,NA,1351.51967816188,1074.92686424259,1699.28345938758,NA,NA,NA,NA,NA,NA
"Haida Gwaii","Chinook",1939,750,1558.9,NA,NA,"NuSEDS_20251103",NA,NA,NA,1359.10812974256,1085.57558244671,1701.56269006079,NA,NA,NA,NA,NA,NA
"Haida Gwaii","Chinook",1940,2000,1675.2,NA,NA,"NuSEDS_20251103",NA,NA,NA,1366.73918861808,1096.29055308997,1703.90596219167,NA,NA,NA,NA,NA,NA
"Haida Gwaii","Chinook",1941,NA,1738,NA,NA,"NuSEDS_20251103",NA,NA,NA,1374.41309401793,1107.06933867495,1706.31710861841,NA,NA,NA,NA,NA,NA
"Haida Gwaii","Chinook",1942,3500,2070.4,NA,NA,"NuSEDS_20251103",NA,NA,NA,1382.13008651485,1117.90923948006,1708.8002393987,NA,NA,NA,NA,NA,NA
"Haida Gwaii","Chinook",1943,1000,1513.7,NA,NA,"NuSEDS_20251103",NA,NA,NA,1389.89040803232,1128.80727244442,1711.35976308602,NA,NA,NA,NA,NA,NA
"Haida Gwaii","Chinook",1944,2000,1934.3,NA,NA,"NuSEDS_20251103",NA,NA,NA,1397.69430185217,1139.76014867468,1714.0004093858,NA,NA,NA,NA,NA,NA
"Haida Gwaii","Chinook",1945,NA,1912.9,NA,NA,"NuSEDS_20251103",NA,NA,NA,1405.54201262219,1150.7642495815,1716.72725318369,NA,NA,NA,NA,NA,NA
"Haida Gwaii","Chinook",1946,NA,1912.9,NA,NA,"NuSEDS_20251103",NA,NA,NA,1413.43378636381,1161.8156016857,1719.54573990581,NA,NA,NA,NA,NA,NA
"Haida Gwaii","Chinook",1947,1500,1442.3,NA,NA,"NuSEDS_20251103",NA,NA,NA,1421.36987047982,1172.90985017654,1722.46171212879,NA,NA,NA,NA,NA,NA
"Haida Gwaii","Chinook",1948,750,1310.4,NA,NA,"NuSEDS_20251103",NA,NA,NA,1429.35051376209,1184.04223135836,1725.48143730323,NA,NA,NA,NA,NA,NA
"Haida Gwaii","Chinook",1949,NA,1060.7,NA,NA,"NuSEDS_20251103",NA,NA,NA,1437.37596639942,1195.20754418875,1728.61163638739,NA,NA,NA,NA,NA,NA
"Haida Gwaii","Chinook",1950,NA,1060.7,NA,NA,"NuSEDS_20251103",NA,NA,NA,1445.44647998535,1206.40012119508,1731.85951310445,NA,NA,NA,NA,NA,NA
"Haida Gwaii","Chinook",1951,NA,1060.7,NA,NA,"NuSEDS_20251103",NA,NA,NA,1453.56230752607,1217.61379915641,1735.23278343621,NA,NA,NA,NA,NA,NA
"Haida Gwaii","Chinook",1952,1500,1060.7,NA,NA,"NuSEDS_20251103",NA,NA,NA,1461.7237034483,1228.84189005928,1738.73970484482,NA,NA,NA,NA,NA,NA
"Haida Gwaii","Chinook",1953,NA,1500,NA,NA,"NuSEDS_20251103",NA,NA,NA,1469.93092360735,1240.0771529774,1742.38910457254,NA,NA,NA,NA,NA,NA
"Haida Gwaii","Chinook",1954,NA,1500,NA,NA,"NuSEDS_20251103",NA,NA,NA,1478.18422529506,1251.31176768967,1746.19040620503,NA,NA,NA,NA,NA,NA
"Haida Gwaii","Chinook",1955,NA,1500,NA,NA,"NuSEDS_20251103",NA,NA,NA,1486.48386724792,1262.5373110361,1750.15365349875,NA,NA,NA,NA,NA,NA
"Haida Gwaii","Chinook",1956,750,1060.7,NA,NA,"NuSEDS_20251103",NA,NA,NA,1494.83010965515,1273.74473721503,1754.28953026904,NA,NA,NA,NA,NA,NA
"Haida Gwaii","Chinook",1957,1500,1060.7,NA,NA,"NuSEDS_20251103",NA,NA,NA,1503.22321416687,1284.92436344185,1758.60937491863,NA,NA,NA,NA,NA,NA
"Haida Gwaii","Chinook",1958,NA,1060.7,NA,NA,"NuSEDS_20251103",NA,NA,NA,1511.66344390232,1296.0658626103,1763.12518796564,NA,NA,NA,NA,NA,NA
"Haida Gwaii","Chinook",1959,3500,1579.1,NA,NA,"NuSEDS_20251103",NA,NA,NA,1520.15106345807,1307.15826480824,1767.84963071913,NA,NA,NA,NA,NA,NA
"Haida Gwaii","Chinook",1960,750,1310.9,NA,NA,"NuSEDS_20251103",NA,NA,NA,1528.68633891634,1318.18996972177,1772.79601306835,NA,NA,NA,NA,NA,NA
"Haida Gwaii","Chinook",1961,3500,1926.7,NA,NA,"NuSEDS_20251103",NA,NA,NA,1537.26953785333,1329.14877208987,1777.97826822353,NA,NA,NA,NA,NA,NA
"Haida Gwaii","Chinook",1962,1500,1926.7,NA,NA,"NuSEDS_20251103",NA,NA,NA,1545.90092934763,1340.0219024151,1783.4109122028,NA,NA,NA,NA,NA,NA
"Haida Gwaii","Chinook",1963,NA,1926.7,NA,NA,"NuSEDS_20251103",NA,NA,NA,1554.58078398862,1350.7960850588,1789.10898593661,NA,NA,NA,NA,NA,NA
"Haida Gwaii","Chinook",1964,7500,2331.2,NA,NA,"NuSEDS_20251103",NA,NA,NA,1563.309373885,1361.45761561384,1795.08797809678,NA,NA,NA,NA,NA,NA
"Haida Gwaii","Chinook",1965,15000,4929.8,NA,NA,"NuSEDS_20251103",NA,NA,NA,1572.08697267327,1371.99245901698,1801.36372718826,NA,NA,NA,NA,NA,NA
"Haida Gwaii","Chinook",1966,7500,5964.5,NA,NA,"NuSEDS_20251103",NA,NA,NA,1580.91385552635,1382.38636920649,1807.95230209758,NA,NA,NA,NA,NA,NA
"Haida Gwaii","Chinook",1967,1500,5964.5,NA,NA,"NuSEDS_20251103",NA,NA,NA,1589.79029916216,1392.62503023493,1814.8698611885,NA,NA,NA,NA,NA,NA
"Haida Gwaii","Chinook",1968,1500,4525.6,NA,NA,"NuSEDS_20251103",NA,NA,NA,1598.71658185236,1402.69421761845,1822.13249116346,NA,NA,NA,NA,NA,NA
"Haida Gwaii","Chinook",1969,1500,3280.1,NA,NA,"NuSEDS_20251103",NA,NA,NA,1607.692983431,1412.57997738196,1829.75602823117,NA,NA,NA,NA,NA,NA
"Haida Gwaii","Chinook",1970,800,1825.1,NA,NA,"NuSEDS_20251103",NA,NA,NA,1616.71978530337,1422.2688188208,1837.75586556025,NA,NA,NA,NA,NA,NA
"Haida Gwaii","Chinook",1971,500,1061.9,NA,NA,"NuSEDS_20251103",NA,NA,NA,1625.79727045475,1431.74791555486,1846.14675244263,NA,NA,NA,NA,NA,NA
"Haida Gwaii","Chinook",1972,1000,979.2,NA,NA,"NuSEDS_20251103",NA,NA,NA,1634.92572345932,1441.00530814805,1854.94259189388,NA,NA,NA,NA,NA,NA
"Haida Gwaii","Chinook",1973,900,884.1,NA,NA,"NuSEDS_20251103",NA,NA,NA,1644.10543048909,1450.03010056566,1864.15624441811,NA,NA,NA,NA,NA,NA
"Haida Gwaii","Chinook",1974,1000,815.2,NA,NA,"NuSEDS_20251103",NA,NA,NA,1653.33667932283,1458.81264220344,1873.79934620351,NA,NA,NA,NA,NA,NA
"Haida Gwaii","Chinook",1975,1500,924.4,NA,NA,"NuSEDS_20251103",NA,NA,NA,1662.61975935513,1467.34468727317,1883.88214996379,NA,NA,NA,NA,NA,NA
"Haida Gwaii","Chinook",1976,700,988.8,NA,NA,"NuSEDS_20251103",NA,NA,NA,1671.95496160547,1475.61952403883,1894.41339593146,NA,NA,NA,NA,NA,NA
"Haida Gwaii","Chinook",1977,800,945.6,NA,NA,"NuSEDS_20251103",NA,NA,NA,1681.34257872732,1483.63206775735,1905.40021914907,NA,NA,NA,NA,NA,NA
"Haida Gwaii","Chinook",1978,600,871.9,NA,NA,"NuSEDS_20251103",NA,NA,NA,1690.78290501733,1491.37891309127,1916.84809729096,NA,NA,NA,NA,NA,NA
"Haida Gwaii","Chinook",1979,400,725.9,NA,NA,"NuSEDS_20251103",NA,NA,NA,1700.27623642456,1498.85834405442,1928.76084095449,NA,NA,NA,NA,NA,NA
"Haida Gwaii","Chinook",1980,600,604.4,NA,NA,"NuSEDS_20251103",NA,NA,NA,1709.82287055973,1506.07030199555,1941.14062591598,NA,NA,NA,NA,NA,NA
"Haida Gwaii","Chinook",1981,750,612.8,NA,NA,"NuSEDS_20251103",NA,NA,NA,1719.4231067046,1513.01631446979,1953.98806450128,NA,NA,NA,NA,NA,NA
"Haida Gwaii","Chinook",1982,1400,685.4,NA,NA,"NuSEDS_20251103",NA,NA,NA,1729.0772458213,1519.69938986517,1967.30231120395,NA,NA,NA,NA,NA,NA
"Haida Gwaii","Chinook",1983,600,685.4,NA,NA,"NuSEDS_20251103",NA,NA,NA,1738.78559056181,1526.12388416484,1981.08119617033,NA,NA,NA,NA,NA,NA
"Haida Gwaii","Chinook",1984,300,647,NA,NA,"NuSEDS_20251103",NA,NA,NA,1748.54844527742,1532.29534713611,1995.3213792605,NA,NA,NA,NA,NA,NA
"Haida Gwaii","Chinook",1985,1500,777.2,NA,NA,"NuSEDS_20251103",NA,NA,NA,1758.36611602825,1538.22035552734,2010.01851710402,NA,NA,NA,NA,NA,NA
"Haida Gwaii","Chinook",1986,500,716.6,NA,NA,"NuSEDS_20251103",NA,NA,NA,1768.23891059292,1543.90634058058,2025.16743584269,NA,NA,NA,NA,NA,NA
"Haida Gwaii","Chinook",1987,2000,769.6,NA,NA,"NuSEDS_20251103",NA,NA,NA,1778.16713847812,1549.36141644136,2040.76230297886,NA,NA,NA,NA,NA,NA
"Haida Gwaii","Chinook",1988,2200,998,NA,NA,"NuSEDS_20251103",NA,NA,NA,1788.15111092834,1554.59421500904,2056.796792786,NA,NA,NA,NA,NA,NA
"Haida Gwaii","Chinook",1989,2800,1560,NA,NA,"NuSEDS_20251103",NA,NA,NA,1798.19114093566,1559.61373156545,2073.26424094376,NA,NA,NA,NA,NA,NA
"Haida Gwaii","Chinook",1990,2000,1652.4,NA,NA,"NuSEDS_20251103",NA,NA,NA,1808.28754324951,1564.42918427806,2090.15778530131,NA,NA,NA,NA,NA,NA
"Haida Gwaii","Chinook",1991,1900,2158.1,NA,NA,"NuSEDS_20251103",NA,NA,NA,1818.44063438657,1569.04988950114,2107.47049084563,NA,NA,NA,NA,NA,NA
"Haida Gwaii","Chinook",1992,2000,2158.1,NA,NA,"NuSEDS_20251103",NA,NA,NA,1828.65073264068,1573.48515376468,2125.19545798486,NA,NA,NA,NA,NA,NA
"Haida Gwaii","Chinook",1993,1000,1843.3,NA,NA,"NuSEDS_20251103",NA,NA,NA,1838.91815809282,1577.74418248935,2143.32591410858,NA,NA,NA,NA,NA,NA
"Haida Gwaii","Chinook",1994,2000,1723.3,NA,NA,"NuSEDS_20251103",NA,NA,NA,1849.24323262115,1581.83600480776,2161.85528904479,NA,NA,NA,NA,NA,NA
"Haida Gwaii","Chinook",1995,1500,1627,NA,NA,"NuSEDS_20251103",NA,NA,NA,1859.62627991111,1585.76941340285,2180.77727550259,NA,NA,NA,NA,NA,NA
"Haida Gwaii","Chinook",1996,3000,1782.6,NA,NA,"NuSEDS_20251103",NA,NA,NA,1870.06762546552,1589.55291797277,2200.08587589164,NA,NA,NA,NA,NA,NA
"Haida Gwaii","Chinook",1997,2500,1864,NA,NA,"NuSEDS_20251103",NA,NA,NA,1880.56759661485,1593.19471077054,2219.77543706967,NA,NA,NA,NA,NA,NA
"Haida Gwaii","Chinook",1998,3000,2322,NA,NA,"NuSEDS_20251103",NA,NA,NA,1891.12652252744,1596.70264261714,2239.84067461975,NA,NA,NA,NA,NA,NA
"Haida Gwaii","Chinook",1999,3200,2550.9,NA,NA,"NuSEDS_20251103",NA,NA,NA,1901.74473421983,1600.0842078196,2260.27668822576,NA,NA,NA,NA,NA,NA
"Haida Gwaii","Chinook",2000,3600,3039,NA,NA,"NuSEDS_20251103",NA,NA,NA,1912.42256456713,1603.34653651526,2281.07896962466,NA,NA,NA,NA,NA,NA
"Haida Gwaii","Chinook",2001,NA,3048.8,NA,NA,"NuSEDS_20251103",NA,NA,NA,1923.16034831347,1606.49639308966,2302.24340448847,NA,NA,NA,NA,NA,NA
"Haida Gwaii","Chinook",2002,3500,3316.4,NA,NA,"NuSEDS_20251103",NA,NA,NA,1933.95842208249,1609.54017946006,2323.76626944379,NA,NA,NA,NA,NA,NA
"Haida Gwaii","Chinook",2003,4000,3563.7,NA,NA,"NuSEDS_20251103",NA,NA,NA,1944.81712438787,1612.4839421684,2345.64422528513,NA,NA,NA,NA,NA,NA
"Haida Gwaii","Chinook",2004,NA,3693.8,NA,NA,"NuSEDS_20251103",NA,NA,NA,1955.73679564399,1615.3333823761,2367.87430728976,NA,NA,NA,NA,NA,NA
"Haida Gwaii","Chinook",2005,5000,4121.3,NA,NA,"NuSEDS_20251103",NA,NA,NA,1966.71777817655,1618.09386799387,2390.45391340076,NA,NA,NA,NA,NA,NA
"Haida Gwaii","Chinook",2006,5000,4325.3,NA,NA,"NuSEDS_20251103",NA,NA,NA,1977.76041623334,1620.77044730836,2413.38079091671,NA,NA,NA,NA,NA,NA
"Haida Gwaii","Chinook",2007,NA,4641.6,NA,NA,"NuSEDS_20251103",NA,NA,NA,1988.865055995,1623.36786358182,2436.6530222117,NA,NA,NA,NA,NA,NA
"Haida Gwaii","Chinook",2008,NA,5000,NA,NA,"NuSEDS_20251103",NA,NA,NA,2000.0320455859,1625.89057020194,2460.26900990866,NA,NA,NA,NA,NA,NA
"Haida Gwaii","Chinook",2009,NA,5000,NA,NA,"NuSEDS_20251103",NA,NA,NA,2011.26173508505,1628.3427460449,2484.22746184284,NA,NA,NA,NA,NA,NA
"Haida Gwaii","Chinook",2010,NA,5000,NA,NA,"NuSEDS_20251103",NA,NA,NA,2022.55447653706,1630.7283107887,2508.52737607875,NA,NA,NA,NA,NA,NA
"Haida Gwaii","Chinook",2011,NA,NA,NA,NA,"NuSEDS_20251103",NA,NA,NA,NA,NA,NA,NA,NA,NA,NA,NA,NA
"Haida Gwaii","Chinook",2012,NA,NA,NA,NA,"NuSEDS_20251103",NA,NA,NA,NA,NA,NA,NA,NA,NA,NA,NA,NA
"Haida Gwaii","Chinook",2013,NA,NA,NA,NA,"NuSEDS_20251103",NA,NA,NA,NA,NA,NA,NA,NA,NA,NA,NA,NA
"Haida Gwaii","Chinook",2014,NA,NA,NA,NA,"NuSEDS_20251103",NA,NA,NA,NA,NA,NA,NA,NA,NA,NA,NA,NA
"Haida Gwaii","Chinook",2015,NA,NA,NA,NA,"NuSEDS_20251103",NA,NA,NA,NA,NA,NA,NA,NA,NA,NA,NA,NA
"Haida Gwaii","Chinook",2016,NA,NA,NA,NA,"NuSEDS_20251103",NA,NA,NA,NA,NA,NA,NA,NA,NA,NA,NA,NA
"Haida Gwaii","Chinook",2017,NA,NA,NA,NA,"NuSEDS_20251103",NA,NA,NA,NA,NA,NA,NA,NA,NA,NA,NA,NA
"Haida Gwaii","Chinook",2018,NA,NA,NA,NA,"NuSEDS_20251103",NA,NA,NA,NA,NA,NA,NA,NA,NA,NA,NA,NA
"Haida Gwaii","Chinook",2019,NA,NA,NA,NA,"NuSEDS_20251103",NA,NA,NA,NA,NA,NA,NA,NA,NA,NA,NA,NA
"Haida Gwaii","Chinook",2020,NA,NA,NA,NA,"NuSEDS_20251103",NA,NA,NA,NA,NA,NA,NA,NA,NA,NA,NA,NA
"Haida Gwaii","Chinook",2021,1000,1000,NA,NA,"Spoljaric_20260409",1250.85612787687,914.447938990018,1711.02255900452,2151.03874718406,1653.47745623869,2798.32523535731,NA,NA,NA,NA,NA,NA
"Haida Gwaii","Chinook",2022,3150,1774.8,NA,NA,"Spoljaric_20260409",1399.42274232974,1121.36810383221,1746.4238594419,2163.11630228365,1655.29405453506,2826.73167609458,NA,NA,NA,NA,NA,NA
"Haida Gwaii","Chinook",2023,1700,1749.5,NA,NA,"Spoljaric_20260409",1565.63490245177,1306.60082614877,1876.0225760764,2175.26166989354,1657.0775166475,2855.48701552661,NA,NA,NA,NA,NA,NA
"Haida Gwaii","Chinook",2024,1500,1683.5,NA,NA,"Spoljaric_20260409",1751.5884040118,1403.56113123565,2185.91258249479,2187.47523076433,1658.82945593305,2884.5930291948,NA,NA,NA,NA,NA,NA
"Haida Gwaii","Chinook",2025,2350,1799.6,NA,NA,"Spoljaric_20260409",1959.62796451718,1432.6010109424,2680.5382168421,2199.75736778448,1660.5513907938,2914.05162402647,NA,NA,NA,NA,NA,NA
"Haida Gwaii","Chum",1950,886394,886394.1,NA,NA,"PSF_20260428",NA,NA,NA,531679.243882857,454436.920713995,622050.730234916,NA,NA,NA,NA,NA,NA
"Haida Gwaii","Chum",1951,1001030,941969.7,NA,NA,"PSF_20260428",NA,NA,NA,522328.303608397,447852.813750859,609188.66282305,NA,NA,NA,NA,NA,NA
"Haida Gwaii","Chum",1952,1357418,1063969.3,NA,NA,"PSF_20260428",NA,NA,NA,513141.8235513,441353.878469276,596606.360389973,NA,NA,NA,NA,NA,NA
"Haida Gwaii","Chum",1953,353079,807541.6,NA,NA,"PSF_20260428",NA,NA,NA,504116.911257727,434938.537660939,584298.327719454,NA,NA,NA,NA,NA,NA
"Haida Gwaii","Chum",1954,704242,785735.5,NA,NA,"PSF_20260428",NA,NA,NA,495250.725145043,428605.210233341,572259.214075255,NA,NA,NA,NA,NA,NA
"Haida Gwaii","Chum",1955,84724,491306,NA,NA,"PSF_20260428",NA,NA,NA,486540.473607117,422352.309471837,560483.812090113,NA,NA,NA,NA,NA,NA
"Haida Gwaii","Chum",1956,169813,344553.5,NA,NA,"PSF_20260428",NA,NA,NA,477983.414135354,416178.241249051,548967.056765874,NA,NA,NA,NA,NA,NA
"Haida Gwaii","Chum",1957,532787,285775.3,NA,NA,"PSF_20260428",NA,NA,NA,469576.852455194,410081.40219542,537704.024569855,NA,NA,NA,NA,NA,NA
"Haida Gwaii","Chum",1958,283217,273447.5,NA,NA,"PSF_20260428",NA,NA,NA,461318.141677789,404060.177850367,526689.932606669,NA,NA,NA,NA,NA,NA
"Haida Gwaii","Chum",1959,96252,183658.8,NA,NA,"PSF_20260428",NA,NA,NA,453204.681466609,398112.940820833,515920.137837685,NA,NA,NA,NA,NA,NA
"Haida Gwaii","Chum",1960,260597,229934.8,NA,NA,"PSF_20260428",NA,NA,NA,445233.917218694,392238.048982834,505390.136311274,NA,NA,NA,NA,NA,NA
"Haida Gwaii","Chum",1961,323785,261614.8,NA,NA,"PSF_20260428",NA,NA,NA,437403.339260317,386433.84377273,495095.562356065,NA,NA,NA,NA,NA,NA
"Haida Gwaii","Chum",1962,389881,245775.1,NA,NA,"PSF_20260428",NA,NA,NA,429710.482056785,380698.648628198,485032.187676111,NA,NA,NA,NA,NA,NA
"Haida Gwaii","Chum",1963,392585,262362,NA,NA,"PSF_20260428",NA,NA,NA,422152.923436144,375030.767654959,475195.920270853,NA,NA,NA,NA,NA,NA
"Haida Gwaii","Chum",1964,736256,394116.5,NA,NA,"PSF_20260428",NA,NA,NA,414728.283826534,369428.484614108,465582.803083977,NA,NA,NA,NA,NA,NA
"Haida Gwaii","Chum",1965,511118,450956.7,NA,NA,"PSF_20260428",NA,NA,NA,407434.225506955,363890.062346816,456189.012263375,NA,NA,NA,NA,NA,NA
"Haida Gwaii","Chum",1966,604140,510870.5,NA,NA,"PSF_20260428",NA,NA,NA,400268.451871214,358413.742777963,447010.854889655,NA,NA,NA,NA,NA,NA
"Haida Gwaii","Chum",1967,409923,516017.8,NA,NA,"PSF_20260428",NA,NA,NA,393228.706704816,352997.747667587,438044.766003307,NA,NA,NA,NA,NA,NA
"Haida Gwaii","Chum",1968,450941,530520.1,NA,NA,"PSF_20260428",NA,NA,NA,386312.773474573,347640.28030813,429287.304731606,NA,NA,NA,NA,NA,NA
"Haida Gwaii","Chum",1969,344760,455826.2,NA,NA,"PSF_20260428",NA,NA,NA,379518.474630705,342339.52839475,420735.149287032,NA,NA,NA,NA,NA,NA
"Haida Gwaii","Chum",1970,317964,414544.1,NA,NA,"PSF_20260428",NA,NA,NA,372843.670921219,337093.668323251,412385.090581727,NA,NA,NA,NA,NA,NA
"Haida Gwaii","Chum",1971,338196,369127.8,NA,NA,"PSF_20260428",NA,NA,NA,366286.260718343,331900.871191979,404234.024180737,NA,NA,NA,NA,NA,NA
"Haida Gwaii","Chum",1972,245597,333181.5,NA,NA,"PSF_20260428",NA,NA,NA,359844.179356809,326759.310795902,396278.940304947,NA,NA,NA,NA,NA,NA
"Haida Gwaii","Chum",1973,300223,307146.6,NA,NA,"PSF_20260428",NA,NA,NA,353515.39848377,321667.17389689,388516.911598814,NA,NA,NA,NA,NA,NA
"Haida Gwaii","Chum",1974,242743,286333.3,NA,NA,"PSF_20260428",NA,NA,NA,347297.925420157,316622.673026917,380945.078405333,NA,NA,NA,NA,NA,NA
"Haida Gwaii","Chum",1975,147531,245568.7,NA,NA,"PSF_20260428",NA,NA,NA,341189.802533262,311624.062022398,373560.631349191,NA,NA,NA,NA,NA,NA
"Haida Gwaii","Chum",1976,229347,227215.4,NA,NA,"PSF_20260428",NA,NA,NA,335189.106620359,306669.654390031,366360.791126931,NA,NA,NA,NA,NA,NA
"Haida Gwaii","Chum",1977,274871,232390.8,NA,NA,"PSF_20260428",NA,NA,NA,329293.948303162,301757.84446055,359342.785546911,NA,NA,NA,NA,NA,NA
"Haida Gwaii","Chum",1978,315638,234729.7,NA,NA,"PSF_20260428",NA,NA,NA,323502.471432942,296887.131093324,352503.824055359,NA,NA,NA,NA,NA,NA
"Haida Gwaii","Chum",1979,128152,206577.9,NA,NA,"PSF_20260428",NA,NA,NA,317812.852506091,292056.143453693,345841.070225845,NA,NA,NA,NA,NA,NA
"Haida Gwaii","Chum",1980,253008,230109.2,NA,NA,"PSF_20260428",NA,NA,NA,312223.300089982,287263.668107125,339351.61296738,NA,NA,NA,NA,NA,NA
"Haida Gwaii","Chum",1981,249138,233950.2,NA,NA,"PSF_20260428",NA,NA,NA,306732.054258916,282508.676380171,333032.43750038,NA,NA,NA,NA,NA,NA
"Haida Gwaii","Chum",1982,337046,243688.9,NA,NA,"PSF_20260428",NA,NA,NA,301337.386039989,277790.35065996,326880.39742808,NA,NA,NA,NA,NA,NA
"Haida Gwaii","Chum",1983,229453,228631.9,NA,NA,"PSF_20260428",NA,NA,NA,296037.596868715,273108.108082605,320892.189452304,NA,NA,NA,NA,NA,NA
"Haida Gwaii","Chum",1984,407353,288128.2,NA,NA,"PSF_20260428",NA,NA,NA,290831.018054207,268461.619942343,315064.332401079,NA,NA,NA,NA,NA,NA
"Haida Gwaii","Chum",1985,467908,325830,NA,NA,"PSF_20260428",NA,NA,NA,285716.010253781,263850.825179886,309393.152208954,NA,NA,NA,NA,NA,NA
"Haida Gwaii","Chum",1986,426743,362857.7,NA,NA,"PSF_20260428",NA,NA,NA,280690.962956789,259275.936509427,303874.774289919,NA,NA,NA,NA,NA,NA
"Haida Gwaii","Chum",1987,425502,380170.7,NA,NA,"PSF_20260428",NA,NA,NA,275754.293977535,254737.438124984,298505.124361581,NA,NA,NA,NA,NA,NA
"Haida Gwaii","Chum",1988,355375,414932.2,NA,NA,"PSF_20260428",NA,NA,NA,270904.448957108,250236.074464347,293279.93824172,NA,NA,NA,NA,NA,NA
"Haida Gwaii","Chum",1989,346100,401627.3,NA,NA,"PSF_20260428",NA,NA,NA,266139.900873975,245772.830148787,288194.780498438,NA,NA,NA,NA,NA,NA
"Haida Gwaii","Chum",1990,368786,382953.4,NA,NA,"PSF_20260428",NA,NA,NA,261459.149563188,241348.901881566,283245.071170248,NA,NA,NA,NA,NA,NA
"Haida Gwaii","Chum",1991,308534,358899.7,NA,NA,"PSF_20260428",NA,NA,NA,256860.721244035,236965.663691703,278426.119169079,NA,NA,NA,NA,NA,NA
"Haida Gwaii","Chum",1992,195897,307325.4,NA,NA,"PSF_20260428",NA,NA,NA,252343.168056014,232624.627372399,273733.16051618,NA,NA,NA,NA,NA,NA
"Haida Gwaii","Chum",1993,319295,300815.1,NA,NA,"PSF_20260428",NA,NA,NA,247905.067602953,228327.400230983,269161.399293527,NA,NA,NA,NA,NA,NA
"Haida Gwaii","Chum",1994,288042,289968.4,NA,NA,"PSF_20260428",NA,NA,NA,243545.022505157,224075.642317216,264706.049143299,NA,NA,NA,NA,NA,NA
"Haida Gwaii","Chum",1995,265886,271603.2,NA,NA,"PSF_20260428",NA,NA,NA,239261.659959431,219871.025142827,260362.373302055,NA,NA,NA,NA,NA,NA
"Haida Gwaii","Chum",1996,278349,266067.9,NA,NA,"PSF_20260428",NA,NA,NA,235053.631306836,215715.19358924,256125.721472064,NA,NA,NA,NA,NA,NA
"Haida Gwaii","Chum",1997,251750,279756.8,NA,NA,"PSF_20260428",NA,NA,NA,230919.611608054,211609.732281997,251991.562250803,NA,NA,NA,NA,NA,NA
"Haida Gwaii","Chum",1998,408640,293907.3,NA,NA,"PSF_20260428",NA,NA,NA,226858.299226215,207556.137252427,247955.510297536,NA,NA,NA,NA,NA,NA
"Haida Gwaii","Chum",1999,428994,318280,NA,NA,"PSF_20260428",NA,NA,NA,222868.415417063,203555.793265509,244013.347857533,NA,NA,NA,NA,NA,NA
"Haida Gwaii","Chum",2000,275205,320480.6,NA,NA,"PSF_20260428",NA,NA,NA,218948.703926337,199609.956808893,240161.040648484,NA,NA,NA,NA,NA,NA
"Haida Gwaii","Chum",2001,243133,311926.6,NA,NA,"PSF_20260428",NA,NA,NA,215097.930594217,195719.744435653,236394.748416024,NA,NA,NA,NA,NA,NA
"Haida Gwaii","Chum",2002,218370,303177.8,NA,NA,"PSF_20260428",NA,NA,NA,211314.882966746,191886.125940818,232710.830677889,NA,NA,NA,NA,NA,NA
"Haida Gwaii","Chum",2003,256967,276315,NA,NA,"PSF_20260428",NA,NA,NA,207598.369914072,188109.921724576,229105.848303319,NA,NA,NA,NA,NA,NA
"Haida Gwaii","Chum",2004,270238,251920.5,NA,NA,"PSF_20260428",NA,NA,NA,203947.221255409,184391.803641066,225576.561628357,NA,NA,NA,NA,NA,NA
"Haida Gwaii","Chum",2005,244669,246063.9,NA,NA,"PSF_20260428",NA,NA,NA,200360.287390596,180732.298634676,222119.925804674,NA,NA,NA,NA,NA,NA
"Haida Gwaii","Chum",2006,220903,241390.2,NA,NA,"PSF_20260428",NA,NA,NA,196836.438938134,177131.794509018,218733.084036323,NA,NA,NA,NA,NA,NA
"Haida Gwaii","Chum",2007,98993,206064,NA,NA,"PSF_20260428",NA,NA,NA,193374.566379585,173590.547242094,215413.359290483,NA,NA,NA,NA,NA,NA
"Haida Gwaii","Chum",2008,197004,195398.8,NA,NA,"PSF_20260428",NA,NA,NA,189973.579710236,170108.689342275,212158.244987151,NA,NA,NA,NA,NA,NA
"Haida Gwaii","Chum",2009,265245,194671.3,NA,NA,"PSF_20260428",NA,NA,NA,186632.408095895,166686.238824069,208965.395088411,NA,NA,NA,NA,NA,NA
"Haida Gwaii","Chum",2010,193297,185708.3,NA,NA,"PSF_20260428",234994.815577685,200230.316863921,275795.215296593,183349.99953573,163323.108463982,205832.613926558,NA,NA,NA,NA,NA,NA
"Haida Gwaii","Chum",2011,178188,177896.2,NA,NA,"PSF_20260428",218097.695854542,188867.551342964,251851.652646697,180125.320531035,160019.115070911,202757.846036271,NA,NA,NA,NA,NA,NA
"Haida Gwaii","Chum",2012,253348,214678.7,NA,NA,"PSF_20260428",202415.550403221,177987.869434751,230195.772190302,176957.355759826,156773.988570479,199739.166191032,NA,NA,NA,NA,NA,NA
"Haida Gwaii","Chum",2013,138277,200006.5,NA,NA,"PSF_20260428",187861.017442224,167521.614073828,210669.901132126,173845.107757155,153587.380757741,196774.769788979,NA,NA,NA,NA,NA,NA
"Haida Gwaii","Chum",2014,141422,176367.4,NA,NA,"PSF_20260428",174353.016871108,157387.810878269,193146.942716987,170787.596601044,150458.873618014,193862.963688096,NA,NA,NA,NA,NA,NA
"Haida Gwaii","Chum",2015,208356,179033.5,NA,NA,"PSF_20260428",161816.298591091,147496.34023331,177526.536918152,167783.859603956,147387.987151942,191002.157554256,NA,NA,NA,NA,NA,NA
"Haida Gwaii","Chum",2016,135401,169466.1,NA,NA,"PSF_20260428",150181.023303303,137762.662203082,163718.814660962,164832.951009674,144374.1866694,188190.855757155,NA,NA,NA,NA,NA,NA
"Haida Gwaii","Chum",2017,141280,150784.2,NA,NA,"PSF_20260428",139382.373449425,128141.477276481,151609.349613458,161933.941695528,141416.889538587,185427.649827467,NA,NA,NA,NA,NA,NA
"Haida Gwaii","Chum",2018,202659,162764.1,NA,NA,"PSF_20260428",129360.192127335,118663.490623399,141021.128059765,159085.918879846,138515.471392811,182711.211472357,NA,NA,NA,NA,NA,NA
"Haida Gwaii","Chum",2019,131390,160386.3,NA,NA,"PSF_20260428",120058.64797024,109434.039359152,131714.766601427,156287.98583456,135669.271809091,180040.286134909,NA,NA,NA,NA,NA,NA
"Haida Gwaii","Chum",2020,30785,109414.4,NA,NA,"PSF_20260428",111425.924122419,100583.761539842,123436.789164195,153539.261602856,132877.59948073,177413.687074991,NA,NA,NA,NA,NA,NA
"Haida Gwaii","Chum",2021,37906,84818.7,NA,NA,"PSF_20260428",103413.929578923,92217.4735165926,115969.787754273,150838.880721805,130139.736911174,174830.289943926,NA,NA,NA,NA,NA,NA
"Haida Gwaii","Chum",2022,193631,90338,NA,NA,"PSF_20260428",95978.031281167,84395.3207460924,109150.393732406,148185.992949855,127454.944659566,172289.027822245,NA,NA,NA,NA,NA,NA
"Haida Gwaii","Chum",2023,162404,86424.5,NA,NA,"PSF_20260428",89076.8054759823,77138.4496557113,102862.804596417,145579.762999132,124822.46516977,169788.886688452,NA,NA,NA,NA,NA,NA
"Haida Gwaii","Chum",2024,37485,67250.6,NA,NA,"PSF_20260428",82671.8069530037,70441.5629818056,97025.4971009095,143019.370272432,122241.526214964,167328.901286403,NA,NA,NA,NA,NA,NA
"Haida Gwaii","Coho",1950,62222,62221.5,NA,NA,"PSF_20260428",NA,NA,NA,124011.38218701,104125.470428957,147695.110990401,NA,NA,NA,NA,NA,NA
"Haida Gwaii","Coho",1951,451700,167646.8,NA,NA,"PSF_20260428",NA,NA,NA,122472.157436603,103194.298160941,145351.338344132,NA,NA,NA,NA,NA,NA
"Haida Gwaii","Coho",1952,113519,147215.2,NA,NA,"PSF_20260428",NA,NA,NA,120952.037487631,102268.816029345,143048.447614877,NA,NA,NA,NA,NA,NA
"Haida Gwaii","Coho",1953,42264,107759.8,NA,NA,"PSF_20260428",NA,NA,NA,119450.785211995,101348.854452509,140785.90394377,NA,NA,NA,NA,NA,NA
"Haida Gwaii","Coho",1954,144867,133111,NA,NA,"PSF_20260428",NA,NA,NA,117968.166424822,100434.236661835,138563.19072242,NA,NA,NA,NA,NA,NA
"Haida Gwaii","Coho",1955,97370,90700,NA,NA,"PSF_20260428",NA,NA,NA,116503.949847933,99524.7781240352,136379.809993183,NA,NA,NA,NA,NA,NA
"Haida Gwaii","Coho",1956,100983,88085.1,NA,NA,"PSF_20260428",NA,NA,NA,115057.907073765,98620.2859331575,134235.282882548,NA,NA,NA,NA,NA,NA
"Haida Gwaii","Coho",1957,96301,108222.6,NA,NA,"PSF_20260428",NA,NA,NA,113629.812529743,97720.5581752698,132129.150064681,NA,NA,NA,NA,NA,NA
"Haida Gwaii","Coho",1958,98360,98238.2,NA,NA,"PSF_20260428",NA,NA,NA,112219.443443089,96825.3832704185,130060.972250487,NA,NA,NA,NA,NA,NA
"Haida Gwaii","Coho",1959,28901,72511,NA,NA,"PSF_20260428",NA,NA,NA,110826.579806073,95934.5392986212,128030.330695384,NA,NA,NA,NA,NA,NA
"Haida Gwaii","Coho",1960,134945,77961.7,NA,NA,"PSF_20260428",NA,NA,NA,109451.004341692,95047.7933194142,126036.827716211,NA,NA,NA,NA,NA,NA
"Haida Gwaii","Coho",1961,328271,105933.1,NA,NA,"PSF_20260428",NA,NA,NA,108092.502469779,94164.9006979046,124080.087204289,NA,NA,NA,NA,NA,NA
"Haida Gwaii","Coho",1962,85018,102142.1,NA,NA,"PSF_20260428",NA,NA,NA,106750.862273527,93285.6044545211,122159.755117385,NA,NA,NA,NA,NA,NA
"Haida Gwaii","Coho",1963,118014,145197.3,NA,NA,"PSF_20260428",NA,NA,NA,105425.874466433,92409.6346608082,120275.499928212,NA,NA,NA,NA,NA,NA
"Haida Gwaii","Coho",1964,374992,187466.9,NA,NA,"PSF_20260428",NA,NA,NA,104117.332359651,91536.7079098116,118427.013000848,NA,NA,NA,NA,NA,NA
"Haida Gwaii","Coho",1965,158591,156291.9,NA,NA,"PSF_20260428",NA,NA,NA,102825.031829748,90666.5268969008,116614.008859207,NA,NA,NA,NA,NA,NA
"Haida Gwaii","Coho",1966,197235,192887.8,NA,NA,"PSF_20260428",NA,NA,NA,101548.771286865,89798.7801553369,114836.225303214,NA,NA,NA,NA,NA,NA
"Haida Gwaii","Coho",1967,148919,204436.7,NA,NA,"PSF_20260428",NA,NA,NA,100288.351643268,88933.1420004296,113093.423318781,NA,NA,NA,NA,NA,NA
"Haida Gwaii","Coho",1968,90112,143136.2,NA,NA,"PSF_20260428",NA,NA,NA,99043.576282294,88069.2727465751,111385.386717277,NA,NA,NA,NA,NA,NA
"Haida Gwaii","Coho",1969,125061,134884,NA,NA,"PSF_20260428",NA,NA,NA,97814.2510276769,87206.8192724262,109711.921429183,NA,NA,NA,NA,NA,NA
"Haida Gwaii","Coho",1970,214102,137679.5,NA,NA,"PSF_20260428",NA,NA,NA,96600.1841132608,86345.4160202635,108072.854365841,NA,NA,NA,NA,NA,NA
"Haida Gwaii","Coho",1971,68001,113177.5,NA,NA,"PSF_20260428",NA,NA,NA,95401.1861530839,85484.6865253378,106468.031753473,NA,NA,NA,NA,NA,NA
"Haida Gwaii","Coho",1972,139713,126291.2,NA,NA,"PSF_20260428",NA,NA,NA,94217.0701118361,84624.2455781012,104897.316836533,NA,NA,NA,NA,NA,NA
"Haida Gwaii","Coho",1973,82726,113894.6,NA,NA,"PSF_20260428",NA,NA,NA,93047.6512756827,83763.7021249621,103360.586844704,NA,NA,NA,NA,NA,NA
"Haida Gwaii","Coho",1974,75139,87662.8,NA,NA,"PSF_20260428",NA,NA,NA,91892.7472234504,82902.663009143,101857.729121942,NA,NA,NA,NA,NA,NA
"Haida Gwaii","Coho",1975,117774,100565.6,NA,NA,"PSF_20260428",NA,NA,NA,90752.1777981707,82040.7376396097,100388.63632955,NA,NA,NA,NA,NA,NA
"Haida Gwaii","Coho",1976,97987,92030.7,NA,NA,"PSF_20260428",NA,NA,NA,89625.7650789772,81177.5436500066,98953.200661318,NA,NA,NA,NA,NA,NA
"Haida Gwaii","Coho",1977,58206,84287.5,NA,NA,"PSF_20260428",NA,NA,NA,88513.3333533503,80312.7135683886,97551.3070499096,NA,NA,NA,NA,NA,NA
"Haida Gwaii","Coho",1978,112366,93208.3,NA,NA,"PSF_20260428",NA,NA,NA,87414.7090897082,79445.9024604633,96182.8254017387,NA,NA,NA,NA,NA,NA
"Haida Gwaii","Coho",1979,73691,82898.4,NA,NA,"PSF_20260428",NA,NA,NA,86329.7209103365,78576.7964338904,94847.6019727647,NA,NA,NA,NA,NA,NA
"Haida Gwaii","Coho",1980,61401,73755.9,NA,NA,"PSF_20260428",NA,NA,NA,85258.1995646549,77705.121801257,93545.4500875505,NA,NA,NA,NA,NA,NA
"Haida Gwaii","Coho",1981,66707,76313,NA,NA,"PSF_20260428",NA,NA,NA,84199.977902815,76830.6546003669,92276.1405029168,NA,NA,NA,NA,NA,NA
"Haida Gwaii","Coho",1982,59969,65226.1,NA,NA,"PSF_20260428",NA,NA,NA,83154.8908496263,75953.2300718279,91039.3918161755,NA,NA,NA,NA,NA,NA
"Haida Gwaii","Coho",1983,57091,61194,NA,NA,"PSF_20260428",NA,NA,NA,82122.7753788055,75072.7516085084,89834.8614033402,NA,NA,NA,NA,NA,NA
"Haida Gwaii","Coho",1984,52921,58962.1,NA,NA,"PSF_20260428",NA,NA,NA,81103.4704875456,74189.1986342627,88662.137429887,NA,NA,NA,NA,NA,NA
"Haida Gwaii","Coho",1985,72327,60166.6,NA,NA,"PSF_20260428",NA,NA,NA,80096.8171714006,73302.6328552475,87520.7324907089,NA,NA,NA,NA,NA,NA
"Haida Gwaii","Coho",1986,43019,55372,NA,NA,"PSF_20260428",NA,NA,NA,79102.6583994818,72413.2023676402,86410.0793954296,NA,NA,NA,NA,NA,NA
"Haida Gwaii","Coho",1987,49018,53301.2,NA,NA,"PSF_20260428",NA,NA,NA,78120.839089962,71521.1432053513,85329.5295154499,NA,NA,NA,NA,NA,NA
"Haida Gwaii","Coho",1988,61162,55264.9,NA,NA,"PSF_20260428",NA,NA,NA,77151.2060858846,70626.7780659225,84278.3539545128,NA,NA,NA,NA,NA,NA
"Haida Gwaii","Coho",1989,43178,48578.1,NA,NA,"PSF_20260428",NA,NA,NA,76193.6081312709,69730.5121477088,83255.7476096558,NA,NA,NA,NA,NA,NA
"Haida Gwaii","Coho",1990,30310,44506.1,NA,NA,"PSF_20260428",NA,NA,NA,75247.8958475262,68832.8262438499,82260.8359770215,NA,NA,NA,NA,NA,NA
"Haida Gwaii","Coho",1991,49014,44505.2,NA,NA,"PSF_20260428",NA,NA,NA,74313.9217101374,67934.2674412233,81292.6843543068,NA,NA,NA,NA,NA,NA
"Haida Gwaii","Coho",1992,67783,45663.8,NA,NA,"PSF_20260428",NA,NA,NA,73391.5400256602,67035.437939244,80350.3089249576,NA,NA,NA,NA,NA,NA
"Haida Gwaii","Coho",1993,39018,44521.8,NA,NA,"PSF_20260428",NA,NA,NA,72480.606908992,66136.9826139059,79432.6890986896,NA,NA,NA,NA,NA,NA
"Haida Gwaii","Coho",1994,96207,59426.4,NA,NA,"PSF_20260428",NA,NA,NA,71580.9802609271,65239.5759965663,78538.7804388079,NA,NA,NA,NA,NA,NA
"Haida Gwaii","Coho",1995,28293,51798.6,NA,NA,"PSF_20260428",NA,NA,NA,70692.5197459898,64343.9093154108,77667.5275283629,NA,NA,NA,NA,NA,NA
"Haida Gwaii","Coho",1996,40469,45532.1,NA,NA,"PSF_20260428",NA,NA,NA,69815.086770543,63450.6781707561,76817.8762039599,NA,NA,NA,NA,NA,NA
"Haida Gwaii","Coho",1997,30347,42759.2,NA,NA,"PSF_20260428",NA,NA,NA,68948.544461169,62560.5713001608,75988.784701229,NA,NA,NA,NA,NA,NA
"Haida Gwaii","Coho",1998,88477,41873,NA,NA,"PSF_20260428",NA,NA,NA,68092.757643318,61674.260754917,75179.2333903572,NA,NA,NA,NA,NA,NA
"Haida Gwaii","Coho",1999,81588,54566.1,NA,NA,"PSF_20260428",NA,NA,NA,67247.5928202217,60792.3936737782,74388.2329158052,NA,NA,NA,NA,NA,NA
"Haida Gwaii","Coho",2000,84185,65531.8,NA,NA,"PSF_20260428",NA,NA,NA,66412.9181520687,59915.5857167551,73614.8306773534,NA,NA,NA,NA,NA,NA
"Haida Gwaii","Coho",2001,101420,88604.1,NA,NA,"PSF_20260428",NA,NA,NA,65588.6034354388,59044.4161205191,72858.115690914,NA,NA,NA,NA,NA,NA
"Haida Gwaii","Coho",2002,136356,98722.2,NA,NA,"PSF_20260428",NA,NA,NA,64774.5200829915,58179.424261444,72117.2219430578,NA,NA,NA,NA,NA,NA
"Haida Gwaii","Coho",2003,99062,103629.8,NA,NA,"PSF_20260428",NA,NA,NA,63970.5411034082,57321.1075626057,71391.330402912,NA,NA,NA,NA,NA,NA
"Haida Gwaii","Coho",2004,78044,101685.7,NA,NA,"PSF_20260428",NA,NA,NA,63176.5410815814,56469.9205543396,70679.6698818098,NA,NA,NA,NA,NA,NA
"Haida Gwaii","Coho",2005,70567,92870.9,NA,NA,"PSF_20260428",NA,NA,NA,62392.3961590517,55626.2748899082,69981.5169391163,NA,NA,NA,NA,NA,NA
"Haida Gwaii","Coho",2006,105012,87000.5,NA,NA,"PSF_20260428",NA,NA,NA,61617.9840146862,54790.5401236367,69296.1950268527,NA,NA,NA,NA,NA,NA
"Haida Gwaii","Coho",2007,84258,83550.2,NA,NA,"PSF_20260428",NA,NA,NA,60853.1838455975,53963.0450739593,68623.0730506549,NA,NA,NA,NA,NA,NA
"Haida Gwaii","Coho",2008,46819,73530.7,NA,NA,"PSF_20260428",NA,NA,NA,60097.8763482993,53144.0796143004,67961.5635041234,NA,NA,NA,NA,NA,NA
"Haida Gwaii","Coho",2009,128472,85412.3,NA,NA,"PSF_20260428",NA,NA,NA,59351.9437000955,52333.8967575326,67311.1203108008,NA,NA,NA,NA,NA,NA
"Haida Gwaii","Coho",2010,86378,81341.3,NA,NA,"PSF_20260428",NA,NA,NA,58615.2695407015,51532.7149227015,66671.2364850692,NA,NA,NA,NA,NA,NA
"Haida Gwaii","Coho",2011,89995,82692,NA,NA,"PSF_20260428",NA,NA,NA,57887.7389540918,50740.7202943434,66041.4417016198,NA,NA,NA,NA,NA,NA
"Haida Gwaii","Coho",2012,60629,88212,NA,NA,"PSF_20260428",NA,NA,NA,57169.2384505749,49958.0692041778,65421.2998436971,NA,NA,NA,NA,NA,NA
"Haida Gwaii","Coho",2013,71272,76129.9,NA,NA,"PSF_20260428",116735.593631135,85348.1879813194,159665.941863889,56459.6559490888,49184.8904818372,64810.4065834326,NA,NA,NA,NA,NA,NA
"Haida Gwaii","Coho",2014,82177,75186.8,NA,NA,"PSF_20260428",100772.21465793,76656.5247074121,132474.558243076,55758.8807597177,48421.2877355273,64208.3870333599,NA,NA,NA,NA,NA,NA
"Haida Gwaii","Coho",2015,121001,80962.6,NA,NA,"PSF_20260428",86991.7985696122,68629.8261160606,110266.533468675,55066.8035664252,47667.3415351865,63614.8934965226,NA,NA,NA,NA,NA,NA
"Haida Gwaii","Coho",2016,112975,94593.3,NA,NA,"PSF_20260428",75095.8291833125,61142.4333403528,92233.5480064605,54383.3164100012,46923.1114800997,63029.6033332022,NA,NA,NA,NA,NA,NA
"Haida Gwaii","Coho",2017,69304,93933.5,NA,NA,"PSF_20260428",64826.6118583182,54065.3143573702,77729.8653486171,53708.3126712217,46188.6381402759,62452.2169549396,NA,NA,NA,NA,NA,NA
"Haida Gwaii","Coho",2018,44360,80515.6,NA,NA,"PSF_20260428",55961.691224829,47296.8983165324,66213.8744021705,53041.6870542163,45463.9448665636,61882.4559508591,NA,NA,NA,NA,NA,NA
"Haida Gwaii","Coho",2019,36303,59589.1,NA,NA,"PSF_20260428",48309.0322780962,40829.1339560777,57159.2481524763,52383.3355700433,44749.0394687074,61320.0613470738,NA,NA,NA,NA,NA,NA
"Haida Gwaii","Coho",2020,70768,53012.8,NA,NA,"PSF_20260428",41702.8604491263,34780.1341941373,50003.503722319,51733.155520468,44043.9157636423,60764.7919968596,NA,NA,NA,NA,NA,NA
"Haida Gwaii","Coho",2021,15010,36164.7,NA,NA,"PSF_20260428",36000.0705381101,29310.9742187059,44215.6944043781,51091.0454819423,43348.5549984978,60216.4230971103,NA,NA,NA,NA,NA,NA
"Haida Gwaii","Coho",2022,19148,29313.6,NA,NA,"PSF_20260428",31077.1267196387,24517.4584044137,39391.840264104,50456.9052897836,42662.9271542339,59674.744825134,NA,NA,NA,NA,NA,NA
"Haida Gwaii","Coho",2023,9225,20812.7,NA,NA,"PSF_20260428",26827.3864665372,20407.3535595915,35267.1238102148,49830.6360225495,41986.9921367404,59139.5610889448,NA,NA,NA,NA,NA,NA
"Haida Gwaii","Coho",2024,30725,16894.4,NA,NA,"PSF_20260428",23158.7904222218,16931.9462632903,31675.6009900171,49212.1399866071,41320.7008627143,58610.6883837189,NA,NA,NA,NA,NA,NA
"Haida Gwaii","Pink",1950,1205504,1205503.8,NA,NA,"PSF_20260428",NA,NA,NA,392523.043327921,284365.549893758,541817.880544872,NA,NA,NA,NA,NA,NA
"Haida Gwaii","Pink",1951,126159,389981.3,NA,NA,"PSF_20260428",NA,NA,NA,390969.484235594,285077.75261923,536194.551132207,NA,NA,NA,NA,NA,NA
"Haida Gwaii","Pink",1952,2059358,509712.6,NA,NA,"PSF_20260428",NA,NA,NA,389422.073943685,285778.14820289,530654.819580313,NA,NA,NA,NA,NA,NA
"Haida Gwaii","Pink",1953,65499,367266.9,NA,NA,"PSF_20260428",NA,NA,NA,387880.788115982,286465.775263084,525198.885106968,NA,NA,NA,NA,NA,NA
"Haida Gwaii","Pink",1954,1455214,308730.3,NA,NA,"PSF_20260428",NA,NA,NA,386345.602512589,287139.598373002,519827.029871787,NA,NA,NA,NA,NA,NA
"Haida Gwaii","Pink",1955,102722,386629.1,NA,NA,"PSF_20260428",NA,NA,NA,384816.492989552,287798.502002331,514539.624933763,NA,NA,NA,NA,NA,NA
"Haida Gwaii","Pink",1956,1094586,335317.4,NA,NA,"PSF_20260428",NA,NA,NA,383293.435498473,288441.284029767,509337.136639084,NA,NA,NA,NA,NA,NA
"Haida Gwaii","Pink",1957,176182,439142.1,NA,NA,"PSF_20260428",NA,NA,NA,381776.406086137,289066.648826253,504220.133439378,NA,NA,NA,NA,NA,NA
"Haida Gwaii","Pink",1958,1083451,436902.8,NA,NA,"PSF_20260428",NA,NA,NA,380265.380894131,289673.199919973,499189.293129318,NA,NA,NA,NA,NA,NA
"Haida Gwaii","Pink",1959,442060,692062.2,NA,NA,"PSF_20260428",NA,NA,NA,378760.336158472,290259.432269325,494245.410477363,NA,NA,NA,NA,NA,NA
"Haida Gwaii","Pink",1960,692727,553377.7,NA,NA,"PSF_20260428",NA,NA,NA,377261.248209232,290823.724189872,489389.405203637,NA,NA,NA,NA,NA,NA
"Haida Gwaii","Pink",1961,152390,324907.5,NA,NA,"PSF_20260428",NA,NA,NA,375768.093470164,291364.329007038,484622.330233127,NA,NA,NA,NA,NA,NA
"Haida Gwaii","Pink",1962,1208244,429097.4,NA,NA,"PSF_20260428",NA,NA,NA,374280.848458335,291879.366539044,479945.380119743,NA,NA,NA,NA,NA,NA
"Haida Gwaii","Pink",1963,231397,528757.2,NA,NA,"PSF_20260428",NA,NA,NA,372799.489783755,292366.814555643,475359.899495632,NA,NA,NA,NA,NA,NA
"Haida Gwaii","Pink",1964,720438,408298,NA,NA,"PSF_20260428",NA,NA,NA,371323.994149006,292824.500408994,470867.39134939,NA,NA,NA,NA,NA,NA
"Haida Gwaii","Pink",1965,177656,357756.9,NA,NA,"PSF_20260428",NA,NA,NA,369854.338348882,293250.093094699,466469.524875188,NA,NA,NA,NA,NA,NA
"Haida Gwaii","Pink",1966,2073788,606976.6,NA,NA,"PSF_20260428",NA,NA,NA,368390.499270015,293641.096074598,462168.14256113,NA,NA,NA,NA,NA,NA
"Haida Gwaii","Pink",1967,179912,610818.7,NA,NA,"PSF_20260428",NA,NA,NA,366932.453890524,293994.841278922,457965.266099295,NA,NA,NA,NA,NA,NA
"Haida Gwaii","Pink",1968,2594373,683197.6,NA,NA,"PSF_20260428",NA,NA,NA,365480.179279641,294308.484803301,453863.100601919,NA,NA,NA,NA,NA,NA
"Haida Gwaii","Pink",1969,494095,1132195.9,NA,NA,"PSF_20260428",NA,NA,NA,364033.652597356,294579.004924064,449864.036500271,NA,NA,NA,NA,NA,NA
"Haida Gwaii","Pink",1970,1673278,909262.8,NA,NA,"PSF_20260428",NA,NA,NA,362592.851094058,294803.203169418,445970.648388656,NA,NA,NA,NA,NA,NA
"Haida Gwaii","Pink",1971,87643,382950.7,NA,NA,"PSF_20260428",NA,NA,NA,361157.752110177,294977.709297541,442185.689962449,NA,NA,NA,NA,NA,NA
"Haida Gwaii","Pink",1972,1571796,371156.4,NA,NA,"PSF_20260428",NA,NA,NA,359728.333075823,295098.991135318,438512.084096456,NA,NA,NA,NA,NA,NA
"Haida Gwaii","Pink",1973,106332,408817.1,NA,NA,"PSF_20260428",NA,NA,NA,358304.571510439,295163.370308463,434952.907032849,NA,NA,NA,NA,NA,NA
"Haida Gwaii","Pink",1974,771641,286443.3,NA,NA,"PSF_20260428",NA,NA,NA,356886.445022442,295167.044926,431511.365615656,NA,NA,NA,NA,NA,NA
"Haida Gwaii","Pink",1975,43539,183294,NA,NA,"PSF_20260428",NA,NA,NA,355473.931308871,295106.120245571,428190.766545379,NA,NA,NA,NA,NA,NA
"Haida Gwaii","Pink",1976,927767,200983.3,NA,NA,"PSF_20260428",NA,NA,NA,354067.00815504,294976.648213657,424994.476759592,NA,NA,NA,NA,NA,NA
"Haida Gwaii","Pink",1977,31776,171700.8,NA,NA,"PSF_20260428",NA,NA,NA,352665.653434183,294774.676519085,421925.87430117,NA,NA,NA,NA,NA,NA
"Haida Gwaii","Pink",1978,935407,172406.3,NA,NA,"PSF_20260428",NA,NA,NA,351269.845107113,294496.307395433,418988.289438526,NA,NA,NA,NA,NA,NA
"Haida Gwaii","Pink",1979,35787,182963.3,NA,NA,"PSF_20260428",NA,NA,NA,349879.561221866,294137.765845149,416184.936364996,NA,NA,NA,NA,NA,NA
"Haida Gwaii","Pink",1980,782783,167372.7,NA,NA,"PSF_20260428",NA,NA,NA,348494.779913366,293695.47624078,413518.836522012,NA,NA,NA,NA,NA,NA
"Haida Gwaii","Pink",1981,18934,121743.2,NA,NA,"PSF_20260428",NA,NA,NA,347115.479403076,293166.145418203,410992.735431128,NA,NA,NA,NA,NA,NA
"Haida Gwaii","Pink",1982,694027,114633.6,NA,NA,"PSF_20260428",NA,NA,NA,345741.637998652,292546.849477204,408609.015819551,NA,NA,NA,NA,NA,NA
"Haida Gwaii","Pink",1983,25676,133491,NA,NA,"PSF_20260428",NA,NA,NA,344373.23409361,291835.120643123,406369.610685466,NA,NA,NA,NA,NA,NA
"Haida Gwaii","Pink",1984,1653937,206074.1,NA,NA,"PSF_20260428",NA,NA,NA,343010.246166978,291029.029842731,404275.920649948,NA,NA,NA,NA,NA,NA
"Haida Gwaii","Pink",1985,34469,238766.4,NA,NA,"PSF_20260428",NA,NA,NA,341652.652782966,290127.260241198,402328.740348621,NA,NA,NA,NA,NA,NA
"Haida Gwaii","Pink",1986,1968935,260513,NA,NA,"PSF_20260428",NA,NA,NA,340300.432590621,289129.166992909,400528.19861029,NA,NA,NA,NA,NA,NA
"Haida Gwaii","Pink",1987,48439,308824.8,NA,NA,"PSF_20260428",NA,NA,NA,338953.564323495,288034.818951394,398873.71667725,NA,NA,NA,NA,NA,NA
"Haida Gwaii","Pink",1988,1441047,264201.7,NA,NA,"PSF_20260428",NA,NA,NA,337612.02679931,286845.019067903,397363.987737768,NA,NA,NA,NA,NA,NA
"Haida Gwaii","Pink",1989,102551,384423.3,NA,NA,"PSF_20260428",NA,NA,NA,336275.798919626,285561.301606365,395996.979642959,NA,NA,NA,NA,NA,NA
"Haida Gwaii","Pink",1990,2726450,528773.1,NA,NA,"PSF_20260428",NA,NA,NA,334944.859669506,284185.90595971,394769.961023086,NA,NA,NA,NA,NA,NA
"Haida Gwaii","Pink",1991,95622,510596.3,NA,NA,"PSF_20260428",NA,NA,NA,333619.188117191,282721.728560867,393679.549309957,NA,NA,NA,NA,NA,NA
"Haida Gwaii","Pink",1992,1941511,430872.6,NA,NA,"PSF_20260428",NA,NA,NA,332298.763413764,281172.255920899,392721.777632932,NA,NA,NA,NA,NA,NA
"Haida Gwaii","Pink",1993,97481,435041.9,NA,NA,"PSF_20260428",NA,NA,NA,330983.564792828,279541.483007195,391892.176375655,NA,NA,NA,NA,NA,NA
"Haida Gwaii","Pink",1994,1362334,364420.6,NA,NA,"PSF_20260428",NA,NA,NA,329673.571570174,277833.821873519,391185.864481656,NA,NA,NA,NA,NA,NA
"Haida Gwaii","Pink",1995,7328,99914.8,NA,NA,"PSF_20260428",NA,NA,NA,328368.763143462,276054.005632829,390597.645417915,NA,NA,NA,NA,NA,NA
"Haida Gwaii","Pink",1996,4126769,173897.5,NA,NA,"PSF_20260428",NA,NA,NA,327069.118991892,274206.992566694,390122.103002583,NA,NA,NA,NA,NA,NA
"Haida Gwaii","Pink",1997,25849,326608.2,NA,NA,"PSF_20260428",NA,NA,NA,325774.618675881,272297.874497247,389753.692970851,NA,NA,NA,NA,NA,NA
"Haida Gwaii","Pink",1998,1669439,207733.8,NA,NA,"PSF_20260428",NA,NA,NA,324485.241836746,270331.792647252,389486.827053459,NA,NA,NA,NA,NA,NA
"Haida Gwaii","Pink",1999,8386,118321.9,NA,NA,"PSF_20260428",NA,NA,NA,323200.968196382,268313.863221583,389315.947334459,NA,NA,NA,NA,NA,NA
"Haida Gwaii","Pink",2000,1192601,100006.4,NA,NA,"PSF_20260428",NA,NA,NA,321921.777556939,266249.113980308,389235.589618091,NA,NA,NA,NA,NA,NA
"Haida Gwaii","Pink",2001,46075,234413.3,NA,NA,"PSF_20260428",NA,NA,NA,320647.649800511,264142.432226403,389240.435381718,NA,NA,NA,NA,NA,NA
"Haida Gwaii","Pink",2002,1805916,288458.5,NA,NA,"PSF_20260428",NA,NA,NA,319378.564888813,261998.523950209,389325.352572685,NA,NA,NA,NA,NA,NA
"Haida Gwaii","Pink",2003,4482,89967.5,NA,NA,"PSF_20260428",NA,NA,NA,318114.502862872,259821.88337519,389485.426004558,NA,NA,NA,NA,NA,NA
"Haida Gwaii","Pink",2004,547207,49523.7,NA,NA,"PSF_20260428",NA,NA,NA,316855.44384271,257616.771827273,389715.978430453,NA,NA,NA,NA,NA,NA
"Haida Gwaii","Pink",2005,911781,706351.7,NA,NA,"PSF_20260428",NA,NA,NA,315601.368027028,255387.204679412,390012.583541781,NA,NA,NA,NA,NA,NA
"Haida Gwaii","Pink",2006,514717,685061.3,NA,NA,"PSF_20260428",NA,NA,NA,314352.255692902,253136.945072718,390371.072191097,NA,NA,NA,NA,NA,NA
"Haida Gwaii","Pink",2007,585181,548819.2,NA,NA,"PSF_20260428",NA,NA,NA,313108.087195468,250869.503152869,390787.53310029,NA,NA,NA,NA,NA,NA
"Haida Gwaii","Pink",2008,1072573,792243.5,NA,NA,"PSF_20260428",NA,NA,NA,311868.842967614,248588.139656132,391258.309219818,NA,NA,NA,NA,NA,NA
"Haida Gwaii","Pink",2009,486986,722722.8,NA,NA,"PSF_20260428",NA,NA,NA,310634.503519672,246295.872808288,391779.990775655,NA,NA,NA,NA,NA,NA
"Haida Gwaii","Pink",2010,2674744,1141299,NA,NA,"PSF_20260428",NA,NA,NA,309405.049439111,243995.487643254,392349.40589716,NA,NA,NA,NA,NA,NA
"Haida Gwaii","Pink",2011,2317091,2489503,NA,NA,"PSF_20260428",NA,NA,NA,308180.461390234,241689.546992715,392963.609574561,NA,NA,NA,NA,NA,NA
"Haida Gwaii","Pink",2012,1512681,1872169.4,NA,NA,"PSF_20260428",NA,NA,NA,306960.720113871,239380.403534538,393619.871558248,NA,NA,NA,NA,NA,NA
"Haida Gwaii","Pink",2013,15861,154895.4,NA,NA,"PSF_20260428",NA,NA,NA,305745.806427079,237070.212411248,394315.663688626,NA,NA,NA,NA,NA,NA
"Haida Gwaii","Pink",2014,820116,114051.9,NA,NA,"PSF_20260428",NA,NA,NA,304535.701222838,234760.944037592,395048.647037451,NA,NA,NA,NA,NA,NA
"Haida Gwaii","Pink",2015,243293,446686.6,NA,NA,"PSF_20260428",NA,NA,NA,303330.38546975,232454.396807926,395816.659149936,NA,NA,NA,NA,NA,NA
"Haida Gwaii","Pink",2016,552474,366624.2,NA,NA,"PSF_20260428",NA,NA,NA,302129.840211742,230152.209490276,396617.701600774,NA,NA,NA,NA,NA,NA
"Haida Gwaii","Pink",2017,187490,321843.6,NA,NA,"PSF_20260428",NA,NA,NA,300934.04656777,227855.873155875,397449.928015242,NA,NA,NA,NA,NA,NA
"Haida Gwaii","Pink",2018,1502755,530802.8,NA,NA,"PSF_20260428",NA,NA,NA,299742.985731512,225566.742542498,398311.632657081,NA,NA,NA,NA,NA,NA
"Haida Gwaii","Pink",2019,91908,371637.9,NA,NA,"PSF_20260428",277607.731529073,116202.793417627,663203.098119561,298556.638971087,223286.046788702,399201.239646032,NA,NA,NA,NA,NA,NA
"Haida Gwaii","Pink",2020,2030528,431996.6,NA,NA,"PSF_20260428",283113.879622743,147235.839661902,544388.30259737,297374.987628745,221014.899505973,400117.292838018,NA,NA,NA,NA,NA,NA
"Haida Gwaii","Pink",2021,10279,144469.1,NA,NA,"PSF_20260428",288729.238171981,173058.710260135,481712.667626277,296198.013120587,218754.308178323,401058.446378417,NA,NA,NA,NA,NA,NA
"Haida Gwaii","Pink",2022,1995674,143223.9,NA,NA,"PSF_20260428",294455.973286998,176491.204313326,491267.089154575,295025.696936265,216505.182895476,402023.455922301,NA,NA,NA,NA,NA,NA
"Haida Gwaii","Pink",2023,94686,434698.6,NA,NA,"PSF_20260428",300296.294041228,156171.70397805,577427.676831716,293858.020638691,214268.344437677,403011.170503565,NA,NA,NA,NA,NA,NA
"Haida Gwaii","Pink",2024,1912591,425553.7,NA,NA,"PSF_20260428",306252.453323479,128193.081551323,731635.155592232,292694.965863751,212044.531738347,404020.525026768,NA,NA,NA,NA,NA,NA
"Haida Gwaii","Sockeye",1950,20653,20652.7,NA,NA,"PSF_20260428",NA,NA,NA,41124.1848735993,35112.7749610997,48164.765769484,NA,NA,NA,NA,NA,NA
"Haida Gwaii","Sockeye",1951,38761,28293.4,NA,NA,"PSF_20260428",NA,NA,NA,40928.3821347633,35056.57012318,47783.6952754711,NA,NA,NA,NA,NA,NA
"Haida Gwaii","Sockeye",1952,16799,23780.5,NA,NA,"PSF_20260428",NA,NA,NA,40733.5116627348,34999.6392091306,47406.7450371116,NA,NA,NA,NA,NA,NA
"Haida Gwaii","Sockeye",1953,30365,25279,NA,NA,"PSF_20260428",NA,NA,NA,40539.5690187533,34941.934282118,47033.934726027,NA,NA,NA,NA,NA,NA
"Haida Gwaii","Sockeye",1954,60049,30054.4,NA,NA,"PSF_20260428",NA,NA,NA,40346.5497851929,34883.4037844085,46665.2878724132,NA,NA,NA,NA,NA,NA
"Haida Gwaii","Sockeye",1955,15558,28398.9,NA,NA,"PSF_20260428",NA,NA,NA,40154.4495654608,34823.99224397,46300.8321564375,NA,NA,NA,NA,NA,NA
"Haida Gwaii","Sockeye",1956,30567,27081.6,NA,NA,"PSF_20260428",NA,NA,NA,39963.2639838978,34763.6399607939,45940.5997199331,NA,NA,NA,NA,NA,NA
"Haida Gwaii","Sockeye",1957,48758,33513.9,NA,NA,"PSF_20260428",NA,NA,NA,39772.988685678,34702.2826730714,45584.6274982539,NA,NA,NA,NA,NA,NA
"Haida Gwaii","Sockeye",1958,72835,39922.6,NA,NA,"PSF_20260428",NA,NA,NA,39583.6193367103,34639.8512039384,45232.9575715798,NA,NA,NA,NA,NA,NA
"Haida Gwaii","Sockeye",1959,38561,36538.1,NA,NA,"PSF_20260428",NA,NA,NA,39395.1516235389,34576.2710902692,44885.6375341871,NA,NA,NA,NA,NA,NA
"Haida Gwaii","Sockeye",1960,43908,44964,NA,NA,"PSF_20260428",NA,NA,NA,39207.5812532457,34511.4621960102,44542.7208791976,NA,NA,NA,NA,NA,NA
"Haida Gwaii","Sockeye",1961,41747,47856.3,NA,NA,"PSF_20260428",NA,NA,NA,39020.9039533524,34445.3383138388,44204.2673950169,NA,NA,NA,NA,NA,NA
"Haida Gwaii","Sockeye",1962,93066,54461.4,NA,NA,"PSF_20260428",NA,NA,NA,38835.1154717228,34377.8067605801,43870.3435680315,NA,NA,NA,NA,NA,NA
"Haida Gwaii","Sockeye",1963,65479,53313.9,NA,NA,"PSF_20260428",NA,NA,NA,38650.2115764665,34308.7679738734,43541.0229840722,NA,NA,NA,NA,NA,NA
"Haida Gwaii","Sockeye",1964,53846,56995.7,NA,NA,"PSF_20260428",NA,NA,NA,38466.1880558418,34238.115120113,43216.3867186186,NA,NA,NA,NA,NA,NA
"Haida Gwaii","Sockeye",1965,49059,58274.5,NA,NA,"PSF_20260428",NA,NA,NA,38283.0407181606,34165.7337267602,42896.5237026483,NA,NA,NA,NA,NA,NA
"Haida Gwaii","Sockeye",1966,49392,60267.6,NA,NA,"PSF_20260428",NA,NA,NA,38100.7653916922,34091.5013557723,42581.5310473844,NA,NA,NA,NA,NA,NA
"Haida Gwaii","Sockeye",1967,47214,52618.6,NA,NA,"PSF_20260428",NA,NA,NA,37919.3579245687,34015.2873391487,42271.5143069415,NA,NA,NA,NA,NA,NA
"Haida Gwaii","Sockeye",1968,76708,54310.9,NA,NA,"PSF_20260428",NA,NA,NA,37738.8141846903,33936.9526024137,41966.5876530495,NA,NA,NA,NA,NA,NA
"Haida Gwaii","Sockeye",1969,94203,60739.3,NA,NA,"PSF_20260428",NA,NA,NA,37559.1300596312,33856.3496071508,41666.8739307423,NA,NA,NA,NA,NA,NA
"Haida Gwaii","Sockeye",1970,59986,63231.8,NA,NA,"PSF_20260428",NA,NA,NA,37380.3014565458,33773.3224492648,41372.5045583325,NA,NA,NA,NA,NA,NA
"Haida Gwaii","Sockeye",1971,50291,63460.4,NA,NA,"PSF_20260428",NA,NA,NA,37202.3243020758,33687.7071551362,41083.6192295089,NA,NA,NA,NA,NA,NA
"Haida Gwaii","Sockeye",1972,30455,58132.7,NA,NA,"PSF_20260428",NA,NA,NA,37025.194542257,33599.3322227223,40800.3653705027,NA,NA,NA,NA,NA,NA
"Haida Gwaii","Sockeye",1973,59438,55241.4,NA,NA,"PSF_20260428",NA,NA,NA,36848.9081424271,33508.0194582249,40522.8973017004,NA,NA,NA,NA,NA,NA
"Haida Gwaii","Sockeye",1974,57802,50100.3,NA,NA,"PSF_20260428",NA,NA,NA,36673.461087134,33413.5851602043,40251.3750518266,NA,NA,NA,NA,NA,NA
"Haida Gwaii","Sockeye",1975,41513,46544.4,NA,NA,"PSF_20260428",NA,NA,NA,36498.8493800443,33315.8417008119,39985.962775021,NA,NA,NA,NA,NA,NA
"Haida Gwaii","Sockeye",1976,63147,48712.4,NA,NA,"PSF_20260428",NA,NA,NA,36325.0690438519,33214.5995467829,39726.8267281703,NA,NA,NA,NA,NA,NA
"Haida Gwaii","Sockeye",1977,58922,55585.8,NA,NA,"PSF_20260428",NA,NA,NA,36152.1161201878,33109.6697496399,39474.1327790429,NA,NA,NA,NA,NA,NA
"Haida Gwaii","Sockeye",1978,33562,49581.8,NA,NA,"PSF_20260428",NA,NA,NA,35979.98666953,33000.8669140727,39228.0434362622,NA,NA,NA,NA,NA,NA
"Haida Gwaii","Sockeye",1979,30455,43617.9,NA,NA,"PSF_20260428",NA,NA,NA,35808.6767711131,32888.0126250794,38988.7144205314,NA,NA,NA,NA,NA,NA
"Haida Gwaii","Sockeye",1980,45240,44374.3,NA,NA,"PSF_20260428",NA,NA,NA,35638.1825228398,32770.9392785248,38756.2908324555,NA,NA,NA,NA,NA,NA
"Haida Gwaii","Sockeye",1981,31401,38587.8,NA,NA,"PSF_20260428",NA,NA,NA,35468.5000411918,32649.4942179397,38530.9030141357,NA,NA,NA,NA,NA,NA
"Haida Gwaii","Sockeye",1982,36840,35128.5,NA,NA,"PSF_20260428",NA,NA,NA,35299.6254611408,32523.5440359067,38312.6622461913,NA,NA,NA,NA,NA,NA
"Haida Gwaii","Sockeye",1983,33644,35145.5,NA,NA,"PSF_20260428",NA,NA,NA,35131.5549360613,32392.9788561393,38101.6564641005,NA,NA,NA,NA,NA,NA
"Haida Gwaii","Sockeye",1984,33083,35732.2,NA,NA,"PSF_20260428",NA,NA,NA,34964.2846376423,32257.7163785104,37897.9462116072,NA,NA,NA,NA,NA,NA
"Haida Gwaii","Sockeye",1985,64148,38317.1,NA,NA,"PSF_20260428",NA,NA,NA,34797.8107558005,32117.7054504016,37701.5610678179,NA,NA,NA,NA,NA,NA
"Haida Gwaii","Sockeye",1986,20467,35173.3,NA,NA,"PSF_20260428",NA,NA,NA,34632.1294985934,31972.9289296225,37512.4967827432,NA,NA,NA,NA,NA,NA
"Haida Gwaii","Sockeye",1987,26579,32950,NA,NA,"PSF_20260428",NA,NA,NA,34467.2370921326,31823.4056303038,37330.7133298775,NA,NA,NA,NA,NA,NA
"Haida Gwaii","Sockeye",1988,44242,34804.9,NA,NA,"PSF_20260428",NA,NA,NA,34303.1297804986,31669.1911936875,37156.134033896,NA,NA,NA,NA,NA,NA
"Haida Gwaii","Sockeye",1989,18973,31142.1,NA,NA,"PSF_20260428",NA,NA,NA,34139.8038256545,31510.3777965139,36988.6458607654,NA,NA,NA,NA,NA,NA
"Haida Gwaii","Sockeye",1990,9717,21350.9,NA,NA,"PSF_20260428",NA,NA,NA,33977.2555073613,31347.0926928865,36828.1008743911,NA,NA,NA,NA,NA,NA
"Haida Gwaii","Sockeye",1991,9229,18207.1,NA,NA,"PSF_20260428",NA,NA,NA,33815.4811230928,31179.4956706044,36674.3187788092,NA,NA,NA,NA,NA,NA
"Haida Gwaii","Sockeye",1992,22125,17551.3,NA,NA,"PSF_20260428",NA,NA,NA,33654.4769879518,31007.7755790354,36527.0903888492,NA,NA,NA,NA,NA,NA
"Haida Gwaii","Sockeye",1993,22038,15267.8,NA,NA,"PSF_20260428",NA,NA,NA,33494.2394345854,30832.1461433034,36386.1818144957,NA,NA,NA,NA,NA,NA
"Haida Gwaii","Sockeye",1994,13912,14349.2,NA,NA,"PSF_20260428",NA,NA,NA,33334.7648131023,30652.8413129366,36251.3391108013,NA,NA,NA,NA,NA,NA
"Haida Gwaii","Sockeye",1995,11403,14815.9,NA,NA,"PSF_20260428",NA,NA,NA,33176.0494909891,30470.1104004518,36122.2931378758,NA,NA,NA,NA,NA,NA
"Haida Gwaii","Sockeye",1996,44074,20255,NA,NA,"PSF_20260428",NA,NA,NA,33018.0898530277,30284.2132490123,35998.764391813,NA,NA,NA,NA,NA,NA
"Haida Gwaii","Sockeye",1997,35024,22203.9,NA,NA,"PSF_20260428",NA,NA,NA,32860.8823012131,30095.4156337031,35880.4676020123,NA,NA,NA,NA,NA,NA
"Haida Gwaii","Sockeye",1998,34210,24245.3,NA,NA,"PSF_20260428",NA,NA,NA,32704.423254671,29903.9850550881,35767.1159362313,NA,NA,NA,NA,NA,NA
"Haida Gwaii","Sockeye",1999,32500,28729.3,NA,NA,"PSF_20260428",NA,NA,NA,32548.709149577,29710.187033621,35658.4247047953,NA,NA,NA,NA,NA,NA
"Haida Gwaii","Sockeye",2000,41671,37229.4,NA,NA,"PSF_20260428",NA,NA,NA,32393.7364390747,29514.2819651666,35554.1145037074,NA,NA,NA,NA,NA,NA
"Haida Gwaii","Sockeye",2001,23370,32792.9,NA,NA,"PSF_20260428",NA,NA,NA,32239.5015931953,29316.5225556425,35453.9137786515,NA,NA,NA,NA,NA,NA
"Haida Gwaii","Sockeye",2002,25289,30725,NA,NA,"PSF_20260428",NA,NA,NA,32086.0010987768,29117.1518190413,35357.5608256249,NA,NA,NA,NA,NA,NA
"Haida Gwaii","Sockeye",2003,25365,28940.7,NA,NA,"PSF_20260428",NA,NA,NA,31933.2314593848,28916.4015986203,35264.8052684154,NA,NA,NA,NA,NA,NA
"Haida Gwaii","Sockeye",2004,27433,27976.2,NA,NA,"PSF_20260428",NA,NA,NA,31781.1891952318,28714.491555383,35175.4090687971,NA,NA,NA,NA,NA,NA
"Haida Gwaii","Sockeye",2005,15470,22946.7,NA,NA,"PSF_20260428",NA,NA,NA,31629.8708430987,28511.6285598946,35089.147133404,NA,NA,NA,NA,NA,NA
"Haida Gwaii","Sockeye",2006,47381,26430.7,NA,NA,"PSF_20260428",NA,NA,NA,31479.2729562557,28308.0064213645,35005.8075833476,NA,NA,NA,NA,NA,NA
"Haida Gwaii","Sockeye",2007,19756,25157.3,NA,NA,"PSF_20260428",NA,NA,NA,31329.3921043837,28103.8058901571,34925.1917504164,NA,NA,NA,NA,NA,NA
"Haida Gwaii","Sockeye",2008,22722,24609.7,NA,NA,"PSF_20260428",NA,NA,NA,31180.2248734961,27899.1948749634,34847.1139586269,NA,NA,NA,NA,NA,NA
"Haida Gwaii","Sockeye",2009,31997,25378.9,NA,NA,"PSF_20260428",NA,NA,NA,31031.7678658615,27694.328822546,34771.40114321,NA,NA,NA,NA,NA,NA
"Haida Gwaii","Sockeye",2010,46681,31652,NA,NA,"PSF_20260428",39330.4768371943,33269.3185738553,46495.8849339553,30884.0176999255,27489.3512153219,34697.8923517726,NA,NA,NA,NA,NA,NA
"Haida Gwaii","Sockeye",2011,63367,33547,NA,NA,"PSF_20260428",38765.6837618967,33351.5686049329,45058.697398272,30736.9710102345,27284.3941493947,34626.4381650181,NA,NA,NA,NA,NA,NA
"Haida Gwaii","Sockeye",2012,40676,38759.7,NA,NA,"PSF_20260428",38209.0012218266,33402.2908391258,43707.4146022181,30590.6244473586,27079.5789625631,34556.9000675025,NA,NA,NA,NA,NA,NA
"Haida Gwaii","Sockeye",2013,29890,40944.3,NA,NA,"PSF_20260428",37660.3127481665,33408.6203038636,42453.0897531763,30444.9746778154,26875.0168880573,34489.1497926728,NA,NA,NA,NA,NA,NA
"Haida Gwaii","Sockeye",2014,50354,44831.1,NA,NA,"PSF_20260428",37119.5035446128,33352.2552481708,41312.2750814307,30300.018383994,26670.8097151761,34423.068661015,NA,NA,NA,NA,NA,NA
"Haida Gwaii","Sockeye",2015,48223,45123.4,NA,NA,"PSF_20260428",36586.4604633589,33208.73098678,40307.7458686931,30155.7522640794,26467.0504425931,34358.5469255422,NA,NA,NA,NA,NA,NA
"Haida Gwaii","Sockeye",2016,40485,41256.1,NA,NA,"PSF_20260428",36061.0719814218,32949.8319042361,39466.0863894149,30012.1730319776,26263.8239139089,34295.4831350492,NA,NA,NA,NA,NA,NA
"Haida Gwaii","Sockeye",2017,32281,39392.1,NA,NA,"PSF_20260428",35543.2281773096,32552.224840825,38809.0545405646,29869.2774172404,26061.2074281135,34233.783522464,NA,NA,NA,NA,NA,NA
"Haida Gwaii","Sockeye",2018,24868,37969.4,NA,NA,"PSF_20260428",35032.8207080241,32010.2950365793,38340.7439812124,29727.0621649911,25859.2713200874,34173.3614231733,NA,NA,NA,NA,NA,NA
"Haida Gwaii","Sockeye",2019,24169,32785.3,NA,NA,"PSF_20260428",34529.7427863925,31341.8932772799,38041.8351356821,29585.5240358503,25658.079508191,34114.1367262677,NA,NA,NA,NA,NA,NA
"Haida Gwaii","Sockeye",2020,20794,27708.6,NA,NA,"PSF_20260428",34033.8891587263,30579.7990252088,37878.130275271,29444.659805862,25457.6900074708,34056.0353601808,NA,NA,NA,NA,NA,NA
"Haida Gwaii","Sockeye",2021,26600,25476,NA,NA,"PSF_20260428",33545.1560827998,29758.0476853225,37814.2245257044,29304.4662664205,25258.1554081183,33998.9888130849,NA,NA,NA,NA,NA,NA
"Haida Gwaii","Sockeye",2022,50094,27816.3,NA,NA,"PSF_20260428",33063.4413061453,28904.0447887801,37821.3900162952,29164.9402241968,25059.5233196306,33942.9336875953,NA,NA,NA,NA,NA,NA
"Haida Gwaii","Sockeye",2023,62921,33491.1,NA,NA,"PSF_20260428",32588.6440446598,28037.2301511038,37878.9101115157,29026.0785010663,24861.8367817006,33887.8112887536,NA,NA,NA,NA,NA,NA
"Haida Gwaii","Sockeye",2024,60590,40249.3,NA,NA,"PSF_20260428",32120.6649615189,27170.5995285133,37972.5561994842,28887.8779340364,24665.1346432574,33833.5672438712,NA,NA,NA,NA,NA,NA
"Nass","Chinook",1975,14895,14895,17874,17874,"CTC_20260818",NA,NA,NA,18330.999002346,16138.6776925082,20821.1311252593,NA,NA,NA,22977.2103327685,20266.0305686845,26051.0904139307
"Nass","Chinook",1976,13819,14346.9,16583,17216.4,"CTC_20260818",NA,NA,NA,18264.4504256614,16140.7168901123,20667.6166630366,NA,NA,NA,22976.6986164015,20340.8964733908,25954.051730196
"Nass","Chinook",1977,14288,14327.3,18410,17605.4,"CTC_20260818",NA,NA,NA,18198.1434459054,16142.0676948362,20516.1092828082,NA,NA,NA,22976.1869114308,20415.1804267484,25858.4618873772
"Nass","Chinook",1978,16885,14927.9,21807,18573.1,"CTC_20260818",NA,NA,NA,18132.0771859883,16142.6637901775,20366.6648424338,NA,NA,NA,22975.675217856,20488.7912912768,25764.4115854286
"Nass","Chinook",1979,12783,14471.9,16229,18078.6,"CTC_20260818",NA,NA,NA,18066.2507720045,16142.4312047725,20219.3469383011,NA,NA,NA,22975.1635356769,20561.627070246,25672.0023997976
"Nass","Chinook",1980,14855,14464.1,18744,18251.3,"CTC_20260818",NA,NA,NA,18000.6633332211,16141.2873765631,20074.2278404912,NA,NA,NA,22974.6518648933,20633.5735453397,25581.3481437521
"Nass","Chinook",1981,13925,14486.2,17606,18471.1,"CTC_20260818",NA,NA,NA,17935.3140020661,16139.1401262972,19931.3895186133,NA,NA,NA,22974.140205505,20704.5027722979,25492.5763727298
"Nass","Chinook",1982,10359,13583.9,13287,17304.8,"CTC_20260818",NA,NA,NA,17870.2019141173,16135.8865464694,19790.9247522068,NA,NA,NA,22973.6285575116,20774.2714390325,25405.830026215
"Nass","Chinook",1983,16301,13488.6,20516,17094.9,"CTC_20260818",NA,NA,NA,17805.3262080906,16131.4118206006,19652.938310809,NA,NA,NA,22973.1169209129,20842.7191020772,25321.2691912801
"Nass","Chinook",1984,24967,15421,31408,19508.2,"CTC_20260818",NA,NA,NA,17740.6860258287,16125.5880005684,19517.5481759759,NA,NA,NA,22972.6052957086,20909.6663340916,25239.0729550753
"Nass","Chinook",1985,19694,16315.7,24768,20626.4,"CTC_20260818",NA,NA,NA,17676.2805122897,16118.272787726,19384.8867595219,NA,NA,NA,22972.0936818986,20974.9128392189,25159.4412894628
"Nass","Chinook",1986,38661,20012.5,47967,25204.5,"CTC_20260818",NA,NA,NA,17612.1088155359,16109.3083880367,19255.1020477473,NA,NA,NA,22971.5820794826,21038.2356262587,25082.5968778374
"Nass","Chinook",1987,21470,23152.8,26568,28951.1,"CTC_20260818",NA,NA,NA,17548.1700867225,16098.5205434812,19128.358569399,NA,NA,NA,22971.0704884601,21099.3873735599,25008.7867502276
"Nass","Chinook",1988,16848,23306.2,21094,29112.4,"CTC_20260818",NA,NA,NA,17484.4634800863,16085.71788196,19004.8380451405,NA,NA,NA,22970.5589088312,21158.095175145,24938.2835371649
"Nass","Chinook",1989,29201,24047.9,36594,30016,"CTC_20260818",NA,NA,NA,17420.9881529344,16070.6917747744,18884.7395294495,NA,NA,NA,22970.0473405955,21214.0599239,24871.3860864874
"Nass","Chinook",1990,26511,25520.9,33384,31862.6,"CTC_20260818",NA,NA,NA,17357.7432656334,16053.2169409093,18768.2788057167,NA,NA,NA,22969.5357837526,21266.9566603366,24808.4191145732
"Nass","Chinook",1991,7926,18588.8,13136,24591.6,"CTC_20260818",NA,NA,NA,17294.727981598,16033.0530830846,18655.6867495833,NA,NA,NA,22969.0242383025,21316.4362845903,24749.7314943358
"Nass","Chinook",1992,17716,17887.9,25405,24372.4,"CTC_20260818",NA,NA,NA,17231.9414672799,16009.9478687239,18547.206347364,NA,NA,NA,22968.5127042448,21362.1290775188,24695.6927341218
"Nass","Chinook",1993,25853,19487.3,36678,27223.7,"CTC_20260818",NA,NA,NA,17169.3828921573,15983.6415602634,18443.0880651359,NA,NA,NA,22968.0011815792,21403.6504776629,24646.6872007445
"Nass","Chinook",1994,24872,18871.8,32864,26644.6,"CTC_20260818",NA,NA,NA,17107.0514287231,15953.873529417,18343.5833338758,NA,NA,NA,22967.4896703056,21440.6094807398,24603.105719987
"Nass","Chinook",1995,8817,15142.3,16187,23053.4,"CTC_20260818",NA,NA,NA,17044.9462524745,15920.3907352998,18248.9360707436,NA,NA,NA,22966.9781704236,21472.6198326378,24565.3343836022
"Nass","Chinook",1996,22950,18730,30889,27352.9,"CTC_20260818",NA,NA,NA,16983.0665419021,15882.9579932804,18159.3724096417,NA,NA,NA,22966.4666819331,21499.3138535958,24533.7407251313
"Nass","Chinook",1997,20337,19254.1,27658,27821.7,"CTC_20260818",NA,NA,NA,16921.4114784786,15841.3695213378,18075.0891542746,NA,NA,NA,22965.9552048337,21520.3582705383,24508.6578875639
"Nass","Chinook",1998,24675,19075.3,34922,27550,"CTC_20260818",NA,NA,NA,16859.9802466486,15795.4608727538,17996.2418448779,NA,NA,NA,22965.4437391252,21535.4709080945,24490.3679323162
"Nass","Chinook",1999,12526,16630,22310,25496.4,"CTC_20260818",NA,NA,NA,16798.7720338173,15745.1200385341,17922.9336552226,NA,NA,NA,22964.9322848074,21544.4366162789,24479.0859115478
"Nass","Chinook",2000,19348,19460.6,31159,29064.4,"CTC_20260818",NA,NA,NA,16737.7860303399,15690.2963442077,17855.2064952467,NA,NA,NA,22964.4208418799,21547.1205508575,24474.9465877927
"Nass","Chinook",2001,32340,20842.4,44595,31279.4,"CTC_20260818",NA,NA,NA,16677.0214295111,15631.005871397,17793.0355889192,NA,NA,NA,22963.9094103426,21543.4770117045,24477.9955956005
"Nass","Chinook",2002,14804,19559.8,21528,29750.5,"CTC_20260818",NA,NA,NA,16616.477427554,15567.3325359973,17736.3283955007,NA,NA,NA,22963.3979901952,21533.5525403474,24488.1863439889
"Nass","Chinook",2003,28274,20099.8,36503,30015.1,"CTC_20260818",NA,NA,NA,16556.1532236098,15499.4245840934,17684.9281130704,NA,NA,NA,22962.8865814374,21517.4828022943,24505.3831341154
"Nass","Chinook",2004,16875,21334.3,25137,30740,"CTC_20260818",NA,NA,NA,16496.0480197274,15427.486968035,17638.621301899,NA,NA,NA,22962.3751840691,21495.4837304024,24529.3700159071
"Nass","Chinook",2005,15571,20427.4,24067,29192.5,"CTC_20260818",NA,NA,NA,16436.1610208522,15351.7706518014,17597.1485785375,NA,NA,NA,22961.8637980898,21467.8382295905,24559.8640833472
"Nass","Chinook",2006,28061,19855.7,37098,28137.4,"CTC_20260818",NA,NA,NA,16376.4914348161,15272.5602243741,17560.2170019007,NA,NA,NA,22961.3524234994,21434.8802384958,24596.5314128176
"Nass","Chinook",2007,24964,22043.1,34221,30870.4,"CTC_20260818",NA,NA,NA,16317.0384723269,15190.1612250626,17527.5127474034,NA,NA,NA,22960.8410602977,21396.9780322866,24639.0037602853
"Nass","Chinook",2008,22138,20990.5,26202,28889.7,"CTC_20260818",NA,NA,NA,16257.8013469579,15104.8883562596,17498.7128936712,NA,NA,NA,22960.3297084843,21354.5183883146,24686.8943956508
"Nass","Chinook",2009,29576,23483.5,36865,31189.1,"CTC_20260818",NA,NA,NA,16198.7792751371,15017.0553868086,17473.4955186429,NA,NA,NA,22959.818368059,21307.8927633482,24739.8119255141
"Nass","Chinook",2010,20729,24866.5,26052,31687.4,"CTC_20260818",NA,NA,NA,16139.9714761376,14926.9671501315,17451.5477009167,NA,NA,NA,22959.3070390216,21257.4861045128,24797.3714822356
"Nass","Chinook",2011,10826,20553.6,15092,26470.7,"CTC_20260818",13968.8624051604,11503.9591247248,16961.9097893806,16081.3771720666,14834.9137016458,17432.5713618122,19723.987424547,17222.3593891658,22588.9886009708,22958.7957213717,21203.6684553534,24859.2031178735
"Nass","Chinook",2012,9797,17046.8,15086,22471,"CTC_20260818",13879.3620717173,11656.9907389532,16525.4220262959,16022.9955878555,14741.1664615094,17416.2871221081,19651.4049442893,17396.068275648,22199.1377686779,22958.2844151093,21146.7891852722,24924.9575747481
"Nass","Chinook",2013,9034,14249.3,13525,19687.2,"CTC_20260818",13790.4351786484,11799.0551292945,16117.9094709319,15964.8259512492,14645.9760350595,17402.4364810894,19579.0895609591,17558.0138095698,21832.8082090426,22957.7731202339,21087.1734750655,24994.3097999055
"Nass","Chinook",2014,12979,12085.2,19789,17383.8,"CTC_20260818",13702.0780518462,11924.4370676413,15744.7216899122,15906.8674927965,14549.5713553083,17390.7826735439,19507.0402916641,17702.374201256,21495.6828171447,22957.2618367454,21025.1206113726,25066.960650671
"Nass","Chinook",2015,20595,12069.5,28557,17705.9,"CTC_20260818",13614.2870407434,12024.9265831014,15413.7166948049,15849.1194458394,14452.1598022661,17381.110549933,19435.2561571287,17820.7792543603,21195.9969034906,22956.7505646435,20960.9036439072,25142.6372374193
"Nass","Chinook",2016,10192,11924.7,15977,17908.9,"CTC_20260818",13527.0585181626,12089.4091309727,15135.6704179199,15791.5810465033,14353.9279970772,17373.2257817555,19363.7361816813,17901.8689255544,20944.9795701788,22956.2393039279,20894.7700076647,25221.0923013698
"Nass","Chinook",2017,4984,10417,8947,16132.1,"CTC_20260818",13440.3888801659,12104.7941381856,14923.3478230108,15734.2515336868,14255.0430254676,17366.9536376025,19292.4793932404,17932.1889627563,20755.9580100139,22955.7280545984,20826.9427815481,25302.1029559628
"Nass","Chinook",2018,16319,11724.8,21862,17758.2,"CTC_20260818",13354.2745459065,12059.7018433474,14787.8157324283,15677.1301490513,14155.6539022364,17362.1375181732,19221.4848233017,17899.8771613206,20640.6711891177,22955.2168166548,20757.6223275843,25385.4690476467
"Nass","Chinook",2019,11833,11510.1,18707,17559.7,"CTC_20260818",13268.7119574807,11950.1770489101,14732.7287528889,15620.2161370116,14055.8931396036,17358.637387438,19150.7515069249,17800.4541459451,20603.4790052551,22954.7055900966,20686.9881212598,25471.0113255446
"Nass","Chinook",2020,14315,10702.5,20551,16441.5,"CTC_20260818",13183.6975797804,11782.5404308688,14751.4776541523,15563.5087447253,13955.8783243633,17356.3281950003,19080.2784827208,17639.8108947528,20638.3747053927,22954.1943749239,20615.2006391333,25558.5695538464
"Nass","Chinook",2021,12742,11191.3,21538,17453.5,"CTC_20260818",13099.2279003476,11569.996528323,14830.5810779804,15507.0072220833,13855.7136416089,17355.0983518899,19010.0647928377,17430.9083217298,20732.2852462817,22953.6831711362,20542.4032138267,25648.0006568206
"Nass","Chinook",2022,20000,14776.4,22697,21025.2,"CTC_20260818",13015.2994292292,11326.7577642677,14955.5612257278,15450.7108216997,13755.4913072338,17354.8482975846,18940.1094829491,17187.8921900417,20870.9563255195,22953.1719787333,20468.7237996627,25739.176953181
"Nass","Chinook",2023,13000,14119.5,18900,20421.8,"CTC_20260818",12931.9086988324,11064.5024386736,15114.4855832292,15394.6187989016,13655.2928889008,17355.489178568,18870.4116022399,16922.4900102128,21042.5554290797,22952.660797715,20394.2766162903,25831.9845124663
"Nass","Chinook",2024,17000,15180.7,19900,20675.9,"CTC_20260818",12849.0522637819,10791.6547222619,15298.6866543109,15338.7304117199,13555.1905072097,17356.9416466913,18800.9702033942,16643.2355464596,21238.4472719974,22952.149628081,20319.1636544906,25926.3216492375
"Nass","Chinook",2025,22000,16543.1,27000,21835.9,"CTC_20260818",12766.7267007774,10513.9486568374,15502.1976968043,15283.044920879,13455.2479167463,17359.1347776583,18731.7843425821,16355.9991701687,21452.6633931949,22951.6384698311,20243.4760397197,26022.0975595416
"Nass","Sockeye",1982,350008,350008,920757,920757,"English_20230930",NA,NA,NA,246346.803459703,219941.311349312,275922.459507529,NA,NA,NA,916978.303192791,781787.421990604,1075547.11789215
"Nass","Sockeye",1983,209432,270745,615371,752733.1,"English_20230930",NA,NA,NA,246892.294744594,221286.426013052,275461.113013124,NA,NA,NA,903725.994807302,774711.762002717,1054225.2147807
"Nass","Sockeye",1984,201970,245547.8,543032,675101.6,"English_20230930",NA,NA,NA,247438.993923144,222628.129308596,275014.913451612,NA,NA,NA,890665.210776243,767643.688532034,1033401.9930576
"Nass","Sockeye",1985,407042,278619.7,841303,713288.1,"English_20230930",NA,NA,NA,247986.90367002,223964.938506244,274585.409671744,NA,NA,NA,877793.183160827,760577.854467327,1013072.9784964
"Nass","Sockeye",1986,213695,264221.6,658881,702058.6,"English_20230930",NA,NA,NA,248536.02666581,225295.156393501,274174.365484096,NA,NA,NA,865107.184024944,753508.277069947,993234.530563882
"Nass","Sockeye",1987,210166,238597.1,562867,636246.7,"English_20230930",NA,NA,NA,249086.365597039,226616.839585521,273783.791353809,NA,NA,NA,852604.524857021,746428.254265542,973883.922068227
"Nass","Sockeye",1988,155793,224888,401140,584059.8,"English_20230930",NA,NA,NA,249637.92315618,227927.763089866,273415.979839017,NA,NA,NA,840282.556000257,739330.274678977,955019.425147859
"Nass","Sockeye",1989,127418,205095,586686,593162.1,"English_20230930",NA,NA,NA,250190.702041668,229225.381393374,273073.544507197,NA,NA,NA,828138.666091096,732205.923984109,936640.401027436
"Nass","Sockeye",1990,177461,173719.2,459623,525609.6,"English_20230930",NA,NA,NA,250744.704957914,230506.786837522,272759.46156305,NA,NA,NA,816170.281505797,725045.792153319,918747.388954422
"Nass","Sockeye",1991,308716,186982.4,958994,566584.9,"English_20230930",NA,NA,NA,251299.934615316,231768.666814274,272477.112655906,NA,NA,NA,804374.865815015,717839.389083617,901342.18683778
"Nass","Sockeye",1992,672844,235977.7,1960084,727174.8,"English_20230930",NA,NA,NA,251856.393730276,233007.262432114,272230.326216979,NA,NA,NA,792749.919246268,710575.080050733,884427.912135752
"Nass","Sockeye",1993,538263,302385.1,2150584,1017398,"English_20230930",NA,NA,NA,252414.085025208,234218.332848377,272023.413130338,NA,NA,NA,781292.978154158,703240.057615821,868009.026366448
"Nass","Sockeye",1994,310044,361242.5,837138,1092368.5,"English_20230930",NA,NA,NA,252973.011228558,235397.13146922,271861.190536266,NA,NA,NA,770001.614498261,695820.372856893,852091.300367643
"Nass","Sockeye",1995,264689,391314.1,1168730,1316532.7,"English_20230930",NA,NA,NA,253533.17507481,236538.402596173,271748.985188057,NA,NA,NA,758873.435328563,688301.055506381,836681.690722811
"Nass","Sockeye",1996,217909,364979.7,1054397,1341742.9,"English_20230930",NA,NA,NA,254094.579304504,237636.409540097,271692.605341434,NA,NA,NA,747906.082278318,680666.358308253,821788.092038456
"Nass","Sockeye",1997,250460,299525.3,994761,1171542.7,"English_20230930",NA,NA,NA,254657.226664251,238685.007071711,271698.268307419,NA,NA,NA,737097.231064254,672900.163050921,807418.927615084
"Nass","Sockeye",1998,266463,260232.8,711783,939109.8,"English_20230930",NA,NA,NA,255221.119906741,239677.771230826,271772.470646512,NA,NA,NA,726444.590993991,664986.580383441,793582.546402868
"Nass","Sockeye",1999,210959,240944.4,842807,940378.2,"English_20230930",NA,NA,NA,255786.261790759,240608.196490261,271921.791008226,NA,NA,NA,715945.904480578,656910.758038636,780286.411616912
"Nass","Sockeye",2000,204408,228807,625983,829988.8,"English_20230930",NA,NA,NA,256352.655081203,241469.962592137,272152.623298257,NA,NA,NA,705598.94656405,648659.878826553,767536.099647414
"Nass","Sockeye",2001,167258,217015.9,583885,737457.3,"English_20230930",NA,NA,NA,256920.302549088,242257.260433723,272470.850796125,NA,NA,NA,695401.524439901,640224.281221089,755334.176440492
"Nass","Sockeye",2002,405474,238966.3,1403976,790069.1,"English_20230930",NA,NA,NA,257489.206971568,242965.149590976,272881.488635148,NA,NA,NA,685351.476994363,631598.57977599,743679.074112146
"Nass","Sockeye",2003,263688,238466.4,1177472,873746.9,"English_20230930",NA,NA,NA,258059.371131946,243589.903682623,273388.338441904,NA,NA,NA,675446.674346408,622782.617408761,732564.135755542
"Nass","Sockeye",2004,215860,239564.3,986097,901620.9,"English_20230930",NA,NA,NA,258630.797819689,244129.290302137,273993.708407807,NA,NA,NA,665685.017396375,613782.06933223,721977.008660627
"Nass","Sockeye",2005,224562,244112.4,666882,913106.1,"English_20230930",NA,NA,NA,259203.489830438,244582.735804183,274698.248506259,NA,NA,NA,656064.437381102,604608.556048747,711899.528529792
"Nass","Sockeye",2006,250641,264681,775110,966336.7,"English_20230930",NA,NA,NA,259777.449966028,244951.343770134,275500.932030732,NA,NA,NA,646582.895435502,595279.209106509,702308.15098895
"Nass","Sockeye",2007,164745,221051.1,602208,815841.6,"English_20230930",NA,NA,NA,260352.681034495,245237.764868276,276399.185738209,NA,NA,NA,637238.382160478,585815.743870762,693174.876140045
"Nass","Sockeye",2008,218376,212870.5,380396,650823,"English_20230930",NA,NA,NA,260929.185850096,245445.945296394,277389.14141025,NA,NA,NA,628028.917197069,576243.19028045,684468.515183258
"Nass","Sockeye",2009,244900,218312.6,575336,584336.9,"English_20230930",NA,NA,NA,261506.967233317,245580.801035262,278465.961603194,NA,NA,NA,618952.548806758,566588.483076785,676156.09762132
"Nass","Sockeye",2010,229010,219170.7,438941,537445.8,"English_20230930",NA,NA,NA,262086.02801089,245647.870545813,279624.186954694,NA,NA,NA,610007.353457847,556879.10672434,668204.223824191
"Nass","Sockeye",2011,276700,223549.6,556711,503023.2,"English_20230930",213272.274614629,191308.648063339,237757.485507076,262666.371015807,245652.990654008,280858.060302585,500537.574874251,429193.193917263,583741.465176387,601191.435417811,547141.940262591,660580.217715106
"Nass","Sockeye",2012,203030,233089.9,476821,480075.8,"English_20230930",220801.625602557,200252.537896357,243459.375750657,263247.999087334,245602.024951502,282161.79828798,497980.148425735,433695.783291302,571793.035072128,592502.926351532,537402.379122427,653253.002542352
"Nass","Sockeye",2013,210120,231300.2,501424,507345.3,"English_20230930",228596.792324865,209485.357939852,249451.770639843,263830.915071023,245500.657556339,283529.79759836,495435.78878852,437863.438838988,560578.022826799,583939.984925354,527683.748171837,646193.685471592
"Nass","Sockeye",2014,260102,234103,549423,502690.5,"English_20230930",236667.159123543,218954.650938634,255812.534547652,264415.121818725,245354.251947142,284956.776137197,492904.429199568,441531.172924352,550255.092331108,575500.796416854,518006.976315464,639375.880672953
"Nass","Sockeye",2015,389508,260339.1,868749,576233.2,"English_20230930",245022.441644803,228573.055565352,262655.616870887,265000.622188609,245167.766457827,286437.857533077,490386.003236957,444462.022218256,541055.073660778,567183.572330248,508390.480437029,632775.823112895
"Nass","Sockeye",2016,276417,260285.8,442420,550350.4,"English_20230930",253672.698535421,238207.743380612,270141.671588835,265587.419045172,244945.714486438,287968.610934736,487880.444818141,446334.933510681,533293.073351272,558986.550017361,498850.201098527,626372.33063598
"Nass","Sockeye",2017,226765,266105.4,368660,522749.2,"English_20230930",262628.343552006,247682.701650184,278475.833707135,266175.515259254,244692.157178476,289545.058331611,485387.688198211,446770.882042634,527342.352252761,550907.992304079,489399.737695385,620146.666636379
"Nass","Sockeye",2018,223871,269500.6,315975,476631.7,"English_20230930",271900.158097775,256814.127925467,287872.386814527,266764.913708052,244410.717856791,291163.660127873,482907.667968174,445438.242896788,523528.950423985,542946.187122186,480050.540921993,614082.345463749
"Nass","Sockeye",2019,243662,266004.3,377745,442223,"English_20230930",281499.304201931,265479.754524571,298485.503755569,267355.617275132,244104.609686673,292821.287481279,480440.319053234,442217.119080708,521967.355428966,535099.447146533,470812.131484131,608164.911626063
"Nass","Sockeye",2020,215464,236298.1,295163,356348.4,"English_20230930",291437.337957251,273670.091470074,310358.07201057,267947.628850448,243776.670308623,294515.187674371,477985.576711086,437282.663952499,522477.17638458,527366.109437451,461692.323873393,602381.713973351
"Nass","Sockeye",2021,348825,247553.4,502536,365545.4,"English_20230930",301726.223432087,281470.074214848,323440.117605891,268540.951330352,243429.399108335,296242.946848491,475543.376530216,431009.387278507,524678.834467316,519744.535088324,452697.44186939,596721.688195702
"Nass","Sockeye",2022,444663,283243.4,623024,405991.6,"English_20230930",312378.347073508,288999.505455522,337648.438417121,269135.587617609,243064.994314483,298002.45291002,473113.654428213,423803.103383429,528161.611416767,512233.108878258,443832.51819623,591175.155208162
"Nass","Sockeye",2023,504000,333155,696000,475453.9,"Nisgaa_20251202",323406.532618935,296368.695976644,352911.042092128,269731.540621414,242685.388232393,299791.860300761,470696.346650086,415998.855264631,532585.722162141,504830.23892978,435101.474724516,585733.639030434
"Nass","Sockeye",2024,526000,388584.9,791000,551193.3,"Nisgaa_20251202",334824.056534207,303663.376058729,369182.31723914,270328.8132574,242292.279700193,301609.557545865,468291.389766589,407839.552912781,537703.673327686,497534.356371465,426507.282180826,580389.70519856
"Nass","Sockeye",2025,316000,419515.9,479000,607237.6,"Nisgaa_20251202",346644.663996679,310945.818660238,386441.996856915,270927.40844766,241887.163371276,303454.137975482,465898.720672561,399491.606634459,543344.626819517,490343.915005456,418052.099887358,575136.819185125
"Nass","Coho",1992,109000,109000,305000,305000,"Nisgaa_20251202",NA,NA,NA,81072.8957385153,67805.9028488485,96935.7260544138,NA,NA,NA,201304.733873963,170376.233447228,237847.703638892
"Nass","Coho",1993,43000,68461.7,119000,190512.5,"Nisgaa_20251202",NA,NA,NA,83217.5023783239,70154.0422438716,98713.5235630888,NA,NA,NA,205055.509489293,174841.047424587,240491.363963315
"Nass","Coho",1994,207000,98997,759000,302015.7,"Nisgaa_20251202",NA,NA,NA,85418.8399094819,72572.9433143607,100538.54616143,NA,NA,NA,208876.170782152,179398.508604478,243197.421539356
"Nass","Coho",1995,47000,82175.2,151000,253960.6,"Nisgaa_20251202",NA,NA,NA,87678.4090239917,75062.6880014182,102414.443362768,NA,NA,NA,212768.019885333,184046.019736356,245972.340780716
"Nass","Coho",1996,79000,75821.3,208000,230784.8,"Nisgaa_20251202",NA,NA,NA,89997.7501113902,77622.8515273372,104345.497050694,NA,NA,NA,216732.383193389,188779.885022064,248823.787127511
"Nass","Coho",1997,27000,67494,61000,195277.9,"Nisgaa_20251202",NA,NA,NA,92378.4443088596,80252.3740239504,106336.754229579,NA,NA,NA,220770.611814695,193595.066580824,251760.873362372
"Nass","Coho",1998,70000,51469.1,134000,126581.1,"Nisgaa_20251202",NA,NA,NA,94822.1145791181,82949.4084807947,108394.18361057,NA,NA,NA,224884.082031916,198484.900612292,254794.446304626
"Nass","Coho",1999,103000,62622.7,207000,136967.4,"Nisgaa_20251202",NA,NA,NA,97330.4268168228,85711.1458541222,110524.855197573,NA,NA,NA,229074.195771067,203440.777576873,257937.409565458
"Nass","Coho",2000,106000,67398.7,208000,136967.4,"Nisgaa_20251202",NA,NA,NA,99905.0909842407,88533.6230087192,112737.13720703,NA,NA,NA,233342.381079304,208451.801056242,261205.067703247
"Nass","Coho",2001,195000,110489,374000,215527.4,"Nisgaa_20251202",NA,NA,NA,102547.862276962,91411.52749989,115040.896320077,NA,NA,NA,237690.092611629,213504.45716686,264615.459908508
"Nass","Coho",2002,292000,157902.9,378000,279318.2,"Nisgaa_20251202",NA,NA,NA,105260.542320446,94338.0260826592,117447.674386214,NA,NA,NA,242118.812126648,218582.35215726,268189.625589918
"Nass","Coho",2003,141000,170799.1,261000,295983,"Nisgaa_20251202",NA,NA,NA,108044.980398227,97304.6612381211,119970.797294958,NA,NA,NA,246630.048991579,223666.109383135,271951.710669741
"Nass","Coho",2004,99000,167906.7,222000,300842.5,"Nisgaa_20251202",NA,NA,NA,110903.0747126,100301.379027917,122625.352711105,NA,NA,NA,251225.340696664,228733.551414956,275928.788836303
"Nass","Coho",2005,160000,159804.6,374000,300842.5,"Nisgaa_20251202",NA,NA,NA,113836.773678663,103316.764015264,125427.960942066,NA,NA,NA,255906.253379166,233760.311190054,280150.253844067
"Nass","Coho",2006,102000,122855.2,195000,254961.7,"Nisgaa_20251202",NA,NA,NA,116848.077252586,106338.548162958,128396.272033949,NA,NA,NA,260674.382357126,238720.988494328,284646.666578644
"Nass","Coho",2007,142000,123072.5,282000,259942.4,"Nisgaa_20251202",NA,NA,NA,119939.038295016,109354.413725726,131548.169086377,NA,NA,NA,265531.352673078,243590.863342204,289448.045320749
"Nass","Coho",2008,115000,127769.3,193000,251002.6,"Nisgaa_20251202",NA,NA,NA,123111.763970554,112353.019897028,134900.748033585,NA,NA,NA,270478.819647876,248347.991089043,294581.774377542
"Nass","Coho",2009,312000,150985.5,479000,267020.2,"Nisgaa_20251202",NA,NA,NA,126368.417184242,115325.074000669,138469.253109327,NA,NA,NA,275518.469444854,252975.292052945,300070.51830717
"Nass","Coho",2010,148000,165710.7,277000,291511.3,"Nisgaa_20251202",NA,NA,NA,129711.218056059,118264.198261122,142266.216969886,NA,NA,NA,280652.019644493,257462.130463008,305930.646922265
"Nass","Coho",2011,98000,151037.6,209000,270476.6,"Nisgaa_20251202",NA,NA,NA,133142.445434416,121167.371164837,146301.026471397,NA,NA,NA,285881.219829794,261804.964387469,312171.589421866
"Nass","Coho",2012,115000,151037.6,256000,290268.8,"Nisgaa_20251202",NA,NA,NA,136664.438449689,124034.853416015,150580.004106791,NA,NA,NA,291207.852182563,266006.935150282,318796.249146182
"Nass","Coho",2013,354000,155882.5,876000,337553.4,"Nisgaa_20251202",NA,NA,NA,140279.598108846,126869.675852193,155106.927746116,NA,NA,NA,296633.732090797,270076.604622956,325802.270570442
"Nass","Coho",2014,232000,174423,441000,379168.5,"Nisgaa_20251202",136085.048988594,107153.338936135,172828.404061826,143990.388932258,129676.880545101,159883.797464205,354325.818370067,274820.095005263,456832.625580794,302160.708767397,274026.260850159,333183.738082462
"Nass","Coho",2015,56000,151650.7,249000,396137.1,"Nisgaa_20251202",139400.278707799,113135.662751147,171762.265153788,147799.340633807,132462.722919143,164911.641633114,352039.680665162,281972.662774751,439517.560118336,307790.665880404,277870.220530391,340932.878025846
"Nass","Coho",2016,183000,170326.7,508000,470166.2,"Nisgaa_20251202",142796.272244725,119160.321622008,171120.513014993,151709.04984544,135233.984151459,170191.213025486,349768.29329832,288560.487650777,423959.149753294,313525.522194977,281623.418497165,349041.473866715
"Nass","Coho",2017,190000,145787.5,370000,379032,"Nisgaa_20251202",146274.997123437,125036.01803142,171121.69053628,155722.181887337,137997.461485555,175723.507307351,347511.561099216,294127.265454039,410585.142153321,319367.232227335,285300.4004168,357501.87827126
"Nass","Coho",2018,73000,109189,149000,288976.7,"Nisgaa_20251202",149838.468799748,130453.349309068,172104.18016222,159841.472584911,140759.639285738,181510.10110397,345269.389511568,297984.483042945,400057.58057043,325317.786910882,288914.704277209,366307.636523236
"Nass","Coho",2019,144000,138268.3,237000,285430.3,"Nisgaa_20251202",153488.751828904,134994.830892415,174516.289121992,164069.73013387,143526.50881723,187553.341665129,343041.68458918,299274.224440557,393209.931746582,331379.214274744,292478.550798304,375453.801154377
"Nass","Coho",2020,96000,117673.2,232000,234642.2,"Nisgaa_20251202",157227.961061724,138283.501313154,178767.759746299,168409.837014616,146303.494614201,193856.430279258,340828.352992005,297343.283896211,390672.91072157,337553.580134949,296002.748208496,384937.032346955
"Nass","Coho",2021,181000,116254.2,374000,235273.8,"Nisgaa_20251202",161058.262869863,140221.599924075,184991.214282988,172864.751957281,149095.449151587,200423.437732635,338629.301982231,292253.760569725,392363.827714084,343842.988798485,299496.729259427,394755.566240141
"Nass","Coho",2022,291000,164267.4,511000,320171.2,"Nisgaa_20251202",164981.876400946,141026.677683805,193006.174348123,177437.511958751,151906.686585328,207259.281061516,336444.439420398,284760.2613016,397509.330478584,350249.583780475,302968.659687919,404909.111935078
"Nass","Coho",2023,258000,190049,511000,387972,"Nisgaa_20251202",169001.074864257,141027.648122194,202523.148372487,182131.234353042,154741.035589862,214369.681581323,334273.673761539,275777.353629873,405177.899850339,356775.548534716,306425.577766966,415398.717560874
"Nass","Coho",2024,173000,220196,326000,422408.6,"Nisgaa_20251202",173118.186847767,140500.72915818,213307.836884728,186949.118936441,157601.898789237,221761.116709963,332116.914051342,266015.156105835,414644.211306149,363423.107197832,309873.540481898,426226.629869491
"Nass","Coho",2025,155000,211822.8,299000,399422.6,"Nisgaa_20251202",177335.597667237,139634.012285,225216.719661463,191894.450148867,160492.311585784,229440.772795236,329974.069922336,255932.535942416,425435.892393177,370194.525347287,313317.762864664,437396.160830812
"Nass","Pink",1950,123366,123366,NA,NA,"PSF_20260428",NA,NA,NA,107258.538698285,84573.8622995553,136027.772776223,NA,NA,NA,NA,NA,NA
"Nass","Pink",1951,89866,105292,NA,NA,"PSF_20260428",NA,NA,NA,109742.096198659,86940.2080089399,138524.25654235,NA,NA,NA,NA,NA,NA
"Nass","Pink",1952,87516,88683.2,NA,NA,"PSF_20260428",NA,NA,NA,112283.160149638,89369.716109434,141071.367371821,NA,NA,NA,NA,NA,NA
"Nass","Pink",1953,21598,43476.1,NA,NA,"PSF_20260428",NA,NA,NA,114883.0621056,91863.7874126344,143670.5183891,NA,NA,NA,NA,NA,NA
"Nass","Pink",1954,99476,46351.7,NA,NA,"PSF_20260428",NA,NA,NA,117543.164452891,94423.8232953117,146323.19500968,NA,NA,NA,NA,NA,NA
"Nass","Pink",1955,36415,60186.5,NA,NA,"PSF_20260428",NA,NA,NA,120264.861123735,97051.2216105276,149030.960982178,NA,NA,NA,NA,NA,NA
"Nass","Pink",1956,166208,77797.6,NA,NA,"PSF_20260428",NA,NA,NA,123049.578326675,99747.372054561,151795.465028295,NA,NA,NA,NA,NA,NA
"Nass","Pink",1957,26509,66377.8,NA,NA,"PSF_20260428",NA,NA,NA,125898.775293927,102513.650937024,154618.448134756,NA,NA,NA,NA,NA,NA
"Nass","Pink",1958,110675,54165.3,NA,NA,"PSF_20260428",NA,NA,NA,128813.94504604,105351.415299866,157501.751553075,NA,NA,NA,NA,NA,NA
"Nass","Pink",1959,178392,140511.7,NA,NA,"PSF_20260428",NA,NA,NA,131796.61517426,108261.996330468,160447.325563528,NA,NA,NA,NA,NA,NA
"Nass","Pink",1960,87485,124926.5,NA,NA,"PSF_20260428",NA,NA,NA,134848.348641007,111246.69201522,163457.239058567,NA,NA,NA,NA,NA,NA
"Nass","Pink",1961,284468,157755.1,NA,NA,"PSF_20260428",NA,NA,NA,137970.744598894,114306.758983546,166533.6899974,NA,NA,NA,NA,NA,NA
"Nass","Pink",1962,374043,326195.1,NA,NA,"PSF_20260428",NA,NA,NA,141165.439228705,117443.403499004,169679.016776812,NA,NA,NA,NA,NA,NA
"Nass","Pink",1963,224268,289630.6,NA,NA,"PSF_20260428",NA,NA,NA,144434.106596776,120657.771564992,172895.710552486,NA,NA,NA,NA,NA,NA
"Nass","Pink",1964,419720,306805.8,NA,NA,"PSF_20260428",NA,NA,NA,147778.459532231,123950.938128769,176186.428528939,NA,NA,NA,NA,NA,NA
"Nass","Pink",1965,294486,351570.3,NA,NA,"PSF_20260428",NA,NA,NA,151200.25052453,127323.895390436,179554.008213277,NA,NA,NA,NA,NA,NA
"Nass","Pink",1966,374960,332295.8,NA,NA,"PSF_20260428",NA,NA,NA,154701.272641799,130777.540254802,183001.482596807,NA,NA,NA,NA,NA,NA
"Nass","Pink",1967,64310,155285.8,NA,NA,"PSF_20260428",NA,NA,NA,158283.360470421,134312.661005261,186532.096187329,NA,NA,NA,NA,NA,NA
"Nass","Pink",1968,267058,131051.5,NA,NA,"PSF_20260428",NA,NA,NA,161948.39107639,137929.923331766,190149.321762084,NA,NA,NA,NA,NA,NA
"Nass","Pink",1969,56732,123088.3,NA,NA,"PSF_20260428",NA,NA,NA,165698.284988918,141629.855911066,193856.87764527,NA,NA,NA,NA,NA,NA
"Nass","Pink",1970,368416,144571.7,NA,NA,"PSF_20260428",NA,NA,NA,169535.007206819,145412.835817736,197658.745233758,NA,NA,NA,NA,NA,NA
"Nass","Pink",1971,176295,254852.7,NA,NA,"PSF_20260428",NA,NA,NA,173460.568228202,149279.074139269,201559.186399962,NA,NA,NA,NA,NA,NA
"Nass","Pink",1972,401284,265978.1,NA,NA,"PSF_20260428",NA,NA,NA,177477.025103995,153228.602276343,205562.760293005,NA,NA,NA,NA,NA,NA
"Nass","Pink",1973,98660,198974.1,NA,NA,"PSF_20260428",NA,NA,NA,181586.482515875,157261.259527133,209674.338941685,NA,NA,NA,NA,NA,NA
"Nass","Pink",1974,116073,107012.9,NA,NA,"PSF_20260428",NA,NA,NA,185791.093879148,161376.682675867,213899.12094142,NA,NA,NA,NA,NA,NA
"Nass","Pink",1975,188286,147834.1,NA,NA,"PSF_20260428",NA,NA,NA,190093.06247117,165574.298421329,218242.642391975,NA,NA,NA,NA,NA,NA
"Nass","Pink",1976,199757,193936.7,NA,NA,"PSF_20260428",NA,NA,NA,194494.6425859,169853.319576755,222710.784157049,NA,NA,NA,NA,NA,NA
"Nass","Pink",1977,222211,210685.1,NA,NA,"PSF_20260428",NA,NA,NA,198998.140715178,174212.746030983,227309.774458494,NA,NA,NA,NA,NA,NA
"Nass","Pink",1978,484100,327982.2,NA,NA,"PSF_20260428",NA,NA,NA,203605.916757362,178651.371460583,232046.185818128,NA,NA,NA,NA,NA,NA
"Nass","Pink",1979,62762,174307.5,NA,NA,"PSF_20260428",NA,NA,NA,208320.385253951,183167.796701414,236926.925441472,NA,NA,NA,NA,NA,NA
"Nass","Pink",1980,150833,97296.4,NA,NA,"PSF_20260428",NA,NA,NA,213144.016654838,187760.450504913,241959.218320948,NA,NA,NA,NA,NA,NA
"Nass","Pink",1981,231447,186841.8,NA,NA,"PSF_20260428",NA,NA,NA,218079.338612859,192427.618104892,247150.58263569,NA,NA,NA,NA,NA,NA
"Nass","Pink",1982,549230,356535.6,NA,NA,"PSF_20260428",NA,NA,NA,223128.937308326,197167.477602496,252508.797443341,NA,NA,NA,NA,NA,NA
"Nass","Pink",1983,656958,600683.8,NA,NA,"PSF_20260428",NA,NA,NA,228295.458804218,201978.143655087,258041.863181148,NA,NA,NA,NA,NA,NA
"Nass","Pink",1984,584461,619650.2,NA,NA,"PSF_20260428",NA,NA,NA,233581.610432756,206857.71736578,263757.956082839,NA,NA,NA,NA,NA,NA
"Nass","Pink",1985,565754,575031.4,NA,NA,"PSF_20260428",NA,NA,NA,238990.162214088,211804.340671582,269665.378216583,NA,NA,NA,NA,NA,NA
"Nass","Pink",1986,411520,482513.3,NA,NA,"PSF_20260428",NA,NA,NA,244523.948307818,216816.252994231,275772.505383328,NA,NA,NA,NA,NA,NA
"Nass","Pink",1987,399913,405675,NA,NA,"PSF_20260428",NA,NA,NA,250185.868498147,221891.847528735,282087.735503965,NA,NA,NA,NA,NA,NA
"Nass","Pink",1988,190413,275950.4,NA,NA,"PSF_20260428",NA,NA,NA,255978.889713399,227029.724371828,288619.440296672,NA,NA,NA,NA,NA,NA
"Nass","Pink",1989,714862,368943.1,NA,NA,"PSF_20260428",NA,NA,NA,261906.047580741,232228.737781957,295375.922956486,NA,NA,NA,NA,NA,NA
"Nass","Pink",1990,199431,377578.7,NA,NA,"PSF_20260428",NA,NA,NA,267970.448016889,237488.035222313,302365.384189365,NA,NA,NA,NA,NA,NA
"Nass","Pink",1991,457780,302151.5,NA,NA,"PSF_20260428",NA,NA,NA,274175.268855656,242807.086433534,309595.898357972,NA,NA,NA,NA,NA,NA
"Nass","Pink",1992,206000,307087.4,389000,389000,"Nisgaa_20251202",NA,NA,NA,280523.761513187,248185.701539365,317075.4007399,NA,NA,NA,512217.967171222,349747.141833272,750162.658993487
"Nass","Pink",1993,372000,276824.9,1205000,684649.6,"Nisgaa_20251202",NA,NA,NA,287019.25269174,253624.038008054,324811.686079649,NA,NA,NA,514327.812691522,357188.396125563,740598.24388879
"Nass","Pink",1994,145000,232249.9,220000,514878.6,"Nisgaa_20251202",NA,NA,NA,293665.146122933,259122.597070867,332812.417837177,NA,NA,NA,516446.348746721,364674.719099761,731382.838361374
"Nass","Pink",1995,402000,241433.2,1010000,471381,"Nisgaa_20251202",NA,NA,NA,300464.924351347,264682.210847568,341085.146887536,NA,NA,NA,518573.611133466,372184.972186066,722540.162179261
"Nass","Pink",1996,278000,334299.3,569000,758083.1,"Nisgaa_20251202",NA,NA,NA,307422.150559427,270304.021886944,349637.337967955,NA,NA,NA,520709.635795854,379693.258226497,714098.865165812
"Nass","Pink",1997,299000,288308.9,475000,519879.8,"Nisgaa_20251202",NA,NA,NA,314540.470434646,275989.457074433,358476.401924898,NA,NA,NA,522854.458826034,387167.986914703,706093.464216329
"Nass","Pink",1998,115000,185431.9,162000,277398.6,"Nisgaa_20251202",NA,NA,NA,321823.614079896,281740.19789823,367609.731774438,NA,NA,NA,525008.116464823,394570.818029884,698565.402606802
"Nass","Pink",1999,535000,248042.3,1454000,485332.9,"Nisgaa_20251202",NA,NA,NA,329275.397968113,287558.148935335,377044.740719347,NA,NA,NA,527170.645102312,401855.520827466,691564.193233782
"Nass","Pink",2000,221000,343853.2,594000,929341.7,"Nisgaa_20251202",NA,NA,NA,336899.72694217,293445.406169134,386788.900516266,NA,NA,NA,529342.081278489,408966.837793137,685148.557580539
"Nass","Pink",2001,760000,409829.2,2093000,1115007.6,"Nisgaa_20251202",NA,NA,NA,344700.596261067,299404.226432876,396849.778903749,NA,NA,NA,531522.461683845,415839.519256241,679387.393915216
"Nass","Pink",2002,291000,470276.5,691000,1202606.8,"Nisgaa_20251202",NA,NA,NA,352682.093693506,305436.998935524,407235.07513997,NA,NA,NA,533711.823160007,422397.806107922,674360.297477492
"Nass","Pink",2003,854000,498511.8,1155000,893367.2,"Nisgaa_20251202",NA,NA,NA,360848.401659942,311546.219504221,417952.653021267,NA,NA,NA,535910.202700349,428555.772130374,670157.221149173
"Nass","Pink",2004,493000,648862.1,771000,943665.7,"Nisgaa_20251202",NA,NA,NA,369203.79942423,317734.467894985,429010.571035497,NA,NA,NA,538117.637450627,434219.05763784,666876.744910078
"Nass","Pink",2005,1064000,724259.6,1523000,1083620.3,"Nisgaa_20251202",NA,NA,NA,377752.665336025,324004.388292557,440417.109535021,NA,NA,NA,540334.164709598,439288.5491711,664622.399339397
"Nass","Pink",2006,118000,354333.2,151000,479555,"Nisgaa_20251202",NA,NA,NA,386499.479125094,330358.672944925,452180.79498967,NA,NA,NA,542559.821929654,443666.358878285,663496.689531729
"Nass","Pink",2007,647000,276307.8,1015000,391490.8,"Nisgaa_20251202",NA,NA,NA,395448.824248766,336800.048754674,464310.421503647,NA,NA,NA,544794.646717459,447263.916673191,663593.006338737
"Nass","Pink",2008,45000,170631.2,57000,240530.7,"Nisgaa_20251202",NA,NA,NA,404605.39029373,343331.266570993,476815.06985875,NA,NA,NA,547038.676834575,450011.13513637,664986.464973224
"Nass","Pink",2009,723000,180374.6,912000,228000,"Nisgaa_20251202",NA,NA,NA,413973.97543344,349955.092884343,489704.124388337,NA,NA,NA,549291.950198109,451864.74832139,667725.56981551
"Nass","Pink",2010,180000,360749.2,199000,426014.1,"Nisgaa_20251202",NA,NA,NA,423559.488942434,356674.303611578,502987.288000839,NA,NA,NA,551554.504881348,452813.605270083,671826.924620473
"Nass","Pink",2011,116000,144499.1,180000,189261.7,"Nisgaa_20251202",NA,NA,NA,433366.953768862,363491.679664868,516674.595666282,NA,NA,NA,553826.379114405,452879.338168706,677274.568195718
"Nass","Pink",2012,231000,163694.8,281000,224900,"Nisgaa_20251202",NA,NA,NA,443401.509166587,370410.004016246,530776.426660937,NA,NA,NA,556107.611284865,452112.269960993,684024.070737208
"Nass","Pink",2013,848000,442592.4,1077000,550124.5,"Nisgaa_20251202",NA,NA,NA,453668.413388222,377432.059995825,545303.515839283,NA,NA,NA,558398.239938432,450583.925628977,692010.026613977
"Nass","Pink",2014,347000,542453.7,451000,696941.2,"Nisgaa_20251202",NA,NA,NA,464173.046440537,384560.630591551,560266.964172756,NA,NA,NA,560698.303779581,448378.279229749,701154.811516214
"Nass","Pink",2015,354000,350482.5,427000,438836,"Nisgaa_20251202",NA,NA,NA,474920.91290366,391798.498549162,575678.248764254,NA,NA,NA,563007.841672214,445583.677977848,711376.662679647
"Nass","Pink",2016,294000,322608.1,367000,395864.9,"Nisgaa_20251202",NA,NA,NA,485917.644815551,399148.447100671,591549.232517847,NA,NA,NA,565326.892640312,442286.601611209,722595.92395089
"Nass","Pink",2017,840000,496950.7,943000,588286.5,"Nisgaa_20251202",NA,NA,NA,497169.004623281,406613.261177334,607892.173615814,NA,NA,NA,567655.495868601,438567.57532024,734739.137416929
"Nass","Pink",2018,223000,432804.8,269000,503653.7,"Nisgaa_20251202",NA,NA,NA,508680.888202629,414195.728987803,624719.734930525,NA,NA,NA,569993.690703206,434498.987327815,747741.230513712
"Nass","Pink",2019,160000,188891.5,178000,218819.6,"Nisgaa_20251202",NA,NA,NA,520459.327947611,421898.643863968,642044.993477196,NA,NA,NA,572341.516652324,430144.322222308,761546.287514601
"Nass","Pink",2020,736000,343161.8,769000,369975.7,"Nisgaa_20251202",377447.475916142,270865.394785778,525968.247764319,532510.495931541,429724.806295764,659881.449994969,412323.488805842,297182.08839482,572075.727508699,574699.013386888,425558.31042248,776107.405022764
"Nass","Pink",2021,547000,634501.4,636000,699345.4,"Nisgaa_20251202",505004.743458726,393648.945541269,647860.978174721,544840.707141288,437677.026092147,678243.038728107,554803.54201262,433880.324430751,709428.275259061,577066.220741232,420787.591592775,791386.033651963
"Nass","Pink",2022,467000,505419.6,510000,569526.1,"Nisgaa_20251202",675669.615479094,555952.004816861,821166.980829675,557456.422786419,445758.124618814,697144.137465968,746518.15525041,615818.460468299,904957.210432899,579443.178713775,415871.611518401,807351.086389479
"Nass","Pink",2023,2242000,1023237,2519000,1133441.7,"Nisgaa_20251202",904010.180488489,743834.354399769,1098677.95375799,570364.253684967,453970.937074297,716599.577889648,1004480.53034564,828617.026146327,1217668.84339313,581829.927467688,410843.577223489,823977.988860964
"Nass","Pink",2024,947000,1457111.5,1052000,1627878.4,"Nisgaa_20251202",1209517.76978658,942813.707904981,1551667.33699734,583570.963727598,462318.314775136,736624.656264369,1351582.84999111,1056996.14555787,1728271.39253751,584226.507331576,405731.37205194,841247.769780932
"Nass","Pink",2025,2037000,1388898.5,2286000,1550765,"Nisgaa_20251202",1618270.75292338,1161310.04796607,2255039.672096,597083.473421983,470803.1274282,757235.14450959,1818627.78341905,1310775.68307971,2523244.10447775,586632.958800159,400558.382945158,859146.239357937
"Nass","Chum",1950,27677,27677,NA,NA,"PSF_20260428",NA,NA,NA,65255.1148180158,51509.3102434297,82669.1328186751,NA,NA,NA,NA,NA,NA
"Nass","Chum",1951,106319,54245.7,NA,NA,"PSF_20260428",NA,NA,NA,64552.4108147114,51193.8196002605,81396.8126334153,NA,NA,NA,NA,NA,NA
"Nass","Chum",1952,78925,61467.9,NA,NA,"PSF_20260428",NA,NA,NA,63857.2739257646,50878.5344383742,80146.7942864835,NA,NA,NA,NA,NA,NA
"Nass","Chum",1953,54080,59531.3,NA,NA,"PSF_20260428",NA,NA,NA,63169.6226642063,50563.3672939926,78918.8189215457,NA,NA,NA,NA,NA,NA
"Nass","Chum",1954,31145,61314.4,NA,NA,"PSF_20260428",NA,NA,NA,62489.3764205644,50248.2250563787,77712.6388255436,NA,NA,NA,NA,NA,NA
"Nass","Chum",1955,10158,34088.8,NA,NA,"PSF_20260428",NA,NA,NA,61816.4554534157,49933.0085417969,76528.0177665542,NA,NA,NA,NA,NA,NA
"Nass","Chum",1956,46535,29871.3,NA,NA,"PSF_20260428",NA,NA,NA,61150.7808800379,49617.6120435865,75364.7313569529,NA,NA,NA,NA,NA,NA
"Nass","Chum",1957,75357,32454.5,NA,NA,"PSF_20260428",NA,NA,NA,60492.2746671618,49301.9228599573,74222.5674402534,NA,NA,NA,NA,NA,NA
"Nass","Chum",1958,72128,40036.3,NA,NA,"PSF_20260428",NA,NA,NA,59840.8596218255,48985.8208022163,73101.3264988919,NA,NA,NA,NA,NA,NA
"Nass","Chum",1959,165661,80455.7,NA,NA,"PSF_20260428",NA,NA,NA,59196.4593823238,48669.1776875517,72000.822078804,NA,NA,NA,NA,NA,NA
"Nass","Chum",1960,80700,92327.4,NA,NA,"PSF_20260428",NA,NA,NA,58558.9984092579,48351.8568223042,70920.8812248475,NA,NA,NA,NA,NA,NA
"Nass","Chum",1961,98706,98772.3,NA,NA,"PSF_20260428",NA,NA,NA,57928.4019766803,48033.7124839086,69861.3449188635,NA,NA,NA,NA,NA,NA
"Nass","Chum",1962,67620,97191.5,NA,NA,"PSF_20260428",NA,NA,NA,57304.5961633341,47714.5894124917,68822.0685093667,NA,NA,NA,NA,NA,NA
"Nass","Chum",1963,78517,80642.5,NA,NA,"PSF_20260428",NA,NA,NA,56687.5078439891,47394.3223265282,67802.9221184504,NA,NA,NA,NA,NA,NA
"Nass","Chum",1964,110052,87145.5,NA,NA,"PSF_20260428",NA,NA,NA,56077.0646808681,47072.7354810804,66803.791007348,NA,NA,NA,NA,NA,NA
"Nass","Chum",1965,38024,68655.2,NA,NA,"PSF_20260428",NA,NA,NA,55473.1951151688,46749.6422920422,65824.5758772235,NA,NA,NA,NA,NA,NA
"Nass","Chum",1966,42252,61040.3,NA,NA,"PSF_20260428",NA,NA,NA,54875.8283586743,46424.8450555048,64865.1930760425,NA,NA,NA,NA,NA,NA
"Nass","Chum",1967,36076,50255.1,NA,NA,"PSF_20260428",NA,NA,NA,54284.8943854549,46098.1347978559,63925.574675899,NA,NA,NA,NA,NA,NA
"Nass","Chum",1968,59533,43099.3,NA,NA,"PSF_20260428",NA,NA,NA,53700.3239236605,45769.2912994247,63005.6683779657,NA,NA,NA,NA,NA,NA
"Nass","Chum",1969,31308,41055.4,NA,NA,"PSF_20260428",NA,NA,NA,53122.0484473986,45438.0833421678,62105.4371945508,NA,NA,NA,NA,NA,NA
"Nass","Chum",1970,42998,41235.4,NA,NA,"PSF_20260428",NA,NA,NA,52550.0001687031,45104.2692397125,61224.8588499313,NA,NA,NA,NA,NA,NA
"Nass","Chum",1971,34401,40748.2,NA,NA,"PSF_20260428",NA,NA,NA,51984.1120295866,44767.5977154119,60363.9248342846,NA,NA,NA,NA,NA,NA
"Nass","Chum",1972,96058,45925.3,NA,NA,"PSF_20260428",NA,NA,NA,51424.3176941802,44427.8092001103,59522.6390390055,NA,NA,NA,NA,NA,NA
"Nass","Chum",1973,82740,58555.4,NA,NA,"PSF_20260428",NA,NA,NA,50870.5515409572,44084.6376248642,58701.0158981464,NA,NA,NA,NA,NA,NA
"Nass","Chum",1974,164827,81933.6,NA,NA,"PSF_20260428",NA,NA,NA,50322.7486550404,43737.8127834631,57899.0779611147,NA,NA,NA,NA,NA,NA
"Nass","Chum",1975,42574,86418.3,NA,NA,"PSF_20260428",NA,NA,NA,49780.844820593,43387.0633334385,57116.8528279271,NA,NA,NA,NA,NA,NA
"Nass","Chum",1976,81957,83055.5,NA,NA,"PSF_20260428",NA,NA,NA,49244.7765132907,43032.1204903933,56354.369392169,NA,NA,NA,NA,NA,NA
"Nass","Chum",1977,80205,82411.9,NA,NA,"PSF_20260428",NA,NA,NA,48714.4808928749,42672.7224469788,55611.653360314,NA,NA,NA,NA,NA,NA
"Nass","Chum",1978,82898,69401.5,NA,NA,"PSF_20260428",NA,NA,NA,48189.8957957865,42308.6195131567,54888.7220507539,NA,NA,NA,NA,NA,NA
"Nass","Chum",1979,55461,74144.7,NA,NA,"PSF_20260428",NA,NA,NA,47670.9597278788,41939.5799278013,54185.5785224642,NA,NA,NA,NA,NA,NA
"Nass","Chum",1980,67456,70621.8,NA,NA,"PSF_20260428",NA,NA,NA,47157.6118572089,41565.3962339609,53502.2051409723,NA,NA,NA,NA,NA,NA
"Nass","Chum",1981,20577,50261.3,NA,NA,"PSF_20260428",NA,NA,NA,46649.7920069066,41185.8920439488,52838.5567554409,NA,NA,NA,NA,NA,NA
"Nass","Chum",1982,27566,38167.3,NA,NA,"PSF_20260428",NA,NA,NA,46147.4406481205,40800.9289510068,52194.5537301118,NA,NA,NA,NA,NA,NA
"Nass","Chum",1983,57597,38529.6,NA,NA,"PSF_20260428",NA,NA,NA,45650.4988930393,40410.4132791961,51570.0751384357,NA,NA,NA,NA,NA,NA
"Nass","Chum",1984,80016,40209.9,NA,NA,"PSF_20260428",NA,NA,NA,45158.908487989,40014.3023119543,50964.9524794368,NA,NA,NA,NA,NA,NA
"Nass","Chum",1985,65931,53797.3,NA,NA,"PSF_20260428",NA,NA,NA,44672.6118066045,39612.6096126921,50378.9643029265,NA,NA,NA,NA,NA,NA
"Nass","Chum",1986,43323,60234.6,NA,NA,"PSF_20260428",NA,NA,NA,44191.5518430734,39205.4090569964,49811.8321239794,NA,NA,NA,NA,NA,NA
"Nass","Chum",1987,42320,55767.7,NA,NA,"PSF_20260428",NA,NA,NA,43715.6722054546,38792.8372412845,49263.2179618187,NA,NA,NA,NA,NA,NA
"Nass","Chum",1988,64662,52875.1,NA,NA,"PSF_20260428",NA,NA,NA,43244.9171090674,38375.0940175539,48732.7237534494,NA,NA,NA,NA,NA,NA
"Nass","Chum",1989,47042,48595.9,NA,NA,"PSF_20260428",NA,NA,NA,42779.2313699515,37952.4410221797,48219.8927740733,NA,NA,NA,NA,NA,NA
"Nass","Chum",1990,42727,48427.9,NA,NA,"PSF_20260428",NA,NA,NA,42318.5603983995,37525.1982062329,47724.2130568022,NA,NA,NA,NA,NA,NA
"Nass","Chum",1991,53189,51276.1,NA,NA,"PSF_20260428",NA,NA,NA,41862.8501925563,37093.7385187362,47245.122660236,NA,NA,NA,NA,NA,NA
"Nass","Chum",1992,28000,41595.1,67000,67000,"Nisgaa_20251202",NA,NA,NA,41412.0473320896,36658.4810244547,46782.0165022983,NA,NA,NA,81768.9602398626,49741.7666034587,134417.47881635
"Nass","Chum",1993,98000,49972.1,323000,147108.8,"Nisgaa_20251202",NA,NA,NA,40966.0989719273,36219.8828381092,46334.2543784262,NA,NA,NA,79455.0085656103,49412.8192406306,127762.359711104
"Nass","Chum",1994,74000,57327,149000,147736.5,"Nisgaa_20251202",NA,NA,NA,40524.9528360631,35778.4303163689,45901.1697227474,NA,NA,NA,77206.538613702,49066.1951472139,121485.874069197
"Nass","Chum",1995,49000,56163.4,113000,138161,"Nisgaa_20251202",NA,NA,NA,40088.5572114283,35334.6299635846,45482.0786562702,NA,NA,NA,75021.697339405,48699.334038071,115571.499751626
"Nass","Chum",1996,26000,55132.4,61000,134958.2,"Nisgaa_20251202",NA,NA,NA,39656.8609418295,34888.9994799685,45076.2888933675,NA,NA,NA,72898.6841366625,48309.2514507733,110004.150121681
"Nass","Chum",1997,23000,38373.6,53000,85895,"Nisgaa_20251202",NA,NA,NA,39229.8134219526,34442.0593203823,44683.1081383821,NA,NA,NA,70835.7493541485,47892.4743230666,104770.184825198
"Nass","Chum",1998,154000,46089.8,290000,101454.3,"Nisgaa_20251202",NA,NA,NA,38807.36459143,33994.3250498851,44301.851686191,NA,NA,NA,68831.1928533183,47444.9764786821,99857.4235090926
"Nass","Chum",1999,35000,42371.4,89000,95575.9,"Nisgaa_20251202",NA,NA,NA,38389.4649289721,33546.3006911891,43931.8490315643,NA,NA,NA,66883.3626072628,46962.1222901184,95255.1540583989
"Nass","Chum",2000,19000,39175.8,40000,86006.5,"Nisgaa_20251202",NA,NA,NA,37976.0654465632,33098.4731702112,43572.449381128,NA,NA,NA,64990.653339214,46438.6327567514,90954.1209704074
"Nass","Chum",2001,30000,41866.4,90000,98179.9,"Nisgaa_20251202",NA,NA,NA,37567.1176837177,32651.3078871774,43223.0260404522,NA,NA,NA,63151.5051995791,45868.5965751191,86946.4711535512
"Nass","Chum",2002,15000,23388.8,32000,56586.2,"Nisgaa_20251202",NA,NA,NA,37162.5737018002,32205.2453772225,42882.9797123203,NA,NA,NA,61364.4024804122,45245.5590166681,83225.6242074675
"Nass","Chum",2003,65000,27303.6,87000,56265.6,"Nisgaa_20251202",NA,NA,NA,36762.3860784058,31760.6989779671,42551.7407886805,NA,NA,NA,59627.8723662648,44562.731219861,79786.0244558561
"Nass","Chum",2004,49000,34600.4,82000,67325.8,"Nisgaa_20251202",NA,NA,NA,36366.5079018005,31318.0533916893,42228.7707486528,NA,NA,NA,57940.4837203865,43813.3661664464,76622.7283472993
"Nass","Chum",2005,30000,34600.4,42000,55645.9,"Nisgaa_20251202",NA,NA,NA,35974.8927654228,30877.6640143151,41913.5627903611,NA,NA,NA,56300.8459052732,42991.3352707607,73730.793186253
"Nass","Chum",2006,51000,46984,72000,68152,"Nisgaa_20251202",NA,NA,NA,35587.4947624431,30439.8568996455,41605.641828154,NA,NA,NA,54707.6076365932,42091.8993109696,71104.4733621571
"Nass","Chum",2007,11000,30134.9,21000,47769.8,"Nisgaa_20251202",NA,NA,NA,35204.2684803824,30004.9292319417,41304.563982091,NA,NA,NA,53159.4558695451,41112.5940737806,68736.3036074715
"Nass","Chum",2008,3000,14990,4000,22450,"Nisgaa_20251202",NA,NA,NA,34825.1689957894,29573.150190307,41009.9156762406,NA,NA,NA,51655.1147167307,40054.0602363533,66616.239668429
"Nass","Chum",2009,20000,13545,28000,20285.8,"Nisgaa_20251202",NA,NA,NA,34450.1518689734,29144.7621018534,40721.3124487937,NA,NA,NA,50193.3443966502,38920.5841658171,64731.0896205261
"Nass","Chum",2010,9000,8779,10000,12384,"Nisgaa_20251202",NA,NA,NA,34079.1731387959,28719.9817955255,40438.3975621103,NA,NA,NA,48772.9402119541,37720.1395296373,63064.4458525873
"Nass","Chum",2011,6000,7544.6,8000,9729.2,"Nisgaa_20251202",NA,NA,NA,33712.1893175165,28299.0020833414,40160.8404859301,NA,NA,NA,47392.7315566087,36463.8515725964,61597.1957851198
"Nass","Chum",2012,16000,11465.3,18000,14170.3,"Nisgaa_20251202",NA,NA,NA,33349.1573856956,27881.9933098077,39888.3353129808,NA,NA,NA,46051.5809511575,35164.9948519576,60308.5004570378
"Nass","Chum",2013,14000,10487.2,17000,12508.4,"Nisgaa_20251202",NA,NA,NA,32990.0347871512,27469.1049228599,39620.5991536231,NA,NA,NA,44748.3831052842,33837.7791909666,59176.9861501978
"Nass","Chum",2014,20000,12804.4,24000,15568.8,"Nisgaa_20251202",15124.9564169771,12590.7320492259,18169.2617808924,32634.7794239703,27060.4670306253,39357.3705452261,18314.7184889912,15010.4415303173,22346.3722005456,43482.0640069025,32496.2044481843,58181.8683875865
"Nass","Chum",2015,48000,21534.3,61000,25871.2,"Nisgaa_20251202",18068.9091068521,15394.6837546432,21207.6767223757,32283.3496515741,26656.1919175605,39098.4079027134,21822.0226038383,18341.1437425672,25963.5209890012,42251.5800370248,31153.1813370611,57303.8110076216
"Nass","Chum",2016,21000,23049.1,28000,28892.6,"Nisgaa_20251202",21585.8788158368,18787.8031809014,24800.6730624925,31935.7042738362,26256.3755011427,38843.4880290895,26000.9822596329,22365.3462348377,30227.6151402782,41055.9171096783,29819.9907187312,56525.4478318124
"Nass","Chum",2017,23000,26094.8,25000,31817.1,"Nisgaa_20251202",25787.3987575319,22862.9174317194,29085.9614336607,31591.8025382533,25861.0987164604,38592.4046985962,30980.2207952452,27187.4911621468,35302.0466212948,39894.08983616,28506.0526687834,55831.5955684205
"Nass","Chum",2018,46000,32135.6,50000,38225.2,"Nisgaa_20251202",30806.7112001054,27700.1393424104,34261.6852296353,31251.6041311683,25470.4288209084,38344.9673202804,36912.9931684241,32892.3945286201,41425.0492911527,38765.1407129431,27218.9257206574,55209.2374958723
"Nass","Chum",2019,24000,27022.7,28000,31463.5,"Nisgaa_20251202",36802.992961417,33350.4938913689,40612.900526449,30915.0691730443,25084.4206149703,38100.9996859856,43981.9029585886,39523.9204494711,48942.7102843133,37668.1393325634,25964.4488282761,54647.3653325619
"Nass","Chum",2020,102000,40116.6,114000,44693.4,"Nisgaa_20251202",43966.4033632215,39841.9027585012,48517.8791890162,30582.1582137897,24703.1175779162,37860.3388039317,52404.5226848043,47092.8278782501,58315.3342356517,36602.1816168377,24746.954175476,54136.7511174214
"Nass","Chum",2021,119000,60503.3,160000,71086.7,"Nisgaa_20251202",52524.1147295828,47227.5436152763,58414.6965296332,30252.832228134,24326.5529193516,37622.8338169342,62440.090425553,55639.055855185,70072.4487938612,35566.3890717801,23569.5013320623,53669.6985559242
"Nass","Chum",2022,98000,73096.4,118000,88108.2,"Nisgaa_20251202",62747.5166739279,55631.4852168815,70773.786344106,29927.0526110526,23954.7505490598,37388.3450028189,74397.4888541777,65289.4336705089,84776.1427329953,34559.9080636037,22434.1032901483,53239.8032547725
"Nass","Chum",2023,54000,89524.5,65000,108756.5,"Nisgaa_20251202",74960.8226433811,65244.0048476997,86124.7703063181,29604.7811732422,23587.725968609,37156.7428535478,88644.752275092,76249.8338230803,103054.547294422,33581.9091152106,21341.9295262965,52841.7366589422
"Nass","Chum",2024,115000,92250,123000,110842.2,"Nisgaa_20251202",89551.3516586262,76297.618767843,105107.403263637,29285.9801366428,23225.4870888637,36927.9072289114,105620.394275864,88772.6526880016,125665.58899841,32631.58622259,20293.4805578735,52471.0591840389
"Nass","Chum",2025,86000,85055.8,105000,99763.7,"Nisgaa_20251202",106981.811312806,89056.7406110599,128514.785890868,28970.6121300106,22868.0349779233,36701.726580258,125846.904646645,103142.049663785,153549.822412561,31708.156190561,19288.7337692733,52124.0627317183
"Nass","Steelhead",1992,5000,5000,9000,9000,"Nisgaa_20251202",NA,NA,NA,7614.79602394014,6254.30416047622,9271.23417704065,NA,NA,NA,15713.6185556538,13007.2946268884,18983.025694072
"Nass","Steelhead",1993,9000,6708.2,17000,12369.3,"Nisgaa_20251202",NA,NA,NA,7777.30411469653,6443.85155998276,9386.69345956155,NA,NA,NA,15799.1578311181,13188.3327271097,18926.8342964596
"Nass","Steelhead",1994,7000,6804.1,13000,12576.1,"Nisgaa_20251202",NA,NA,NA,7943.28030617135,6638.08014076717,9505.11302732142,NA,NA,NA,15885.1627515655,13369.8337381678,18873.7123127685
"Nass","Steelhead",1995,3000,5544.5,6000,10451.9,"Nisgaa_20251202",NA,NA,NA,8112.79861143395,6836.9030926266,9626.8003828615,NA,NA,NA,15971.6358517995,13551.4342052048,18824.0704208646
"Nass","Steelhead",1996,12000,6470.3,28000,12728.9,"Nisgaa_20251202",NA,NA,NA,8285.93462307369,7040.18308041517,9752.12033460394,NA,NA,NA,16058.5796804221,13732.6950404276,18778.3956895059
"Nass","Steelhead",1997,12000,7708.4,22000,15220.4,"Nisgaa_20251202",NA,NA,NA,8462.76554690863,7247.72056807542,9881.50688609695,NA,NA,NA,16145.9967999089,13913.0868115072,18737.2663014691
"Nass","Steelhead",1998,12000,8164.9,31000,17163.6,"Nisgaa_20251202",NA,NA,NA,8643.37023641356,7459.24013192555,10015.4771427682,NA,NA,NA,16233.8897866848,14091.9730788179,18701.3682280137
"Nass","Steelhead",1999,11000,8937.4,23000,19238.2,"Nisgaa_20251202",NA,NA,NA,8827.82922788283,7674.37492302054,10154.6470765843,NA,NA,NA,16322.2612311998,14268.5923638713,18671.5132723326
"Nass","Steelhead",2000,15000,12331.2,21000,24716,"Nisgaa_20251202",NA,NA,NA,9016.22477634353,7892.64991352227,10299.7485139021,NA,NA,NA,16411.1137380054,14442.0401060872,18648.6571248497
"Nass","Steelhead",2001,13000,12530.2,27000,24536.9,"Nisgaa_20251202",NA,NA,NA,9208.64089223522,8113.46536229701,10451.6459115244,NA,NA,NA,16500.4499258312,14611.2531865036,18633.9148517632
"Nass","Steelhead",2002,18000,13588.7,22000,24536.9,"Nisgaa_20251202",NA,NA,NA,9405.16337887224,8336.08314604337,10611.3502748907,NA,NA,NA,16590.2724276625,14775.0013320089,18628.5695032581
"Nass","Steelhead",2003,17000,14569,25000,23503.6,"Nisgaa_20251202",NA,NA,NA,9605.87987070567,8559.62020077182,10780.0259738286,NA,NA,NA,16680.5838908173,14931.8918293011,18634.0674121811
"Nass","Steelhead",2004,5000,12443.6,11000,20280,"Nisgaa_20251202",NA,NA,NA,9810.87987240183,8783.05500080204,10958.9845289492,NA,NA,NA,16771.3869770249,15080.3958962485,18651.9918355124
"Nass","Steelhead",2005,8000,10973.5,12000,18132.6,"Nisgaa_20251202",NA,NA,NA,10020.2547987546,9005.25396664428,11149.658477581,NA,NA,NA,16862.684362504,15218.90548906,18684.0061602222
"Nass","Steelhead",2006,5000,9064.6,7000,13842.3,"Nisgaa_20251202",NA,NA,NA,10234.09801545,9225.02355879974,11353.5495624755,NA,NA,NA,16954.4787380416,15345.8262781061,18731.760940681
"Nass","Steelhead",2007,6000,7276.6,22000,13842.3,"Nisgaa_20251202",NA,NA,NA,10452.5048806997,9441.18907157746,11572.1502294621,NA,NA,NA,17046.7728090724,15459.7041706738,18796.7673893378
"Nass","Steelhead",2008,14000,6999.4,18000,12962.1,"Nisgaa_20251202",NA,NA,NA,10675.5727877643,9652.69246407203,11806.8460971951,NA,NA,NA,17139.5692957587,15559.3694491361,18880.2532521925
"Nass","Steelhead",2009,27000,9807.1,47000,17330.6,"Nisgaa_20251202",NA,NA,NA,10903.4012083833,9858.69149780363,12058.8171297845,NA,NA,NA,17232.8709330702,15644.0690480634,18983.0305455355
"Nass","Steelhead",2010,20000,11779.6,25000,20070.9,"Nisgaa_20251202",NA,NA,NA,11136.0917371322,10058.6365477649,12328.9611458702,NA,NA,NA,17326.6804708647,15713.5521977978,19105.4099264403
"Nass","Steelhead",2011,23000,15983.8,30000,26851.7,"Nisgaa_20251202",18730.7361421653,16098.091475831,21793.917431402,11373.7481367258,10252.3050252941,12617.8597260339,25960.5883851179,22458.7029645948,30008.5071860104,17421.0006739694,15768.0842958422,19247.1868356556
"Nass","Steelhead",2012,14000,18935.5,16000,25194.8,"Nisgaa_20251202",17935.5364959422,15652.7058167189,20551.3010443012,11616.4763842891,10439.7864264939,12925.7935051518,24718.4963183947,21699.9772193216,28156.8986947347,17515.8343222623,15808.3862202446,19407.7021987254
"Nass","Steelhead",2013,8000,16930.4,11000,22831.5,"Nisgaa_20251202",17174.0964666692,15206.5697542963,19396.1948165942,11864.3847186152,10621.4269147667,13252.7979414525,23535.8325157512,20949.6542762886,26441.2674741105,17611.1842107538,15835.5197732751,19585.9569970375
"Nass","Steelhead",2014,20000,15944.2,26000,20281.9,"Nisgaa_20251202",16444.9828146033,14755.375716972,18328.0632740199,12117.5836884312,10797.7525765601,13598.7404235292,22409.7536142306,20201.9958635115,24858.7842727748,17707.0531496695,15850.7522264915,19780.747737713
"Nass","Steelhead",2015,16000,15248.2,24000,20117,"Nisgaa_20251202",15746.8231471422,14293.2551156973,17348.2133509988,12376.1862016958,10969.3912856431,13963.3987803422,21337.5522924218,19449.3701461958,23409.0427818244,17803.4439645328,15855.4303093731,19990.7924801564
"Nass","Steelhead",2016,25000,15504.6,34000,20627,"Nisgaa_20251202",15078.3033356033,13812.7669550534,16459.7891371277,12640.3075759467,11137.0069575305,14346.5274129597,20316.6507615111,18682.2923750342,22093.985570893,17900.3594962483,15850.8820004763,20214.8290603198
"Nass","Steelhead",2017,10000,14495.6,11000,19137.7,"Nisgaa_20251202",14438.1650416723,13306.0469587471,15666.6071010317,12910.0655897244,11301.2519749566,14747.9052675158,19344.5945677569,17890.9527341664,20916.3449566468,17997.8026011854,15838.3514450831,20451.6801887103
"Nass","Steelhead",2018,30000,18881.8,35000,24122.7,"Nisgaa_20251202",13825.203348864,12767.9725467293,14969.97639507,13185.5805350926,11462.7374399551,15167.365994217,18419.046691486,17069.2628840529,19875.5671716849,18095.7761512626,15818.9634238105,20700.2889976797
"Nass","Steelhead",2019,12000,17048,16000,21890.4,"Nisgaa_20251202",13238.2644945372,12200.2324054487,14364.6154436416,13466.9752712793,11622.0177606157,15604.8137847314,17537.7819284264,16219.9123090734,18962.7285960715,18194.2830340319,15793.7099532526,20959.7324569258
"Nass","Steelhead",2020,4000,12920,5000,15995.8,"Nisgaa_20251202",12676.2436981967,11612.314474084,13837.650939844,13754.3752794632,11779.58529767,16060.2291632226,16698.6815398655,15355.3680903136,18159.5103112992,18293.3261527643,15763.4513364986,21229.2203393667
"Nass","Steelhead",2021,6000,9711.9,9000,12261.9,"Nisgaa_20251202",12138.0830819916,11017.6329844615,13372.4785635099,14047.9087187287,11935.8713018814,16533.668500483,15899.7281587744,14492.744713447,17443.3042547396,18392.9084265352,15728.9254314352,21508.0859694839
"Nass","Steelhead",2022,11000,9898.8,15000,13046.6,"Nisgaa_20251202",11622.7696794981,10428.6112929551,12953.6686360071,14347.7064832156,12091.250322539,17025.2600713074,15139.000939649,13647.5411387956,16793.4536426626,18493.0327903102,15690.7607610117,21795.7731299599
"Nass","Steelhead",2023,27000,9692.4,35000,13046.6,"Nisgaa_20251202",11129.3335290383,9854.31675876518,12569.3204138586,14653.9022604879,12246.0461963696,17535.1985462533,14414.6709404094,12830.7495605239,16194.1231367778,18593.7021950319,15649.4907110776,22091.8218810027
"Nass","Steelhead",2024,13000,9848.8,17000,13205.8,"Nisgaa_20251202",10656.8458479446,9300.44512634104,12211.0675224781,14966.6325911488,12400.5384575252,18063.7390775967,13724.9967252528,12048.9576888871,15634.1768285851,18694.9196077067,15605.5672541854,22395.8548539709
"Nass","Steelhead",2025,11000,12057.3,15000,16450.9,"Nisgaa_20251202",10204.4172843355,8770.16480580245,11873.2240976763,15286.0369297278,12554.9685200003,18611.1916286187,13068.3201778903,11305.5034334167,15106.0050777625,18796.6880114924,15559.3734256213,22707.564793039
"Skeena","Chinook",1975,NA,NA,NA,NA,"CTC_20260818",NA,NA,NA,NA,NA,NA,NA,NA,NA,NA,NA,NA
"Skeena","Chinook",1976,NA,NA,NA,NA,"CTC_20260818",NA,NA,NA,NA,NA,NA,NA,NA,NA,NA,NA,NA
"Skeena","Chinook",1977,NA,NA,NA,NA,"CTC_20260818",NA,NA,NA,NA,NA,NA,NA,NA,NA,NA,NA,NA
"Skeena","Chinook",1978,NA,NA,NA,NA,"CTC_20260818",NA,NA,NA,NA,NA,NA,NA,NA,NA,NA,NA,NA
"Skeena","Chinook",1979,NA,NA,NA,NA,"CTC_20260818",NA,NA,NA,NA,NA,NA,NA,NA,NA,NA,NA,NA
"Skeena","Chinook",1980,NA,NA,NA,NA,"CTC_20260818",NA,NA,NA,NA,NA,NA,NA,NA,NA,NA,NA,NA
"Skeena","Chinook",1981,NA,NA,NA,NA,"CTC_20260818",NA,NA,NA,NA,NA,NA,NA,NA,NA,NA,NA,NA
"Skeena","Chinook",1982,NA,NA,NA,NA,"CTC_20260818",NA,NA,NA,NA,NA,NA,NA,NA,NA,NA,NA,NA
"Skeena","Chinook",1983,NA,NA,NA,NA,"CTC_20260818",NA,NA,NA,NA,NA,NA,NA,NA,NA,NA,NA,NA
"Skeena","Chinook",1984,37792,37792,NA,NA,"CTC_20260818",NA,NA,NA,65161.9921455033,53644.2810782229,79152.6167380094,NA,NA,NA,NA,NA,NA
"Skeena","Chinook",1985,34728,36227.6,NA,NA,"CTC_20260818",NA,NA,NA,64040.6199486632,53090.6153337391,77249.0764634782,NA,NA,NA,NA,NA,NA
"Skeena","Chinook",1986,23987,31575.6,NA,NA,"CTC_20260818",NA,NA,NA,62938.5454369068,52537.4491278341,75398.7977618603,NA,NA,NA,NA,NA,NA
"Skeena","Chinook",1987,96457,41744.3,NA,NA,"CTC_20260818",NA,NA,NA,61855.4365165273,51984.2734859434,73601.0098839741,NA,NA,NA,NA,NA,NA
"Skeena","Chinook",1988,61199,45063.7,NA,NA,"CTC_20260818",NA,NA,NA,60790.9668088155,51430.5165798846,71855.0364900651,NA,NA,NA,NA,NA,NA
"Skeena","Chinook",1989,71957,48719.3,NA,NA,"CTC_20260818",NA,NA,NA,59744.8155517113,50875.5352312633,70160.3033576453,NA,NA,NA,NA,NA,NA
"Skeena","Chinook",1990,34554,47997.4,NA,NA,"CTC_20260818",NA,NA,NA,58716.667503146,50318.6058556449,68516.3466683812,NA,NA,NA,NA,NA,NA
"Skeena","Chinook",1991,41818,49506.8,NA,NA,"CTC_20260818",NA,NA,NA,57706.2128460493,49758.9152014009,66922.8215196256,NA,NA,NA,NA,NA,NA
"Skeena","Chinook",1992,89002,61598.3,NA,NA,"CTC_20260818",NA,NA,NA,56713.1470949899,49195.5515022455,65379.5100410888,NA,NA,NA,NA,NA,NA
"Skeena","Chinook",1993,111702,63123.3,NA,NA,"CTC_20260818",NA,NA,NA,55737.1710044246,48627.4970427644,63886.3281168761,NA,NA,NA,NA,NA,NA
"Skeena","Chinook",1994,87631,67015.6,NA,NA,"CTC_20260818",NA,NA,NA,54777.9904785236,48053.6236545914,62443.3291947698,NA,NA,NA,NA,NA,NA
"Skeena","Chinook",1995,55615,64199.1,NA,NA,"CTC_20260818",NA,NA,NA,53835.3164825502,47472.6933217526,61050.7030037904,NA,NA,NA,NA,NA,NA
"Skeena","Chinook",1996,103124,77032.2,NA,NA,"CTC_20260818",NA,NA,NA,52908.8649557643,46883.3668367714,59708.7662380025,NA,NA,NA,NA,NA,NA
"Skeena","Chinook",1997,49420,79206.8,NA,NA,"CTC_20260818",NA,NA,NA,51998.3567258244,46284.2241888702,58417.9415247985,NA,NA,NA,NA,NA,NA
"Skeena","Chinook",1998,39343,69131.1,NA,NA,"CTC_20260818",NA,NA,NA,51103.5174246639,45673.800821492,57178.7205400266,NA,NA,NA,NA,NA,NA
"Skeena","Chinook",1999,48290,60113.6,NA,NA,"CTC_20260818",NA,NA,NA,50224.0774058138,45050.643636937,55991.6073917536,NA,NA,NA,NA,NA,NA
"Skeena","Chinook",2000,62279,56787.6,NA,NA,"CTC_20260818",NA,NA,NA,49359.7716631493,44413.3890789181,54857.0399414695,NA,NA,NA,NA,NA,NA
"Skeena","Chinook",2001,106165,63248.7,NA,NA,"CTC_20260818",NA,NA,NA,48510.3397510335,43760.8622505559,53775.2901048197,NA,NA,NA,NA,NA,NA
"Skeena","Chinook",2002,38695,53715.7,NA,NA,"CTC_20260818",NA,NA,NA,47675.5257058366,43092.1906973964,52746.3495019116,NA,NA,NA,NA,NA,NA
"Skeena","Chinook",2003,82184,58467.6,NA,NA,"CTC_20260818",NA,NA,NA,46855.077968805,42406.919990845,51769.8133214283,NA,NA,NA,NA,NA,NA
"Skeena","Chinook",2004,105887,68956.9,NA,NA,"CTC_20260818",NA,NA,NA,46048.749310257,41705.1126061355,50844.780904079,NA,NA,NA,NA,NA,NA
"Skeena","Chinook",2005,56961,70881.2,NA,NA,"CTC_20260818",NA,NA,NA,45256.2967550854,40987.4096599429,49969.7934799231,NA,NA,NA,NA,NA,NA
"Skeena","Chinook",2006,55156,69460.8,NA,NA,"CTC_20260818",NA,NA,NA,44477.481509539,40255.0391875361,49142.8253793351,NA,NA,NA,NA,NA,NA
"Skeena","Chinook",2007,62320,63559.5,NA,NA,"CTC_20260818",NA,NA,NA,43712.0688892665,39509.764820976,48361.3348557711,NA,NA,NA,NA,NA,NA
"Skeena","Chinook",2008,44901,65154.9,NA,NA,"CTC_20260818",61334.857367515,56195.3367933377,66944.4288968015,42959.8282485978,38753.7818935679,47622.3674948053,NA,NA,NA,NA,NA,NA
"Skeena","Chinook",2009,61888,62146.6,NA,NA,"CTC_20260818",57344.8391567796,52928.3265678591,62129.8799934822,42220.5329110423,37989.5792082307,46922.6939714616,NA,NA,NA,NA,NA,NA
"Skeena","Chinook",2010,63977,57140.9,NA,NA,"CTC_20260818",53614.3837135355,49835.5924275368,57679.7024167392,41493.9601009832,37219.7899125228,46258.9587127866,NA,NA,NA,NA,NA,NA
"Skeena","Chinook",2011,28420,50888.8,NA,NA,"CTC_20260818",50126.6056937293,46904.1392056856,53570.4660809559,40779.8908765473,36447.0531047766,45627.8178409206,NA,NA,NA,NA,NA,NA
"Skeena","Chinook",2012,21660,43547.8,NA,NA,"CTC_20260818",46865.7181960719,44120.7952160416,49781.4133058747,40078.1100636308,35673.9010240693,45026.0515436415,NA,NA,NA,NA,NA,NA
"Skeena","Chinook",2013,40772,40574.7,NA,NA,"CTC_20260818",43816.9613050098,41472.1400414237,46294.357997611,39388.4061910589,34902.6783718592,44450.6443242684,NA,NA,NA,NA,NA,NA
"Skeena","Chinook",2014,43164,40308.8,NA,NA,"CTC_20260818",40966.5352821937,38944.7560721478,43093.2731975041,38710.5714268629,34135.4933104725,43898.833585467,NA,NA,NA,NA,NA,NA
"Skeena","Chinook",2015,55284,39557.8,NA,NA,"CTC_20260818",38301.5381040433,36526.1569373679,40163.2129996864,38044.4015156522,33374.1953041172,43368.1313810017,NA,NA,NA,NA,NA,NA
"Skeena","Chinook",2016,28238,34517,NA,NA,"CTC_20260818",35809.9070626829,34206.6240253462,37488.3368463313,37389.6957170663,32620.3731755093,42856.3259620951,NA,NA,NA,NA,NA,NA
"Skeena","Chinook",2017,14715,30930.7,NA,NA,"CTC_20260818",33480.3641659137,31981.3795453419,35049.6070093843,36746.2567452835,31875.3668033885,42361.4696928523,NA,NA,NA,NA,NA,NA
"Skeena","Chinook",2018,35059,33515.5,NA,NA,"CTC_20260818",31302.3650890821,29851.4147564716,32823.8399474102,36113.8907095721,31140.2869255054,41881.8588699228,NA,NA,NA,NA,NA,NA
"Skeena","Chinook",2019,20193,29811.7,NA,NA,"CTC_20260818",29266.0514477843,27821.714162005,30785.3701018194,35492.4070558648,30416.0388771465,41416.0096160879,NA,NA,NA,NA,NA,NA
"Skeena","Chinook",2020,16243,25330.5,NA,NA,"CTC_20260818",27362.206175376,25897.9448266249,28909.2563829264,34881.6185093375,29703.347395211,40962.6327175207,NA,NA,NA,NA,NA,NA
"Skeena","Chinook",2021,20097,21399.3,NA,NA,"CTC_20260818",25582.21180331,24083.8628232491,27173.7787892417,34281.3410179771,29002.7806787583,40520.6092135698,NA,NA,NA,NA,NA,NA
"Skeena","Chinook",2022,24724,20930.5,NA,NA,"CTC_20260818",23918.0114554641,22380.4050424785,25561.2564159543,33691.3936971199,28314.7726813909,40088.9677634726,NA,NA,NA,NA,NA,NA
"Skeena","Chinook",2023,26044,23019.9,NA,NA,"CTC_20260818",22362.0723799063,20785.972863449,24057.6798790833,33111.5987749454,27639.643148789,39666.8642764659,NA,NA,NA,NA,NA,NA
"Skeena","Chinook",2024,29883,22415.2,NA,NA,"CTC_20260818",20907.3518530291,19297.1357635316,22651.9296367515,32541.7815389063,26977.6152595274,39253.5639469438,NA,NA,NA,NA,NA,NA
"Skeena","Chinook",2025,36218,24707.5,NA,NA,"CTC_20260818",19547.2653017229,17909.3129774001,21335.0216872144,31981.7702830827,26328.8309328219,38848.4256308089,NA,NA,NA,NA,NA,NA
"Skeena","Sockeye",1960,302858,302858.2,668447,668447.2,"English_20230930",NA,NA,NA,713489.730383895,634967.45771802,801722.33895702,NA,NA,NA,1888401.97315479,1588062.66270136,2245542.38064441
"Skeena","Sockeye",1961,1059602,566488.4,2192797,1210689.5,"English_20230930",NA,NA,NA,719709.03958414,642234.257760472,806529.853242914,NA,NA,NA,1892195.28668526,1597649.27877717,2241044.42102232
"Skeena","Sockeye",1962,627279,586067.4,1441203,1283108.9,"English_20230930",NA,NA,NA,725982.560926874,649569.108259562,811385.073686936,NA,NA,NA,1895996.22000629,1607238.20994562,2236632.78040146
"Skeena","Sockeye",1963,695943,611792.4,1065094,1224742.1,"English_20230930",NA,NA,NA,732310.766965606,656971.312346232,816289.919111611,NA,NA,NA,1899804.78842408,1616824.67081012,2232312.69245208
"Skeena","Sockeye",1964,957212,669090.5,2109199,1365397.8,"English_20230930",NA,NA,NA,738694.134372978,664440.018564276,821246.476598636,NA,NA,NA,1903621.00727559,1626403.3982243,2228089.87198216
"Skeena","Sockeye",1965,717593,795083.4,1338870,1568893.6,"English_20230930",NA,NA,NA,745133.143976663,671974.203579714,826257.01893731,NA,NA,NA,1907444.89192856,1635968.60345797,2223970.56279315
"Skeena","Sockeye",1966,463390,673865.9,1300147,1413163.1,"English_20230930",NA,NA,NA,751628.280795588,679572.653152962,831324.023812022,NA,NA,NA,1911276.4577816,1645513.92004575,2219961.58985311
"Skeena","Sockeye",1967,703027,689407.1,2395911,1564377,"English_20230930",NA,NA,NA,758180.034076467,687233.941278808,836450.194823809,NA,NA,NA,1915115.72026429,1655032.34721128,2216070.41589453
"Skeena","Sockeye",1968,650067,680068.4,1734831,1724706.7,"English_20230930",NA,NA,NA,764788.897330654,694956.407427983,841638.484412204,NA,NA,NA,1918962.69483716,1664516.1888785,2212305.20242508
"Skeena","Sockeye",1969,720751,642551.7,1482340,1607242.2,"English_20230930",NA,NA,NA,771455.368371315,702738.131868955,846892.11869878,NA,NA,NA,1922817.39699182,1673956.98845326,2208674.87496835
"Skeena","Sockeye",1970,754840,649087.6,1564918,1658181,"English_20230930",NA,NA,NA,778179.94935093,710576.909114626,852214.624207735,NA,NA,NA,1926679.84225099,1683345.45979772,2205189.19211175
"Skeena","Sockeye",1971,914114,743556.6,2083373,1822161.3,"English_20230930",NA,NA,NA,784963.146799112,718470.219632272,857609.856325194,NA,NA,NA,1930550.04616858,1692671.41514585,2201858.81761367
"Skeena","Sockeye",1972,775511,758293.3,1825764,1725764.8,"English_20230930",NA,NA,NA,791805.471660766,726415.200083517,863082.029230454,NA,NA,NA,1934428.02432973,1701923.69114024,2198695.39438938
"Skeena","Sockeye",1973,912274,811466.7,2542082,1862808,"English_20230930",NA,NA,NA,798707.439334574,734408.612532752,868635.746860802,NA,NA,NA,1938313.7923509,1711090.07473082,2195711.61863515
"Skeena","Sockeye",1974,805165,829641.8,2636110,2090120.1,"English_20230930",NA,NA,NA,805669.569711818,742446.813285521,874276.034248399,NA,NA,NA,1942207.36587992,1720157.23138596,2192921.31164016
"Skeena","Sockeye",1975,914984,862188.9,1611690,2102467.4,"English_20230930",NA,NA,NA,812692.38721554,750525.722300865,880008.368285251,NA,NA,NA,1946108.76059603,1729110.63894203,2190339.4859602
"Skeena","Sockeye",1976,648062,804870,1567140,1986083.3,"English_20230930",NA,NA,NA,819776.420840045,758640.794468821,885838.706625121,NA,NA,NA,1950017.99220999,1737934.53146534,2187982.40157903
"Skeena","Sockeye",1977,1058658,856562.9,2599756,2131547.6,"English_20230930",NA,NA,NA,826922.204190747,766786.994456227,891773.513019226,NA,NA,NA,1953935.07646411,1746611.85870822,2185867.60647582
"Skeena","Sockeye",1978,471683,750696.3,1230149,1843523.5,"English_20230930",NA,NA,NA,834130.275524364,774958.777292287,897819.776914315,NA,NA,NA,1957860.02913233,1755124.26806531,2184013.95469247
"Skeena","Sockeye",1979,1297161,825821.3,3055815,1898809.5,"English_20230930",NA,NA,NA,841401.17778946,783150.077367361,903985.024639667,NA,NA,NA,1961792.86602026,1763452.11728963,2182441.59364147
"Skeena","Sockeye",1980,602807,759694.5,1537169,1880915.9,"English_20230930",NA,NA,NA,848735.458667346,791354.309012332,910277.319015704,NA,NA,NA,1965733.60296527,1771574.52746092,2181171.91116143
"Skeena","Sockeye",1981,1584095,908389,3845550,2250813.4,"English_20230930",NA,NA,NA,856133.670613331,799564.382244452,916705.243798323,NA,NA,NA,1969682.25583655,1779469.4865876,2180227.43193938
"Skeena","Sockeye",1982,1235600,936906.6,3764943,2423844,"PSC_20250722",NA,NA,NA,863596.370898337,807772.737512853,923277.869125796,NA,NA,NA,1973638.84053514,1787114.01446185,2179631.65267991
"Skeena","Sockeye",1983,972043,1082688,1967131,2662439.6,"PSC_20250722",NA,NA,NA,871124.121650876,815971.403228604,930004.694183391,NA,NA,NA,1977603.37299406,1794484.39859808,2179408.80619126
"Skeena","Sockeye",1984,1116654,1050723.1,2427758,2542701.8,"PSC_20250722",NA,NA,NA,878717.48989939,824152.079377823,936895.563787207,NA,NA,NA,1981575.8691783,1801556.50885718,2179583.54678566
"Skeena","Sockeye",1985,2356184,1380049,5337569,3261518.3,"PSC_20250722",NA,NA,NA,886377.047614968,832306.249452284,943960.556652854,NA,NA,NA,1985556.34508494,1808306.1943262,2180180.55342452
"Skeena","Sockeye",1986,808956,1206488.7,1842764,2815283,"PSC_20250722",NA,NA,NA,894103.371754422,840425.321190399,951209.844856061,NA,NA,NA,1989544.81674319,1814709.75997798,2181224.05308369
"Skeena","Sockeye",1987,1429371,1242157.6,2400442,2572933.9,"PSC_20250722",NA,NA,NA,901897.044303752,848500.794191157,958653.526422735,NA,NA,NA,1993541.30021446,1820744.51268384,2182737.27476605
"Skeena","Sockeye",1988,1500119,1354767.5,4002697,2965736.2,"PSC_20250722",NA,NA,NA,909758.652321983,856524.449473193,966301.435976247,NA,NA,NA,1997545.81159241,1826389.35685114,2184741.85388915
"Skeena","Sockeye",1989,1210365,1376779,2632939,3014252.2,"PSC_20250722",NA,NA,NA,917688.787985385,864488.55280663,974162.941614404,NA,NA,NA,2001558.36700305,1831625.41040445,2187257.21632966
"Skeena","Sockeye",1990,1053960,1172160.8,2721973,2634436,"PSC_20250722",NA,NA,NA,925688.048632077,872386.06062662,982246.739207144,NA,NA,NA,2005578.98260476,1836436.60360245,2190299.97963202
"Skeena","Sockeye",1991,1384905,1305227.3,3759554,3038232.3,"PSC_20250722",NA,NA,NA,933757.036807024,880210.815137804,990560.657505817,NA,NA,NA,2009607.67458839,1840810.21811205,2193883.41396024
"Skeena","Sockeye",1992,1390090,1297973.2,4199469,3397829.7,"PSC_20250722",NA,NA,NA,941896.360307424,887957.714418357,999111.488255382,NA,NA,NA,2013644.45917733,1844737.32349403,2198017.00563829
"Skeena","Sockeye",1993,1736514,1336522.5,4753798,3516731.5,"PSC_20250722",NA,NA,NA,950106.632228485,895622.844333651,1007904.85449952,NA,NA,NA,2017689.35262752,1848213.07375499,2202706.16062428
"Skeena","Sockeye",1994,1093797,1309725.9,2719943,3539671.9,"PSC_20250722",NA,NA,NA,958388.471009617,903203.561944611,1016945.12739364,NA,NA,NA,2021742.37122759,1851236.83773068,2207952.07415356
"Skeena","Sockeye",1995,1826454,1461966.3,5610015,4090525,"PSC_20250722",NA,NA,NA,966742.500481003,910698.524509808,1026235.39742673,NA,NA,NA,2025803.53129886,1853812.15236298,2213751.77748828
"Skeena","Sockeye",1996,1871694,1552745.6,7486410,4694685.5,"PSC_20250722",NA,NA,NA,975169.3499106,918107.663437416,1035777.50069601,NA,NA,NA,2029872.84919546,1855946.50496464,2220098.35567938
"Skeena","Sockeye",1997,951598,1439403.2,3759456,4591902.2,"PSC_20250722",NA,NA,NA,983669.654051533,925432.107751055,1045572.09567031,NA,NA,NA,2033950.34130436,1857650.96644998,2226981.31436282
"Skeena","Sockeye",1998,538318,1138818.8,1002872,3363826.5,"PSC_20250722",NA,NA,NA,992244.05318991,932674.065936123,1055618.7815757,NA,NA,NA,2038036.02404546,1858939.70967501,2234387.06144653
"Skeena","Sockeye",1999,677810,1034877.2,928242,2713025.5,"PSC_20250722",NA,NA,NA,1000893.19319305,939836.677822792,1065916.24674715,NA,NA,NA,2042129.91387161,1859829.45385258,2242299.46272258
"Skeena","Sockeye",2000,1396599,980802.2,4692245,2617804.5,"PSC_20250722",NA,NA,NA,1009617.72555813,946923.849200625,1076462.43425136,NA,NA,NA,2046232.02726875,1860338.87710122,2250700.42934578
"Skeena","Sockeye",2001,1471665,934751.7,4384675,2352176.8,"PSC_20250722",NA,NA,NA,1018418.30746127,953940.081280308,1087254.71266524,NA,NA,NA,2050342.3807559,1860488.03531342,2259570.49899307
"Skeena","Sockeye",2002,647049,865352.4,1372529,1922867.1,"PSC_20250722",NA,NA,NA,1027295.60180703,960890.30532096,1098290.04169165,NA,NA,NA,2054460.9908853,1860297.81820709,2268889.3798399
"Skeena","Sockeye",2003,1361357,1041788.6,2129054,2235308.6,"PSC_20250722",NA,NA,NA,1036250.27727832,967779.730248332,1109565.12478708,NA,NA,NA,2058587.87424241,1859789.46442698,2278636.43548684
"Skeena","Sockeye",2004,971630,1119587.9,1634899,2503245.6,"PSC_20250722",NA,NA,NA,1045283.00838682,974613.70840227,1121076.54366301,NA,NA,NA,2062723.04744601,1858984.14848762,2288791.09804484
"Skeena","Sockeye",2005,740782,986238.6,1103595,1874084.8,"PSC_20250722",NA,NA,NA,1054394.47552374,981397.622061275,1132820.87201304,NA,NA,NA,2066866.52714827,1857902.64435442,2299333.20458261
"Skeena","Sockeye",2006,1235386,952315.2,2875414,1722431,"PSC_20250722",NA,NA,NA,1063585.36501108,988136.791338515,1144794.76787159,NA,NA,NA,2071018.33003481,1856565.06418545,2310243.25841335
"Skeena","Sockeye",2007,1079175,1054900.9,2149866,1884168.7,"PSC_20250722",NA,NA,NA,1072856.36915335,994836.402526396,1156995.04552697,NA,NA,NA,2075178.47282477,1854990.66638939,2321502.62106569
"Skeena","Sockeye",2008,895582,970148.8,2151305,1888090.8,"PSC_20250722",NA,NA,NA,1082208.18628971,1001501.45497742,1169418.72890126,NA,NA,NA,2079346.97227086,1853197.72455633,2333093.64338181
"Skeena","Sockeye",2009,777113,927758.7,1027623,1720645.6,"PSC_20250722",NA,NA,NA,1091641.52084653,1008136.72407351,1182063.08884472,NA,NA,NA,2083523.84515946,1851203.44766922,2344999.74533525
"Skeena","Sockeye",2010,699489,917176.9,956674,1672177.3,"PSC_20250722",789573.958380552,696785.192353822,894719.122326241,1101157.08339053,1014746.73765141,1194925.6669773,1426365.17808819,1216374.69479824,1672607.65121394,2087709.10831066,1849023.94192287,2357205.45424127
"Skeena","Sockeye",2011,955222,871191.1,1931273,1544226.4,"PSC_20250722",817280.604643376,730416.565199871,914474.860716591,1110755.59068224,1021335.76331224,1208004.28864906,1448525.72762837,1255337.90130817,1671443.82513645,2091902.77857833,1846674.20510167,2369696.41040868
"Skeena","Sockeye",2012,1165111,884643.8,2260352,1559782.1,"PSC_20250722",845959.494530733,765128.33608602,935329.973593132,1120437.76572999,1027907.80425748,1221297.06737741,1471030.57185792,1294379.17453711,1671790.60503232,2096104.87285021,1844168.14549322,2382459.34825607
"Skeena","Sockeye",2013,395895,751386.3,480045,1155526.5,"PSC_20250722",875644.744682239,800693.73713719,957611.735082484,1130204.33784443,1034466.60158715,1234802.40282533,1493885.05986951,1332946.39333243,1674255.30633832,2100315.40804795,1841518.61851434,2395482.05971574
"Skeena","Sockeye",2014,1549955,862641.3,3274851,1456972.8,"PSC_20250722",906371.668911822,836737.686138136,981800.647700692,1140056.0426934,1041015.64131821,1248518.9740626,1517094.62386135,1370211.9454742,1679722.69206316,2104534.40112721,1838737.47544201,2408753.34553301
"Skeena","Sockeye",2015,1277681,973102.3,2146293,1712523.2,"PSC_20250722",938176.820217334,872691.980922466,1008575.49425713,1149993.62235737,1047558.16469691,1262445.72953643,1540664.78042832,1405006.85345488,1689420.91621511,2108761.86907768,1835835.61977797,2422262.95893191
"Skeena","Sockeye",2016,931954,968314.8,1697839,1668964.2,"PSC_20250722",971098.034264282,907805.163020927,1038803.73296601,1160017.82538536,1054097.18066774,1276581.87488876,1564601.13187322,1435875.99278326,1704866.37715412,2112997.82892321,1832823.06778052,2436001.54511415
"Skeena","Sockeye",2017,918346,923303.3,1054160,1432824.9,"PSC_20250722",1005174.47439545,941293.146043949,1073391.14092412,1170129.40685127,1060635.47961423,1290926.85950511,1588909.36753835,1461412.28466433,1727529.5991035,2117242.29772182,1829709.01055002,2449960.57920426
"Skeena","Sockeye",2018,1230568,1158376,1770491,1860182.1,"PSC_20250722",1040446.67821992,972633.897927312,1112987.41749156,1180329.12841081,1067175.64770025,1305480.36246638,1613595.26515776,1480839.20950181,1758252.7954642,2121495.29256582,1826501.87575716,2464132.30455249
"Skeena","Sockeye",2019,575126,950032.1,822410,1411025.4,"PSC_20250722",1076956.60583696,1001784.92312107,1157769.00219499,1190617.75835884,1073720.08131489,1320242.27840039,1638664.6922306,1494377.72080339,1796883.03444435,2125756.83058183,1823209.38766521,2478509.67274368
"Skeena","Sockeye",2020,1331079,957843.5,1688248,1344882.3,"PSC_20250722",1114747.68975206,1029104.76413149,1207517.88847881,1200996.07168726,1080271.00126477,1335212.70358966,1664123.60741569,1503005.81767468,1842512.74891448,2130026.92893089,1819838.62453822,2493086.28622058
"Skeena","Sockeye",2021,1108628,991682.9,1726961,1349464.6,"PSC_20250722",1153864.88654463,1055099.56380092,1261875.39269219,1211464.85014338,1086830.46646699,1350391.92258188,1689978.06194784,1507913.97745222,1894024.38903745,2134305.6048085,1816396.07286451,2507856.34409196
"Skeena","Sockeye",2022,2528148,1214316.9,4338148,1790775.1,"PSC_20250722",1194354.73034869,1080234.51883482,1320531.04861428,1222024.88228878,1093400.38698158,1365780.39546466,1716234.20107611,1510137.07736579,1950458.58888603,2138592.87544471,1812887.67807818,2522814.591443
"Skeena","Sockeye",2023,1437788,1252708.2,2094772,1852037,"CarrHarris_20250724",1236265.38821027,1104869.8738251,1383286.97912224,1232676.96355876,1099982.53628582,1381378.74590186,1742898.26552451,1510450.39042517,2011118.26195977,2142888.75810418,1809318.89164689,2537956.27227963
"Skeena","Sockeye",2024,2683467,1704655.6,2807467,2367526.9,NA,1279646.7173873,1129265.82070723,1450053.3809609,1243421.89632222,1106578.56274094,1397187.74998129,1769976.59297527,1509399.39585883,2075538.88538416,2147193.27008624,1805694.71452677,2553277.08610584
"Skeena","Steelhead",1956,20160,20160,NA,NA,"ProvBC_20250903",NA,NA,NA,17547.628264353,15127.7691588363,20354.5714157109,NA,NA,NA,NA,NA,NA
"Skeena","Steelhead",1957,7745,12495.6,NA,NA,"ProvBC_20250903",NA,NA,NA,17663.6759206769,15276.4751337325,20423.9161389888,NA,NA,NA,NA,NA,NA
"Skeena","Steelhead",1958,20994,14854.9,NA,NA,"ProvBC_20250903",NA,NA,NA,17780.4910344791,15426.2523443671,20494.0159391747,NA,NA,NA,NA,NA,NA
"Skeena","Steelhead",1959,11019,13786,NA,NA,"ProvBC_20250903",NA,NA,NA,17898.0786811829,15577.0767122346,20564.9125568093,NA,NA,NA,NA,NA,NA
"Skeena","Steelhead",1960,17692,14491.2,NA,NA,"ProvBC_20250903",NA,NA,NA,18016.443969777,15728.9207806119,20636.6512899105,NA,NA,NA,NA,NA,NA
"Skeena","Steelhead",1961,13500,13374.4,NA,NA,"ProvBC_20250903",NA,NA,NA,18135.5920430372,15881.7533769712,20709.2813334064,NA,NA,NA,NA,NA,NA
"Skeena","Steelhead",1962,24940,16898.5,NA,NA,"ProvBC_20250903",NA,NA,NA,18255.5280777499,16035.5392444446,20782.8561495351,NA,NA,NA,NA,NA,NA
"Skeena","Steelhead",1963,20200,16768.7,NA,NA,"ProvBC_20250903",NA,NA,NA,18376.2572849375,16190.2386408048,20857.4338707482,NA,NA,NA,NA,NA,NA
"Skeena","Steelhead",1964,15851,18033.6,NA,NA,"ProvBC_20250903",NA,NA,NA,18497.7849100841,16345.8069038604,20933.077736219,NA,NA,NA,NA,NA,NA
"Skeena","Steelhead",1965,20374,18550,NA,NA,"ProvBC_20250903",NA,NA,NA,18620.1162333638,16502.193982823,21009.8565623979,NA,NA,NA,NA,NA,NA
"Skeena","Steelhead",1966,36601,22645.1,NA,NA,"ProvBC_20250903",NA,NA,NA,18743.2565698701,16659.3439361518,21087.8452471116,NA,NA,NA,NA,NA,NA
"Skeena","Steelhead",1967,26585,22936.3,NA,NA,"ProvBC_20250903",NA,NA,NA,18867.2112698468,16817.1943976975,21167.1253053821,NA,NA,NA,NA,NA,NA
"Skeena","Steelhead",1968,18022,22418.8,NA,NA,"ProvBC_20250903",NA,NA,NA,18991.9857189204,16975.6760147502,21247.7854333616,NA,NA,NA,NA,NA,NA
"Skeena","Steelhead",1969,23453,24246.1,NA,NA,"ProvBC_20250903",NA,NA,NA,19117.5853383342,17134.7118639472,21329.9220944294,NA,NA,NA,NA,NA,NA
"Skeena","Steelhead",1970,27597,25763.1,NA,NA,"ProvBC_20250903",NA,NA,NA,19244.0155851837,17294.2168540312,21413.6401184579,NA,NA,NA,NA,NA,NA
"Skeena","Steelhead",1971,18881,22568.6,NA,NA,"ProvBC_20250903",NA,NA,NA,19371.2819526538,17454.0971282838,21499.0533014243,NA,NA,NA,NA,NA,NA
"Skeena","Steelhead",1972,15868,20355.5,NA,NA,"ProvBC_20250903",NA,NA,NA,19499.3899702576,17614.2494841907,21586.2849878132,NA,NA,NA,NA,NA,NA
"Skeena","Steelhead",1973,15475,19744.6,NA,NA,"ProvBC_20250903",NA,NA,NA,19628.3452040763,17774.5608335782,21675.468612567,NA,NA,NA,NA,NA,NA
"Skeena","Steelhead",1974,12546,17422.5,NA,NA,"ProvBC_20250903",NA,NA,NA,19758.1532570014,17934.9077330988,21766.7481727103,NA,NA,NA,NA,NA,NA
"Skeena","Steelhead",1975,12675,14911.7,NA,NA,"ProvBC_20250903",NA,NA,NA,19888.8197689779,18095.1560223859,21860.2785913271,NA,NA,NA,NA,NA,NA
"Skeena","Steelhead",1976,25444,15828.5,NA,NA,"ProvBC_20250903",NA,NA,NA,20020.3504172494,18255.1606151562,21956.2259286114,NA,NA,NA,NA,NA,NA
"Skeena","Steelhead",1977,16617,15975.1,NA,NA,"ProvBC_20250903",NA,NA,NA,20152.7509166049,18414.7654964471,22054.7673868059,NA,NA,NA,NA,NA,NA
"Skeena","Steelhead",1978,20157,16842.4,NA,NA,"ProvBC_20250903",NA,NA,NA,20286.0270196268,18573.8039861757,22156.0910488407,NA,NA,NA,NA,NA,NA
"Skeena","Steelhead",1979,11509,16554.3,NA,NA,"ProvBC_20250903",NA,NA,NA,20420.1845169414,18732.0993340574,22260.3952856367,NA,NA,NA,NA,NA,NA
"Skeena","Steelhead",1980,22092,18499.8,NA,NA,"ProvBC_20250903",NA,NA,NA,20555.2292374695,18889.4657120175,22367.887765937,NA,NA,NA,NA,NA,NA
"Skeena","Steelhead",1981,22566,18061,NA,NA,"ProvBC_20250903",NA,NA,NA,20691.167048681,19045.7096656623,22478.7840071032,NA,NA,NA,NA,NA,NA
"Skeena","Steelhead",1982,32946,20710.5,NA,NA,"ProvBC_20250903",NA,NA,NA,20828.0038568486,19200.632074119,22593.3054175668,NA,NA,NA,NA,NA,NA
"Skeena","Steelhead",1983,10506,18180,NA,NA,"ProvBC_20250903",NA,NA,NA,20965.7456073051,19354.0306458446,22711.6768033333,NA,NA,NA,NA,NA,NA
"Skeena","Steelhead",1984,47716,24161.2,NA,NA,"ProvBC_20250903",NA,NA,NA,21104.3982847015,19505.7029458342,22834.1233431136,NA,NA,NA,NA,NA,NA
"Skeena","Steelhead",1985,31767,25981.7,NA,NA,"ProvBC_20250903",NA,NA,NA,21243.9679132673,19655.4499074056,22960.8670789006,NA,NA,NA,NA,NA,NA
"Skeena","Steelhead",1986,36872,28662.6,NA,NA,"ProvBC_20250903",NA,NA,NA,21384.4605570716,19803.0797317978,23092.1230187581,NA,NA,NA,NA,NA,NA
"Skeena","Steelhead",1987,20835,26152.5,NA,NA,"ProvBC_20250903",NA,NA,NA,21525.8823202873,19948.4120259366,23228.0950014667,NA,NA,NA,NA,NA,NA
"Skeena","Steelhead",1988,38344,33881.7,NA,NA,"ProvBC_20250903",NA,NA,NA,21668.2393474559,20091.2819799095,23368.9715214853,NA,NA,NA,NA,NA,NA
"Skeena","Steelhead",1989,18991,28180.1,NA,NA,"ProvBC_20250903",NA,NA,NA,21811.5378237545,20231.5443493853,23514.9217489928,NA,NA,NA,NA,NA,NA
"Skeena","Steelhead",1990,23267,26478.6,NA,NA,"ProvBC_20250903",NA,NA,NA,21955.7839752648,20369.0769927326,23666.0919952576,NA,NA,NA,NA,NA,NA
"Skeena","Steelhead",1991,9723,20282.2,NA,NA,"ProvBC_20250903",NA,NA,NA,22100.9840692433,20503.7837240856,23822.6028620836,NA,NA,NA,NA,NA,NA
"Skeena","Steelhead",1992,11328,17955.1,NA,NA,"ProvBC_20250903",NA,NA,NA,22247.1444143936,20635.5962841279,23984.5472735657,NA,NA,NA,NA,NA,NA
"Skeena","Steelhead",1993,13999,14678,NA,NA,"ProvBC_20250903",NA,NA,NA,22394.2713611408,20764.4752966105,24151.989522137,NA,NA,NA,NA,NA,NA
"Skeena","Steelhead",1994,21866,15097.8,NA,NA,"ProvBC_20250903",NA,NA,NA,22542.3713019071,20890.410162109,24324.9653774028,NA,NA,NA,NA,NA,NA
"Skeena","Steelhead",1995,19554,14581.8,NA,NA,"ProvBC_20250903",NA,NA,NA,22691.45067139,21013.4179291745,24503.4832176087,NA,NA,NA,NA,NA,NA
"Skeena","Steelhead",1996,23409,17383.1,NA,NA,"ProvBC_20250903",NA,NA,NA,22841.5159468411,21133.5412638219,24687.5260627969,NA,NA,NA,NA,NA,NA
"Skeena","Steelhead",1997,12714,17789.1,NA,NA,"ProvBC_20250903",NA,NA,NA,22992.5736483483,21250.845700254,24877.0543267557,NA,NA,NA,NA,NA,NA
"Skeena","Steelhead",1998,59022,23721.2,NA,NA,"ProvBC_20250903",NA,NA,NA,23144.6303391186,21365.4163920586,25072.0090685223,NA,NA,NA,NA,NA,NA
"Skeena","Steelhead",1999,39363,26680.9,NA,NA,"ProvBC_20250903",NA,NA,NA,23297.6926257635,21477.3545922938,25272.3155150266,NA,NA,NA,NA,NA,NA
"Skeena","Steelhead",2000,48741,32028.2,NA,NA,"ProvBC_20250903",NA,NA,NA,23451.7671585861,21586.7740760238,25477.8866413114,NA,NA,NA,NA,NA,NA
"Skeena","Steelhead",2001,26373,32801.1,NA,NA,"ProvBC_20250903",NA,NA,NA,23606.8606318696,21693.7976863435,25688.6266272932,NA,NA,NA,NA,NA,NA
"Skeena","Steelhead",2002,50297,43185.7,NA,NA,"ProvBC_20250903",NA,NA,NA,23762.9797841688,21798.5541423953,25904.434052559,NA,NA,NA,NA,NA,NA
"Skeena","Steelhead",2003,24422,36198.7,NA,NA,"ProvBC_20250903",NA,NA,NA,23920.1313986025,21901.1752025845,26125.2047359947,NA,NA,NA,NA,NA,NA
"Skeena","Steelhead",2004,NA,35448.2,NA,NA,"ProvBC_20250903",NA,NA,NA,24078.322303148,22001.793233846,26350.8341693896,NA,NA,NA,NA,NA,NA
"Skeena","Steelhead",2005,NA,31878.2,NA,NA,"ProvBC_20250903",NA,NA,NA,24237.5593709384,22100.5392020833,26581.2195299013,NA,NA,NA,NA,NA,NA
"Skeena","Steelhead",2006,27500,32326,NA,NA,"ProvBC_20250903",NA,NA,NA,24397.8495205606,22197.5410714844,26816.2612836699,NA,NA,NA,NA,NA,NA
"Skeena","Steelhead",2007,NA,25915.4,NA,NA,"ProvBC_20250903",NA,NA,NA,24559.1997163563,22292.9225814925,27055.8644118117,NA,NA,NA,NA,NA,NA
"Skeena","Steelhead",2008,42440,34162.9,NA,NA,"ProvBC_20250903",NA,NA,NA,24721.6169687245,22386.8023588537,27299.9393013633,NA,NA,NA,NA,NA,NA
"Skeena","Steelhead",2009,34180,34168.6,NA,NA,"ProvBC_20250903",NA,NA,NA,24885.1083344257,22479.2933169846,27548.4023489388,NA,NA,NA,NA,NA,NA
"Skeena","Steelhead",2010,50489,37672.1,NA,NA,"ProvBC_20250903",NA,NA,NA,25049.6809168893,22570.5022943,27801.1763254572,NA,NA,NA,NA,NA,NA
"Skeena","Steelhead",2011,31809,39068.2,NA,NA,"ProvBC_20250903",45482.9220103707,39387.8247250699,52521.209511851,25215.3418665215,22660.5298856596,28058.1905477823,NA,NA,NA,NA,NA,NA
"Skeena","Steelhead",2012,39964,39245.8,NA,NA,"ProvBC_20250903",41398.8470357759,36376.7673672476,47114.2616546702,25382.0983810164,22749.4704254828,28319.380898728,NA,NA,NA,NA,NA,NA
"Skeena","Steelhead",2013,24256,35091.5,NA,NA,"ProvBC_20250903",37681.495826077,33568.4818656635,42298.4611985994,25549.9577056684,22837.4120863994,28584.6897315573,NA,NA,NA,NA,NA,NA
"Skeena","Steelhead",2014,30250,34244.6,NA,NA,"ProvBC_20250903",34297.9389368892,30941.5922498565,38018.3607171683,25718.9271336874,22924.4370628681,28854.0656895487,NA,NA,NA,NA,NA,NA
"Skeena","Steelhead",2015,26553,30114.5,NA,NA,"ProvBC_20250903",31218.2037769452,28474.2595547431,34226.5703234604,25889.0140065152,23010.6218145516,29127.4634658369,NA,NA,NA,NA,NA,NA
"Skeena","Steelhead",2016,42439,31902,NA,NA,"ProvBC_20250903",28415.0091016305,26144.6319723746,30882.543808568,26060.225714145,23096.0373491333,29404.8435238467,NA,NA,NA,NA,NA,NA
"Skeena","Steelhead",2017,17078,26913.6,NA,NA,"ProvBC_20250903",25863.5233472986,23933.1916873805,27949.5459140524,26232.5696954419,23180.7495285555,29686.171794338,NA,NA,NA,NA,NA,NA
"Skeena","Steelhead",2018,43238,30212.1,NA,NA,"ProvBC_20250903",23541.1446656153,21827.7078023134,25389.0833241176,26406.0534384668,23264.8193863202,29971.419361423,NA,NA,NA,NA,NA,NA
"Skeena","Steelhead",2019,15606,26466.4,NA,NA,"ProvBC_20250903",21427.3007094105,19828.0678287797,23155.5197236663,26580.684480801,23348.303446537,30260.5621468692,NA,NA,NA,NA,NA,NA
"Skeena","Steelhead",2020,15280,23697.2,NA,NA,"ProvBC_20250903",19503.2663964772,17944.9431239428,21196.9131083199,26756.4704098742,23431.254037885,30553.5805995255,NA,NA,NA,NA,NA,NA
"Skeena","Steelhead",2021,5164,15550.4,NA,NA,"ProvBC_20250903",17751.9980370137,16191.6746822734,19462.6831683535,26933.4188632942,23513.7195976324,30850.4593947226,NA,NA,NA,NA,NA,NA
"Skeena","Steelhead",2022,15204,15193.1,NA,NA,"ProvBC_20250903",16157.9823553587,14576.785577111,17910.6972806158,27111.5375291781,23595.7449624265,31151.1871469409,NA,NA,NA,NA,NA,NA
"Skeena","Steelhead",2023,9295,11171.8,NA,NA,"ProvBC_20250903",14707.0990686073,13101.7884921491,16509.1020316379,27290.8341464874,23677.3716437646,31455.7561378322,NA,NA,NA,NA,NA,NA
"Skeena","Steelhead",2024,33313,13001.3,NA,NA,"ProvBC_20250903",13386.4958047868,11762.5846761516,15234.5997810239,27471.316505363,23758.6380869805,31764.1620607616,NA,NA,NA,NA,NA,NA
"Skeena","Steelhead",2025,11118,12200.2,NA,NA,"ProvBC_20250903",12184.4742525791,10551.6513674803,14069.9694902083,27652.9924474648,23839.5799132638,32076.4037823541,NA,NA,NA,NA,NA,NA
"Skeena","Chum",1950,42320,42319.7,NA,NA,"PSF_20260428",NA,NA,NA,28649.1052919635,22027.6750160794,37260.9108056515,NA,NA,NA,NA,NA,NA
"Skeena","Chum",1951,19120,28445.7,NA,NA,"PSF_20260428",NA,NA,NA,27988.259151347,21633.3396957663,36209.9731867225,NA,NA,NA,NA,NA,NA
"Skeena","Chum",1952,31208,29338.3,NA,NA,"PSF_20260428",NA,NA,NA,27342.6566847342,21245.239869777,35190.0415886944,NA,NA,NA,NA,NA,NA
"Skeena","Chum",1953,13379,24109.3,NA,NA,"PSF_20260428",NA,NA,NA,26711.9462677713,20863.2420946612,34200.2489438057,NA,NA,NA,NA,NA,NA
"Skeena","Chum",1954,38752,26509.8,NA,NA,"PSF_20260428",NA,NA,NA,26095.7843869895,20487.2134779975,33239.7552992556,NA,NA,NA,NA,NA,NA
"Skeena","Chum",1955,4812,17161.7,NA,NA,"PSF_20260428",NA,NA,NA,25493.835452712,20117.0215597303,32307.7471563174,NA,NA,NA,NA,NA,NA
"Skeena","Chum",1956,55384,21229.5,NA,NA,"PSF_20260428",NA,NA,NA,24905.7716162765,19752.5341927077,31403.4368324813,NA,NA,NA,NA,NA,NA
"Skeena","Chum",1957,13072,17838.2,NA,NA,"PSF_20260428",NA,NA,NA,24331.2725914742,19393.6194237152,30526.0618446855,NA,NA,NA,NA,NA,NA
"Skeena","Chum",1958,8598,16328.5,NA,NA,"PSF_20260428",NA,NA,NA,23770.0254801072,19040.1453767483,29674.8843112794,NA,NA,NA,NA,NA,NA
"Skeena","Chum",1959,22483,14643.9,NA,NA,"PSF_20260428",NA,NA,NA,23221.7246015701,18691.9801408018,28849.190369835,NA,NA,NA,NA,NA,NA
"Skeena","Chum",1960,17976,19060.4,NA,NA,"PSF_20260428",NA,NA,NA,22686.0713263626,18348.9916651164,28048.2896072832,NA,NA,NA,NA,NA,NA
"Skeena","Chum",1961,60067,19372.3,NA,NA,"PSF_20260428",NA,NA,NA,22162.7739134419,18011.0476656201,27271.5144980673,NA,NA,NA,NA,NA,NA
"Skeena","Chum",1962,13804,19584.7,NA,NA,"PSF_20260428",NA,NA,NA,21651.5473513279,17678.0155472573,26518.2198450733,NA,NA,NA,NA,NA,NA
"Skeena","Chum",1963,8644,19605.5,NA,NA,"PSF_20260428",NA,NA,NA,21152.1132028725,17349.762348018,25787.7822169848,NA,NA,NA,NA,NA,NA
"Skeena","Chum",1964,9579,16530.1,NA,NA,"PSF_20260428",NA,NA,NA,20664.1994536106,17026.1547117849,25079.5993744282,NA,NA,NA,NA,NA,NA
"Skeena","Chum",1965,11606,15145.1,NA,NA,"PSF_20260428",NA,NA,NA,20187.5403636082,16707.0588985891,24393.0896758093,NA,NA,NA,NA,NA,NA
"Skeena","Chum",1966,24672,12676.1,NA,NA,"PSF_20260428",NA,NA,NA,19721.876322729,16392.3408425088,23727.6914521192,NA,NA,NA,NA,NA,NA
"Skeena","Chum",1967,20433,13710.4,NA,NA,"PSF_20260428",NA,NA,NA,19266.9537092383,16081.8662691969,23082.8623382446,NA,NA,NA,NA,NA,NA
"Skeena","Chum",1968,15544,15417.7,NA,NA,"PSF_20260428",NA,NA,NA,18822.5247516695,15775.5008868191,22458.078546541,NA,NA,NA,NA,NA,NA
"Skeena","Chum",1969,13693,16559.9,NA,NA,"PSF_20260428",NA,NA,NA,18388.3473938764,15473.1106658989,21852.8340667199,NA,NA,NA,NA,NA,NA
"Skeena","Chum",1970,15133,17462.6,NA,NA,"PSF_20260428",NA,NA,NA,17964.1851631988,15174.5622250093,21266.6397746768,NA,NA,NA,NA,NA,NA
"Skeena","Chum",1971,5370,12872.6,NA,NA,"PSF_20260428",NA,NA,NA,17549.8070416681,14879.7233401727,20699.0224319727,NA,NA,NA,NA,NA,NA
"Skeena","Chum",1972,42070,14872.9,NA,NA,"PSF_20260428",NA,NA,NA,17144.987340185,14588.4635958877,20149.5235576393,NA,NA,NA,NA,NA,NA
"Skeena","Chum",1973,28573,16798.7,NA,NA,"PSF_20260428",NA,NA,NA,16749.5055755988,14300.6551944692,19617.6981552228,NA,NA,NA,NA,NA,NA
"Skeena","Chum",1974,13933,16857.1,NA,NA,"PSF_20260428",NA,NA,NA,16363.1463506225,14016.17393737,19103.1132810079,NA,NA,NA,NA,NA,NA
"Skeena","Chum",1975,10915,15790.7,NA,NA,"PSF_20260428",NA,NA,NA,15985.6992365171,13734.900386822,18605.3464447086,NA,NA,NA,NA,NA,NA
"Skeena","Chum",1976,11777,18475.8,NA,NA,"PSF_20260428",NA,NA,NA,15616.9586584834,13456.7212079873,18123.9838420683,NA,NA,NA,NA,NA,NA
"Skeena","Chum",1977,11867,14344.1,NA,NA,"PSF_20260428",NA,NA,NA,15256.7237836959,13181.5306804867,17658.618430147,NA,NA,NA,NA,NA,NA
"Skeena","Chum",1978,8278,11196.1,NA,NA,"PSF_20260428",NA,NA,NA,14904.7984119204,12909.2323535896,17208.8478706647,NA,NA,NA,NA,NA,NA
"Skeena","Chum",1979,6335,9563.3,NA,NA,"PSF_20260428",NA,NA,NA,14560.990868655,12639.7408018726,16774.2723842597,NA,NA,NA,NA,NA,NA
"Skeena","Chum",1980,32242,11876.5,NA,NA,"PSF_20260428",NA,NA,NA,14225.1139007343,12372.9834187592,16354.4925779233,NA,NA,NA,NA,NA,NA
"Skeena","Chum",1981,14510,12382.8,NA,NA,"PSF_20260428",NA,NA,NA,13896.9845743443,12108.9021657535,15949.1073274804,NA,NA,NA,NA,NA,NA
"Skeena","Chum",1982,7253,11221.6,NA,NA,"PSF_20260428",NA,NA,NA,13576.424175387,11847.4551778142,15557.7118143642,NA,NA,NA,NA,NA,NA
"Skeena","Chum",1983,1998,8444.7,NA,NA,"PSF_20260428",NA,NA,NA,13263.2581121454,11588.6181131753,15179.895828079,NA,NA,NA,NA,NA,NA
"Skeena","Chum",1984,44691,12481.8,NA,NA,"PSF_20260428",NA,NA,NA,12957.3158201929,11332.3851321598,14815.2424495146,NA,NA,NA,NA,NA,NA
"Skeena","Chum",1985,17951,11102.3,NA,NA,"PSF_20260428",NA,NA,NA,12658.4306694959,11078.7693968454,14463.327222973,NA,NA,NA,NA,NA,NA
"Skeena","Chum",1986,13391,10925.5,NA,NA,"PSF_20260428",NA,NA,NA,12366.4398736596,10827.803003371,14123.7179048444,NA,NA,NA,NA,NA,NA
"Skeena","Chum",1987,7251,10925.1,NA,NA,"PSF_20260428",NA,NA,NA,12081.1844012674,10579.5362909325,13795.9748446179,NA,NA,NA,NA,NA,NA
"Skeena","Chum",1988,131606,25244.2,NA,NA,"PSF_20260428",NA,NA,NA,11802.5088892648,10334.0365136693,13479.6520117688,NA,NA,NA,NA,NA,NA
"Skeena","Chum",1989,27475,22903.8,NA,NA,"PSF_20260428",NA,NA,NA,11530.2615583421,10091.3859091563,13174.2986345564,NA,NA,NA,NA,NA,NA
"Skeena","Chum",1990,7295,19129,NA,NA,"PSF_20260428",NA,NA,NA,11264.2941302679,9851.67924418332,12879.4613698069,NA,NA,NA,NA,NA,NA
"Skeena","Chum",1991,25601,21776.1,NA,NA,"PSF_20260428",NA,NA,NA,11004.4617471308,9615.0209586713,12594.6868825962,NA,NA,NA,NA,NA,NA
"Skeena","Chum",1992,7271,21788,NA,NA,"PSF_20260428",NA,NA,NA,10750.6228924426,9381.52205664769,12319.5246866808,NA,NA,NA,NA,NA,NA
"Skeena","Chum",1993,20647,15042.9,NA,NA,"PSF_20260428",NA,NA,NA,10502.6393140624,9151.29690587419,12053.5300838599,NA,NA,NA,NA,NA,NA
"Skeena","Chum",1994,11927,12730.6,NA,NA,"PSF_20260428",NA,NA,NA,10260.3759488978,8924.46010428039,11796.2670438997,NA,NA,NA,NA,NA,NA
"Skeena","Chum",1995,12272,14126.4,NA,NA,"PSF_20260428",NA,NA,NA,10023.700849344,8701.12355361445,11547.3108843975,NA,NA,NA,NA,NA,NA
"Skeena","Chum",1996,13093,12353.4,NA,NA,"PSF_20260428",NA,NA,NA,9792.4851114186,8481.39385241652,11306.2506382761,NA,NA,NA,NA,NA,NA
"Skeena","Chum",1997,35362,16950.2,NA,NA,"PSF_20260428",NA,NA,NA,9566.60280455505,8265.37008627189,11072.6910307534,NA,NA,NA,NA,NA,NA
"Skeena","Chum",1998,23646,17416.2,NA,NA,"PSF_20260428",NA,NA,NA,9345.93090301492,8053.14205801953,10846.2540229186,NA,NA,NA,NA,NA,NA
"Skeena","Chum",1999,4628,14411.9,NA,NA,"PSF_20260428",NA,NA,NA,9130.34921888259,7844.78896811603,10626.5799115269,NA,NA,NA,NA,NA,NA
"Skeena","Chum",2000,7870,13186.5,NA,NA,"PSF_20260428",NA,NA,NA,8919.7403366055,7640.37852838016,10413.3280016082,NA,NA,NA,NA,NA,NA
"Skeena","Chum",2001,14546,13467.1,NA,NA,"PSF_20260428",NA,NA,NA,8713.98954904424,7439.96647224226,10206.1768885858,NA,NA,NA,NA,NA,NA
"Skeena","Chum",2002,5834,9391.9,NA,NA,"PSF_20260428",NA,NA,NA,8512.98479499792,7243.59641159308,10004.824399642,NA,NA,NA,NA,NA,NA
"Skeena","Chum",2003,38775,10368.3,NA,NA,"PSF_20260428",NA,NA,NA,8316.61659817052,7051.29998371215,9808.98725068182,NA,NA,NA,NA,NA,NA
"Skeena","Chum",2004,35618,15594.6,NA,NA,"PSF_20260428",NA,NA,NA,8124.77800754516,6863.0972303966,9618.40047661321,NA,NA,NA,NA,NA,NA
"Skeena","Chum",2005,35110,21031.2,NA,NA,"PSF_20260428",NA,NA,NA,7937.3645391337,6678.99715395288,9432.81669012395,NA,NA,NA,NA,NA,NA
"Skeena","Chum",2006,36427,25269.7,NA,NA,"PSF_20260428",NA,NA,NA,7754.27411907008,6498.99839983892,9252.00521901504,NA,NA,NA,NA,NA,NA
"Skeena","Chum",2007,17565,31502.2,NA,NA,"PSF_20260428",NA,NA,NA,7575.40702801619,6323.09002231506,9075.75116558379,NA,NA,NA,NA,NA,NA
"Skeena","Chum",2008,7614,22748.5,NA,NA,"PSF_20260428",NA,NA,NA,7400.66584685032,6151.25229658156,8903.85442443549,NA,NA,NA,NA,NA,NA
"Skeena","Chum",2009,22118,20680.8,NA,NA,"PSF_20260428",NA,NA,NA,7229.95540360812,5983.45754790424,8736.1286880812,NA,NA,NA,NA,NA,NA
"Skeena","Chum",2010,14348,17291.9,NA,NA,"PSF_20260428",11362.4723860514,7847.09199737688,16452.690852476,7063.18272164783,5819.67097473838,8572.40046317689,NA,NA,NA,NA,NA,NA
"Skeena","Chum",2011,6027,12066.6,NA,NA,"PSF_20260428",9616.7986912484,6894.96630180323,13413.0919601174,6900.25696901082,5659.85144861721,8412.5081145045,NA,NA,NA,NA,NA,NA
"Skeena","Chum",2012,3491,8734.9,NA,NA,"PSF_20260428",8139.32161292023,6045.65663930914,10958.0414950792,6741.08940895051,5503.9522784763,8256.30094889647,NA,NA,NA,NA,NA,NA
"Skeena","Chum",2013,2216,6824.2,NA,NA,"PSF_20260428",6888.83675799916,5285.39024578024,8978.72620025523,6585.59335160224,5351.92193113332,8103.63834725886,NA,NA,NA,NA,NA,NA
"Skeena","Chum",2014,2074,4250.7,NA,NA,"PSF_20260428",5830.47017125228,4601.57664816545,7387.55105414043,6433.68410676811,5203.70470288952,7954.38894960665,NA,NA,NA,NA,NA,NA
"Skeena","Chum",2015,1910,2839.8,NA,NA,"PSF_20260428",4934.70575832548,3983.04978462251,6113.73752225356,6285.27893779077,5059.24133975137,7808.4298954945,NA,NA,NA,NA,NA,NA
"Skeena","Chum",2016,48910,4316.6,NA,NA,"PSF_20260428",4176.56213066953,3420.97022847489,5099.04210394705,6140.29701649139,4918.46960569108,7665.64612031094,NA,NA,NA,NA,NA,NA
"Skeena","Chum",2017,1289,3536.5,NA,NA,"PSF_20260428",3534.89591591416,2910.30959022875,4293.52573976999,5998.6593791469,4781.3247997739,7525.92970649654,NA,NA,NA,NA,NA,NA
"Skeena","Chum",2018,923,2968.2,NA,NA,"PSF_20260428",2991.81210416796,2450.55617930162,3652.61557447616,5860.2888834828,4647.74022397644,7389.17928775491,NA,NA,NA,NA,NA,NA
"Skeena","Chum",2019,3028,3201.6,NA,NA,"PSF_20260428",2532.16498577755,2043.83801085079,3137.16619475569,5725.11016665796,4517.6476041873,7255.29950365987,NA,NA,NA,NA,NA,NA
"Skeena","Chum",2020,131,1872.4,NA,NA,"PSF_20260428",2143.1357625251,1691.42508048635,2715.47995214388,5593.04960421864,4390.97746729487,7124.20050165325,NA,NA,NA,NA,NA,NA
"Skeena","Chum",2021,715,804.3,NA,NA,"PSF_20260428",1813.87505253875,1391.67726664739,2364.15639248642,5464.03526999922,4267.6594774864,6995.79748320973,NA,NA,NA,NA,NA,NA
"Skeena","Chum",2022,14174,1299.3,NA,NA,"PSF_20260428",1535.20031896903,1140.30314102732,2066.85392205381,5337.99689694804,4147.62273495915,6870.01029087269,NA,NA,NA,NA,NA,NA
"Skeena","Chum",2023,10261,2103.4,NA,NA,"PSF_20260428",1299.33978421716,931.58901567966,1812.26253898859,5214.86583885665,4030.79604021759,6746.76303289363,NA,NA,NA,NA,NA,NA
"Skeena","Chum",2024,1707,1875.6,NA,NA,"PSF_20260428",1099.71568790663,759.479968862779,1592.37194371148,5094.57503297211,3917.10812703185,6625.98374230985,NA,NA,NA,NA,NA,NA
"Skeena","Coho",1950,92060,92059.6,NA,NA,"PSF_20260428",NA,NA,NA,123586.327347856,98886.1246397932,154456.253220232,NA,NA,NA,NA,NA,NA
"Skeena","Coho",1951,131447,110004.5,NA,NA,"PSF_20260428",NA,NA,NA,122471.41255326,98433.4030461461,152379.64378575,NA,NA,NA,NA,NA,NA
"Skeena","Coho",1952,148889,121682.5,NA,NA,"PSF_20260428",NA,NA,NA,121366.555788755,97979.5308729558,150335.89906778,NA,NA,NA,NA,NA,NA
"Skeena","Coho",1953,151286,128490.5,NA,NA,"PSF_20260428",NA,NA,NA,120271.66631739,97524.3393554145,148324.754767574,NA,NA,NA,NA,NA,NA
"Skeena","Coho",1954,186241,153240.2,NA,NA,"PSF_20260428",NA,NA,NA,119186.654220781,97067.6477425897,146345.964641226,NA,NA,NA,NA,NA,NA
"Skeena","Coho",1955,165333,162283.5,NA,NA,"PSF_20260428",NA,NA,NA,118111.430391732,96609.2623667163,144399.301344703,NA,NA,NA,NA,NA,NA
"Skeena","Coho",1956,288429,191455.7,NA,NA,"PSF_20260428",NA,NA,NA,117045.906526913,96148.9756559025,142484.557336683,NA,NA,NA,NA,NA,NA
"Skeena","Coho",1957,170993,197407.3,NA,NA,"PSF_20260428",NA,NA,NA,115989.995119606,95686.5650928687,140601.545836543,NA,NA,NA,NA,NA,NA
"Skeena","Coho",1958,298131,222047.6,NA,NA,"PSF_20260428",NA,NA,NA,114943.609452526,95221.7921246352,138750.10183259,NA,NA,NA,NA,NA,NA
"Skeena","Coho",1959,211021,236014,NA,NA,"PSF_20260428",NA,NA,NA,113906.663590691,94754.4010310768,136930.083132576,NA,NA,NA,NA,NA,NA
"Skeena","Coho",1960,253663,228555.8,NA,NA,"PSF_20260428",NA,NA,NA,112879.072374368,94284.1177641043,135141.371444734,NA,NA,NA,NA,NA,NA
"Skeena","Coho",1961,163178,225898.2,NA,NA,"PSF_20260428",NA,NA,NA,111860.751412082,93810.648774102,133383.873472687,NA,NA,NA,NA,NA,NA
"Skeena","Coho",1962,103791,173520.6,NA,NA,"PSF_20260428",NA,NA,NA,110851.617073678,93333.6798463225,131657.522001513,NA,NA,NA,NA,NA,NA
"Skeena","Coho",1963,225612,176445.4,NA,NA,"PSF_20260428",NA,NA,NA,109851.586483463,92852.8749774264,129962.276944762,NA,NA,NA,NA,NA,NA
"Skeena","Coho",1964,171699,160043.5,NA,NA,"PSF_20260428",NA,NA,NA,108860.577513389,92367.8753314308,128298.126313144,NA,NA,NA,NA,NA,NA
"Skeena","Coho",1965,316816,188918.5,NA,NA,"PSF_20260428",NA,NA,NA,107878.508776317,91878.2983251793,126665.087054759,NA,NA,NA,NA,NA,NA
"Skeena","Coho",1966,190761,219966.5,NA,NA,"PSF_20260428",NA,NA,NA,106905.299619328,91383.7369061391,125063.205704062,NA,NA,NA,NA,NA,NA
"Skeena","Coho",1967,87832,173751.6,NA,NA,"PSF_20260428",NA,NA,NA,105940.870117101,90883.7590998787,123492.558762167,NA,NA,NA,NA,NA,NA
"Skeena","Coho",1968,194040,179147.2,NA,NA,"PSF_20260428",NA,NA,NA,104985.141065348,90377.9079207559,121953.252714978,NA,NA,NA,NA,NA,NA
"Skeena","Coho",1969,97672,133490.5,NA,NA,"PSF_20260428",NA,NA,NA,104038.03397431,89865.701756704,120445.423578215,NA,NA,NA,NA,NA,NA
"Skeena","Coho",1970,120915,119109.9,NA,NA,"PSF_20260428",NA,NA,NA,103099.471062314,89346.635356665,118969.235840798,NA,NA,NA,NA,NA,NA
"Skeena","Coho",1971,105711,124757.1,NA,NA,"PSF_20260428",NA,NA,NA,102169.375249378,88820.1815658548,117524.880661369,NA,NA,NA,NA,NA,NA
"Skeena","Coho",1972,80631,100165.5,NA,NA,"PSF_20260428",NA,NA,NA,101247.670150889,88285.7939676406,116112.573159171,NA,NA,NA,NA,NA,NA
"Skeena","Coho",1973,59707,88569,NA,NA,"PSF_20260428",NA,NA,NA,100334.280071323,87742.9105987024,114732.548632591,NA,NA,NA,NA,NA,NA
"Skeena","Coho",1974,52652,71947.6,NA,NA,"PSF_20260428",NA,NA,NA,99429.129998033,87190.9589028322,113385.057540004,NA,NA,NA,NA,NA,NA
"Skeena","Coho",1975,26068,50700.7,NA,NA,"PSF_20260428",NA,NA,NA,98532.1455950859,86629.3620741212,112070.359092156,NA,NA,NA,NA,NA,NA
"Skeena","Coho",1976,49084,44784,NA,NA,"PSF_20260428",NA,NA,NA,97643.2531971593,86057.5469078657,110788.713337739,NA,NA,NA,NA,NA,NA
"Skeena","Coho",1977,47320,42255,NA,NA,"PSF_20260428",NA,NA,NA,96762.3798034909,85474.953222986,109540.371678345,NA,NA,NA,NA,NA,NA
"Skeena","Coho",1978,61595,43945.1,NA,NA,"PSF_20260428",NA,NA,NA,95889.4530718833,84881.0448398114,108325.565828948,NA,NA,NA,NA,NA,NA
"Skeena","Coho",1979,27148,44393.4,NA,NA,"PSF_20260428",NA,NA,NA,95024.4013127631,84275.3219906208,107144.495346502,NA,NA,NA,NA,NA,NA
"Skeena","Coho",1980,56144,45910.1,NA,NA,"PSF_20260428",NA,NA,NA,94167.1534832929,83657.334909829,105997.313979747,NA,NA,NA,NA,NA,NA
"Skeena","Coho",1981,46812,45786.4,NA,NA,"PSF_20260428",NA,NA,NA,93317.6391815374,83026.6982033882,104884.115240659,NA,NA,NA,NA,NA,NA
"Skeena","Coho",1982,32794,39111.1,NA,NA,"PSF_20260428",NA,NA,NA,92475.7886406814,82383.1054457001,103804.917749217,NA,NA,NA,NA,NA,NA
"Skeena","Coho",1983,38952,42805.3,NA,NA,"PSF_20260428",NA,NA,NA,91641.5327233002,81726.3433153716,102759.651040158,NA,NA,NA,NA,NA,NA
"Skeena","Coho",1984,70314,45282.7,NA,NA,"PSF_20260428",NA,NA,NA,90814.8029156816,81056.3044805119,101748.142620997,NA,NA,NA,NA,NA,NA
"Skeena","Coho",1985,30746,40765,NA,NA,"PSF_20260428",NA,NA,NA,89995.5313221991,80372.998402563,100770.107112324,NA,NA,NA,NA,NA,NA
"Skeena","Coho",1986,81542,51189.7,NA,NA,"PSF_20260428",NA,NA,NA,89183.6506597359,79676.5592634389,99825.1382655717,NA,NA,NA,NA,NA,NA
"Skeena","Coho",1987,75697,60439.4,NA,NA,"PSF_20260428",NA,NA,NA,88379.0942521595,78967.2503435381,98912.7045306987,NA,NA,NA,NA,NA,NA
"Skeena","Coho",1988,20473,44397.1,NA,NA,"PSF_20260428",NA,NA,NA,87581.7960248458,78245.464384455,98032.1486399357,NA,NA,NA,NA,NA,NA
"Skeena","Coho",1989,76117,55690.3,NA,NA,"PSF_20260428",NA,NA,NA,86791.6904992525,77511.7197417054,97182.6914022783,NA,NA,NA,NA,NA,NA
"Skeena","Coho",1990,119592,61285.9,NA,NA,"PSF_20260428",NA,NA,NA,86008.7127875419,76766.6524383335,96363.4395978418,NA,NA,NA,NA,NA,NA
"Skeena","Coho",1991,79068,61957.1,NA,NA,"PSF_20260428",NA,NA,NA,85232.7985872518,76011.004531143,95573.3975603308,NA,NA,NA,NA,NA,NA
"Skeena","Coho",1992,68655,83842.5,NA,NA,"PSF_20260428",NA,NA,NA,84463.8841760143,75245.6094585268,94811.4817786318,NA,NA,NA,NA,NA,NA
"Skeena","Coho",1993,39524,71172.2,NA,NA,"PSF_20260428",NA,NA,NA,83701.9064063234,74471.3752212131,94076.53766621,NA,NA,NA,NA,NA,NA
"Skeena","Coho",1994,91842,66626.2,NA,NA,"PSF_20260428",NA,NA,NA,82946.8027003481,73689.2663367346,93367.3575574828,NA,NA,NA,NA,NA,NA
"Skeena","Coho",1995,34801,54267.8,NA,NA,"PSF_20260428",NA,NA,NA,82198.5110447939,72900.285502974,92682.698995815,NA,NA,NA,NA,NA,NA
"Skeena","Coho",1996,30417,44274.3,NA,NA,"PSF_20260428",NA,NA,NA,81456.9699858094,72105.4558179353,92021.3024659727,NA,NA,NA,NA,NA,NA
"Skeena","Coho",1997,16149,35397.4,NA,NA,"PSF_20260428",NA,NA,NA,80722.1186239396,71305.804254234,91381.9078725344,NA,NA,NA,NA,NA,NA
"Skeena","Coho",1998,72938,33415.6,NA,NA,"PSF_20260428",NA,NA,NA,79993.8966091241,70502.3469044242,90763.2692481289,NA,NA,NA,NA,NA,NA
"Skeena","Coho",1999,112175,44774,NA,NA,"PSF_20260428",NA,NA,NA,79272.2441357417,69696.0763229924,90164.1673656677,NA,NA,NA,NA,NA,NA
"Skeena","Coho",2000,54472,51795.6,NA,NA,"PSF_20260428",NA,NA,NA,78557.1019376979,68887.9511136316,89583.4201059392,NA,NA,NA,NA,NA,NA
"Skeena","Coho",2001,145460,89731,NA,NA,"PSF_20260428",NA,NA,NA,77848.4112835583,68078.887760481,89019.8905818792,NA,NA,NA,NA,NA,NA
"Skeena","Coho",2002,80993,92111.8,NA,NA,"PSF_20260428",NA,NA,NA,77146.1139717248,67269.7545865654,88472.4931362683,NA,NA,NA,NA,NA,NA
"Skeena","Coho",2003,113959,92475.9,NA,NA,"PSF_20260428",NA,NA,NA,76450.1523256562,66461.3676429755,87940.1974093107,NA,NA,NA,NA,NA,NA
"Skeena","Coho",2004,87039,103971.1,NA,NA,"PSF_20260428",NA,NA,NA,75760.4691891308,65654.4882853953,87422.0307194749,NA,NA,NA,NA,NA,NA
"Skeena","Coho",2005,198039,112309.1,NA,NA,"PSF_20260428",NA,NA,NA,75077.0079215531,64849.8221749362,86917.0790206332,NA,NA,NA,NA,NA,NA
"Skeena","Coho",2006,103605,119439.7,NA,NA,"PSF_20260428",NA,NA,NA,74399.712393302,64048.0194414102,86424.4866973544,NA,NA,NA,NA,NA,NA
"Skeena","Coho",2007,88633,112165.8,NA,NA,"PSF_20260428",NA,NA,NA,73728.5269811209,63249.6757628525,85943.455444533,NA,NA,NA,NA,NA,NA
"Skeena","Coho",2008,53161,99158.8,NA,NA,"PSF_20260428",NA,NA,NA,73063.3965635497,62455.3341397229,85473.2424529178,NA,NA,NA,NA,NA,NA
"Skeena","Coho",2009,207912,100372.2,NA,NA,"PSF_20260428",NA,NA,NA,72404.2665163983,61665.4871713413,85013.1580929762,NA,NA,NA,NA,NA,NA
"Skeena","Coho",2010,108842,101617,NA,NA,"PSF_20260428",NA,NA,NA,71751.0827082596,60880.5796724399,84562.5632592008,NA,NA,NA,NA,NA,NA
"Skeena","Coho",2011,65583,94246.5,NA,NA,"PSF_20260428",NA,NA,NA,71103.7914960651,60101.0114969895,84120.8665076984,NA,NA,NA,NA,NA,NA
"Skeena","Coho",2012,72554,101866.3,NA,NA,"PSF_20260428",NA,NA,NA,70462.3397206786,59327.1404632872,83687.5210930607,NA,NA,NA,NA,NA,NA
"Skeena","Coho",2013,205115,101522,NA,NA,"PSF_20260428",116086.129117916,96550.2228847475,139574.917291158,69826.674702531,58559.2852979452,83262.0219868729,NA,NA,NA,NA,NA,NA
"Skeena","Coho",2014,140853,108281.2,NA,NA,"PSF_20260428",110777.416537981,94309.3539784658,130121.090826593,69196.7442372934,57797.7285366409,82843.9029399904,NA,NA,NA,NA,NA,NA
"Skeena","Coho",2015,73420,111380.4,NA,NA,"PSF_20260428",105711.475678237,91947.04419503,121536.43641189,68572.4965915905,57042.7193363315,82432.7336338747,NA,NA,NA,NA,NA,NA
"Skeena","Coho",2016,127312,128192.3,NA,NA,"PSF_20260428",100877.204391556,89385.107734119,113846.82106247,67953.8804987512,56294.4761673497,82028.1169525616,NA,NA,NA,NA,NA,NA
"Skeena","Coho",2017,126140,113520.9,NA,NA,"PSF_20260428",96264.0082409791,86512.3359805154,107114.88919576,67340.8451545988,55553.1893647361,81629.6863959037,NA,NA,NA,NA,NA,NA
"Skeena","Coho",2018,52037,88503.7,NA,NA,"PSF_20260428",91861.7772817159,83204.6811869283,101419.607706896,66733.3402132789,54819.0235267074,81237.1036461748,NA,NA,NA,NA,NA,NA
"Skeena","Coho",2019,60996,84495.6,NA,NA,"PSF_20260428",87660.8639049305,79399.6638167831,96781.6070139891,66131.3157831239,54092.1197546958,80850.056293599,NA,NA,NA,NA,NA,NA
"Skeena","Coho",2020,76383,74364.6,NA,NA,"PSF_20260428",83652.061694742,75177.9964187864,93081.3237798962,65534.7224225564,53372.5977342854,80468.255721468,NA,NA,NA,NA,NA,NA
"Skeena","Coho",2021,46202,57852.1,NA,NA,"PSF_20260428",79826.5852521143,70732.6096697851,90089.7583556164,64943.5111360285,52660.5576599252,80091.4351479628,NA,NA,NA,NA,NA,NA
"Skeena","Coho",2022,100240,68155.8,NA,NA,"PSF_20260428",76176.0509414152,66257.3545357778,87579.5717726048,64357.6333699977,51956.082008799,79719.3478192907,NA,NA,NA,NA,NA,NA
"Skeena","Coho",2023,196171,91271.6,NA,NA,"PSF_20260428",72692.4585174509,61886.068624256,85385.8330764964,63777.04100894,51259.237170907,79351.7653470776,NA,NA,NA,NA,NA,NA
"Skeena","Coho",2024,37628,76465.3,NA,NA,"PSF_20260428",69368.1735927115,57694.3401625604,83404.0825153796,63201.686371398,50570.0749434529,78988.4761819143,NA,NA,NA,NA,NA,NA
"Skeena","Pink",1950,839099,839099.1,NA,NA,"PSF_20260428",NA,NA,NA,1224404.83204951,858920.15503005,1745409.26064743,NA,NA,NA,NA,NA,NA
"Skeena","Pink",1951,611222,716153.6,NA,NA,"PSF_20260428",NA,NA,NA,1219639.22144083,861684.636859133,1726292.62127599,NA,NA,NA,NA,NA,NA
"Skeena","Pink",1952,2320085,1190834.8,NA,NA,"PSF_20260428",NA,NA,NA,1214892.15947219,864412.800365967,1707474.66780006,NA,NA,NA,NA,NA,NA
"Skeena","Pink",1953,407916,972830.5,NA,NA,"PSF_20260428",NA,NA,NA,1210163.57394882,867101.362650001,1688955.80008875,NA,NA,NA,NA,NA,NA
"Skeena","Pink",1954,715197,540129.6,NA,NA,"PSF_20260428",NA,NA,NA,1205453.39295698,869746.785705528,1670736.70920525,NA,NA,NA,NA,NA,NA
"Skeena","Pink",1955,507575,602508.1,NA,NA,"PSF_20260428",NA,NA,NA,1200761.54486282,872345.255515662,1652818.39788198,NA,NA,NA,NA,NA,NA
"Skeena","Pink",1956,347216,419807.2,NA,NA,"PSF_20260428",NA,NA,NA,1196087.9583113,874892.659661476,1635202.20248601,NA,NA,NA,NA,NA,NA
"Skeena","Pink",1957,779364,520199.6,NA,NA,"PSF_20260428",NA,NA,NA,1191432.56222511,877384.563444578,1617889.81647608,NA,NA,NA,NA,NA,NA
"Skeena","Pink",1958,570738,666942.7,NA,NA,"PSF_20260428",NA,NA,NA,1186795.28580359,879816.184559895,1600883.31531454,NA,NA,NA,NA,NA,NA
"Skeena","Pink",1959,980248,747973.6,NA,NA,"PSF_20260428",NA,NA,NA,1182176.05852165,882182.366407232,1584185.1827456,NA,NA,NA,NA,NA,NA
"Skeena","Pink",1960,389827,618164.4,NA,NA,"PSF_20260428",NA,NA,NA,1177574.81012868,884477.550198363,1567798.33828299,NA,NA,NA,NA,NA,NA
"Skeena","Pink",1961,1045412,638380.9,NA,NA,"PSF_20260428",NA,NA,NA,1172991.47064753,886695.746104666,1551726.16566205,NA,NA,NA,NA,NA,NA
"Skeena","Pink",1962,1687395,1328165.4,NA,NA,"PSF_20260428",NA,NA,NA,1168425.97037337,888830.503802777,1535972.54189859,NA,NA,NA,NA,NA,NA
"Skeena","Pink",1963,1410579,1542791.1,NA,NA,"PSF_20260428",NA,NA,NA,1163878.23987272,890874.882916933,1520541.86645593,NA,NA,NA,NA,NA,NA
"Skeena","Pink",1964,2385748,1834471.8,NA,NA,"PSF_20260428",NA,NA,NA,1159348.20998232,892821.424031141,1505439.08984684,NA,NA,NA,NA,NA,NA
"Skeena","Pink",1965,1728141,2030494.7,NA,NA,"PSF_20260428",NA,NA,NA,1154835.81180811,894662.121156406,1490669.74078513,NA,NA,NA,NA,NA,NA
"Skeena","Pink",1966,1128005,1396191.9,NA,NA,"PSF_20260428",NA,NA,NA,1150340.97672418,896388.396791406,1476239.95074836,NA,NA,NA,NA,NA,NA
"Skeena","Pink",1967,629879,842915.9,NA,NA,"PSF_20260428",NA,NA,NA,1145863.63637174,897991.081010901,1462156.4745175,NA,NA,NA,NA,NA,NA
"Skeena","Pink",1968,2515212,1258682.1,NA,NA,"PSF_20260428",NA,NA,NA,1141403.72265803,899460.39635309,1448426.70492208,NA,NA,NA,NA,NA,NA
"Skeena","Pink",1969,1016202,1598738.3,NA,NA,"PSF_20260428",NA,NA,NA,1136961.16775536,900785.950648985,1435058.67964781,NA,NA,NA,NA,NA,NA
"Skeena","Pink",1970,1557398,1258026.7,NA,NA,"PSF_20260428",NA,NA,NA,1132535.90410001,901956.740330049,1422061.0775704,NA,NA,NA,NA,NA,NA
"Skeena","Pink",1971,1042475,1274185.3,NA,NA,"PSF_20260428",NA,NA,NA,1128127.86439125,902961.167141773,1409443.20168769,NA,NA,NA,NA,NA,NA
"Skeena","Pink",1972,1987627,1439462,NA,NA,"PSF_20260428",NA,NA,NA,1123736.98159027,903787.071545231,1397214.94536826,NA,NA,NA,NA,NA,NA
"Skeena","Pink",1973,1278138,1593882.6,NA,NA,"PSF_20260428",NA,NA,NA,1119363.18891921,904421.786355552,1385386.73836724,NA,NA,NA,NA,NA,NA
"Skeena","Pink",1974,790541,1005197.1,NA,NA,"PSF_20260428",NA,NA,NA,1115006.41986013,904852.214279262,1373969.46894756,NA,NA,NA,NA,NA,NA
"Skeena","Pink",1975,1982188,1251799.4,NA,NA,"PSF_20260428",NA,NA,NA,1110666.60815396,905064.932889516,1362974.37856738,NA,NA,NA,NA,NA,NA
"Skeena","Pink",1976,1153881,1512352,NA,NA,"PSF_20260428",NA,NA,NA,1106343.68779954,905046.330126136,1352412.92604688,NA,NA,NA,NA,NA,NA
"Skeena","Pink",1977,1057134,1104448.7,NA,NA,"PSF_20260428",NA,NA,NA,1102037.5930526,904782.77253093,1342296.61900382,NA,NA,NA,NA,NA,NA
"Skeena","Pink",1978,1253351,1151069.5,NA,NA,"PSF_20260428",NA,NA,NA,1097748.25842476,904260.807046876,1332636.81172917,NA,NA,NA,NA,NA,NA
"Skeena","Pink",1979,567587,843437.2,NA,NA,"PSF_20260428",NA,NA,NA,1093475.61868252,903467.395276978,1323444.47060712,NA,NA,NA,NA,NA,NA
"Skeena","Pink",1980,1158263,810811.6,NA,NA,"PSF_20260428",NA,NA,NA,1089219.60884631,902390.176633012,1314729.91064905,NA,NA,NA,NA,NA,NA
"Skeena","Pink",1981,1596011,1359632.5,NA,NA,"PSF_20260428",NA,NA,NA,1084980.16418943,901017.753914532,1306502.50960114,NA,NA,NA,NA,NA,NA
"Skeena","Pink",1982,1135507,1346210.1,NA,NA,"PSF_20260428",NA,NA,NA,1080757.22023714,899339.991763471,1298770.40918013,NA,NA,NA,NA,NA,NA
"Skeena","Pink",1983,3146809,1890297.4,NA,NA,"PSF_20260428",NA,NA,NA,1076550.71276563,897348.315473008,1291540.21595871,NA,NA,NA,NA,NA,NA
"Skeena","Pink",1984,1799269,2379486.6,NA,NA,"PSF_20260428",NA,NA,NA,1072360.57780109,895035.995214445,1284816.71683647,NA,NA,NA,NA,NA,NA
"Skeena","Pink",1985,2151658,1967590.3,NA,NA,"PSF_20260428",NA,NA,NA,1068186.75161867,892398.399340488,1278602.62543826,NA,NA,NA,NA,NA,NA
"Skeena","Pink",1986,2654086,2389704.1,NA,NA,"PSF_20260428",NA,NA,NA,1064029.17074157,889433.200434247,1272898.37577037,NA,NA,NA,NA,NA,NA
"Skeena","Pink",1987,2886723,2767961.5,NA,NA,"PSF_20260428",NA,NA,NA,1059887.77194006,886140.519456943,1267701.97778168,NA,NA,NA,NA,NA,NA
"Skeena","Pink",1988,1234177,1887518.6,NA,NA,"PSF_20260428",NA,NA,NA,1055762.49223048,882522.996722486,1263008.9461014,NA,NA,NA,NA,NA,NA
"Skeena","Pink",1989,4462384,2346779,NA,NA,"PSF_20260428",NA,NA,NA,1051653.26887436,878585.783228005,1258812.30842442,NA,NA,NA,NA,NA,NA
"Skeena","Pink",1990,3919405,4182091.6,NA,NA,"PSF_20260428",NA,NA,NA,1047560.03937738,874336.451563335,1255102.69432114,NA,NA,NA,NA,NA,NA
"Skeena","Pink",1991,5424871,4611102.4,NA,NA,"PSF_20260428",NA,NA,NA,1043482.74148847,869784.831496077,1251868.4993752,NA,NA,NA,NA,NA,NA
"Skeena","Pink",1992,1092656,2434649.1,NA,NA,"PSF_20260428",NA,NA,NA,1039421.31319888,864942.780623707,1249096.11425742,NA,NA,NA,NA,NA,NA
"Skeena","Pink",1993,918355,1001721.3,NA,NA,"PSF_20260428",NA,NA,NA,1035375.69274117,859823.904548801,1246770.20428014,NA,NA,NA,NA,NA,NA
"Skeena","Pink",1994,344171,562201.6,NA,NA,"PSF_20260428",NA,NA,NA,1031345.81858833,854443.243444184,1244874.02256475,NA,NA,NA,NA,NA,NA
"Skeena","Pink",1995,2399922,908835.9,NA,NA,"PSF_20260428",NA,NA,NA,1027331.62945283,848816.942499088,1243389.73933162,NA,NA,NA,NA,NA,NA
"Skeena","Pink",1996,3065460,2712354.1,NA,NA,"PSF_20260428",NA,NA,NA,1023333.06428566,842961.922724043,1242298.7708344,NA,NA,NA,NA,NA,NA
"Skeena","Pink",1997,631788,1391660.9,NA,NA,"PSF_20260428",NA,NA,NA,1019350.06227545,836895.566303189,1241582.09375019,NA,NA,NA,NA,NA,NA
"Skeena","Pink",1998,473614,547013.2,NA,NA,"PSF_20260428",NA,NA,NA,1015382.56284751,830635.427592116,1241220.53392724,NA,NA,NA,NA,NA,NA
"Skeena","Pink",1999,1491980,840608.4,NA,NA,"PSF_20260428",NA,NA,NA,1011430.5056629,824198.97745167,1241195.02179982,NA,NA,NA,NA,NA,NA
"Skeena","Pink",2000,883667,1148221.9,NA,NA,"PSF_20260428",NA,NA,NA,1007493.83061756,817603.385298319,1241486.81008958,NA,NA,NA,NA,NA,NA
"Skeena","Pink",2001,1852788,1279549.6,NA,NA,"PSF_20260428",NA,NA,NA,1003572.47784136,810865.340339554,1242077.65232497,NA,NA,NA,NA,NA,NA
"Skeena","Pink",2002,1864431,1858600.4,NA,NA,"PSF_20260428",NA,NA,NA,999666.387697163,804000.911121071,1242949.94305175,NA,NA,NA,NA,NA,NA
"Skeena","Pink",2003,2626514,2212906.2,NA,NA,"PSF_20260428",NA,NA,NA,995775.500779993,797025.440800258,1244086.82232032,NA,NA,NA,NA,NA,NA
"Skeena","Pink",2004,1308885,1854131.7,NA,NA,"PSF_20260428",NA,NA,NA,991899.757916067,789953.474450852,1245472.24814462,NA,NA,NA,NA,NA,NA
"Skeena","Pink",2005,2440346,1787213.4,NA,NA,"PSF_20260428",NA,NA,NA,988039.100161924,782798.714115125,1247091.04121652,NA,NA,NA,NA,NA,NA
"Skeena","Pink",2006,257316,792426.6,NA,NA,"PSF_20260428",NA,NA,NA,984193.468803518,775573.997145055,1248928.90633405,NA,NA,NA,NA,NA,NA
"Skeena","Pink",2007,1230485,562693.1,NA,NA,"PSF_20260428",NA,NA,NA,980362.805355332,768291.2935011,1250972.4348748,NA,NA,NA,NA,NA,NA
"Skeena","Pink",2008,185474,477727.6,NA,NA,"PSF_20260428",NA,NA,NA,976547.051559484,760961.718004302,1253209.09231879,NA,NA,NA,NA,NA,NA
"Skeena","Pink",2009,4339176,897110.1,NA,NA,"PSF_20260428",NA,NA,NA,972746.149384843,753595.553979909,1255627.19438266,NA,NA,NA,NA,NA,NA
"Skeena","Pink",2010,670104,1705197.2,NA,NA,"PSF_20260428",NA,NA,NA,968960.041026146,746202.285223205,1258215.87483419,NA,NA,NA,NA,NA,NA
"Skeena","Pink",2011,500723,579254.9,NA,NA,"PSF_20260428",NA,NA,NA,965188.668903118,738790.633714269,1260965.04756078,NA,NA,NA,NA,NA,NA
"Skeena","Pink",2012,537585,518826.9,NA,NA,"PSF_20260428",NA,NA,NA,961431.975659598,731368.600977387,1263865.36499575,NA,NA,NA,NA,NA,NA
"Skeena","Pink",2013,2256796,1101463,NA,NA,"PSF_20260428",NA,NA,NA,957689.904162665,723943.511404774,1266908.17458309,NA,NA,NA,NA,NA,NA
"Skeena","Pink",2014,2945184,2578115.5,NA,NA,"PSF_20260428",NA,NA,NA,953962.397501772,716522.056234813,1270085.47459019,NA,NA,NA,NA,NA,NA
"Skeena","Pink",2015,463099,1167866,NA,NA,"PSF_20260428",NA,NA,NA,950249.398987876,709110.33718995,1273389.8702635,NA,NA,NA,NA,NA,NA
"Skeena","Pink",2016,206621,309331.2,NA,NA,"PSF_20260428",NA,NA,NA,946550.852152578,701713.909041108,1276814.53106024,NA,NA,NA,NA,NA,NA
"Skeena","Pink",2017,580307,346270.9,NA,NA,"PSF_20260428",NA,NA,NA,942866.700747267,694337.82057844,1280353.14947619,NA,NA,NA,NA,NA,NA
"Skeena","Pink",2018,31665,135557.1,NA,NA,"PSF_20260428",NA,NA,NA,939196.888742261,686986.653638429,1283999.90181964,NA,NA,NA,NA,NA,NA
"Skeena","Pink",2019,139516,66466.8,NA,NA,"PSF_20260428",53759.5265408752,27651.5913074434,104517.915868411,935541.360325954,679664.559970774,1287749.41114801,NA,NA,NA,NA,NA,NA
"Skeena","Pink",2020,63232,93924.8,NA,NA,"PSF_20260428",139466.093043291,84663.950065297,229741.124690717,931900.059903971,672375.295831279,1291596.71248086,NA,NA,NA,NA,NA,NA
"Skeena","Pink",2021,1120833,266218.8,NA,NA,"PSF_20260428",361811.05676165,244780.3533534,534794.72106973,928272.932098322,665122.254264454,1295537.22032552,NA,NA,NA,NA,NA,NA
"Skeena","Pink",2022,2344722,1621123.2,NA,NA,"PSF_20260428",938631.304128862,635023.441101161,1387395.59529157,924659.921746554,657908.49509669,1299566.69849458,NA,NA,NA,NA,NA,NA
"Skeena","Pink",2023,5071231,3448278.6,NA,NA,"PSF_20260428",2435051.96600734,1478216.77339498,4011237.17703334,921060.973900921,650736.772701792,1303681.23215327,NA,NA,NA,NA,NA,NA
"Skeena","Pink",2024,3504802,4215882.2,NA,NA,"PSF_20260428",6317153.5522772,3249272.44515626,12281650.6392185,917476.03382754,643609.56162875,1307877.20200693,NA,NA,NA,NA,NA,NA
"Central Coast","Chinook",1975,6750,6750,NA,NA,"CTC_20260818",NA,NA,NA,12329.6296888372,10488.0673826833,14494.5453453946,NA,NA,NA,NA,NA,NA
"Central Coast","Chinook",1976,13300,9475,NA,NA,"CTC_20260818",NA,NA,NA,12464.058669671,10653.2131845846,14582.7137624356,NA,NA,NA,NA,NA,NA
"Central Coast","Chinook",1977,12750,10460.6,NA,NA,"CTC_20260818",NA,NA,NA,12599.9533190889,10820.3731220831,14672.2134118658,NA,NA,NA,NA,NA,NA
"Central Coast","Chinook",1978,16000,11633.1,NA,NA,"CTC_20260818",NA,NA,NA,12737.3296171599,10989.5033570029,14763.1390159952,NA,NA,NA,NA,NA,NA
"Central Coast","Chinook",1979,6100,10224.1,NA,NA,"CTC_20260818",NA,NA,NA,12876.2037181826,11160.5495652469,14855.5966014807,NA,NA,NA,NA,NA,NA
"Central Coast","Chinook",1980,8480,10701.4,NA,NA,"CTC_20260818",NA,NA,NA,13016.5919525844,11333.4454373263,14949.705012217,NA,NA,NA,NA,NA,NA
"Central Coast","Chinook",1981,7150,9452.2,NA,NA,"CTC_20260818",NA,NA,NA,13158.5108288423,11508.1109929956,15045.5976083429,NA,NA,NA,NA,NA,NA
"Central Coast","Chinook",1982,8900,8796.5,NA,NA,"CTC_20260818",NA,NA,NA,13301.9770354237,11684.4507024083,15143.4241589526,NA,NA,NA,NA,NA,NA
"Central Coast","Chinook",1983,10890,8145,NA,NA,"CTC_20260818",NA,NA,NA,13447.0074427494,11862.3514146333,15243.3529276749,NA,NA,NA,NA,NA,NA
"Central Coast","Chinook",1984,15113,9765.5,NA,NA,"CTC_20260818",NA,NA,NA,13593.6191051767,12041.6801078285,15345.5729368274,NA,NA,NA,NA,NA,NA
"Central Coast","Chinook",1985,26444,12259.7,NA,NA,"CTC_20260818",NA,NA,NA,13741.8292630055,12222.2814956881,15450.2963755346,NA,NA,NA,NA,NA,NA
"Central Coast","Chinook",1986,26345,15913.3,NA,NA,"CTC_20260818",NA,NA,NA,13891.6553445049,12403.9755540952,15557.7610878796,NA,NA,NA,NA,NA,NA
"Central Coast","Chinook",1987,18183,18357.5,NA,NA,"CTC_20260818",NA,NA,NA,14043.1149679636,12586.5550724397,15668.2330366365,NA,NA,NA,NA,NA,NA
"Central Coast","Chinook",1988,17875,20270.2,NA,NA,"CTC_20260818",NA,NA,NA,14196.2259437608,12769.7833875679,15782.0085846179,NA,NA,NA,NA,NA,NA
"Central Coast","Chinook",1989,22848,22017,NA,NA,"CTC_20260818",NA,NA,NA,14351.0062764608,12953.392525287,15899.4163687212,NA,NA,NA,NA,NA,NA
"Central Coast","Chinook",1990,18157,20422.1,NA,NA,"CTC_20260818",NA,NA,NA,14507.4741669305,13137.0820523707,16020.81846373,NA,NA,NA,NA,NA,NA
"Central Coast","Chinook",1991,14223,18053.4,NA,NA,"CTC_20260818",NA,NA,NA,14665.6480144791,13320.5190238997,16146.6104510415,NA,NA,NA,NA,NA,NA
"Central Coast","Chinook",1992,36640,20769.1,NA,NA,"CTC_20260818",NA,NA,NA,14825.5464190224,13503.3394820241,16277.2199362377,NA,NA,NA,NA,NA,NA
"Central Coast","Chinook",1993,39199,24300.9,NA,NA,"CTC_20260818",NA,NA,NA,14987.1881832692,13685.1519991831,16413.1030224679,NA,NA,NA,NA,NA,NA
"Central Coast","Chinook",1994,28314,25366.1,NA,NA,"CTC_20260818",NA,NA,NA,15150.5923149331,13865.5437287394,16554.738276692,NA,NA,NA,NA,NA,NA
"Central Coast","Chinook",1995,23476,26703.6,NA,NA,"CTC_20260818",NA,NA,NA,15315.778028967,14044.0892916965,16702.6178601186,NA,NA,NA,NA,NA,NA
"Central Coast","Chinook",1996,21067,28886.3,NA,NA,"CTC_20260818",NA,NA,NA,15482.7647498233,14220.3625594187,16857.2357629235,NA,NA,NA,NA,NA,NA
"Central Coast","Chinook",1997,14708,24066.4,NA,NA,"CTC_20260818",NA,NA,NA,15651.5721137373,14393.950984083,17019.0734915251,NA,NA,NA,NA,NA,NA
"Central Coast","Chinook",1998,16999,20363,NA,NA,"CTC_20260818",NA,NA,NA,15822.2199710369,14564.4716219362,17188.5840633467,NA,NA,NA,NA,NA,NA
"Central Coast","Chinook",1999,17061,18401,NA,NA,"CTC_20260818",NA,NA,NA,15994.7283884762,14731.5874880928,17366.1756703349,NA,NA,NA,NA,NA,NA
"Central Coast","Chinook",2000,21726,18118.1,NA,NA,"CTC_20260818",NA,NA,NA,16169.1176515961,14895.0225203913,17552.1967337239,NA,NA,NA,NA,NA,NA
"Central Coast","Chinook",2001,25927,18886.1,NA,NA,"CTC_20260818",NA,NA,NA,16345.4082671086,15054.5733611201,17746.9241412354,NA,NA,NA,NA,NA,NA
"Central Coast","Chinook",2002,15427,19067.3,NA,NA,"CTC_20260818",NA,NA,NA,16523.620965309,15210.1164742625,17950.5561490737,NA,NA,NA,NA,NA,NA
"Central Coast","Chinook",2003,13825,18295.2,NA,NA,"CTC_20260818",NA,NA,NA,16703.7767025135,15361.6097704345,18163.2107765449,NA,NA,NA,NA,NA,NA
"Central Coast","Chinook",2004,14237,17644.9,NA,NA,"CTC_20260818",NA,NA,NA,16885.8966635232,15509.0887561873,18384.9296766342,NA,NA,NA,NA,NA,NA
"Central Coast","Chinook",2005,15744,16544.2,NA,NA,"CTC_20260818",NA,NA,NA,17070.0022641153,15652.658033649,18615.6866565731,NA,NA,NA,NA,NA,NA
"Central Coast","Chinook",2006,20711,15817.5,NA,NA,"CTC_20260818",NA,NA,NA,17256.115153562,15792.4795464298,18855.399452476,NA,NA,NA,NA,NA,NA
"Central Coast","Chinook",2007,12160,15082.3,NA,NA,"CTC_20260818",NA,NA,NA,17444.2572171751,15928.7591915599,19103.9431382832,NA,NA,NA,NA,NA,NA
"Central Coast","Chinook",2008,11871,14629.6,NA,NA,"CTC_20260818",NA,NA,NA,17634.450578881,16061.733309207,19361.1636572709,NA,NA,NA,NA,NA,NA
"Central Coast","Chinook",2009,13267,14424.5,NA,NA,"CTC_20260818",NA,NA,NA,17826.7176038209,16191.6562255512,19626.8903007517,NA,NA,NA,NA,NA,NA
"Central Coast","Chinook",2010,13542,13996.4,NA,NA,"CTC_20260818",NA,NA,NA,18021.0809009817,16318.7895938674,19900.9463889264,NA,NA,NA,NA,NA,NA
"Central Coast","Chinook",2011,12482,12648.3,NA,NA,"CTC_20260818",15550.0165237994,12600.7315272104,19189.6012837253,18217.5633258542,16443.3938685627,20183.1578191416,NA,NA,NA,NA,NA,NA
"Central Coast","Chinook",2012,8764,11846.4,NA,NA,"CTC_20260818",15862.1689367982,13130.1152174453,19162.6957732424,18416.1879831208,16565.7219250262,20473.3594687035,NA,NA,NA,NA,NA,NA
"Central Coast","Chinook",2013,24634,13708.7,NA,NA,"CTC_20260818",16180.5875250638,13665.424845255,19158.673485893,18616.9782293726,16686.0146271656,20771.3996503795,NA,NA,NA,NA,NA,NA
"Central Coast","Chinook",2014,23204,15330.4,NA,NA,"CTC_20260818",16505.3980763553,14198.8054941414,19186.696076044,18819.9576758556,16804.4980350567,21077.1429281671,NA,NA,NA,NA,NA,NA
"Central Coast","Chinook",2015,49657,19879.9,NA,NA,"CTC_20260818",16836.7289035062,14718.2299861432,19260.1583503617,19025.1501912473,16921.3819124625,21390.4716335809,NA,NA,NA,NA,NA,NA
"Central Coast","Chinook",2016,28459,23442.3,NA,NA,"CTC_20260818",17174.7108951132,15206.4335939462,19397.7563843865,19232.5799044637,17036.8592106283,21711.2864060546,NA,NA,NA,NA,NA,NA
"Central Coast","Chinook",2017,13746,25650.5,NA,NA,"CTC_20260818",17519.4775672425,15641.6087896176,19622.7957339558,19442.2712074963,17151.1062475304,22039.5060382923,NA,NA,NA,NA,NA,NA
"Central Coast","Chinook",2018,16736,23742.1,NA,NA,"CTC_20260818",17871.1651161736,16002.2600810884,19958.3396964647,19654.2487582807,17264.2833540785,22375.06685507,NA,NA,NA,NA,NA,NA
"Central Coast","Chinook",2019,15531,21910.2,NA,NA,"CTC_20260818",18229.9124722021,16275.8939622899,20418.5226024534,19868.537483596,17376.535810461,22717.921802308,NA,NA,NA,NA,NA,NA
"Central Coast","Chinook",2020,23603,18881.8,NA,NA,"CTC_20260818",18595.8613545229,16464.7156238445,21002.8564973109,20085.1625819958,17487.9949415393,23068.0393775146,NA,NA,NA,NA,NA,NA
"Central Coast","Chinook",2021,16751,16982.7,NA,NA,"CTC_20260818",18969.1563272145,16582.3425124405,21699.5211319722,20304.1495267719,17598.7792779118,23425.4024949866,NA,NA,NA,NA,NA,NA
"Central Coast","Chinook",2022,13462,16912,NA,NA,"CTC_20260818",19349.9448563475,16645.8332035762,22493.3388052482,20525.5240689492,17708.9957188574,23790.0073495638,NA,NA,NA,NA,NA,NA
"Central Coast","Chinook",2023,19492,17435.5,NA,NA,"CTC_20260818",19738.3773682395,16670.1803673778,23371.2852857581,20749.3122403139,17818.7406557024,24161.8623204025,NA,NA,NA,NA,NA,NA
"Central Coast","Chinook",2024,19665,18278.2,NA,NA,"CTC_20260818",20134.6073088796,16666.6812638907,24324.1233850865,20975.5403564749,17928.1010304553,24540.9869399276,NA,NA,NA,NA,NA,NA
"Central Coast","Chinook",2025,21256,17899.3,NA,NA,"CTC_20260818",20538.7912045449,16643.3131093985,25346.031849012,21204.235019958,18037.1553161018,24927.4109415821,NA,NA,NA,NA,NA,NA
"Central Coast","Chum",1950,955440,955439.7,NA,NA,"PSF_20260428",NA,NA,NA,798223.714838471,700083.761447857,910121.236939996,NA,NA,NA,NA,NA,NA
"Central Coast","Chum",1951,909738,932309.1,NA,NA,"PSF_20260428",NA,NA,NA,792526.682091932,696919.11419881,901250.272852278,NA,NA,NA,NA,NA,NA
"Central Coast","Chum",1952,863308,908716.6,NA,NA,"PSF_20260428",NA,NA,NA,786870.309853859,693755.344448999,892483.048215314,NA,NA,NA,NA,NA,NA
"Central Coast","Chum",1953,1035037,938772.4,NA,NA,"PSF_20260428",NA,NA,NA,781254.307924595,690591.721042462,883819.303146858,NA,NA,NA,NA,NA,NA
"Central Coast","Chum",1954,935098,933735.4,NA,NA,"PSF_20260428",NA,NA,NA,775678.38817568,687427.462163449,875258.838204169,NA,NA,NA,NA,NA,NA
"Central Coast","Chum",1955,462909,788621.4,NA,NA,"PSF_20260428",NA,NA,NA,770142.264535061,684261.731314148,866801.518308041,NA,NA,NA,NA,NA,NA
"Central Coast","Chum",1956,533886,699341.4,NA,NA,"PSF_20260428",NA,NA,NA,764645.652972427,681093.63303273,858447.276927535,NA,NA,NA,NA,NA,NA
"Central Coast","Chum",1957,677433,629023.5,NA,NA,"PSF_20260428",NA,NA,NA,759188.271484626,677922.208358731,850196.120518334,NA,NA,NA,NA,NA,NA
"Central Coast","Chum",1958,1018822,642653.9,NA,NA,"PSF_20260428",NA,NA,NA,753769.840081205,674746.43006185,842048.133198665,NA,NA,NA,NA,NA,NA
"Central Coast","Chum",1959,322628,587190.2,NA,NA,"PSF_20260428",NA,NA,NA,748390.080770038,671565.197662118,834003.481634823,NA,NA,NA,NA,NA,NA
"Central Coast","Chum",1960,465695,567468.9,NA,NA,"PSF_20260428",NA,NA,NA,743048.717543071,668377.33228472,826062.420092975,NA,NA,NA,NA,NA,NA
"Central Coast","Chum",1961,361556,485031,NA,NA,"PSF_20260428",NA,NA,NA,737745.476362153,665181.571412384,818225.295594362,NA,NA,NA,NA,NA,NA
"Central Coast","Chum",1962,796007,456009.7,NA,NA,"PSF_20260428",NA,NA,NA,732480.085144984,661976.563622802,810492.553086395,NA,NA,NA,NA,NA,NA
"Central Coast","Chum",1963,709588,555328.6,NA,NA,"PSF_20260428",NA,NA,NA,727252.273751153,658760.863429105,802864.740511624,NA,NA,NA,NA,NA,NA
"Central Coast","Chum",1964,880960,651274.1,NA,NA,"PSF_20260428",NA,NA,NA,722061.773968277,655532.926378636,795342.513619323,NA,NA,NA,NA,NA,NA
"Central Coast","Chum",1965,287662,615092.7,NA,NA,"PSF_20260428",NA,NA,NA,716908.319498243,652291.104610053,787926.640319653,NA,NA,NA,NA,NA,NA
"Central Coast","Chum",1966,1251471,688757.8,NA,NA,"PSF_20260428",NA,NA,NA,711791.645943545,649033.643121532,780618.004327628,NA,NA,NA,NA,NA,NA
"Central Coast","Chum",1967,739601,695928,NA,NA,"PSF_20260428",NA,NA,NA,706711.490793714,645758.67706377,773417.607783152,NA,NA,NA,NA,NA,NA
"Central Coast","Chum",1968,1416318,783638,NA,NA,"PSF_20260428",NA,NA,NA,701667.59341186,642464.230439795,766326.572465155,NA,NA,NA,NA,NA,NA
"Central Coast","Chum",1969,533789,914612.6,NA,NA,"PSF_20260428",NA,NA,NA,696659.695021292,639148.216667609,759346.139143747,NA,NA,NA,NA,NA,NA
"Central Coast","Chum",1970,947396,853129.2,NA,NA,"PSF_20260428",NA,NA,NA,691687.538692244,635808.441538273,752477.664537795,NA,NA,NA,NA,NA,NA
"Central Coast","Chum",1971,590368,806392.2,NA,NA,"PSF_20260428",NA,NA,NA,686750.869328693,632442.609175591,745722.615271757,NA,NA,NA,NA,NA,NA
"Central Coast","Chum",1972,1012531,741494.9,NA,NA,"PSF_20260428",NA,NA,NA,681849.433655274,629048.331666381,739082.55816278,NA,NA,NA,NA,NA,NA
"Central Coast","Chum",1973,1306761,927501.8,NA,NA,"PSF_20260428",NA,NA,NA,676982.980204277,625623.143071352,732559.146127998,NA,NA,NA,NA,NA,NA
"Central Coast","Chum",1974,890199,913174.3,NA,NA,"PSF_20260428",NA,NA,NA,672151.259302757,622164.518531697,726154.098996993,NA,NA,NA,NA,NA,NA
"Central Coast","Chum",1975,408059,832632.9,NA,NA,"PSF_20260428",NA,NA,NA,667354.023059719,618669.899138447,719869.178562264,NA,NA,NA,NA,NA,NA
"Central Coast","Chum",1976,348868,637921,NA,NA,"PSF_20260428",NA,NA,NA,662591.025353399,615136.723111662,713706.157320695,NA,NA,NA,NA,NA,NA
"Central Coast","Chum",1977,489841,499150.8,NA,NA,"PSF_20260428",NA,NA,NA,657862.021818638,611562.463625749,707666.780569697,NA,NA,NA,NA,NA,NA
"Central Coast","Chum",1978,725978,474341.2,NA,NA,"PSF_20260428",NA,NA,NA,653166.769834346,607944.673300945,701752.72183797,NA,NA,NA,NA,NA,NA
"Central Coast","Chum",1979,449010,485818.5,NA,NA,"PSF_20260428",NA,NA,NA,648505.02851105,604281.034952765,695965.532059087,NA,NA,NA,NA,NA,NA
"Central Coast","Chum",1980,496821,530711.6,NA,NA,"PSF_20260428",NA,NA,NA,643876.558678541,600569.417658956,690306.58342837,NA,NA,NA,NA,NA,NA
"Central Coast","Chum",1981,498860,533137.7,NA,NA,"PSF_20260428",NA,NA,NA,639281.122873601,596807.936594326,684777.009492635,NA,NA,NA,NA,NA,NA
"Central Coast","Chum",1982,761740,539585.5,NA,NA,"PSF_20260428",NA,NA,NA,634718.48532782,592995.014448612,679377.643657666,NA,NA,NA,NA,NA,NA
"Central Coast","Chum",1983,449170,539633.7,NA,NA,"PSF_20260428",NA,NA,NA,630188.411955497,589129.44165453,674108.95888628,NA,NA,NA,NA,NA,NA
"Central Coast","Chum",1984,461577,529797.6,NA,NA,"PSF_20260428",NA,NA,NA,625690.670341636,585210.432202877,668971.011810068,NA,NA,NA,NA,NA,NA
"Central Coast","Chum",1985,753160,587269,NA,NA,"PSF_20260428",NA,NA,NA,621225.029730017,581237.67160346,663963.394696048,NA,NA,NA,NA,NA,NA
"Central Coast","Chum",1986,1031187,633460.9,NA,NA,"PSF_20260428",NA,NA,NA,616791.261011359,577211.353644766,659085.198615326,NA,NA,NA,NA,NA,NA
"Central Coast","Chum",1987,508403,653385,NA,NA,"PSF_20260428",NA,NA,NA,612389.136711566,573132.203056381,654334.990709718,NA,NA,NA,NA,NA,NA
"Central Coast","Chum",1988,1020698,796769.2,NA,NA,"PSF_20260428",NA,NA,NA,608018.430980058,569001.481978686,649710.807651813,NA,NA,NA,NA,NA,NA
"Central Coast","Chum",1989,629239,761753.9,NA,NA,"PSF_20260428",NA,NA,NA,603678.919578177,564820.979225844,645210.166312463,NA,NA,NA,NA,NA,NA
"Central Coast","Chum",1990,865324,729079.8,NA,NA,"PSF_20260428",NA,NA,NA,599370.379867692,560592.982568297,640830.091409457,NA,NA,NA,NA,NA,NA
"Central Coast","Chum",1991,498852,725631.2,NA,NA,"PSF_20260428",NA,NA,NA,595092.590799371,556320.235503059,636567.1586691,NA,NA,NA,NA,NA,NA
"Central Coast","Chum",1992,239361,504957.8,NA,NA,"PSF_20260428",NA,NA,NA,590845.332901636,552005.881063858,632417.550948629,NA,NA,NA,NA,NA,NA
"Central Coast","Chum",1993,380622,445322.4,NA,NA,"PSF_20260428",NA,NA,NA,586628.388269313,547653.396016023,628377.123974566,NA,NA,NA,NA,NA,NA
"Central Coast","Chum",1994,599019,406200,NA,NA,"PSF_20260428",NA,NA,NA,582441.540552447,543266.519203422,624441.477929699,NA,NA,NA,NA,NA,NA
"Central Coast","Chum",1995,921207,473517.7,NA,NA,"PSF_20260428",NA,NA,NA,578284.574945201,538849.177850518,620606.031085605,NA,NA,NA,NA,NA,NA
"Central Coast","Chum",1996,738830,627637.4,NA,NA,"PSF_20260428",NA,NA,NA,574157.278174836,534405.415315122,616866.091985142,NA,NA,NA,NA,NA,NA
"Central Coast","Chum",1997,589250,700100.4,NA,NA,"PSF_20260428",NA,NA,NA,570059.438490773,529939.323222765,613216.927243976,NA,NA,NA,NA,NA,NA
"Central Coast","Chum",1998,1427626,869868.9,NA,NA,"PSF_20260428",NA,NA,NA,565990.845653723,525454.980198282,609653.822755535,NA,NA,NA,NA,NA,NA
"Central Coast","Chum",1999,624098,789183,NA,NA,"PSF_20260428",NA,NA,NA,561951.290924904,520956.398649176,606172.136844846,NA,NA,NA,NA,NA,NA
"Central Coast","Chum",2000,564809,737933.1,NA,NA,"PSF_20260428",NA,NA,NA,557940.567055335,516447.480335562,602767.344636404,NA,NA,NA,NA,NA,NA
"Central Coast","Chum",2001,736828,780339.6,NA,NA,"PSF_20260428",NA,NA,NA,553958.468275195,511931.980843511,599435.073519278,NA,NA,NA,NA,NA,NA
"Central Coast","Chum",2002,1025256,718353.4,NA,NA,"PSF_20260428",NA,NA,NA,550004.790283274,507413.482594648,596171.130076587,NA,NA,NA,NA,NA,NA
"Central Coast","Chum",2003,1282113,860015.9,NA,NA,"PSF_20260428",NA,NA,NA,546079.330236486,502895.375682917,592971.519188418,NA,NA,NA,NA,NA,NA
"Central Coast","Chum",2004,1020989,997209.5,NA,NA,"PSF_20260428",NA,NA,NA,542181.886739465,498380.845619772,589832.456226932,NA,NA,NA,NA,NA,NA
"Central Coast","Chum",2005,686349,979673,NA,NA,"PSF_20260428",NA,NA,NA,538312.25983423,493872.866971073,586750.373360375,NA,NA,NA,NA,NA,NA
"Central Coast","Chum",2006,693780,888543,NA,NA,"PSF_20260428",NA,NA,NA,534470.250989931,489374.201857511,583721.920994138,NA,NA,NA,NA,NA,NA
"Central Coast","Chum",2007,406360,666691,NA,NA,"PSF_20260428",NA,NA,NA,530655.663092656,484887.40234045,580743.965327009,NA,NA,NA,NA,NA,NA
"Central Coast","Chum",2008,212927,450533.4,NA,NA,"PSF_20260428",NA,NA,NA,526868.300435324,480414.815803992,577813.582911779,NA,NA,NA,NA,NA,NA
"Central Coast","Chum",2009,347184,379953.9,NA,NA,"PSF_20260428",NA,NA,NA,523107.968707646,475958.592553992,574928.052999479,NA,NA,NA,NA,NA,NA
"Central Coast","Chum",2010,252486,295110.6,NA,NA,"PSF_20260428",NA,NA,NA,519374.474986144,471520.69497172,572084.848329534,NA,NA,NA,NA,NA,NA
"Central Coast","Chum",2011,901982,360210.6,NA,NA,"PSF_20260428",NA,NA,NA,515667.627724269,467102.907674531,569281.624913494,NA,NA,NA,NA,NA,NA
"Central Coast","Chum",2012,663729,478626.3,NA,NA,"PSF_20260428",NA,NA,NA,511987.236742563,462706.848242148,566516.211253706,NA,NA,NA,NA,NA,NA
"Central Coast","Chum",2013,622027,553743.8,NA,NA,"PSF_20260428",707352.925072582,537279.239652451,931262.784194671,508333.113218905,458333.97816175,563786.597343721,NA,NA,NA,NA,NA,NA
"Central Coast","Chum",2014,442534,637141.8,NA,NA,"PSF_20260428",649597.543392282,510890.278618745,825963.980998338,504705.069678825,453985.613726537,561090.923715802,NA,NA,NA,NA,NA,NA
"Central Coast","Chum",2015,1188508,682632.8,NA,NA,"PSF_20260428",596557.889879354,484432.944685161,734634.834153567,501102.919985884,449662.936690886,558427.470732366,NA,NA,NA,NA,NA,NA
"Central Coast","Chum",2016,569872,657103.4,NA,NA,"PSF_20260428",547848.925226608,457367.999350275,656229.6559845,497526.479332121,445367.004541365,555794.648262106,NA,NA,NA,NA,NA,NA
"Central Coast","Chum",2017,388865,584293.5,NA,NA,"PSF_20260428",503117.048594646,428983.466602587,590061.818911743,493975.564228579,441098.760288039,553190.985836374,NA,NA,NA,NA,NA,NA
"Central Coast","Chum",2018,449951,586726.6,NA,NA,"PSF_20260428",462037.530660274,398585.348542214,535590.885413678,490449.992495885,436859.041716076,550615.123345774,NA,NA,NA,NA,NA,NA
"Central Coast","Chum",2019,494343,471185.9,NA,NA,"PSF_20260428",424312.156256585,366040.846185249,491859.877998414,486949.583254906,432648.590065187,548065.802309444,NA,NA,NA,NA,NA,NA
"Central Coast","Chum",2020,68625,277567.9,NA,NA,"PSF_20260428",389667.059491522,332250.172138749,457006.286182932,483474.156917468,428468.05812529,545541.857728648,NA,NA,NA,NA,NA,NA
"Central Coast","Chum",2021,326436,265686.3,NA,NA,"PSF_20260428",357850.735629055,298749.285586327,428644.201571663,480023.535177145,424318.017752123,543042.210520909,NA,NA,NA,NA,NA,NA
"Central Coast","Chum",2022,511754,274374.1,NA,NA,"PSF_20260428",328632.215300308,266864.749385065,404696.136084101,476597.541000102,420198.966817645,540565.860519878,NA,NA,NA,NA,NA,NA
"Central Coast","Chum",2023,360351,253523.2,NA,NA,"PSF_20260428",301799.387790385,237356.767868943,383738.248917102,473195.998616026,416111.335617655,538111.880018483,NA,NA,NA,NA,NA,NA
"Central Coast","Chum",2024,583745,432964.4,NA,NA,"PSF_20260428",277157.461228866,210518.603592065,364890.594009838,469818.733509098,412055.49276405,535679.40782793,NA,NA,NA,NA,NA,NA
"Central Coast","Coho",1950,215404,215403.7,NA,NA,"PSF_20260428",NA,NA,NA,241280.462902567,207655.292999021,280350.483427126,NA,NA,NA,NA,NA,NA
"Central Coast","Coho",1951,270071,241193.5,NA,NA,"PSF_20260428",NA,NA,NA,239783.328673905,206989.134783405,277773.25012785,NA,NA,NA,NA,NA,NA
"Central Coast","Coho",1952,173158,215968.7,NA,NA,"PSF_20260428",NA,NA,NA,238295.484094607,206320.545112598,275225.80317386,NA,NA,NA,NA,NA,NA
"Central Coast","Coho",1953,162109,201022.7,NA,NA,"PSF_20260428",NA,NA,NA,236816.871522823,205649.272048262,272708.140803417,NA,NA,NA,NA,NA,NA
"Central Coast","Coho",1954,388217,232916.5,NA,NA,"PSF_20260428",NA,NA,NA,235347.43367437,204975.045095988,270220.282235694,NA,NA,NA,NA,NA,NA
"Central Coast","Coho",1955,245837,227505.8,NA,NA,"PSF_20260428",NA,NA,NA,233887.113620509,204297.573722568,267762.26913012,NA,NA,NA,NA,NA,NA
"Central Coast","Coho",1956,417915,283566,NA,NA,"PSF_20260428",NA,NA,NA,232435.854785741,203616.545774782,265334.167144434,NA,NA,NA,NA,NA,NA
"Central Coast","Coho",1957,463491,368733.7,NA,NA,"PSF_20260428",NA,NA,NA,230993.600945618,202931.625801533,262936.06758962,NA,NA,NA,NA,NA,NA
"Central Coast","Coho",1958,207834,315408.4,NA,NA,"PSF_20260428",NA,NA,NA,229560.296224559,202242.453284294,260568.089176753,NA,NA,NA,NA,NA,NA
"Central Coast","Coho",1959,415782,359689.7,NA,NA,"PSF_20260428",NA,NA,NA,228135.885093691,201548.640785042,258230.379846571,NA,NA,NA,NA,NA,NA
"Central Coast","Coho",1960,208087,302146.1,NA,NA,"PSF_20260428",NA,NA,NA,226720.312368693,200849.772026274,255923.118667188,NA,NA,NA,NA,NA,NA
"Central Coast","Coho",1961,372029,285990,NA,NA,"PSF_20260428",NA,NA,NA,225313.523207661,200145.399924635,253646.517778401,NA,NA,NA,NA,NA,NA
"Central Coast","Coho",1962,265556,304061.1,NA,NA,"PSF_20260428",NA,NA,NA,223915.463108983,199435.044608504,251400.824352274,NA,NA,NA,NA,NA,NA
"Central Coast","Coho",1963,404505,301978.2,NA,NA,"PSF_20260428",NA,NA,NA,222526.077909227,198718.191460716,249186.322528768,NA,NA,NA,NA,NA,NA
"Central Coast","Coho",1964,510154,377867.8,NA,NA,"PSF_20260428",NA,NA,NA,221145.313781043,197994.289241039,247003.335271849,NA,NA,NA,NA,NA,NA
"Central Coast","Coho",1965,366376,376424,NA,NA,"PSF_20260428",NA,NA,NA,219773.117231074,197262.748359071,244852.226075367,NA,NA,NA,NA,NA,NA
"Central Coast","Coho",1966,341493,400851.6,NA,NA,"PSF_20260428",NA,NA,NA,218409.435097891,196522.939387311,242733.400428977,NA,NA,NA,NA,NA,NA
"Central Coast","Coho",1967,140990,307999.2,NA,NA,"PSF_20260428",NA,NA,NA,217054.214549927,195774.191926203,240647.306932289,NA,NA,NA,NA,NA,NA
"Central Coast","Coho",1968,342281,278753.2,NA,NA,"PSF_20260428",NA,NA,NA,215707.403083435,195015.793957813,238594.437920576,NA,NA,NA,NA,NA,NA
"Central Coast","Coho",1969,88528,195437.8,NA,NA,"PSF_20260428",NA,NA,NA,214368.948520446,194246.991851906,236575.32943829,NA,NA,NA,NA,NA,NA
"Central Coast","Coho",1970,228820,176822.2,NA,NA,"PSF_20260428",NA,NA,NA,213038.799006758,193466.99121635,234590.560368452,NA,NA,NA,NA,NA,NA
"Central Coast","Coho",1971,142679,177349.4,NA,NA,"PSF_20260428",NA,NA,NA,211716.903009921,192674.958811157,232640.750498589,NA,NA,NA,NA,NA,NA
"Central Coast","Coho",1972,186739,152420.3,NA,NA,"PSF_20260428",NA,NA,NA,210403.209317239,191870.025769302,230726.557280095,NA,NA,NA,NA,NA,NA
"Central Coast","Coho",1973,185902,183481.9,NA,NA,"PSF_20260428",NA,NA,NA,209097.667033792,191051.29238374,228848.671021581,NA,NA,NA,NA,NA,NA
"Central Coast","Coho",1974,148106,164574.7,NA,NA,"PSF_20260428",NA,NA,NA,207800.225580457,190217.834723771,227007.808253075,NA,NA,NA,NA,NA,NA
"Central Coast","Coho",1975,188953,176547.5,NA,NA,"PSF_20260428",NA,NA,NA,206510.834691955,189368.713328855,225204.703012943,NA,NA,NA,NA,NA,NA
"Central Coast","Coho",1976,289424,196986.4,NA,NA,"PSF_20260428",NA,NA,NA,205229.4444149,188502.984187289,223440.095850157,NA,NA,NA,NA,NA,NA
"Central Coast","Coho",1977,191686,198501.2,NA,NA,"PSF_20260428",NA,NA,NA,203956.005105863,187619.71213392,221714.720407686,NA,NA,NA,NA,NA,NA
"Central Coast","Coho",1978,169480,205304.9,NA,NA,"PSF_20260428",NA,NA,NA,202690.467429451,186717.986689789,220029.287564165,NA,NA,NA,NA,NA,NA
"Central Coast","Coho",1979,186615,204666.8,NA,NA,"PSF_20260428",NA,NA,NA,201432.782356398,185796.940214547,218384.467262949,NA,NA,NA,NA,NA,NA
"Central Coast","Coho",1980,106549,159423,NA,NA,"PSF_20260428",NA,NA,NA,200182.901161657,184855.768052172,216780.868348061,NA,NA,NA,NA,NA,NA
"Central Coast","Coho",1981,124726,143183.5,NA,NA,"PSF_20260428",NA,NA,NA,198940.775422521,183893.750131247,215219.016945748,NA,NA,NA,NA,NA,NA
"Central Coast","Coho",1982,89819,122167.5,NA,NA,"PSF_20260428",NA,NA,NA,197706.357016743,182910.273250571,213699.33416088,NA,NA,NA,NA,NA,NA
"Central Coast","Coho",1983,132980,112244.6,NA,NA,"PSF_20260428",NA,NA,NA,196479.598120672,181904.853065416,212222.114072889,NA,NA,NA,NA,NA,NA
"Central Coast","Coho",1984,207737,132634.5,NA,NA,"PSF_20260428",NA,NA,NA,195260.451207402,180877.154621515,210787.503184125,NA,NA,NA,NA,NA,NA
"Central Coast","Coho",1985,128803,133705.1,NA,NA,"PSF_20260428",NA,NA,NA,194048.869044927,179827.010197335,209395.482560123,NA,NA,NA,NA,NA,NA
"Central Coast","Coho",1986,213912,166098.1,NA,NA,"PSF_20260428",NA,NA,NA,192844.804694314,178754.433239515,208045.853876855,NA,NA,NA,NA,NA,NA
"Central Coast","Coho",1987,94331,152433.9,NA,NA,"PSF_20260428",NA,NA,NA,191648.211507886,177659.627328798,206738.230437669,NA,NA,NA,NA,NA,NA
"Central Coast","Coho",1988,123755,133919.5,NA,NA,"PSF_20260428",NA,NA,NA,190459.043127411,176542.989392675,205472.033943671,NA,NA,NA,NA,NA,NA
"Central Coast","Coho",1989,90027,122449.2,NA,NA,"PSF_20260428",NA,NA,NA,189277.253482306,175405.106763111,204246.497419195,NA,NA,NA,NA,NA,NA
"Central Coast","Coho",1990,134454,109028.6,NA,NA,"PSF_20260428",NA,NA,NA,188102.796787858,174246.748120017,203060.674251686,NA,NA,NA,NA,NA,NA
"Central Coast","Coho",1991,128805,117858.3,NA,NA,"PSF_20260428",NA,NA,NA,186935.627543444,173068.84880789,201913.452858583,NA,NA,NA,NA,NA,NA
"Central Coast","Coho",1992,97044,110907.6,NA,NA,"PSF_20260428",NA,NA,NA,185775.700530768,171872.491406644,200803.576100156,NA,NA,NA,NA,NA,NA
"Central Coast","Coho",1993,98979,113567.5,NA,NA,"PSF_20260428",NA,NA,NA,184622.970812114,170658.88272982,199729.66426514,NA,NA,NA,NA,NA,NA
"Central Coast","Coho",1994,121022,110618.3,NA,NA,"PSF_20260428",NA,NA,NA,183477.393728604,169429.328584475,198690.24029483,NA,NA,NA,NA,NA,NA
"Central Coast","Coho",1995,150736,115053,NA,NA,"PSF_20260428",NA,NA,NA,182338.924898462,168185.207650081,197683.755888332,NA,NA,NA,NA,NA,NA
"Central Coast","Coho",1996,74252,107605.3,NA,NA,"PSF_20260428",NA,NA,NA,181207.520215303,166927.945732954,196708.617232429,NA,NA,NA,NA,NA,NA
"Central Coast","Coho",1997,70568,98878,NA,NA,"PSF_20260428",NA,NA,NA,180083.135846416,165658.991458188,195763.2092941,NA,NA,NA,NA,NA,NA
"Central Coast","Coho",1998,391027,132567,NA,NA,"PSF_20260428",NA,NA,NA,178965.728231075,164379.794210269,194845.91786451,NA,NA,NA,NA,NA,NA
"Central Coast","Coho",1999,165044,135606.6,NA,NA,"PSF_20260428",NA,NA,NA,177855.254078842,163091.784864104,193955.148812721,NA,NA,NA,NA,NA,NA
"Central Coast","Coho",2000,182028,169682.8,NA,NA,"PSF_20260428",NA,NA,NA,176751.670367896,161796.359591406,193089.344264214,NA,NA,NA,NA,NA,NA
"Central Coast","Coho",2001,442885,268570.8,NA,NA,"PSF_20260428",NA,NA,NA,175654.934343365,160494.866805269,192246.995641352,NA,NA,NA,NA,NA,NA
"Central Coast","Coho",2002,273242,245552.2,NA,NA,"PSF_20260428",NA,NA,NA,174565.003515667,159188.597130514,191426.653678221,NA,NA,NA,NA,NA,NA
"Central Coast","Coho",2003,295257,283984.1,NA,NA,"PSF_20260428",NA,NA,NA,173481.835658867,157878.776162194,190626.93564746,NA,NA,NA,NA,NA,NA
"Central Coast","Coho",2004,272037,313990.6,NA,NA,"PSF_20260428",NA,NA,NA,172405.388809042,156566.559696538,189846.530114784,NA,NA,NA,NA,NA,NA
"Central Coast","Coho",2005,227723,265886.1,NA,NA,"PSF_20260428",NA,NA,NA,171335.621262649,155253.031080538,189084.199575011,NA,NA,NA,NA,NA,NA
"Central Coast","Coho",2006,126238,219208.1,NA,NA,"PSF_20260428",NA,NA,NA,170272.491574918,153939.200319489,188338.78133028,NA,NA,NA,NA,NA,NA
"Central Coast","Coho",2007,128214,177947,NA,NA,"PSF_20260428",NA,NA,NA,169215.958558238,152626.004597284,187609.186955635,NA,NA,NA,NA,NA,NA
"Central Coast","Coho",2008,127251,147163,NA,NA,"PSF_20260428",NA,NA,NA,168165.981280568,151314.309894152,186894.400667319,NA,NA,NA,NA,NA,NA
"Central Coast","Coho",2009,482458,177546.3,NA,NA,"PSF_20260428",NA,NA,NA,167122.519063848,150004.913424255,186193.476871339,NA,NA,NA,NA,NA,NA
"Central Coast","Coho",2010,205952,200657.4,NA,NA,"PSF_20260428",NA,NA,NA,166085.531482422,148698.546656255,185505.537129191,NA,NA,NA,NA,NA,NA
"Central Coast","Coho",2011,275508,242943.1,NA,NA,"PSF_20260428",NA,NA,NA,165054.978361475,147395.878720154,184829.766737447,NA,NA,NA,NA,NA,NA
"Central Coast","Coho",2012,199106,271713.1,NA,NA,"PSF_20260428",NA,NA,NA,164030.819775474,146097.520041164,184165.411080442,NA,NA,NA,NA,NA,NA
"Central Coast","Coho",2013,208803,220384.1,NA,NA,"PSF_20260428",217131.984282742,183958.420253815,256287.798805356,163013.016046622,144804.026074822,183511.771881851,NA,NA,NA,NA,NA,NA
"Central Coast","Coho",2014,237428,228360.9,NA,NA,"PSF_20260428",209550.032398548,181300.320326184,242201.536098945,162001.527743322,143515.901046577,182868.203451916,NA,NA,NA,NA,NA,NA
"Central Coast","Coho",2015,188479,207684.5,NA,NA,"PSF_20260428",202232.831903075,178377.897323028,229277.948183648,160996.315678647,142233.601623458,182234.10900272,NA,NA,NA,NA,NA,NA
"Central Coast","Coho",2016,195622,206770,NA,NA,"PSF_20260428",195171.138039969,175046.640274507,217609.278670425,159997.340908824,140957.540465581,181608.937083754,NA,NA,NA,NA,NA,NA
"Central Coast","Coho",2017,227026,211140.9,NA,NA,"PSF_20260428",188356.028867129,171097.605108192,207355.290497261,159004.564731724,139688.089621454,180992.178173807,NA,NA,NA,NA,NA,NA
"Central Coast","Coho",2018,116554,176734.5,NA,NA,"PSF_20260428",181778.893984464,166289.926196257,198710.57167478,158017.948685362,138425.583743906,180383.36145235,NA,NA,NA,NA,NA,NA
"Central Coast","Coho",2019,95748,149206.7,NA,NA,"PSF_20260428",175431.423655278,160483.309435438,191771.870320874,157037.454546409,137170.323113459,179782.051763614,NA,NA,NA,NA,NA,NA
"Central Coast","Coho",2020,131295,135050.3,NA,NA,"PSF_20260428",169305.598307512,153792.700855143,186383.26434792,156063.04432871,135922.576463507,179187.846778965,NA,NA,NA,NA,NA,NA
"Central Coast","Coho",2021,202441,131235.5,NA,NA,"PSF_20260428",163393.678401597,146545.819907222,182178.476045967,155094.680281813,134682.583607388,178600.374357522,NA,NA,NA,NA,NA,NA
"Central Coast","Coho",2022,183082,146919.9,NA,NA,"PSF_20260428",157688.194652095,139087.646303575,178776.242128398,154132.324889503,133450.557871457,178019.290100881,NA,NA,NA,NA,NA,NA
"Central Coast","Coho",2023,207256,178207,NA,NA,"PSF_20260428",152181.938590801,131666.093765602,175894.505342308,153175.940868355,132226.688341179,177444.275094946,NA,NA,NA,NA,NA,NA
"Central Coast","Coho",2024,163854,188355,NA,NA,"PSF_20260428",146867.953459361,124429.373192264,173352.924634695,152225.491166283,131011.14192913,176875.033829957,NA,NA,NA,NA,NA,NA
"Central Coast","Pink",1950,1000774,1000773.7,NA,NA,"PSF_20260428",NA,NA,NA,1789390.43647827,1453985.68282597,2202166.20560985,NA,NA,NA,NA,NA,NA
"Central Coast","Pink",1951,2710773,1647079.4,NA,NA,"PSF_20260428",NA,NA,NA,1806335.54782985,1473879.78746776,2213781.70668829,NA,NA,NA,NA,NA,NA
"Central Coast","Pink",1952,1951649,2300103.9,NA,NA,"PSF_20260428",NA,NA,NA,1823441.12544572,1494000.33986238,2225526.62757295,NA,NA,NA,NA,NA,NA
"Central Coast","Pink",1953,1075649,1448892.3,NA,NA,"PSF_20260428",NA,NA,NA,1840708.6889041,1514346.24376733,2237406.73003423,NA,NA,NA,NA,NA,NA
"Central Coast","Pink",1954,998062,1036129.3,NA,NA,"PSF_20260428",NA,NA,NA,1858139.77217327,1534916.01507161,2249428.22866503,NA,NA,NA,NA,NA,NA
"Central Coast","Pink",1955,1082588,1039465.8,NA,NA,"PSF_20260428",NA,NA,NA,1875735.92374778,1555707.74161404,2261597.83198587,NA,NA,NA,NA,NA,NA
"Central Coast","Pink",1956,2078767,1500148.9,NA,NA,"PSF_20260428",NA,NA,NA,1893498.70678613,1576719.03933171,2273922.78723315,NA,NA,NA,NA,NA,NA
"Central Coast","Pink",1957,1524632,1780268.1,NA,NA,"PSF_20260428",NA,NA,NA,1911429.69924952,1597947.0045158,2286410.92905342,NA,NA,NA,NA,NA,NA
"Central Coast","Pink",1958,1012058,1242181.9,NA,NA,"PSF_20260428",NA,NA,NA,1929530.49404209,1619388.16197879,2299070.73229986,NA,NA,NA,NA,NA,NA
"Central Coast","Pink",1959,1521577,1240936.8,NA,NA,"PSF_20260428",NA,NA,NA,1947802.69915243,1641038.40898086,2311911.36908345,NA,NA,NA,NA,NA,NA
"Central Coast","Pink",1960,3093573,2169587.7,NA,NA,"PSF_20260428",NA,NA,NA,1966247.93779637,1662892.95482903,2324942.77016525,NA,NA,NA,NA,NA,NA
"Central Coast","Pink",1961,3356391,3222303.7,NA,NA,"PSF_20260428",NA,NA,NA,1984867.84856125,1684946.25615661,2338175.69068268,NA,NA,NA,NA,NA,NA
"Central Coast","Pink",1962,9834871,5745404.4,NA,NA,"PSF_20260428",NA,NA,NA,2003664.08555145,1707191.94801979,2351621.78007307,NA,NA,NA,NA,NA,NA
"Central Coast","Pink",1963,3599459,5949807.7,NA,NA,"PSF_20260428",NA,NA,NA,2022638.3185353,1729622.77112202,2365293.65588393,NA,NA,NA,NA,NA,NA
"Central Coast","Pink",1964,3152341,3368489.3,NA,NA,"PSF_20260428",NA,NA,NA,2041792.23309349,1752230.4957041,2379204.98093243,NA,NA,NA,NA,NA,NA
"Central Coast","Pink",1965,1223355,1963780,NA,NA,"PSF_20260428",NA,NA,NA,2061127.53076874,1775005.84292925,2393370.54298483,NA,NA,NA,NA,NA,NA
"Central Coast","Pink",1966,3451706,2054911.6,NA,NA,"PSF_20260428",NA,NA,NA,2080645.92921698,1797938.40495878,2407806.33576068,NA,NA,NA,NA,NA,NA
"Central Coast","Pink",1967,471083,1275162.3,NA,NA,"PSF_20260428",NA,NA,NA,2100349.16235998,1821016.56536399,2422529.63961616,NA,NA,NA,NA,NA,NA
"Central Coast","Pink",1968,5142792,1556496.1,NA,NA,"PSF_20260428",NA,NA,NA,2120238.9805393,1844227.42206118,2437559.09971997,NA,NA,NA,NA,NA,NA
"Central Coast","Pink",1969,567927,1709014.3,NA,NA,"PSF_20260428",NA,NA,NA,2140317.15067186,1867556.71559113,2452914.79890084,NA,NA,NA,NA,NA,NA
"Central Coast","Pink",1970,2257929,1132404,NA,NA,"PSF_20260428",NA,NA,NA,2160585.45640686,1890988.76628433,2468618.32162515,NA,NA,NA,NA,NA,NA
"Central Coast","Pink",1971,1515511,1849842.3,NA,NA,"PSF_20260428",NA,NA,NA,2181045.69828423,1914506.42464181,2484692.80477559,NA,NA,NA,NA,NA,NA
"Central Coast","Pink",1972,3987724,2458340.8,NA,NA,"PSF_20260428",NA,NA,NA,2201699.69389463,1938091.04007886,2501162.97008341,NA,NA,NA,NA,NA,NA
"Central Coast","Pink",1973,878338,1871515.5,NA,NA,"PSF_20260428",NA,NA,NA,2222549.27804083,1961722.45396855,2518055.13227765,NA,NA,NA,NA,NA,NA
"Central Coast","Pink",1974,3087243,1646706.9,NA,NA,"PSF_20260428",NA,NA,NA,2243596.30290081,1985379.02359314,2535397.17634376,NA,NA,NA,NA,NA,NA
"Central Coast","Pink",1975,1003577,1760194.7,NA,NA,"PSF_20260428",NA,NA,NA,2264842.6381922,2009037.68404757,2553218.49684726,NA,NA,NA,NA,NA,NA
"Central Coast","Pink",1976,3830020,1960540.4,NA,NA,"PSF_20260428",NA,NA,NA,2286290.17133846,2032674.05519036,2571549.89222771,NA,NA,NA,NA,NA,NA
"Central Coast","Pink",1977,1300466,2231772.6,NA,NA,"PSF_20260428",NA,NA,NA,2307940.80763647,2056262.60023461,2590423.40747041,NA,NA,NA,NA,NA,NA
"Central Coast","Pink",1978,4828206,2505776.5,NA,NA,"PSF_20260428",NA,NA,NA,2329796.47042587,2079776.84134027,2609872.11979479,NA,NA,NA,NA,NA,NA
"Central Coast","Pink",1979,2983640,3795474.7,NA,NA,"PSF_20260428",NA,NA,NA,2351859.10125985,2103189.63546126,2629929.86410647,NA,NA,NA,NA,NA,NA
"Central Coast","Pink",1980,3051058,3017160.9,NA,NA,"PSF_20260428",NA,NA,NA,2374130.66007766,2126473.51063327,2650630.89802715,NA,NA,NA,NA,NA,NA
"Central Coast","Pink",1981,2141912,2556384,NA,NA,"PSF_20260428",NA,NA,NA,2396613.12537874,2149601.0588911,2672009.5103138,NA,NA,NA,NA,NA,NA
"Central Coast","Pink",1982,1194330,1599421.8,NA,NA,"PSF_20260428",NA,NA,NA,2419308.49439844,2172545.37726742,2694099.58121577,NA,NA,NA,NA,NA,NA
"Central Coast","Pink",1983,3251522,1970632.1,NA,NA,"PSF_20260428",NA,NA,NA,2442218.78328545,2195280.54322266,2716934.10841993,NA,NA,NA,NA,NA,NA
"Central Coast","Pink",1984,2634055,2926548.9,NA,NA,"PSF_20260428",NA,NA,NA,2465346.02728097,2217782.10594951,2740544.71714114,NA,NA,NA,NA,NA,NA
"Central Coast","Pink",1985,6225866,4049601.7,NA,NA,"PSF_20260428",NA,NA,NA,2488692.28089942,2240027.57097224,2764961.17693772,NA,NA,NA,NA,NA,NA
"Central Coast","Pink",1986,7154570,6674083.7,NA,NA,"PSF_20260428",NA,NA,NA,2512259.61811098,2261996.85304077,2790210.95025254,NA,NA,NA,NA,NA,NA
"Central Coast","Pink",1987,1643867,3429455.3,NA,NA,"PSF_20260428",NA,NA,NA,2536050.1325259,2283672.67210039,2816318.79789903,NA,NA,NA,NA,NA,NA
"Central Coast","Pink",1988,5749808,3074397.7,NA,NA,"PSF_20260428",NA,NA,NA,2560065.93758039,2305040.86943768,2843306.46439176,NA,NA,NA,NA,NA,NA
"Central Coast","Pink",1989,2038976,3423991.6,NA,NA,"PSF_20260428",NA,NA,NA,2584309.16672442,2326090.62591172,2871192.46121295,NA,NA,NA,NA,NA,NA
"Central Coast","Pink",1990,4968717,3182937.6,NA,NA,"PSF_20260428",NA,NA,NA,2608781.97361123,2346814.57100757,2899991.95927821,NA,NA,NA,NA,NA,NA
"Central Coast","Pink",1991,4494060,4725432.4,NA,NA,"PSF_20260428",NA,NA,NA,2633486.53228866,2367208.77946687,2929716.79384683,NA,NA,NA,NA,NA,NA
"Central Coast","Pink",1992,6128274,5247936.1,NA,NA,"PSF_20260428",NA,NA,NA,2658425.03739229,2387272.66041973,2960375.57695302,NA,NA,NA,NA,NA,NA
"Central Coast","Pink",1993,2454156,3878110.7,NA,NA,"PSF_20260428",NA,NA,NA,2683599.70434037,2407008.75122608,2991973.90514984,NA,NA,NA,NA,NA,NA
"Central Coast","Pink",1994,1221653,1731510.1,NA,NA,"PSF_20260428",NA,NA,NA,2709012.76953066,2426422.43379552,3024514.64479768,NA,NA,NA,NA,NA,NA
"Central Coast","Pink",1995,2089233,1597597.6,NA,NA,"PSF_20260428",NA,NA,NA,2734666.49053908,2445521.59449689,3057998.27378577,NA,NA,NA,NA,NA,NA
"Central Coast","Pink",1996,4651342,3117328.9,NA,NA,"PSF_20260428",NA,NA,NA,2760563.14632025,2464316.24979018,3092423.25755487,NA,NA,NA,NA,NA,NA
"Central Coast","Pink",1997,3081845,3786121.4,NA,NA,"PSF_20260428",NA,NA,NA,2786705.03740999,2482818.15865969,3127786.43834248,NA,NA,NA,NA,NA,NA
"Central Coast","Pink",1998,2175837,2589515.7,NA,NA,"PSF_20260428",NA,NA,NA,2813094.48612966,2501040.4402899,3164083.41920925,NA,NA,NA,NA,NA,NA
"Central Coast","Pink",1999,2941766,2529980.9,NA,NA,"PSF_20260428",NA,NA,NA,2839733.83679244,2518997.211804,3201308.92802725,NA,NA,NA,NA,NA,NA
"Central Coast","Pink",2000,5461920,4008452.7,NA,NA,"PSF_20260428",NA,NA,NA,2866625.45591162,2536703.25686781,3239457.1506275,NA,NA,NA,NA,NA,NA
"Central Coast","Pink",2001,8272239,6721778.6,NA,NA,"PSF_20260428",NA,NA,NA,2893771.73241083,2554173.73203704,3278522.02622938,NA,NA,NA,NA,NA,NA
"Central Coast","Pink",2002,5766127,6906430.1,NA,NA,"PSF_20260428",NA,NA,NA,2921175.07783624,2571423.91424026,3318497.50175974,NA,NA,NA,NA,NA,NA
"Central Coast","Pink",2003,5608670,5686853.2,NA,NA,"PSF_20260428",NA,NA,NA,2948837.9265708,2588468.98993838,3359377.74452125,NA,NA,NA,NA,NA,NA
"Central Coast","Pink",2004,2674853,3873289.2,NA,NA,"PSF_20260428",NA,NA,NA,2976762.73605052,2605323.88435431,3401157.31481696,NA,NA,NA,NA,NA,NA
"Central Coast","Pink",2005,4859642,3605388.9,NA,NA,"PSF_20260428",NA,NA,NA,3004951.98698274,2622003.1276939,3443831.30160998,NA,NA,NA,NA,NA,NA
"Central Coast","Pink",2006,892362,2082440.2,NA,NA,"PSF_20260428",NA,NA,NA,3033408.18356651,2638520.75439873,3487395.42517836,NA,NA,NA,NA,NA,NA
"Central Coast","Pink",2007,4071990,1906223.2,NA,NA,"PSF_20260428",NA,NA,NA,3062133.8537151,2654890.23106595,3531846.1111303,NA,NA,NA,NA,NA,NA
"Central Coast","Pink",2008,929194,1945165.5,NA,NA,"PSF_20260428",NA,NA,NA,3091131.54928049,2671124.40862183,3577180.54019326,NA,NA,NA,NA,NA,NA
"Central Coast","Pink",2009,6611569,2478594.5,NA,NA,"PSF_20260428",NA,NA,NA,3120403.84628014,2687235.49453555,3623396.67799112,NA,NA,NA,NA,NA,NA
"Central Coast","Pink",2010,828859,2340952.2,NA,NA,"PSF_20260428",NA,NA,NA,3149953.34512577,2703235.04121284,3670493.28866991,NA,NA,NA,NA,NA,NA
"Central Coast","Pink",2011,1859910,1241613.1,NA,NA,"PSF_20260428",NA,NA,NA,3179782.67085441,2719133.94714667,3718469.93579556,NA,NA,NA,NA,NA,NA
"Central Coast","Pink",2012,3654832,2607232.2,NA,NA,"PSF_20260428",NA,NA,NA,3209894.47336157,2734942.46786777,3767326.97348108,NA,NA,NA,NA,NA,NA
"Central Coast","Pink",2013,6691223,4945229.5,NA,NA,"PSF_20260428",NA,NA,NA,3240291.42763666,2750670.23419733,3817065.53024138,NA,NA,NA,NA,NA,NA
"Central Coast","Pink",2014,3265961,4674748.6,NA,NA,"PSF_20260428",NA,NA,NA,3270976.23400062,2766326.27573345,3867687.48764463,NA,NA,NA,NA,NA,NA
"Central Coast","Pink",2015,1697805,2354775.2,NA,NA,"PSF_20260428",NA,NA,NA,3301951.61834579,2781919.04788911,3919195.45544267,NA,NA,NA,NA,NA,NA
"Central Coast","Pink",2016,4482228,2758613.8,NA,NA,"PSF_20260428",NA,NA,NA,3333220.33237809,2797456.46113762,3971592.74452499,NA,NA,NA,NA,NA,NA
"Central Coast","Pink",2017,3368325,3885562.9,NA,NA,"PSF_20260428",NA,NA,NA,3364785.15386146,2812945.91141031,4024883.33875221,NA,NA,NA,NA,NA,NA
"Central Coast","Pink",2018,716882,1553927.3,NA,NA,"PSF_20260428",NA,NA,NA,3396648.88686459,2828394.31083339,4079071.86648209,NA,NA,NA,NA,NA,NA
"Central Coast","Pink",2019,1437919,1015291.8,NA,NA,"PSF_20260428",1729692.43123467,876391.329530769,3413812.76361139,3428814.36201008,2843808.11819103,4134163.57240207,NA,NA,NA,NA,NA,NA
"Central Coast","Pink",2020,7226813,3223595.5,NA,NA,"PSF_20260428",2158839.26461628,1295816.84604276,3596640.20782083,3461284.43672586,2859193.368664,4190164.29011889,NA,NA,NA,NA,NA,NA
"Central Coast","Pink",2021,3271248,4862170.1,NA,NA,"PSF_20260428",2694459.94344913,1806862.83630972,4018077.21148314,3494061.99549901,2874555.70252364,4247080.4158265,NA,NA,NA,NA,NA,NA
"Central Coast","Pink",2022,2245495,2710271.7,NA,NA,"PSF_20260428",3362971.25304617,2255156.09964083,5014985.7256516,3527149.95013208,2889900.39256398,4304918.88326953,NA,NA,NA,NA,NA,NA
"Central Coast","Pink",2023,4488963,3174892.9,NA,NA,"PSF_20260428",4197344.1380382,2519404.44657223,6992802.53993888,3560551.24000166,2905232.3701355,4363687.14013954,NA,NA,NA,NA,NA,NA
"Central Coast","Pink",2024,6576826,5433518.9,NA,NA,"PSF_20260428",5238729.82772765,2654331.66953096,10339435.1666584,3594268.83231962,2920556.24970575,4423393.12597927,NA,NA,NA,NA,NA,NA
"Central Coast","Sockeye",1950,989942,989942.3,NA,NA,"PSF_20260428",NA,NA,NA,791838.05339569,678550.589007579,924039.434882093,NA,NA,NA,NA,NA,NA
"Central Coast","Sockeye",1951,773352,874971,NA,NA,"PSF_20260428",NA,NA,NA,781146.064153218,671465.103192617,908742.942322387,NA,NA,NA,NA,NA,NA
"Central Coast","Sockeye",1952,993205,912729.4,NA,NA,"PSF_20260428",NA,NA,NA,770598.446141041,664438.468968561,893720.025146654,NA,NA,NA,NA,NA,NA
"Central Coast","Sockeye",1953,847587,895988.8,NA,NA,"PSF_20260428",NA,NA,NA,760193.249950897,657469.437238673,878966.754254041,NA,NA,NA,NA,NA,NA
"Central Coast","Sockeye",1954,569546,818366.4,NA,NA,"PSF_20260428",NA,NA,NA,749928.552496893,650556.724965206,864479.317895245,NA,NA,NA,NA,NA,NA
"Central Coast","Sockeye",1955,623294,746044,NA,NA,"PSF_20260428",NA,NA,NA,739802.456660083,643699.012119372,850254.023349033,NA,NA,NA,NA,NA,NA
"Central Coast","Sockeye",1956,608797,711186.4,NA,NA,"PSF_20260428",NA,NA,NA,729813.090937835,636894.938483086,836287.298769893,NA,NA,NA,NA,NA,NA
"Central Coast","Sockeye",1957,613437,645847,NA,NA,"PSF_20260428",NA,NA,NA,719958.609097945,630143.100320001,822575.695188953,NA,NA,NA,NA,NA,NA
"Central Coast","Sockeye",1958,429378,563716.6,NA,NA,"PSF_20260428",NA,NA,NA,710237.189837418,623442.046942637,809115.888640995,NA,NA,NA,NA,NA,NA
"Central Coast","Sockeye",1959,793152,602318.6,NA,NA,"PSF_20260428",NA,NA,NA,700647.036445851,616790.27721433,795904.682378396,NA,NA,NA,NA,NA,NA
"Central Coast","Sockeye",1960,272734,510546.6,NA,NA,"PSF_20260428",NA,NA,NA,691186.376473371,610186.236039739,782939.009117988,NA,NA,NA,NA,NA,NA
"Central Coast","Sockeye",1961,400814,469601.4,NA,NA,"PSF_20260428",NA,NA,NA,681853.461403044,603628.310916285,770215.933248019,NA,NA,NA,NA,NA,NA
"Central Coast","Sockeye",1962,860536,502492.1,NA,NA,"PSF_20260428",NA,NA,NA,672646.56632772,597114.828641879,757732.65289955,NA,NA,NA,NA,NA,NA
"Central Coast","Sockeye",1963,1665376,658967.1,NA,NA,"PSF_20260428",NA,NA,NA,663563.989631236,590644.052302134,745486.501758738,NA,NA,NA,NA,NA,NA
"Central Coast","Sockeye",1964,829478,664895.5,NA,NA,"PSF_20260428",NA,NA,NA,654604.052673923,584214.178693558,733474.950463144,NA,NA,NA,NA,NA,NA
"Central Coast","Sockeye",1965,233564,644595.1,NA,NA,"PSF_20260428",NA,NA,NA,645765.099482353,577823.336378383,721695.607386089,NA,NA,NA,NA,NA,NA
"Central Coast","Sockeye",1966,532747,682342.8,NA,NA,"PSF_20260428",NA,NA,NA,637045.496443299,571469.5846118,710146.21856799,NA,NA,NA,NA,NA,NA
"Central Coast","Sockeye",1967,559933,626146.7,NA,NA,"PSF_20260428",NA,NA,NA,628443.632001793,565150.913433015,698824.666502846,NA,NA,NA,NA,NA,NA
"Central Coast","Sockeye",1968,1068919,573010.5,NA,NA,"PSF_20260428",NA,NA,NA,619957.916363289,558865.245266747,687728.967433037,NA,NA,NA,NA,NA,NA
"Central Coast","Sockeye",1969,348469,481764.3,NA,NA,"PSF_20260428",NA,NA,NA,611586.781199837,552610.438439134,676857.266748092,NA,NA,NA,NA,NA,NA
"Central Coast","Sockeye",1970,310524,510002.4,NA,NA,"PSF_20260428",NA,NA,NA,603328.679360219,546384.293068161,666207.832027003,NA,NA,NA,NA,NA,NA
"Central Coast","Sockeye",1971,605146,523166.8,NA,NA,"PSF_20260428",NA,NA,NA,595182.084584015,540184.559837989,655779.043214447,NA,NA,NA,NA,NA,NA
"Central Coast","Sockeye",1972,329178,470434.5,NA,NA,"PSF_20260428",NA,NA,NA,587145.491219509,534008.952201315,645569.379386426,NA,NA,NA,NA,NA,NA
"Central Coast","Sockeye",1973,1506308,503840.3,NA,NA,"PSF_20260428",NA,NA,NA,579217.413945421,527855.162563943,635577.401550905,NA,NA,NA,NA,NA,NA
"Central Coast","Sockeye",1974,771651,590669,NA,NA,"PSF_20260428",NA,NA,NA,571396.387496392,521720.882978367,625801.730956329,NA,NA,NA,NA,NA,NA
"Central Coast","Sockeye",1975,655667,685901.8,NA,NA,"PSF_20260428",NA,NA,NA,563680.966392167,515603.830793684,616241.022460416,NA,NA,NA,NA,NA,NA
"Central Coast","Sockeye",1976,399070,631102.3,NA,NA,"PSF_20260428",NA,NA,NA,556069.724670447,509501.77956231,606893.932658485,NA,NA,NA,NA,NA,NA
"Central Coast","Sockeye",1977,501485,686538.8,NA,NA,"PSF_20260428",NA,NA,NA,548561.255623344,503412.595275799,597759.082698752,NA,NA,NA,NA,NA,NA
"Central Coast","Sockeye",1978,538060,558789.8,NA,NA,"PSF_20260428",NA,NA,NA,541154.171537388,497334.277683586,588835.016030471,NA,NA,NA,NA,NA,NA
"Central Coast","Sockeye",1979,335775,473122.8,NA,NA,"PSF_20260428",NA,NA,NA,533847.103437058,491265.006039772,580120.151739577,NA,NA,NA,NA,NA,NA
"Central Coast","Sockeye",1980,518843,451486.2,NA,NA,"PSF_20260428",NA,NA,NA,526638.700831759,485203.188137896,571612.734611585,NA,NA,NA,NA,NA,NA
"Central Coast","Sockeye",1981,842050,524206.2,NA,NA,"PSF_20260428",NA,NA,NA,519527.63146623,479147.510963941,563310.783591283,NA,NA,NA,NA,NA,NA
"Central Coast","Sockeye",1982,1126632,616321.1,NA,NA,"PSF_20260428",NA,NA,NA,512512.58107432,473096.99077534,555212.040831168,NA,NA,NA,NA,NA,NA
"Central Coast","Sockeye",1983,801901,667521.1,NA,NA,"PSF_20260428",NA,NA,NA,505592.253136078,467051.019968429,547313.92396594,NA,NA,NA,NA,NA,NA
"Central Coast","Sockeye",1984,463940,712111.1,NA,NA,"PSF_20260428",NA,NA,NA,498765.368638136,461009.407809554,539613.484537614,NA,NA,NA,NA,NA,NA
"Central Coast","Sockeye",1985,1063239,821990.4,NA,NA,"PSF_20260428",NA,NA,NA,492030.665837321,454972.412054684,532107.375546147,NA,NA,NA,NA,NA,NA
"Central Coast","Sockeye",1986,864609,826348.3,NA,NA,"PSF_20260428",NA,NA,NA,485386.900027459,448940.758728355,524791.830854511,NA,NA,NA,NA,NA,NA
"Central Coast","Sockeye",1987,875416,785687.1,NA,NA,"PSF_20260428",NA,NA,NA,478832.843309328,442915.647897709,517662.658612251,NA,NA,NA,NA,NA,NA
"Central Coast","Sockeye",1988,778450,781037.1,NA,NA,"PSF_20260428",NA,NA,NA,472367.284363721,436898.744133195,510715.25000569,NA,NA,NA,NA,NA,NA
"Central Coast","Sockeye",1989,518712,798664.8,NA,NA,"PSF_20260428",NA,NA,NA,465989.028227566,430892.151412796,503944.603577717,NA,NA,NA,NA,NA,NA
"Central Coast","Sockeye",1990,567219,704349.8,NA,NA,"PSF_20260428",NA,NA,NA,459696.896073078,424898.37337583,497345.364210903,NA,NA,NA,NA,NA,NA
"Central Coast","Sockeye",1991,845164,701152.7,NA,NA,"PSF_20260428",NA,NA,NA,453489.724989884,418920.260917689,490911.874782319,NA,NA,NA,NA,NA,NA
"Central Coast","Sockeye",1992,777234,684668.1,NA,NA,"PSF_20260428",NA,NA,NA,447366.367770097,412960.94999751,484638.237617905,NA,NA,NA,NA,NA,NA
"Central Coast","Sockeye",1993,647157,659835.8,NA,NA,"PSF_20260428",NA,NA,NA,441325.692696288,407023.793100423,478518.382304506,NA,NA,NA,NA,NA,NA
"Central Coast","Sockeye",1994,343179,607512,NA,NA,"PSF_20260428",NA,NA,NA,435366.583332323,401112.288002985,472546.13621074,NA,NA,NA,NA,NA,NA
"Central Coast","Sockeye",1995,332705,546030.3,NA,NA,"PSF_20260428",NA,NA,NA,429487.938317021,395230.007342724,466715.29421563,NA,NA,NA,NA,NA,NA
"Central Coast","Sockeye",1996,317466,448919,NA,NA,"PSF_20260428",NA,NA,NA,423688.671160607,389380.532050136,461019.684586407,NA,NA,NA,NA,NA,NA
"Central Coast","Sockeye",1997,377057,388453.5,NA,NA,"PSF_20260428",NA,NA,NA,417967.710043901,383567.391057519,455453.228590918,NA,NA,NA,NA,NA,NA
"Central Coast","Sockeye",1998,294312,331817.1,NA,NA,"PSF_20260428",NA,NA,NA,412323.997620223,377794.008958593,450009.992170509,NA,NA,NA,NA,NA,NA
"Central Coast","Sockeye",1999,118906,268432.7,NA,NA,"PSF_20260428",NA,NA,NA,406756.490819985,372063.662552461,444684.228739645,NA,NA,NA,NA,NA,NA
"Central Coast","Sockeye",2000,107785,214257.2,NA,NA,"PSF_20260428",NA,NA,NA,401264.160657899,366379.446540226,439470.412843724,NA,NA,NA,NA,NA,NA
"Central Coast","Sockeye",2001,161687,187210.8,NA,NA,"PSF_20260428",NA,NA,NA,395845.992042809,360744.248099784,434363.264949447,NA,NA,NA,NA,NA,NA
"Central Coast","Sockeye",2002,387173,188204.6,NA,NA,"PSF_20260428",NA,NA,NA,390500.983590075,355160.729664119,429357.768042173,NA,NA,NA,NA,NA,NA
"Central Coast","Sockeye",2003,578218,215420.5,NA,NA,"PSF_20260428",NA,NA,NA,385228.147436502,349631.318969609,424449.176963631,NA,NA,NA,NA,NA,NA
"Central Coast","Sockeye",2004,218753,243353.1,NA,NA,"PSF_20260428",NA,NA,NA,380026.509057765,344158.205306722,419633.021557398,NA,NA,NA,NA,NA,NA
"Central Coast","Sockeye",2005,206941,277264.5,NA,NA,"PSF_20260428",NA,NA,NA,374895.107088291,338743.340871936,414905.104723152,NA,NA,NA,NA,NA,NA
"Central Coast","Sockeye",2006,227821,296946.5,NA,NA,"PSF_20260428",NA,NA,NA,369832.993143585,333388.446159962,410261.496440451,NA,NA,NA,NA,NA,NA
"Central Coast","Sockeye",2007,165378,250491.3,NA,NA,"PSF_20260428",NA,NA,NA,364839.23164495,328095.018424428,405698.524733733,NA,NA,NA,NA,NA,NA
"Central Coast","Sockeye",2008,132741,186627.4,NA,NA,"PSF_20260428",NA,NA,NA,359912.899646569,322864.342351975,401212.764433381,NA,NA,NA,NA,NA,NA
"Central Coast","Sockeye",2009,165270,176450.7,NA,NA,"PSF_20260428",NA,NA,NA,355053.08666493,317697.502222756,396801.024459754,NA,NA,NA,NA,NA,NA
"Central Coast","Sockeye",2010,216947,178125,NA,NA,"PSF_20260428",240971.205663813,204367.984770733,284130.227267316,350258.894510553,312595.394957823,392460.334229516,NA,NA,NA,NA,NA,NA
"Central Coast","Sockeye",2011,647808,219530.7,NA,NA,"PSF_20260428",254724.523696584,219663.529191257,295381.683119357,345529.437121978,307558.743573197,388187.929664296,NA,NA,NA,NA,NA,NA
"Central Coast","Sockeye",2012,255632,239509.7,NA,NA,"PSF_20260428",269262.805876376,235883.253237385,307365.858463276,340863.840402015,302588.110667167,383981.239175032,NA,NA,NA,NA,NA,NA
"Central Coast","Sockeye",2013,416748,301090.2,NA,NA,"PSF_20260428",284630.853662055,252969.152027111,320255.344207769,336261.242056184,297683.911659439,379837.869903179,NA,NA,NA,NA,NA,NA
"Central Coast","Sockeye",2014,379894,355623.4,NA,NA,"PSF_20260428",300876.025534642,270791.552819344,334302.831085416,331720.791433349,292846.427578043,375755.594422755,NA,NA,NA,NA,NA,NA
"Central Coast","Sockeye",2015,509512,421842.6,NA,NA,"PSF_20260428",318048.382938154,289121.796277697,349869.069685831,327241.649368505,288075.817253063,371732.338044009,NA,NA,NA,NA,NA,NA
"Central Coast","Sockeye",2016,590970,414165.8,NA,NA,"PSF_20260428",336200.844549934,307626.817650129,367428.980150365,322822.988027677,283372.128826688,367766.166809073,NA,NA,NA,NA,NA,NA
"Central Coast","Sockeye",2017,293538,425778.7,NA,NA,"PSF_20260428",355389.349355908,325929.22611463,387512.317140886,318463.990754923,278735.310528507,363855.276230528,NA,NA,NA,NA,NA,NA
"Central Coast","Sockeye",2018,454611,433248.6,NA,NA,"PSF_20260428",375673.029033266,343744.223942076,410567.552596347,314163.851921404,274165.220695027,359997.98079379,NA,NA,NA,NA,NA,NA
"Central Coast","Sockeye",2019,194007,378763.4,NA,NA,"PSF_20260428",397114.390171812,360996.728716344,436845.617527588,309921.776776477,269661.637034765,356192.704221793,NA,NA,NA,NA,NA,NA
"Central Coast","Sockeye",2020,520669,380407.8,NA,NA,"PSF_20260428",419779.50689552,377805.92292784,466416.283376008,305736.981300823,265224.265156427,352437.97048437,NA,NA,NA,NA,NA,NA
"Central Coast","Sockeye",2021,983720,421221.6,NA,NA,"PSF_20260428",443738.224477854,394377.773610785,499276.645486325,301608.692061533,260852.746388891,348732.395523448,NA,NA,NA,NA,NA,NA
"Central Coast","Sockeye",2022,381801,443961.3,NA,NA,"PSF_20260428",469064.374578357,410916.131892723,535441.104453951,297536.146069169,256546.664929066,345074.679657875,NA,NA,NA,NA,NA,NA
"Central Coast","Sockeye",2023,363192,424467.4,NA,NA,"PSF_20260428",495836.002763756,427587.751216718,574977.512655949,293518.590636748,252305.554358138,341463.600627245,NA,NA,NA,NA,NA,NA
"Central Coast","Sockeye",2024,409692,492915.7,NA,NA,"PSF_20260428",524135.609014728,444520.073947614,618010.642798586,289555.283240627,248128.903568874,337898.007231904,NA,NA,NA,NA,NA,NA
"East Vancouver Island & Mainland Inlets","Chinook",1975,NA,NA,5875,5875,"CTC_20260818",NA,NA,NA,NA,NA,NA,NA,NA,NA,5930.26661960679,4726.17714845551,7441.12230137528
"East Vancouver Island & Mainland Inlets","Chinook",1976,NA,NA,4740,5277.1,"CTC_20260818",NA,NA,NA,NA,NA,NA,NA,NA,NA,6032.2461290041,4839.79478307329,7518.49923227085
"East Vancouver Island & Mainland Inlets","Chinook",1977,NA,NA,6730,5722.7,"CTC_20260818",NA,NA,NA,NA,NA,NA,NA,NA,NA,6135.97932352285,4955.76708189336,7597.25823198203
"East Vancouver Island & Mainland Inlets","Chinook",1978,NA,NA,6895,5995.6,"CTC_20260818",NA,NA,NA,NA,NA,NA,NA,NA,NA,6241.49636031442,5074.0955823299,7677.48186523724
"East Vancouver Island & Mainland Inlets","Chinook",1979,10700,10700,11459,7085.5,"CTC_20260818",NA,NA,NA,5460.96951726747,4082.96588700146,7304.05026489848,NA,NA,NA,6348.82791512606,5194.77422569822,7759.26231721194
"East Vancouver Island & Mainland Inlets","Chinook",1980,8650,9620.6,10769,8699,"CTC_20260818",NA,NA,NA,5544.18210204866,4184.0211433532,7346.51048059532,NA,NA,NA,6458.00519121883,5317.78808235577,7842.70271848324
"East Vancouver Island & Mainland Inlets","Chinook",1981,6710,8531.8,8607,9250.8,"CTC_20260818",NA,NA,NA,5628.66265476926,4287.07945931439,7390.07606037255,NA,NA,NA,6569.05992843897,5443.11190314758,7927.91864493339
"East Vancouver Island & Mainland Inlets","Chinook",1982,5790,7743.7,7407,9417.9,"CTC_20260818",NA,NA,NA,5714.43049633729,4392.11235952704,7434.8543990769,NA,NA,NA,6682.02441244528,5570.70848514787,8015.03980464157
"East Vancouver Island & Mainland Inlets","Chinook",1983,7100,6989.1,7862,8571.4,"CTC_20260818",NA,NA,NA,5801.50524206681,4499.07902754941,7480.96729744742,NA,NA,NA,6796.93148409516,5700.52684522427,8104.2119182699
"East Vancouver Island & Mainland Inlets","Chinook",1984,8200,6896.3,9061,8209.2,"CTC_20260818",NA,NA,NA,5889.90680616409,4607.92422127733,7528.55310100599,NA,NA,NA,6913.81454899202,5832.50020439573,8195.59879000571
"East Vancouver Island & Mainland Inlets","Chinook",1985,4595,6273.5,6049,7516.4,"CTC_20260818",NA,NA,NA,5979.655406282,4718.5758969313,7577.76913181188,NA,NA,NA,7032.70758719693,5966.54380086112,8289.38455121693
"East Vancouver Island & Mainland Inlets","Chinook",1986,5195,6105.7,6472,7267.1,"CTC_20260818",NA,NA,NA,6070.77156814378,4830.9425276908,7628.79442703684,NA,NA,NA,7153.64516310724,6102.55257180748,8385.7760367463
"East Vancouver Island & Mainland Inlets","Chinook",1987,5250,5661.9,6887,7030.4,"CTC_20260818",NA,NA,NA,6163.2761302374,4944.91011882441,7681.83278255112,NA,NA,NA,7276.66243550511,6240.39877570081,8485.00522217744
"East Vancouver Island & Mainland Inlets","Chinook",1988,6984,5439.2,8611,6941.5,"CTC_20260818",NA,NA,NA,6257.19024858134,5060.33894731778,7737.11607355749,NA,NA,NA,7401.79516777877,6379.92966957003,8587.33160759833
"East Vancouver Island & Mainland Inlets","Chinook",1989,6580,5950,8390,7533.1,"CTC_20260818",NA,NA,NA,6352.53540156303,5177.06009458439,7794.90778372955,NA,NA,NA,7529.07973831963,6520.96541079276,8693.04437839116
"East Vancouver Island & Mainland Inlets","Chinook",1990,6971,6403.9,8206,7993.6,"CTC_20260818",NA,NA,NA,6449.33339485097,5294.8719004267,7855.50661472811,NA,NA,NA,7658.55315109816,6663.29741902361,8802.4641074464
"East Vancouver Island & Mainland Inlets","Chinook",1991,7800,7070.2,9657,8698.6,"CTC_20260818",NA,NA,NA,6547.60636638181,5413.53654931769,7919.24996506897,NA,NA,NA,7790.25304642159,6806.68750639636,8915.94369070877
"East Vancouver Island & Mainland Inlets","Chinook",1992,9493,7634.1,11837,9418.8,"CTC_20260818",NA,NA,NA,6647.37679142333,5532.77710864991,7986.51695873865,NA,NA,NA,7924.21771187666,6950.86815241319,9033.86813968256
"East Vancouver Island & Mainland Inlets","Chinook",1993,6108,7493.3,8565,9467.5,"CTC_20260818",NA,NA,NA,6748.6674877145,5652.27547025388,8057.73057230153,NA,NA,NA,8060.48609346053,7095.54434577106,9156.6528086874
"East Vancouver Island & Mainland Inlets","Chinook",1994,5450,7046.1,7341,9207.5,"CTC_20260818",NA,NA,NA,6851.50162068408,5771.67178913403,8133.35826659677,NA,NA,NA,8199.0978069031,7240.39741242119,9284.73963761101
"East Vancouver Island & Mainland Inlets","Chinook",1995,16292,8470.7,19285,10945.5,"CTC_20260818",NA,NA,NA,6955.90270874857,5890.56613984842,8213.91040264608,NA,NA,NA,8340.09314918401,7385.09116591615,9418.59107414787
"East Vancouver Island & Mainland Inlets","Chinook",1996,14270,9379.4,16952,11973.8,"CTC_20260818",NA,NA,NA,7061.89462869086,6008.52317435192,8299.93565800166,NA,NA,NA,8483.51311024777,7529.28052432199,9558.68153129101
"East Vancouver Island & Mainland Inlets","Chinook",1997,10503,10740.6,10874,12710,"CTC_20260818",NA,NA,NA,7169.501621121,6125.08049924872,8392.01272563869,NA,NA,NA,8629.3993849202,7672.62242719652,9705.48654662137
"East Vancouver Island & Mainland Inlets","Chinook",1998,5732,10876.9,8604,13224.6,"CTC_20260818",NA,NA,NA,7278.74829602005,6239.76122191718,8490.73784598066,NA,NA,NA,8777.79438502999,7814.78848116166,9859.47021491371
"East Vancouver Island & Mainland Inlets","Chinook",1999,6770,8732.9,8878,10893.2,"CTC_20260818",NA,NA,NA,7389.6596383684,6352.09059279142,8596.70824482588,NA,NA,NA,8928.74125173853,7955.47833541147,10021.0718927656
"East Vancouver Island & Mainland Inlets","Chinook",2000,5855,6989.3,7657,8930.3,"CTC_20260818",NA,NA,NA,7502.26101385998,6461.61591135332,8710.50230967616,NA,NA,NA,9082.28386808184,8094.43245248335,10190.6935099709
"East Vancouver Island & Mainland Inlets","Chinook",2001,4679,5710.1,7530,8146.4,"CTC_20260818",NA,NA,NA,7616.57817470341,6567.92799240962,8832.65820794801,NA,NA,NA,9238.46687172823,8231.44281800527,10368.6889439758
"East Vancouver Island & Mainland Inlets","Chinook",2002,3810,5155.8,7132,7773.1,"CTC_20260818",NA,NA,NA,7732.63726551157,6670.6817497649,8963.65339001304,NA,NA,NA,9397.33566795524,8366.36030764068,10555.356739247
"East Vancouver Island & Mainland Inlets","Chinook",2003,3997,4519.5,5766,6978.1,"CTC_20260818",NA,NA,NA,7850.46482928097,6769.61314162177,9103.8877327949,NA,NA,NA,9558.93644284982,8499.09789315353,10750.9369896832
"East Vancouver Island & Mainland Inlets","Chinook",2004,4212,4162.2,5157,6321.5,"CTC_20260818",NA,NA,NA,7970.08781346223,6864.55005167219,9253.67275001881,NA,NA,NA,9723.31617673547,8629.62951432054,10955.6125573961
"East Vancouver Island & Mainland Inlets","Chinook",2005,2851,3677.4,4633,5598.7,"CTC_20260818",NA,NA,NA,8091.53357612292,6955.41565179514,9413.2283232601,NA,NA,NA,9890.52265783028,8757.98509681899,11169.51414779
"East Vancouver Island & Mainland Inlets","Chinook",2006,3420,3579.4,4812,5074.2,"CTC_20260818",NA,NA,NA,8214.82989220452,7042.22414643073,9582.68705378545,NA,NA,NA,10060.6044961398,8884.24269069152,11392.7282663944
"East Vancouver Island & Mainland Inlets","Chinook",2007,4545,3696.3,5198,4944.3,"CTC_20260818",NA,NA,NA,8340.00495987461,7125.07011545642,9762.10501842585,NA,NA,NA,10233.6111375891,9008.518940694,11625.3068462017
"East Vancouver Island & Mainland Inlets","Chinook",2008,3545,3540.3,4953,4894.7,"CTC_20260818",NA,NA,NA,8467.08740697577,7204.11356711343,9951.47681799986,NA,NA,NA,10409.5928783971,9130.95907367517,11867.2773604232
"East Vancouver Island & Mainland Inlets","Chinook",2009,2036,3254.5,2977,4382.3,"CTC_20260818",NA,NA,NA,8596.10629757293,7279.56310075112,10150.7525185885,NA,NA,NA,10588.6008796993,9251.7273686216,12118.6524550899
"East Vancouver Island & Mainland Inlets","Chinook",2010,5186,3611.5,6069,4644.1,"CTC_20260818",NA,NA,NA,8727.09113860038,7351.65931710489,10359.8543480154,NA,NA,NA,10770.6871824206,9370.99876279409,12379.438448135
"East Vancouver Island & Mainland Inlets","Chinook",2011,7004,4023.9,8124,5192.6,"CTC_20260818",NA,NA,NA,8860.07188661001,7420.6600162978,10578.691607416,NA,NA,NA,10955.904722405,9488.95193327952,12649.6423557001
"East Vancouver Island & Mainland Inlets","Chinook",2012,5742,4539.5,8349,5916.7,"CTC_20260818",NA,NA,NA,8995.07895462253,7486.82803641373,10807.1729451196,NA,NA,NA,11144.3073458048,9605.76393572966,12929.2773639586
"East Vancouver Island & Mainland Inlets","Chinook",2013,9982,6754.8,10665,8139.9,"CTC_20260818",NA,NA,NA,9132.14321908298,7550.42198992611,11045.2157356385,NA,NA,NA,11335.949824735,9721.60630435666,13218.3668424549
"East Vancouver Island & Mainland Inlets","Chinook",2014,8023,7533.4,8943,8968.4,"CTC_20260818",7870.12241703246,7439.9903221789,8325.12196614488,9271.29602692216,7611.68973721854,11292.752724605,8965.16245564448,8529.06085921197,9423.5624745587,11530.8878731959,9836.64241674941,13516.9470954657
"East Vancouver Island & Mainland Inlets","Chinook",2015,11258,8482.4,12184,9924.7,"CTC_20260818",8886.76996802333,8461.05971721221,9333.8994291583,9412.56920272591,7670.86420249725,11549.7363344356,10112.7870834735,9681.78549509886,10562.975460202,11729.1781632709,9951.02588747795,13825.0690874866
"East Vancouver Island & Mainland Inlets","Chinook",2016,11671,10128.2,12777,11038.7,"CTC_20260818",10034.7461296974,9616.73176469712,10470.9304939887,9555.99505601335,7728.16105012696,11816.141112775,11407.3183951375,10984.6999944926,11846.1963488564,11930.8783416017,10064.8997558313,14142.7993775725
"East Vancouver Island & Mainland Inlets","Chinook",2017,14912,11197.2,16692,12346.8,"CTC_20260818",11331.0156839668,10920.6193897238,11756.83464906,9701.60638862615,7783.77774842959,12091.9647967622,12867.561819896,12453.2053994638,13295.7051520226,12136.0470461474,10178.3962576868,14470.2204726087
"East Vancouver Island & Mainland Inlets","Chinook",2018,18251,13751.4,20684,15226.2,"CTC_20260818",12794.7348912326,12384.6315038641,13218.4183991141,9849.43650223047,7837.89360846669,12377.2284056874,14514.7300578043,14101.1974228236,14940.3899777996,12344.7439232317,10291.6370063003,14807.4307748003
"East Vancouver Island & Mainland Inlets","Chinook",2019,20356,15946.2,23843,18008.7,"CTC_20260818",14447.5345814379,14017.8760874775,14890.3624328873,9999.51920593306,7890.67046513219,12671.9756947991,16372.7512328851,15940.006075739,16817.2447149781,12557.0296448828,10404.7334432646,15154.5442622114
"East Vancouver Island & Mainland Inlets","Chinook",2020,14899,16949.9,16430,19177.2,"CTC_20260818",16313.8398142875,15828.6788474937,16813.8713313003,10151.8888240135,7942.25374753464,12976.272223375,18468.6164927887,17980.4759089148,18970.0092970617,12772.9659264723,10517.7874543194,15511.6900077518
"East Vancouver Island & Mainland Inlets","Chinook",2021,19502,18126.1,21622,20458.9,"CTC_20260818",18421.2308325719,17830.7841192827,19031.2295363346,10306.5802037742,7992.77375539129,13290.2042204284,20832.7721044597,20239.2349798973,21443.7153374341,12992.615544657,10630.8920730056,15879.0116137016
"East Vancouver Island & Mainland Inlets","Chinook",2022,27096,20008.2,32442,22895.5,"CTC_20260818",20800.8506427595,20047.4678694068,21582.545500555,10463.6287235103,8042.34701454306,13613.8773750353,23499.5617417156,22742.8376302396,24281.4643902852,13216.042355629,10744.1322178715,16256.6666161506
"East Vancouver Island & Mainland Inlets","Chinook",2023,29039,21866.6,32761,24788.5,"CTC_20260818",23487.8652460802,22509.4383931083,24508.8217743776,10623.0703006004,8091.07762782133,13947.4156351514,26507.7253897711,25525.6670197925,27527.566852403,13443.3113136797,10857.5854264334,16644.8258962374
"East Vancouver Island & Mainland Inlets","Chinook",2024,31524,26372.5,34775,29899,"CTC_20260818",26521.9833213916,25251.4789410168,27856.4119330688,10784.9413997213,8139.05856908721,14290.9600671993,29900.9621142075,28626.5990668321,31232.0556580251,13674.4884900838,10971.3225621365,17043.6731220326
"East Vancouver Island & Mainland Inlets","Chinook",2025,34578,30432.1,38406,34517,"CTC_20260818",29948.0430396952,28311.2686914902,31679.4450888393,10949.2790411871,8186.37289057695,14644.6678063953,33728.5648696314,32087.8716799874,35453.1487631958,13909.641092307,11085.4084800053,17453.4042354662
"East Vancouver Island & Mainland Inlets","Chum",1953,764964,764964.3,NA,NA,"PSF_20260428",NA,NA,NA,682096.757635298,590649.181396966,787702.753902398,NA,NA,NA,NA,NA,NA
"East Vancouver Island & Mainland Inlets","Chum",1954,850322,806514.7,NA,NA,"PSF_20260428",NA,NA,NA,685835.882942582,595676.602137726,789641.319876581,NA,NA,NA,NA,NA,NA
"East Vancouver Island & Mainland Inlets","Chum",1955,540928,705972.9,NA,NA,"PSF_20260428",NA,NA,NA,689595.505427,600732.911668674,791602.976744178,NA,NA,NA,NA,NA,NA
"East Vancouver Island & Mainland Inlets","Chum",1956,408132,615589.5,NA,NA,"PSF_20260428",NA,NA,NA,693375.737450197,605817.18988772,793589.091411734,NA,NA,NA,NA,NA,NA
"East Vancouver Island & Mainland Inlets","Chum",1957,814366,625296.2,NA,NA,"PSF_20260428",NA,NA,NA,697176.691989763,610928.40733376,795601.144125959,NA,NA,NA,NA,NA,NA
"East Vancouver Island & Mainland Inlets","Chum",1958,863140,627639.3,NA,NA,"PSF_20260428",NA,NA,NA,700998.48264261,616065.414787812,797640.738908371,NA,NA,NA,NA,NA,NA
"East Vancouver Island & Mainland Inlets","Chum",1959,649395,656980.5,NA,NA,"PSF_20260428",NA,NA,NA,704841.223628366,621226.931959823,799709.614904562,NA,NA,NA,NA,NA,NA
"East Vancouver Island & Mainland Inlets","Chum",1960,472502,681480.1,NA,NA,"PSF_20260428",NA,NA,NA,708705.029792792,626411.535218953,801809.658690344,NA,NA,NA,NA,NA,NA
"East Vancouver Island & Mainland Inlets","Chum",1961,408075,573367.8,NA,NA,"PSF_20260428",NA,NA,NA,712590.016611209,631617.644337673,803942.91756437,NA,NA,NA,NA,NA,NA
"East Vancouver Island & Mainland Inlets","Chum",1962,575285,518064.5,NA,NA,"PSF_20260428",NA,NA,NA,716496.300191953,636843.50823883,806111.613838158,NA,NA,NA,NA,NA,NA
"East Vancouver Island & Mainland Inlets","Chum",1963,486360,481943.4,NA,NA,"PSF_20260428",NA,NA,NA,720423.997279843,642087.189761333,808318.160107799,NA,NA,NA,NA,NA,NA
"East Vancouver Island & Mainland Inlets","Chum",1964,469320,481129.8,NA,NA,"PSF_20260428",NA,NA,NA,724373.225259673,647346.549496813,810565.175455043,NA,NA,NA,NA,NA,NA
"East Vancouver Island & Mainland Inlets","Chum",1965,229439,416623.7,NA,NA,"PSF_20260428",NA,NA,NA,728344.102159714,652619.228798567,812855.502476431,NA,NA,NA,NA,NA,NA
"East Vancouver Island & Mainland Inlets","Chum",1966,684097,435063.5,NA,NA,"PSF_20260428",NA,NA,NA,732336.746655252,657902.632128479,815192.22497481,NA,NA,NA,NA,NA,NA
"East Vancouver Island & Mainland Inlets","Chum",1967,542379,447083.8,NA,NA,"PSF_20260428",NA,NA,NA,736351.278072124,663193.908990156,817578.68606495,NA,NA,NA,NA,NA,NA
"East Vancouver Island & Mainland Inlets","Chum",1968,1099938,553176.6,NA,NA,"PSF_20260428",NA,NA,NA,740387.816390288,668489.93580047,820018.506341129,NA,NA,NA,NA,NA,NA
"East Vancouver Island & Mainland Inlets","Chum",1969,778763,750842,NA,NA,"PSF_20260428",NA,NA,NA,744446.482247413,673787.298179711,822515.601626455,NA,NA,NA,NA,NA,NA
"East Vancouver Island & Mainland Inlets","Chum",1970,957691,816724.2,NA,NA,"PSF_20260428",NA,NA,NA,748527.396942478,679082.274294665,825074.199669598,NA,NA,NA,NA,NA,NA
"East Vancouver Island & Mainland Inlets","Chum",1971,455431,781817.5,NA,NA,"PSF_20260428",NA,NA,NA,752630.682439401,684370.820069349,827698.854974265,NA,NA,NA,NA,NA,NA
"East Vancouver Island & Mainland Inlets","Chum",1972,1119774,785318.7,NA,NA,"PSF_20260428",NA,NA,NA,756756.461370684,689648.557282655,830394.460742073,NA,NA,NA,NA,NA,NA
"East Vancouver Island & Mainland Inlets","Chum",1973,1165961,868691.4,NA,NA,"PSF_20260428",NA,NA,NA,760904.857041075,694910.765794265,833166.256687569,NA,NA,NA,NA,NA,NA
"East Vancouver Island & Mainland Inlets","Chum",1974,856178,844695.6,NA,NA,"PSF_20260428",NA,NA,NA,765075.993431258,700152.381367746,836019.831256395,NA,NA,NA,NA,NA,NA
"East Vancouver Island & Mainland Inlets","Chum",1975,547021,884291.8,NA,NA,"PSF_20260428",NA,NA,NA,769269.995201553,705368.000773063,838961.116564442,NA,NA,NA,NA,NA,NA
"East Vancouver Island & Mainland Inlets","Chum",1976,553462,741455.4,NA,NA,"PSF_20260428",NA,NA,NA,773486.987695644,710551.896020982,841996.374205458,NA,NA,NA,NA,NA,NA
"East Vancouver Island & Mainland Inlets","Chum",1977,849023,684926.5,NA,NA,"PSF_20260428",NA,NA,NA,777727.09694433,715698.039670258,845132.169986284,NA,NA,NA,NA,NA,NA
"East Vancouver Island & Mainland Inlets","Chum",1978,1153363,737894.7,NA,NA,"PSF_20260428",NA,NA,NA,781990.449669282,720800.143106882,848375.335690367,NA,NA,NA,NA,NA,NA
"East Vancouver Island & Mainland Inlets","Chum",1979,607119,757376.7,NA,NA,"PSF_20260428",NA,NA,NA,786277.173286838,725851.709469273,851732.916195758,NA,NA,NA,NA,NA,NA
"East Vancouver Island & Mainland Inlets","Chum",1980,959178,868989.9,NA,NA,"PSF_20260428",NA,NA,NA,790587.395911806,730846.102430367,855212.100736571,NA,NA,NA,NA,NA,NA
"East Vancouver Island & Mainland Inlets","Chum",1981,852614,869907.3,NA,NA,"PSF_20260428",NA,NA,NA,794921.246361295,735776.631305869,858820.137838693,NA,NA,NA,NA,NA,NA
"East Vancouver Island & Mainland Inlets","Chum",1982,1145537,868427.9,NA,NA,"PSF_20260428",NA,NA,NA,799278.85415857,740636.651921826,862564.23449655,NA,NA,NA,NA,NA,NA
"East Vancouver Island & Mainland Inlets","Chum",1983,820694,936398.2,NA,NA,"PSF_20260428",NA,NA,NA,803660.349536913,745419.681372095,866451.441460387,NA,NA,NA,NA,NA,NA
"East Vancouver Island & Mainland Inlets","Chum",1984,996348,945341,NA,NA,"PSF_20260428",NA,NA,NA,808065.863443522,750119.523311846,870488.527987914,NA,NA,NA,NA,NA,NA
"East Vancouver Island & Mainland Inlets","Chum",1985,1569974,1101218.4,NA,NA,"PSF_20260428",NA,NA,NA,812495.52754342,754730.398916027,874681.850931396,NA,NA,NA,NA,NA,NA
"East Vancouver Island & Mainland Inlets","Chum",1986,1218071,1118251.1,NA,NA,"PSF_20260428",NA,NA,NA,816949.474223398,759247.077286525,879037.22437646,NA,NA,NA,NA,NA,NA
"East Vancouver Island & Mainland Inlets","Chum",1987,1101258,1203555.9,NA,NA,"PSF_20260428",NA,NA,NA,821427.83659596,763664.998153775,883559.796986859,NA,NA,NA,NA,NA,NA
"East Vancouver Island & Mainland Inlets","Chum",1988,1369352,1303143.6,NA,NA,"PSF_20260428",NA,NA,NA,825930.748503315,767980.379408763,888253.944519278,NA,NA,NA,NA,NA,NA
"East Vancouver Island & Mainland Inlets","Chum",1989,539804,997879.9,NA,NA,"PSF_20260428",NA,NA,NA,830458.344521363,772190.302473199,893123.184500365,NA,NA,NA,NA,NA,NA
"East Vancouver Island & Mainland Inlets","Chum",1990,1277145,1009764.8,NA,NA,"PSF_20260428",NA,NA,NA,835010.759963728,776292.769805092,898170.118768802,NA,NA,NA,NA,NA,NA
"East Vancouver Island & Mainland Inlets","Chum",1991,1203671,1032464,NA,NA,"PSF_20260428",NA,NA,NA,839588.130885794,780286.730835425,903396.407586709,NA,NA,NA,NA,NA,NA
"East Vancouver Island & Mainland Inlets","Chum",1992,1522834,1060252.4,NA,NA,"PSF_20260428",NA,NA,NA,844190.594088776,784172.075093337,908802.776562957,NA,NA,NA,NA,NA,NA
"East Vancouver Island & Mainland Inlets","Chum",1993,1763600,1425444.1,NA,NA,"PSF_20260428",NA,NA,NA,848818.287123811,787949.593864007,914389.055044238,NA,NA,NA,NA,NA,NA
"East Vancouver Island & Mainland Inlets","Chum",1994,1502360,1484511.6,NA,NA,"PSF_20260428",NA,NA,NA,853471.348296061,791620.914076017,920154.242277068,NA,NA,NA,NA,NA,NA
"East Vancouver Island & Mainland Inlets","Chum",1995,681890,1287909.2,NA,NA,"PSF_20260428",NA,NA,NA,858149.916668853,795188.409929483,926096.59582949,NA,NA,NA,NA,NA,NA
"East Vancouver Island & Mainland Inlets","Chum",1996,604302,1022199.4,NA,NA,"PSF_20260428",NA,NA,NA,862854.132067831,798655.098863299,932213.735674107,NA,NA,NA,NA,NA,NA
"East Vancouver Island & Mainland Inlets","Chum",1997,921854,869162.7,NA,NA,"PSF_20260428",NA,NA,NA,867584.135085137,802024.528769656,938502.757024286,NA,NA,NA,NA,NA,NA
"East Vancouver Island & Mainland Inlets","Chum",1998,2029001,936975.3,NA,NA,"PSF_20260428",NA,NA,NA,872340.067083613,805300.662976502,944960.345402878,NA,NA,NA,NA,NA,NA
"East Vancouver Island & Mainland Inlets","Chum",1999,705487,944978.4,NA,NA,"PSF_20260428",NA,NA,NA,877122.070201028,808487.768604447,951582.888336977,NA,NA,NA,NA,NA,NA
"East Vancouver Island & Mainland Inlets","Chum",2000,325712,809686.3,NA,NA,"PSF_20260428",NA,NA,NA,881930.28735432,811590.312675572,958366.579301192,NA,NA,NA,NA,NA,NA
"East Vancouver Island & Mainland Inlets","Chum",2001,1463108,908804.2,NA,NA,"PSF_20260428",NA,NA,NA,886764.86224387,814612.869014546,965307.510869128,NA,NA,NA,NA,NA,NA
"East Vancouver Island & Mainland Inlets","Chum",2002,1678250,866690.3,NA,NA,"PSF_20260428",NA,NA,NA,891625.9393578,817560.037704882,972401.755310175,NA,NA,NA,NA,NA,NA
"East Vancouver Island & Mainland Inlets","Chum",2003,1201727,990132.1,NA,NA,"PSF_20260428",NA,NA,NA,896513.663976285,820436.377759797,979645.431972176,NA,NA,NA,NA,NA,NA
"East Vancouver Island & Mainland Inlets","Chum",2004,1351702,1413204.4,NA,NA,"PSF_20260428",NA,NA,NA,901428.182175905,823246.35279674,987034.761660926,NA,NA,NA,NA,NA,NA
"East Vancouver Island & Mainland Inlets","Chum",2005,1010724,1288380.2,NA,NA,"PSF_20260428",NA,NA,NA,906369.640833997,825994.28888098,994566.108851054,NA,NA,NA,NA,NA,NA
"East Vancouver Island & Mainland Inlets","Chum",2006,1024730,1138891.2,NA,NA,"PSF_20260428",NA,NA,NA,911338.187633055,828684.343308267,1002236.01295837,NA,NA,NA,NA,NA,NA
"East Vancouver Island & Mainland Inlets","Chum",2007,1097124,1113255.2,NA,NA,"PSF_20260428",NA,NA,NA,916333.971065141,831320.482892355,1010041.21010782,NA,NA,NA,NA,NA,NA
"East Vancouver Island & Mainland Inlets","Chum",2008,882107,1000586.7,NA,NA,"PSF_20260428",NA,NA,NA,921357.14043632,833906.470266392,1017978.64688808,NA,NA,NA,NA,NA,NA
"East Vancouver Island & Mainland Inlets","Chum",2009,859392,960825.3,NA,NA,"PSF_20260428",NA,NA,NA,926407.845871126,836445.856754869,1026045.48753608,NA,NA,NA,NA,NA,NA
"East Vancouver Island & Mainland Inlets","Chum",2010,527088,813697.4,NA,NA,"PSF_20260428",NA,NA,NA,931486.238317049,838941.980487081,1034239.11588056,NA,NA,NA,NA,NA,NA
"East Vancouver Island & Mainland Inlets","Chum",2011,1466659,874946,NA,NA,"PSF_20260428",NA,NA,NA,936592.469549042,841397.968574282,1042557.13322242,NA,NA,NA,NA,NA,NA
"East Vancouver Island & Mainland Inlets","Chum",2012,1529533,1004016.2,NA,NA,"PSF_20260428",NA,NA,NA,941726.692174061,843816.742338213,1050997.3531642,NA,NA,NA,NA,NA,NA
"East Vancouver Island & Mainland Inlets","Chum",2013,1158269,1081795.5,NA,NA,"PSF_20260428",1509078.99897251,1210079.71575947,1881958.18463957,946889.059635623,846201.02474338,1059557.79423635,NA,NA,NA,NA,NA,NA
"East Vancouver Island & Mainland Inlets","Chum",2014,995366,1268148.2,NA,NA,"PSF_20260428",1337129.29449649,1102592.64559547,1621555.12041811,952079.726218393,848553.349339424,1068236.67101396,NA,NA,NA,NA,NA,NA
"East Vancouver Island & Mainland Inlets","Chum",2015,893031,1120222.8,NA,NA,"PSF_20260428",1184772.13679207,1002386.92478557,1400342.50388802,957298.8470528,850876.070158023,1077032.38427945,NA,NA,NA,NA,NA,NA
"East Vancouver Island & Mainland Inlets","Chum",2016,1925983,1186664.1,NA,NA,"PSF_20260428",1049775.08300527,908136.38363645,1213504.65057449,962546.578119663,853171.372128463,1085943.51066713,NA,NA,NA,NA,NA,NA
"East Vancouver Island & Mainland Inlets","Chum",2017,1043987,1156243.3,NA,NA,"PSF_20260428",930160.062577619,818413.050036024,1057165.13437355,967823.076254862,855441.281677359,1094968.79212419,NA,NA,NA,NA,NA,NA
"East Vancouver Island & Mainland Inlets","Chum",2018,870877,1118260.1,NA,NA,"PSF_20260428",824174.393182899,731992.862604509,927964.554137191,973128.499154018,857687.677261714,1104107.12543885,NA,NA,NA,NA,NA,NA
"East Vancouver Island & Mainland Inlets","Chum",2019,383565,905286,NA,NA,"PSF_20260428",730265.0992089,648587.052511667,822229.048602525,978463.005377213,859912.299652673,1113357.55201839,NA,NA,NA,NA,NA,NA
"East Vancouver Island & Mainland Inlets","Chum",2020,708019,704910.4,NA,NA,"PSF_20260428",647056.156480511,569320.511463707,735405.911448566,983826.754353722,862116.761841614,1122719.24804543,NA,NA,NA,NA,NA,NA
"East Vancouver Island & Mainland Inlets","Chum",2021,245243,490748.7,NA,NA,"PSF_20260428",573328.329798167,495973.208440709,662748.245580792,989219.906386787,864302.558482991,1132191.51509794,NA,NA,NA,NA,NA,NA
"East Vancouver Island & Mainland Inlets","Chum",2022,461124,418624.3,NA,NA,"PSF_20260428",508001.307857205,429798.990841225,600432.607530165,994642.622658396,866471.074821407,1141773.77128565,NA,NA,NA,NA,NA,NA
"East Vancouver Island & Mainland Inlets","Chum",2023,228430,367750.2,NA,NA,"PSF_20260428",450117.873776583,371165.794751374,545864.147931164,1000095.06523411,868623.595075494,1151465.54293023,NA,NA,NA,NA,NA,NA
"East Vancouver Island & Mainland Inlets","Chum",2024,1183157,418121.3,NA,NA,"PSF_20260428",398829.879292561,319808.271998558,497376.980346637,1005577.3970679,870761.310270012,1161266.45679777,NA,NA,NA,NA,NA,NA
"East Vancouver Island & Mainland Inlets","Coho",1953,373092,373091.7,NA,NA,"PSF_20260428",NA,NA,NA,310946.363579485,278936.552790962,346629.511463719,NA,NA,NA,NA,NA,NA
"East Vancouver Island & Mainland Inlets","Coho",1954,415381,393668.8,NA,NA,"PSF_20260428",NA,NA,NA,309564.327444962,278328.073259832,344306.169708543,NA,NA,NA,NA,NA,NA
"East Vancouver Island & Mainland Inlets","Coho",1955,516991,431103.6,NA,NA,"PSF_20260428",NA,NA,NA,308188.433925697,277716.070512516,342004.37385669,NA,NA,NA,NA,NA,NA
"East Vancouver Island & Mainland Inlets","Coho",1956,520817,451967.9,NA,NA,"PSF_20260428",NA,NA,NA,306818.655720143,277100.252522106,339724.293432053,NA,NA,NA,NA,NA,NA
"East Vancouver Island & Mainland Inlets","Coho",1957,360110,447984,NA,NA,"PSF_20260428",NA,NA,NA,305454.965648102,276480.304285956,337466.121791382,NA,NA,NA,NA,NA,NA
"East Vancouver Island & Mainland Inlets","Coho",1958,411108,446827.5,NA,NA,"PSF_20260428",NA,NA,NA,304097.336650176,275855.885876364,335230.078067564,NA,NA,NA,NA,NA,NA
"East Vancouver Island & Mainland Inlets","Coho",1959,260052,376299.8,NA,NA,"PSF_20260428",NA,NA,NA,302745.74178724,275226.630350345,333016.409253841,NA,NA,NA,NA,NA,NA
"East Vancouver Island & Mainland Inlets","Coho",1960,178258,287822.5,NA,NA,"PSF_20260428",NA,NA,NA,301400.154239901,274592.141519583,330825.39242791,NA,NA,NA,NA,NA,NA
"East Vancouver Island & Mainland Inlets","Coho",1961,394527,294465.9,NA,NA,"PSF_20260428",NA,NA,NA,300060.547307969,273951.991586082,328657.337110347,NA,NA,NA,NA,NA,NA
"East Vancouver Island & Mainland Inlets","Coho",1962,203542,247007.1,NA,NA,"PSF_20260428",NA,NA,NA,298726.894409924,273305.718655004,326512.587745899,NA,NA,NA,NA,NA,NA
"East Vancouver Island & Mainland Inlets","Coho",1963,350268,266099.8,NA,NA,"PSF_20260428",NA,NA,NA,297399.169082393,272652.824144088,324391.526288233,NA,NA,NA,NA,NA,NA
"East Vancouver Island & Mainland Inlets","Coho",1964,432575,332122.2,NA,NA,"PSF_20260428",NA,NA,NA,296077.34497962,271992.770119269,322294.57485852,NA,NA,NA,NA,NA,NA
"East Vancouver Island & Mainland Inlets","Coho",1965,255014,297796.8,NA,NA,"PSF_20260428",NA,NA,NA,294761.395872948,271324.976599232,320222.198435139,NA,NA,NA,NA,NA,NA
"East Vancouver Island & Mainland Inlets","Coho",1966,310640,330994.6,NA,NA,"PSF_20260428",NA,NA,NA,293451.295650295,270648.818888059,318174.907515313,NA,NA,NA,NA,NA,NA
"East Vancouver Island & Mainland Inlets","Coho",1967,205552,289701.9,NA,NA,"PSF_20260428",NA,NA,NA,292147.018315637,269963.625015458,316153.26066921,NA,NA,NA,NA,NA,NA
"East Vancouver Island & Mainland Inlets","Coho",1968,172946,230363.6,NA,NA,"PSF_20260428",NA,NA,NA,290848.537988492,269268.673388711,314157.86688237,NA,NA,NA,NA,NA,NA
"East Vancouver Island & Mainland Inlets","Coho",1969,153261,202829.1,NA,NA,"PSF_20260428",NA,NA,NA,289555.828903407,268563.1907897,312189.387553086,NA,NA,NA,NA,NA,NA
"East Vancouver Island & Mainland Inlets","Coho",1970,441099,221411.4,NA,NA,"PSF_20260428",NA,NA,NA,288268.865409448,267846.350884247,310248.537977516,NA,NA,NA,NA,NA,NA
"East Vancouver Island & Mainland Inlets","Coho",1971,411673,263395.1,NA,NA,"PSF_20260428",NA,NA,NA,286987.621969687,267117.273448935,308336.088117346,NA,NA,NA,NA,NA,NA
"East Vancouver Island & Mainland Inlets","Coho",1972,107916,234100.1,NA,NA,"PSF_20260428",NA,NA,NA,285712.0731607,266375.024561398,306452.862404033,NA,NA,NA,NA,NA,NA
"East Vancouver Island & Mainland Inlets","Coho",1973,171898,240913.9,NA,NA,"PSF_20260428",NA,NA,NA,284442.193672058,265618.618041462,304599.738292228,NA,NA,NA,NA,NA,NA
"East Vancouver Island & Mainland Inlets","Coho",1974,389017,233464,NA,NA,"PSF_20260428",NA,NA,NA,283177.958305828,264847.018468833,302777.643236689,NA,NA,NA,NA,NA,NA
"East Vancouver Island & Mainland Inlets","Coho",1975,312603,217936.7,NA,NA,"PSF_20260428",NA,NA,NA,281919.341976073,264059.146132928,300987.549737105,NA,NA,NA,NA,NA,NA
"East Vancouver Island & Mainland Inlets","Coho",1976,187119,250085.1,NA,NA,"PSF_20260428",NA,NA,NA,280666.319708353,263253.884284589,299230.468081047,NA,NA,NA,NA,NA,NA
"East Vancouver Island & Mainland Inlets","Coho",1977,534198,332043.9,NA,NA,"PSF_20260428",NA,NA,NA,279418.866639228,262430.089048817,297507.436425964,NA,NA,NA,NA,NA,NA
"East Vancouver Island & Mainland Inlets","Coho",1978,231473,291627.5,NA,NA,"PSF_20260428",NA,NA,NA,278176.958015769,261586.602311548,295819.507907155,NA,NA,NA,NA,NA,NA
"East Vancouver Island & Mainland Inlets","Coho",1979,223075,268035.6,NA,NA,"PSF_20260428",NA,NA,NA,276940.569195061,260722.267801218,294167.734551003,NA,NA,NA,NA,NA,NA
"East Vancouver Island & Mainland Inlets","Coho",1980,345459,312436.9,NA,NA,"PSF_20260428",NA,NA,NA,275709.67564372,259835.950437893,292553.147920672,NA,NA,NA,NA,NA,NA
"East Vancouver Island & Mainland Inlets","Coho",1981,271200,263729.8,NA,NA,"PSF_20260428",NA,NA,NA,274484.252937403,258926.558814267,290976.736629973,NA,NA,NA,NA,NA,NA
"East Vancouver Island & Mainland Inlets","Coho",1982,223347,261384.1,NA,NA,"PSF_20260428",NA,NA,NA,273264.276760322,257993.070406387,289439.421127542,NA,NA,NA,NA,NA,NA
"East Vancouver Island & Mainland Inlets","Coho",1983,149251,236399,NA,NA,"PSF_20260428",NA,NA,NA,272049.722904765,257034.55880125,287942.026464184,NA,NA,NA,NA,NA,NA
"East Vancouver Island & Mainland Inlets","Coho",1984,224077,212151.4,NA,NA,"PSF_20260428",NA,NA,NA,270840.567270612,256050.221900515,286485.254084131,NA,NA,NA,NA,NA,NA
"East Vancouver Island & Mainland Inlets","Coho",1985,212903,199695.6,NA,NA,"PSF_20260428",NA,NA,NA,269636.785864862,255039.409754818,285069.653985742,NA,NA,NA,NA,NA,NA
"East Vancouver Island & Mainland Inlets","Coho",1986,155338,182365.5,NA,NA,"PSF_20260428",NA,NA,NA,268438.354801151,254001.650451629,283695.598828683,NA,NA,NA,NA,NA,NA
"East Vancouver Island & Mainland Inlets","Coho",1987,154853,184053.1,NA,NA,"PSF_20260428",NA,NA,NA,267245.250299281,252936.672373283,282363.261670983,NA,NA,NA,NA,NA,NA
"East Vancouver Island & Mainland Inlets","Coho",1988,162981,169972.2,NA,NA,"PSF_20260428",NA,NA,NA,266057.448684747,251844.421203153,281072.598957973,NA,NA,NA,NA,NA,NA
"East Vancouver Island & Mainland Inlets","Coho",1989,224589,172258.2,NA,NA,"PSF_20260428",NA,NA,NA,264874.92638827,250725.070308118,279823.340134964,NA,NA,NA,NA,NA,NA
"East Vancouver Island & Mainland Inlets","Coho",1990,344751,210250.4,NA,NA,"PSF_20260428",NA,NA,NA,263697.659945325,249579.0235542,278614.984826798,NA,NA,NA,NA,NA,NA
"East Vancouver Island & Mainland Inlets","Coho",1991,277713,243308,NA,NA,"PSF_20260428",NA,NA,NA,262525.625995682,248406.910175506,277446.807964121,NA,NA,NA,NA,NA,NA
"East Vancouver Island & Mainland Inlets","Coho",1992,277041,277816.8,NA,NA,"PSF_20260428",NA,NA,NA,261358.801282932,247209.571941838,276317.872611026,NA,NA,NA,NA,NA,NA
"East Vancouver Island & Mainland Inlets","Coho",1993,316074,302592.7,NA,NA,"PSF_20260428",NA,NA,NA,260197.162654037,245988.043470914,275227.049648112,NA,NA,NA,NA,NA,NA
"East Vancouver Island & Mainland Inlets","Coho",1994,292145,290323.4,NA,NA,"PSF_20260428",NA,NA,NA,259040.687058862,244743.527024489,274173.042971685,NA,NA,NA,NA,NA,NA
"East Vancouver Island & Mainland Inlets","Coho",1995,399361,317924.7,NA,NA,"PSF_20260428",NA,NA,NA,257889.351549722,243477.363452746,273154.418544718,NA,NA,NA,NA,NA,NA
"East Vancouver Island & Mainland Inlets","Coho",1996,196432,291737,NA,NA,"PSF_20260428",NA,NA,NA,256743.133280926,242191.001080064,272169.635506468,NA,NA,NA,NA,NA,NA
"East Vancouver Island & Mainland Inlets","Coho",1997,275457,281875.7,NA,NA,"PSF_20260428",NA,NA,NA,255602.009508324,240885.964264285,271217.077608618,NA,NA,NA,NA,NA,NA
"East Vancouver Island & Mainland Inlets","Coho",1998,348682,294622.2,NA,NA,"PSF_20260428",NA,NA,NA,254465.957588853,239563.823146636,270295.083460814,NA,NA,NA,NA,NA,NA
"East Vancouver Island & Mainland Inlets","Coho",1999,260507,264776.3,NA,NA,"PSF_20260428",NA,NA,NA,253334.95498009,238226.165792762,269401.974385109,NA,NA,NA,NA,NA,NA
"East Vancouver Island & Mainland Inlets","Coho",2000,333505,302239.5,NA,NA,"PSF_20260428",NA,NA,NA,252208.979239805,236874.573563678,268536.079040517,NA,NA,NA,NA,NA,NA
"East Vancouver Island & Mainland Inlets","Coho",2001,597459,366787.9,NA,NA,"PSF_20260428",NA,NA,NA,251088.008025516,235510.600198425,267695.754335916,NA,NA,NA,NA,NA,NA
"East Vancouver Island & Mainland Inlets","Coho",2002,337241,363741.2,NA,NA,"PSF_20260428",NA,NA,NA,249972.019094043,234135.754774496,266879.402465186,NA,NA,NA,NA,NA,NA
"East Vancouver Island & Mainland Inlets","Coho",2003,305915,378649.7,NA,NA,"PSF_20260428",NA,NA,NA,248860.990301069,232751.488458919,266085.484151736,NA,NA,NA,NA,NA,NA
"East Vancouver Island & Mainland Inlets","Coho",2004,284594,363930.6,NA,NA,"PSF_20260428",NA,NA,NA,247754.899600699,231359.184779777,265312.528372627,NA,NA,NA,NA,NA,NA
"East Vancouver Island & Mainland Inlets","Coho",2005,159537,261611.5,NA,NA,"PSF_20260428",NA,NA,NA,246653.725045024,229960.153031665,264559.138948778,NA,NA,NA,NA,NA,NA
"East Vancouver Island & Mainland Inlets","Coho",2006,113840,199409.3,NA,NA,"PSF_20260428",NA,NA,NA,245557.444783687,228555.62436987,263823.998446492,NA,NA,NA,NA,NA,NA
"East Vancouver Island & Mainland Inlets","Coho",2007,179967,174639.9,NA,NA,"PSF_20260428",NA,NA,NA,244466.037063444,227146.750134018,263105.869849533,NA,NA,NA,NA,NA,NA
"East Vancouver Island & Mainland Inlets","Coho",2008,147713,148231.9,NA,NA,"PSF_20260428",NA,NA,NA,243379.480227738,225734.601959971,262403.596442993,NA,NA,NA,NA,NA,NA
"East Vancouver Island & Mainland Inlets","Coho",2009,329303,177674.6,NA,NA,"PSF_20260428",NA,NA,NA,242297.752716266,224320.173277119,261716.100311792,NA,NA,NA,NA,NA,NA
"East Vancouver Island & Mainland Inlets","Coho",2010,257299,217851.8,NA,NA,"PSF_20260428",NA,NA,NA,241220.833064553,222904.381837635,261042.379807235,NA,NA,NA,NA,NA,NA
"East Vancouver Island & Mainland Inlets","Coho",2011,315523,250680.6,NA,NA,"PSF_20260428",NA,NA,NA,240148.699903524,221488.072977695,260381.506281653,NA,NA,NA,NA,NA,NA
"East Vancouver Island & Mainland Inlets","Coho",2012,244924,284461.9,NA,NA,"PSF_20260428",NA,NA,NA,239081.331959083,220072.023363168,259732.620338582,NA,NA,NA,NA,NA,NA
"East Vancouver Island & Mainland Inlets","Coho",2013,424638,303130.6,NA,NA,"PSF_20260428",245973.961233494,198159.519700209,305325.677496748,238018.708051688,218656.945021053,259094.927797239,NA,NA,NA,NA,NA,NA
"East Vancouver Island & Mainland Inlets","Coho",2014,292221,312930.8,NA,NA,"PSF_20260428",246210.253535539,203852.213340076,297369.785457791,236960.807095931,217243.489501037,258467.695526899,NA,NA,NA,NA,NA,NA
"East Vancouver Island & Mainland Inlets","Coho",2015,150536,260076.2,NA,NA,"PSF_20260428",246446.772829302,209245.348032936,290262.184602628,235907.608100122,215832.252048629,257850.247269726,NA,NA,NA,NA,NA,NA
"East Vancouver Island & Mainland Inlets","Coho",2016,178889,240429.8,NA,NA,"PSF_20260428",246683.519332839,214053.989060717,284286.964132092,234859.090165872,214423.775702175,257241.959539758,NA,NA,NA,NA,NA,NA
"East Vancouver Island & Mainland Inlets","Coho",2017,177033,193195.6,NA,NA,"PSF_20260428",246920.493264419,217843.719570702,279878.300435262,233815.232487673,213018.555251256,256642.257660521,NA,NA,NA,NA,NA,NA
"East Vancouver Island & Mainland Inlets","Coho",2018,213465,178607.9,NA,NA,"PSF_20260428",247157.694842516,220063.980220002,277587.11834075,232776.014352494,211617.041014054,256050.611983721,NA,NA,NA,NA,NA,NA
"East Vancouver Island & Mainland Inlets","Coho",2019,210935,194324.5,NA,NA,"PSF_20260428",247395.124285818,220275.382370956,277853.779490093,231741.415139363,210219.642406968,255466.534315704,NA,NA,NA,NA,NA,NA
"East Vancouver Island & Mainland Inlets","Coho",2020,299017,220956.1,NA,NA,"PSF_20260428",247632.781813221,218472.130703482,280685.661970234,230711.414318961,208826.731291824,254889.574566353,NA,NA,NA,NA,NA,NA
"East Vancouver Island & Mainland Inlets","Coho",2021,304617,253064.5,NA,NA,"PSF_20260428",247870.667643831,215084.10989028,285655.076563027,229685.991453213,207438.645095064,254319.317626032,NA,NA,NA,NA,NA,NA
"East Vancouver Island & Mainland Inlets","Coho",2022,267705,267802,NA,NA,"PSF_20260428",248108.781996965,210656.474998526,292219.679952625,228665.126194884,206055.689699902,253755.38046959,NA,NA,NA,NA,NA,NA
"East Vancouver Island & Mainland Inlets","Coho",2023,272536,285517.5,NA,NA,"PSF_20260428",248347.125092151,205621.457269538,299950.673244613,227648.798287175,204678.142117169,253197.409481703,NA,NA,NA,NA,NA,NA
"East Vancouver Island & Mainland Inlets","Coho",2024,401446,307337.4,NA,NA,"PSF_20260428",248585.697149128,200263.564909014,308567.606170364,226636.98756332,203306.252943783,252645.077994622,NA,NA,NA,NA,NA,NA
"East Vancouver Island & Mainland Inlets","Pink",1953,306906,306906.2,NA,NA,"PSF_20260428",NA,NA,NA,541677.144450566,439939.201569479,666942.44971434,NA,NA,NA,NA,NA,NA
"East Vancouver Island & Mainland Inlets","Pink",1954,606369,431391.1,NA,NA,"PSF_20260428",NA,NA,NA,552691.329773929,450840.842175686,677551.09437986,NA,NA,NA,NA,NA,NA
"East Vancouver Island & Mainland Inlets","Pink",1955,752488,675489,NA,NA,"PSF_20260428",NA,NA,NA,563929.471894399,461997.171800306,688351.506637697,NA,NA,NA,NA,NA,NA
"East Vancouver Island & Mainland Inlets","Pink",1956,586022,664059.3,NA,NA,"PSF_20260428",NA,NA,NA,575396.124634661,473412.686772186,699349.023580156,NA,NA,NA,NA,NA,NA
"East Vancouver Island & Mainland Inlets","Pink",1957,844666,703557.3,NA,NA,"PSF_20260428",NA,NA,NA,587095.934412494,485091.803222904,710549.289667743,NA,NA,NA,NA,NA,NA
"East Vancouver Island & Mainland Inlets","Pink",1958,713990,776584.5,NA,NA,"PSF_20260428",NA,NA,NA,599033.642123553,497038.834437315,721958.284812984,NA,NA,NA,NA,NA,NA
"East Vancouver Island & Mainland Inlets","Pink",1959,523401,611312.8,NA,NA,"PSF_20260428",NA,NA,NA,611214.085062438,509257.965460774,733582.355340672,NA,NA,NA,NA,NA,NA
"East Vancouver Island & Mainland Inlets","Pink",1960,245946,358787.2,NA,NA,"PSF_20260428",NA,NA,NA,623642.198882813,521753.224715591,745428.248075317,NA,NA,NA,NA,NA,NA
"East Vancouver Island & Mainland Inlets","Pink",1961,564547,372623.2,NA,NA,"PSF_20260428",NA,NA,NA,636323.019597397,534528.452379388,757503.147806549,NA,NA,NA,NA,NA,NA
"East Vancouver Island & Mainland Inlets","Pink",1962,648868,605241.2,NA,NA,"PSF_20260428",NA,NA,NA,649261.685618605,547587.265287322,769814.718373934,NA,NA,NA,NA,NA,NA
"East Vancouver Island & Mainland Inlets","Pink",1963,690053,669143.9,NA,NA,"PSF_20260428",NA,NA,NA,662463.4398407,560933.018142562,782371.147590452,NA,NA,NA,NA,NA,NA
"East Vancouver Island & Mainland Inlets","Pink",1964,582687,634101.8,NA,NA,"PSF_20260428",NA,NA,NA,675933.631764266,574568.760859298,795181.196183957,NA,NA,NA,NA,NA,NA
"East Vancouver Island & Mainland Inlets","Pink",1965,590153,586408,NA,NA,"PSF_20260428",NA,NA,NA,689677.719663889,588497.191925824,808254.250872849,NA,NA,NA,NA,NA,NA
"East Vancouver Island & Mainland Inlets","Pink",1966,1043936,784908.8,NA,NA,"PSF_20260428",NA,NA,NA,703701.272799915,602720.607768607,821600.381598919,NA,NA,NA,NA,NA,NA
"East Vancouver Island & Mainland Inlets","Pink",1967,353922,607842.1,NA,NA,"PSF_20260428",NA,NA,NA,718009.973675168,617240.84822983,835230.402808751,NA,NA,NA,NA,NA,NA
"East Vancouver Island & Mainland Inlets","Pink",1968,1110345,626877.6,NA,NA,"PSF_20260428",NA,NA,NA,732609.620337578,632059.238449828,849155.938496377,NA,NA,NA,NA,NA,NA
"East Vancouver Island & Mainland Inlets","Pink",1969,208127,480721.2,NA,NA,"PSF_20260428",NA,NA,NA,747506.128729605,647176.527681771,863389.490483926,NA,NA,NA,NA,NA,NA
"East Vancouver Island & Mainland Inlets","Pink",1970,1048508,467143.4,NA,NA,"PSF_20260428",NA,NA,NA,762705.535085449,662592.825868552,877944.50911454,NA,NA,NA,NA,NA,NA
"East Vancouver Island & Mainland Inlets","Pink",1971,1825480,1383485,NA,NA,"PSF_20260428",NA,NA,NA,778213.998377005,678307.539189311,892835.465154548,NA,NA,NA,NA,NA,NA
"East Vancouver Island & Mainland Inlets","Pink",1972,742350,1164107,NA,NA,"PSF_20260428",NA,NA,NA,794037.80280954,694319.306240013,908077.921244856,NA,NA,NA,NA,NA,NA
"East Vancouver Island & Mainland Inlets","Pink",1973,1299097,982030.9,NA,NA,"PSF_20260428",NA,NA,NA,810183.360368131,710625.937047742,923688.600706532,NA,NA,NA,NA,NA,NA
"East Vancouver Island & Mainland Inlets","Pink",1974,986343,1131969.8,NA,NA,"PSF_20260428",NA,NA,NA,826657.213415875,727224.357720235,939685.450903711,NA,NA,NA,NA,NA,NA
"East Vancouver Island & Mainland Inlets","Pink",1975,2044402,1420028.8,NA,NA,"PSF_20260428",NA,NA,NA,843466.03734492,744110.564174775,956087.697724504,NA,NA,NA,NA,NA,NA
"East Vancouver Island & Mainland Inlets","Pink",1976,1685617,1856361.8,NA,NA,"PSF_20260428",NA,NA,NA,860616.64328142,761279.589028623,972915.887102722,NA,NA,NA,NA,NA,NA
"East Vancouver Island & Mainland Inlets","Pink",1977,312831,726163.8,NA,NA,"PSF_20260428",NA,NA,NA,878115.980845472,778725.48629724,990191.908939115,NA,NA,NA,NA,NA,NA
"East Vancouver Island & Mainland Inlets","Pink",1978,1233149,621101.9,NA,NA,"PSF_20260428",NA,NA,NA,895971.140967187,796441.338941445,1007938.99838625,NA,NA,NA,NA,NA,NA
"East Vancouver Island & Mainland Inlets","Pink",1979,364930,670830.5,NA,NA,"PSF_20260428",NA,NA,NA,914189.358760017,814419.294410271,1026181.70935552,NA,NA,NA,NA,NA,NA
"East Vancouver Island & Mainland Inlets","Pink",1980,1703710,788502,NA,NA,"PSF_20260428",NA,NA,NA,932778.016452492,832650.633006914,1044945.85542436,NA,NA,NA,NA,NA,NA
"East Vancouver Island & Mainland Inlets","Pink",1981,1520982,1609755.4,NA,NA,"PSF_20260428",NA,NA,NA,951744.646379602,851125.873026635,1064258.41420037,NA,NA,NA,NA,NA,NA
"East Vancouver Island & Mainland Inlets","Pink",1982,602759,957489.6,NA,NA,"PSF_20260428",NA,NA,NA,971096.934034966,869834.915073097,1084147.3927416,NA,NA,NA,NA,NA,NA
"East Vancouver Island & Mainland Inlets","Pink",1983,2251077,1164842.3,NA,NA,"PSF_20260428",NA,NA,NA,990842.721185095,888767.225714948,1104641.65387706,NA,NA,NA,NA,NA,NA
"East Vancouver Island & Mainland Inlets","Pink",1984,443183,998818.5,NA,NA,"PSF_20260428",NA,NA,NA,1010990.00904696,907912.057763188,1125770.70615287,NA,NA,NA,NA,NA,NA
"East Vancouver Island & Mainland Inlets","Pink",1985,1356469,775347.6,NA,NA,"PSF_20260428",NA,NA,NA,1031546.96153017,927258.70113388,1147564.46344578,NA,NA,NA,NA,NA,NA
"East Vancouver Island & Mainland Inlets","Pink",1986,1842024,1580711.7,NA,NA,"PSF_20260428",NA,NA,NA,1052521.9085451,946796.754854987,1170052.9836914,NA,NA,NA,NA,NA,NA
"East Vancouver Island & Mainland Inlets","Pink",1987,598008,1049545.1,NA,NA,"PSF_20260428",NA,NA,NA,1073923.34937822,966516.407742527,1193266.19920866,NA,NA,NA,NA,NA,NA
"East Vancouver Island & Mainland Inlets","Pink",1988,2498351,1222306.8,NA,NA,"PSF_20260428",NA,NA,NA,1095759.95613617,986408.71311946,1217233.65325357,NA,NA,NA,NA,NA,NA
"East Vancouver Island & Mainland Inlets","Pink",1989,558680,1181430.6,NA,NA,"PSF_20260428",NA,NA,NA,1118040.57725975,1006465.84213475,1241984.25825162,NA,NA,NA,NA,NA,NA
"East Vancouver Island & Mainland Inlets","Pink",1990,4490918,1583977.5,NA,NA,"PSF_20260428",NA,NA,NA,1140774.24110941,1026681.30104503,1267546.09035356,NA,NA,NA,NA,NA,NA
"East Vancouver Island & Mainland Inlets","Pink",1991,380423,1307076.5,NA,NA,"PSF_20260428",NA,NA,NA,1163970.15962364,1047050.10027113,1293946.23250927,NA,NA,NA,NA,NA,NA
"East Vancouver Island & Mainland Inlets","Pink",1992,3259030,1113467.8,NA,NA,"PSF_20260428",NA,NA,NA,1187637.73205179,1067568.8668661,1321210.67443046,NA,NA,NA,NA,NA,NA
"East Vancouver Island & Mainland Inlets","Pink",1993,733845,1546487,NA,NA,"PSF_20260428",NA,NA,NA,1211786.54876272,1088235.89670688,1349364.27313773,NA,NA,NA,NA,NA,NA
"East Vancouver Island & Mainland Inlets","Pink",1994,1790257,1146198.3,NA,NA,"PSF_20260428",NA,NA,NA,1236426.39513093,1109051.14757963,1378430.77292944,NA,NA,NA,NA,NA,NA
"East Vancouver Island & Mainland Inlets","Pink",1995,428385,875739.1,NA,NA,"PSF_20260428",NA,NA,NA,1261567.2555017,1130016.17870293,1408432.87923624,NA,NA,NA,NA,NA,NA
"East Vancouver Island & Mainland Inlets","Pink",1996,3310213,1190817,NA,NA,"PSF_20260428",NA,NA,NA,1287219.31723688,1151134.04559464,1439392.37746362,NA,NA,NA,NA,NA,NA
"East Vancouver Island & Mainland Inlets","Pink",1997,710615,1533716.7,NA,NA,"PSF_20260428",NA,NA,NA,1313392.97484291,1172409.16123744,1471330.28587566,NA,NA,NA,NA,NA,NA
"East Vancouver Island & Mainland Inlets","Pink",1998,2977473,1454591.7,NA,NA,"PSF_20260428",NA,NA,NA,1340098.83418279,1193847.13518819,1504267.0308833,NA,NA,NA,NA,NA,NA
"East Vancouver Island & Mainland Inlets","Pink",1999,1422200,2057805,NA,NA,"PSF_20260428",NA,NA,NA,1367347.7167737,1215454.60177456,1538222.63360275,NA,NA,NA,NA,NA,NA
"East Vancouver Island & Mainland Inlets","Pink",2000,7415902,3247598,NA,NA,"PSF_20260428",NA,NA,NA,1395150.664172,1237239.04713499,1573216.89793647,NA,NA,NA,NA,NA,NA
"East Vancouver Island & Mainland Inlets","Pink",2001,2978645,4699929.6,NA,NA,"PSF_20260428",NA,NA,NA,1423518.94244741,1259208.64294332,1609269.59234493,NA,NA,NA,NA,NA,NA
"East Vancouver Island & Mainland Inlets","Pink",2002,1183203,1877322.7,NA,NA,"PSF_20260428",NA,NA,NA,1452464.04674813,1281372.09255215,1646400.61958435,NA,NA,NA,NA,NA,NA
"East Vancouver Island & Mainland Inlets","Pink",2003,588922,834754.1,NA,NA,"PSF_20260428",NA,NA,NA,1481997.70595879,1303738.49325688,1684630.17071811,NA,NA,NA,NA,NA,NA
"East Vancouver Island & Mainland Inlets","Pink",2004,2098696,1111741.3,NA,NA,"PSF_20260428",NA,NA,NA,1512131.88745317,1326317.21660257,1723978.86148969,NA,NA,NA,NA,NA,NA
"East Vancouver Island & Mainland Inlets","Pink",2005,847800,1333894.3,NA,NA,"PSF_20260428",NA,NA,NA,1542878.80194347,1349117.80722204,1764467.8505787,NA,NA,NA,NA,NA,NA
"East Vancouver Island & Mainland Inlets","Pink",2006,834399,841072.6,NA,NA,"PSF_20260428",NA,NA,NA,1574250.90842829,1372149.89962854,1806118.94032729,NA,NA,NA,NA,NA,NA
"East Vancouver Island & Mainland Inlets","Pink",2007,1065317,942814.6,NA,NA,"PSF_20260428",NA,NA,NA,1606260.91924108,1395423.15166616,1848954.66124418,NA,NA,NA,NA,NA,NA
"East Vancouver Island & Mainland Inlets","Pink",2008,796041,920888.7,NA,NA,"PSF_20260428",NA,NA,NA,1638921.80520137,1418947.1928943,1892998.34202117,NA,NA,NA,NA,NA,NA
"East Vancouver Island & Mainland Inlets","Pink",2009,3654809,1705689.8,NA,NA,"PSF_20260428",NA,NA,NA,1672246.8008707,1442731.58598636,1938274.16699306,NA,NA,NA,NA,NA,NA
"East Vancouver Island & Mainland Inlets","Pink",2010,1808847,2571184.9,NA,NA,"PSF_20260428",NA,NA,NA,1706249.40991538,1466785.79919598,1984807.22299902,NA,NA,NA,NA,NA,NA
"East Vancouver Island & Mainland Inlets","Pink",2011,781759,1189152.3,NA,NA,"PSF_20260428",NA,NA,NA,1740943.41057835,1491119.18803206,2032623.53751632,NA,NA,NA,NA,NA,NA
"East Vancouver Island & Mainland Inlets","Pink",2012,3790123,1721326.4,NA,NA,"PSF_20260428",NA,NA,NA,1776342.8612623,1515740.98444097,2081750.10977967,NA,NA,NA,NA,NA,NA
"East Vancouver Island & Mainland Inlets","Pink",2013,3293594,3533146.8,NA,NA,"PSF_20260428",NA,NA,NA,1812462.10622624,1540660.29198859,2132214.93640622,NA,NA,NA,NA,NA,NA
"East Vancouver Island & Mainland Inlets","Pink",2014,6995769,4800127.1,NA,NA,"PSF_20260428",NA,NA,NA,1849315.781398,1565886.08574037,2184047.03284064,NA,NA,NA,NA,NA,NA
"East Vancouver Island & Mainland Inlets","Pink",2015,2412401,4108114.1,NA,NA,"PSF_20260428",NA,NA,NA,1886918.82030487,1591427.21573884,2237276.45173375,NA,NA,NA,NA,NA,NA
"East Vancouver Island & Mainland Inlets","Pink",2016,619951,1222935.3,NA,NA,"PSF_20260428",NA,NA,NA,1925286.46012482,1617292.41316562,2291934.29918129,NA,NA,NA,NA,NA,NA
"East Vancouver Island & Mainland Inlets","Pink",2017,656958,638186.2,NA,NA,"PSF_20260428",NA,NA,NA,1964434.24786079,1643490.29844228,2348052.74958179,NA,NA,NA,NA,NA,NA
"East Vancouver Island & Mainland Inlets","Pink",2018,627491,642055.5,NA,NA,"PSF_20260428",NA,NA,NA,2004378.0466405,1670029.39067104,2405665.05972694,NA,NA,NA,NA,NA,NA
"East Vancouver Island & Mainland Inlets","Pink",2019,1275672,894691.8,NA,NA,"PSF_20260428",1053045.18794331,879883.293072721,1260285.51352311,2045134.04214438,1696918.11794079,2464805.58261311,NA,NA,NA,NA,NA,NA
"East Vancouver Island & Mainland Inlets","Pink",2020,2223424,1684150,NA,NA,"PSF_20260428",1395888.09631656,1219761.92806669,1597445.80692613,2086718.74916417,1724164.82812822,2525509.78135919,NA,NA,NA,NA,NA,NA
"East Vancouver Island & Mainland Inlets","Pink",2021,1638656,1908776.6,NA,NA,"PSF_20260428",1850351.3427034,1664932.03231915,2056420.33727656,2129149.01829495,1751777.79991023,2587814.24352945,NA,NA,NA,NA,NA,NA
"East Vancouver Island & Mainland Inlets","Pink",2022,3632300,2439690.6,NA,NA,"PSF_20260428",2452775.47711664,2206988.67598411,2725934.93868389,2172442.04276315,1779765.25377379,2651756.69609109,NA,NA,NA,NA,NA,NA
"East Vancouver Island & Mainland Inlets","Pink",2023,2803639,3191184.1,NA,NA,"PSF_20260428",3251332.54550194,2841095.69022938,3720805.0956519,2216615.36539342,1808135.36286575,2717376.02117956,NA,NA,NA,NA,NA,NA
"East Vancouver Island & Mainland Inlets","Pink",2024,6216674,4174842,NA,NA,"PSF_20260428",4309878.10342389,3601165.25083694,5158066.34034795,2261686.88571725,1836896.26357015,2784712.27280061,NA,NA,NA,NA,NA,NA
"East Vancouver Island & Mainland Inlets","Sockeye",1953,186022,186022.1,NA,NA,"PSF_20260428",NA,NA,NA,158203.609915734,135351.818032589,184913.527975987,NA,NA,NA,NA,NA,NA
"East Vancouver Island & Mainland Inlets","Sockeye",1954,173044,179415.8,NA,NA,"PSF_20260428",NA,NA,NA,156678.095103317,134484.47282998,182534.273054989,NA,NA,NA,NA,NA,NA
"East Vancouver Island & Mainland Inlets","Sockeye",1955,152593,169988,NA,NA,"PSF_20260428",NA,NA,NA,155167.290419474,133619.334228919,180190.151036619,NA,NA,NA,NA,NA,NA
"East Vancouver Island & Mainland Inlets","Sockeye",1956,121265,156223.9,NA,NA,"PSF_20260428",NA,NA,NA,153671.054018397,132756.210358218,177880.889936561,NA,NA,NA,NA,NA,NA
"East Vancouver Island & Mainland Inlets","Sockeye",1957,194036,163145.3,NA,NA,"PSF_20260428",NA,NA,NA,152189.245422059,131894.896934822,175606.236180474,NA,NA,NA,NA,NA,NA
"East Vancouver Island & Mainland Inlets","Sockeye",1958,116294,148515.8,NA,NA,"PSF_20260428",NA,NA,NA,150721.725507022,131035.176251091,173365.955537645,NA,NA,NA,NA,NA,NA
"East Vancouver Island & Mainland Inlets","Sockeye",1959,132092,140707.4,NA,NA,"PSF_20260428",NA,NA,NA,149268.356491381,130176.816099524,171159.834118262,NA,NA,NA,NA,NA,NA
"East Vancouver Island & Mainland Inlets","Sockeye",1960,111971,132260.8,NA,NA,"PSF_20260428",NA,NA,NA,147829.001921822,129319.568638574,168987.679430625,NA,NA,NA,NA,NA,NA
"East Vancouver Island & Mainland Inlets","Sockeye",1961,106198,128797.6,NA,NA,"PSF_20260428",NA,NA,NA,146403.526660816,128463.169206255,166849.321491601,NA,NA,NA,NA,NA,NA
"East Vancouver Island & Mainland Inlets","Sockeye",1962,184703,127534,NA,NA,"PSF_20260428",NA,NA,NA,144991.796873928,127607.335092154,164744.613979664,NA,NA,NA,NA,NA,NA
"East Vancouver Island & Mainland Inlets","Sockeye",1963,232411,146476,NA,NA,"PSF_20260428",NA,NA,NA,143593.680017252,126751.764283541,162673.43541485,NA,NA,NA,NA,NA,NA
"East Vancouver Island & Mainland Inlets","Sockeye",1964,157620,151744.6,NA,NA,"PSF_20260428",NA,NA,NA,142209.044824966,125896.134207737,160635.690343432,NA,NA,NA,NA,NA,NA
"East Vancouver Island & Mainland Inlets","Sockeye",1965,49287,128777,NA,NA,"PSF_20260428",NA,NA,NA,140837.761297012,125040.100500952,158631.310497093,NA,NA,NA,NA,NA,NA
"East Vancouver Island & Mainland Inlets","Sockeye",1966,190925,144806.3,NA,NA,"PSF_20260428",NA,NA,NA,139479.700686886,124183.295843802,156660.255886375,NA,NA,NA,NA,NA,NA
"East Vancouver Island & Mainland Inlets","Sockeye",1967,154204,139672.8,NA,NA,"PSF_20260428",NA,NA,NA,138134.735489551,123325.328915818,154722.515776082,NA,NA,NA,NA,NA,NA
"East Vancouver Island & Mainland Inlets","Sockeye",1968,142833,126714.3,NA,NA,"PSF_20260428",NA,NA,NA,136802.739429468,122465.783535666,152818.109475912,NA,NA,NA,NA,NA,NA
"East Vancouver Island & Mainland Inlets","Sockeye",1969,174578,129330.6,NA,NA,"PSF_20260428",NA,NA,NA,135483.587448737,121604.218070568,150947.08686279,NA,NA,NA,NA,NA,NA
"East Vancouver Island & Mainland Inlets","Sockeye",1970,106040,150747.1,NA,NA,"PSF_20260428",NA,NA,NA,134177.155695362,120740.165217456,149109.528532387,NA,NA,NA,NA,NA,NA
"East Vancouver Island & Mainland Inlets","Sockeye",1971,179665,148925.4,NA,NA,"PSF_20260428",NA,NA,NA,132883.321511614,119873.132279095,147305.545456563,NA,NA,NA,NA,NA,NA
"East Vancouver Island & Mainland Inlets","Sockeye",1972,119037,141412,NA,NA,"PSF_20260428",NA,NA,NA,131601.963422521,119002.602080025,145535.278001871,NA,NA,NA,NA,NA,NA
"East Vancouver Island & Mainland Inlets","Sockeye",1973,198978,151106,NA,NA,"PSF_20260428",NA,NA,NA,130332.961124461,118128.034687951,143798.894143483,NA,NA,NA,NA,NA,NA
"East Vancouver Island & Mainland Inlets","Sockeye",1974,233396,160141.1,NA,NA,"PSF_20260428",NA,NA,NA,129076.19547387,117248.870123941,142096.586691174,NA,NA,NA,NA,NA,NA
"East Vancouver Island & Mainland Inlets","Sockeye",1975,99293,158049.5,NA,NA,"PSF_20260428",NA,NA,NA,127831.54847605,116364.532255916,140428.569332851,NA,NA,NA,NA,NA,NA
"East Vancouver Island & Mainland Inlets","Sockeye",1976,87070,136733.4,NA,NA,"PSF_20260428",NA,NA,NA,126598.903274095,115474.434070305,138795.071300768,NA,NA,NA,NA,NA,NA
"East Vancouver Island & Mainland Inlets","Sockeye",1977,77444,125468.6,NA,NA,"PSF_20260428",NA,NA,NA,125378.144137921,114577.984500765,137196.330481483,NA,NA,NA,NA,NA,NA
"East Vancouver Island & Mainland Inlets","Sockeye",1978,56977,97704.5,NA,NA,"PSF_20260428",NA,NA,NA,124169.156453393,113674.596954868,135632.584828681,NA,NA,NA,NA,NA,NA
"East Vancouver Island & Mainland Inlets","Sockeye",1979,49692,71705.6,NA,NA,"PSF_20260428",NA,NA,NA,122971.826711575,112763.699613681,134104.062003896,NA,NA,NA,NA,NA,NA
"East Vancouver Island & Mainland Inlets","Sockeye",1980,86105,69690.7,NA,NA,"PSF_20260428",NA,NA,NA,121786.042498064,111844.747480911,132610.96726846,NA,NA,NA,NA,NA,NA
"East Vancouver Island & Mainland Inlets","Sockeye",1981,170385,79705.3,NA,NA,"PSF_20260428",NA,NA,NA,120611.692482439,110917.23602633,131153.469781965,NA,NA,NA,NA,NA,NA
"East Vancouver Island & Mainland Inlets","Sockeye",1982,169698,93244.9,NA,NA,"PSF_20260428",NA,NA,NA,119448.666407808,109980.71610606,129731.687624622,NA,NA,NA,NA,NA,NA
"East Vancouver Island & Mainland Inlets","Sockeye",1983,185137,118027.5,NA,NA,"PSF_20260428",NA,NA,NA,118296.855080457,109034.809660284,128345.672042972,NA,NA,NA,NA,NA,NA
"East Vancouver Island & Mainland Inlets","Sockeye",1984,100532,135890,NA,NA,"PSF_20260428",NA,NA,NA,117156.150359599,108079.225505093,126995.391602193,NA,NA,NA,NA,NA,NA
"East Vancouver Island & Mainland Inlets","Sockeye",1985,163269,154440.8,NA,NA,"PSF_20260428",NA,NA,NA,116026.445147217,107113.774374706,125680.717088793,NA,NA,NA,NA,NA,NA
"East Vancouver Island & Mainland Inlets","Sockeye",1986,141862,148884.4,NA,NA,"PSF_20260428",NA,NA,NA,114907.633378013,106138.382263044,124401.408114672,NA,NA,NA,NA,NA,NA
"East Vancouver Island & Mainland Inlets","Sockeye",1987,256557,161715.1,NA,NA,"PSF_20260428",NA,NA,NA,113799.610009448,105153.101088748,123157.102398459,NA,NA,NA,NA,NA,NA
"East Vancouver Island & Mainland Inlets","Sockeye",1988,325562,181041.7,NA,NA,"PSF_20260428",NA,NA,NA,112702.271011879,104158.115787,121947.308620768,NA,NA,NA,NA,NA,NA
"East Vancouver Island & Mainland Inlets","Sockeye",1989,116638,186503,NA,NA,"PSF_20260428",NA,NA,NA,111615.513358793,103153.747122143,120771.403559344,NA,NA,NA,NA,NA,NA
"East Vancouver Island & Mainland Inlets","Sockeye",1990,94204,167077.8,NA,NA,"PSF_20260428",NA,NA,NA,110539.235017134,102140.449805272,119628.633919943,NA,NA,NA,NA,NA,NA
"East Vancouver Island & Mainland Inlets","Sockeye",1991,163660,171922.9,NA,NA,"PSF_20260428",NA,NA,NA,109473.334937725,101118.805858669,118518.122921048,NA,NA,NA,NA,NA,NA
"East Vancouver Island & Mainland Inlets","Sockeye",1992,401150,188000.3,NA,NA,"PSF_20260428",NA,NA,NA,108417.713045777,100089.513547296,117438.881312198,NA,NA,NA,NA,NA,NA
"East Vancouver Island & Mainland Inlets","Sockeye",1993,175935,166227.2,NA,NA,"PSF_20260428",NA,NA,NA,107372.270231496,99053.3725436016,116389.82215967,NA,NA,NA,NA,NA,NA
"East Vancouver Island & Mainland Inlets","Sockeye",1994,66854,148716.7,NA,NA,"PSF_20260428",NA,NA,NA,106336.908340776,98011.2662582098,115369.778466946,NA,NA,NA,NA,NA,NA
"East Vancouver Island & Mainland Inlets","Sockeye",1995,67486,139119.6,NA,NA,"PSF_20260428",NA,NA,NA,105311.530165986,96964.1424236366,114377.522542786,NA,NA,NA,NA,NA,NA
"East Vancouver Island & Mainland Inlets","Sockeye",1996,61391,114346.1,NA,NA,"PSF_20260428",NA,NA,NA,104296.039436842,95912.993050089,113411.785997863,NA,NA,NA,NA,NA,NA
"East Vancouver Island & Mainland Inlets","Sockeye",1997,112426,88661.1,NA,NA,"PSF_20260428",NA,NA,NA,103290.340811367,94858.8347917467,112471.279331554,NA,NA,NA,NA,NA,NA
"East Vancouver Island & Mainland Inlets","Sockeye",1998,58639,71170.5,NA,NA,"PSF_20260428",NA,NA,NA,102294.339866942,93802.6905950631,111554.710237323,NA,NA,NA,NA,NA,NA
"East Vancouver Island & Mainland Inlets","Sockeye",1999,29772,60539.2,NA,NA,"PSF_20260428",NA,NA,NA,101307.943091441,92745.5732822733,110660.799973516,NA,NA,NA,NA,NA,NA
"East Vancouver Island & Mainland Inlets","Sockeye",2000,21069,47965,NA,NA,"PSF_20260428",NA,NA,NA,100331.057874448,91688.4714886045,109788.297381062,NA,NA,NA,NA,NA,NA
"East Vancouver Island & Mainland Inlets","Sockeye",2001,44709,45017.6,NA,NA,"PSF_20260428",NA,NA,NA,99363.5924985661,90632.3381500581,108935.990351196,NA,NA,NA,NA,NA,NA
"East Vancouver Island & Mainland Inlets","Sockeye",2002,192283,50118.4,NA,NA,"PSF_20260428",NA,NA,NA,98405.4561308034,89578.0815503178,108102.714734653,NA,NA,NA,NA,NA,NA
"East Vancouver Island & Mainland Inlets","Sockeye",2003,109584,56794.9,NA,NA,"PSF_20260428",NA,NA,NA,97456.5588140467,88526.558790831,107287.360828256,NA,NA,NA,NA,NA,NA
"East Vancouver Island & Mainland Inlets","Sockeye",2004,39406,60070.3,NA,NA,"PSF_20260428",NA,NA,NA,96516.8114586147,87478.57144952,106488.877673469,NA,NA,NA,NA,NA,NA
"East Vancouver Island & Mainland Inlets","Sockeye",2005,51134,71725.2,NA,NA,"PSF_20260428",NA,NA,NA,95586.1258338943,86434.8631369699,105706.275458023,NA,NA,NA,NA,NA,NA
"East Vancouver Island & Mainland Inlets","Sockeye",2006,71742,78839.9,NA,NA,"PSF_20260428",NA,NA,NA,94664.4145600561,85396.1186369728,104938.626333753,NA,NA,NA,NA,NA,NA
"East Vancouver Island & Mainland Inlets","Sockeye",2007,40369,57699,NA,NA,"PSF_20260428",NA,NA,NA,93751.5910998509,84362.964322299,104185.06395976,NA,NA,NA,NA,NA,NA
"East Vancouver Island & Mainland Inlets","Sockeye",2008,54929,50255.1,NA,NA,"PSF_20260428",NA,NA,NA,92847.5697504851,83335.9695581748,103444.782058404,NA,NA,NA,NA,NA,NA
"East Vancouver Island & Mainland Inlets","Sockeye",2009,36035,49364.3,NA,NA,"PSF_20260428",NA,NA,NA,91952.2656355739,82315.6488379107,102717.032239696,NA,NA,NA,NA,NA,NA
"East Vancouver Island & Mainland Inlets","Sockeye",2010,184521,63808.8,NA,NA,"PSF_20260428",101665.966380042,79703.1960152694,129680.730971036,91065.5946971727,81302.4644318587,102001.121312875,NA,NA,NA,NA,NA,NA
"East Vancouver Island & Mainland Inlets","Sockeye",2011,233262,80778.4,NA,NA,"PSF_20260428",101930.75791003,81903.0077279738,126855.895727557,90187.4736878849,80296.8293682372,101296.408266656,NA,NA,NA,NA,NA,NA
"East Vancouver Island & Mainland Inlets","Sockeye",2012,102871,97396.7,NA,NA,"PSF_20260428",102196.239096123,84047.4014731038,124264.059356245,89317.8201630463,79299.1105997521,100602.301064184,NA,NA,NA,NA,NA,NA
"East Vancouver Island & Mainland Inlets","Sockeye",2013,120538,113974.6,NA,NA,"PSF_20260428",102462.411734547,86081.2631020326,121960.87092746,88456.5524729843,78309.6322417426,99918.2533669846,NA,NA,NA,NA,NA,NA
"East Vancouver Island & Mainland Inlets","Sockeye",2014,171935,155788.3,NA,NA,"PSF_20260428",102729.277626206,87923.8877577175,120027.727967202,87603.5897553521,77328.6787951138,99243.7612746198,NA,NA,NA,NA,NA,NA
"East Vancouver Island & Mainland Inlets","Sockeye",2015,152046,149872,NA,NA,"PSF_20260428",102996.838576697,89463.9210258494,118576.836730966,86758.8519275368,76356.4982904111,98578.3601437038,NA,NA,NA,NA,NA,NA
"East Vancouver Island & Mainland Inlets","Sockeye",2016,118224,130825.6,NA,NA,"PSF_20260428",103265.096396317,90566.925824173,117743.646885433,85922.2596791404,75393.3053082621,97921.621531038,NA,NA,NA,NA,NA,NA
"East Vancouver Island & Mainland Inlets","Sockeye",2017,50160,113319.8,NA,NA,"PSF_20260428",103534.052900079,91110.1854287268,117652.050201365,85093.734464534,74439.2838464701,97273.1502905772,NA,NA,NA,NA,NA,NA
"East Vancouver Island & Mainland Inlets","Sockeye",2018,140221,116800.2,NA,NA,"PSF_20260428",103803.709907722,91039.3077967627,118357.778100217,84273.1984954829,73494.5900157921,96632.5818421876,NA,NA,NA,NA,NA,NA
"East Vancouver Island & Mainland Inlets","Sockeye",2019,90565,102745.5,NA,NA,"PSF_20260428",104074.069243728,90399.6126514726,119817.01659174,83460.5747338433,72559.3545554054,95999.5796211852,NA,NA,NA,NA,NA,NA
"East Vancouver Island & Mainland Inlets","Sockeye",2020,38522,78074.6,NA,NA,"PSF_20260428",104345.132737327,89306.865100748,121915.674832923,82655.7868843295,71633.6851657396,95373.8327109722,NA,NA,NA,NA,NA,NA
"East Vancouver Island & Mainland Inlets","Sockeye",2021,171209,84076.4,NA,NA,"PSF_20260428",104616.902222516,87891.3050423507,124525.35805859,81858.759387351,70717.6686611973,94755.053656244,NA,NA,NA,NA,NA,NA
"East Vancouver Island & Mainland Inlets","Sockeye",2022,228614,113873.5,NA,NA,"PSF_20260428",104889.379538067,86262.2721762672,127538.745065743,81069.4174119178,69811.372948659,94142.9764508594,NA,NA,NA,NA,NA,NA
"East Vancouver Island & Mainland Inlets","Sockeye",2023,55519,94612.6,NA,NA,"PSF_20260428",105162.566527541,84499.8180686655,130877.978810235,80287.686848615,68914.8488399384,93537.3546922087,NA,NA,NA,NA,NA,NA
"East Vancouver Island & Mainland Inlets","Sockeye",2024,120430,100162.3,NA,NA,"PSF_20260428",105436.465039303,82659.1586093916,134490.216777032,79513.4943026449,68028.1317077356,92937.9598925222,NA,NA,NA,NA,NA,NA
"East Vancouver Island & Mainland Inlets","Steelhead",1953,NA,NA,NA,NA,"PSF_20260428",NA,NA,NA,NA,NA,NA,NA,NA,NA,NA,NA,NA
"East Vancouver Island & Mainland Inlets","Steelhead",1954,NA,NA,NA,NA,"PSF_20260428",NA,NA,NA,NA,NA,NA,NA,NA,NA,NA,NA,NA
"East Vancouver Island & Mainland Inlets","Steelhead",1955,NA,NA,NA,NA,"PSF_20260428",NA,NA,NA,NA,NA,NA,NA,NA,NA,NA,NA,NA
"East Vancouver Island & Mainland Inlets","Steelhead",1956,NA,NA,NA,NA,"PSF_20260428",NA,NA,NA,NA,NA,NA,NA,NA,NA,NA,NA,NA
"East Vancouver Island & Mainland Inlets","Steelhead",1957,NA,NA,NA,NA,"PSF_20260428",NA,NA,NA,NA,NA,NA,NA,NA,NA,NA,NA,NA
"East Vancouver Island & Mainland Inlets","Steelhead",1958,NA,NA,NA,NA,"PSF_20260428",NA,NA,NA,NA,NA,NA,NA,NA,NA,NA,NA,NA
"East Vancouver Island & Mainland Inlets","Steelhead",1959,NA,NA,NA,NA,"PSF_20260428",NA,NA,NA,NA,NA,NA,NA,NA,NA,NA,NA,NA
"East Vancouver Island & Mainland Inlets","Steelhead",1960,NA,NA,NA,NA,"PSF_20260428",NA,NA,NA,NA,NA,NA,NA,NA,NA,NA,NA,NA
"East Vancouver Island & Mainland Inlets","Steelhead",1961,NA,NA,NA,NA,"PSF_20260428",NA,NA,NA,NA,NA,NA,NA,NA,NA,NA,NA,NA
"East Vancouver Island & Mainland Inlets","Steelhead",1962,NA,NA,NA,NA,"PSF_20260428",NA,NA,NA,NA,NA,NA,NA,NA,NA,NA,NA,NA
"East Vancouver Island & Mainland Inlets","Steelhead",1963,NA,NA,NA,NA,"PSF_20260428",NA,NA,NA,NA,NA,NA,NA,NA,NA,NA,NA,NA
"East Vancouver Island & Mainland Inlets","Steelhead",1964,NA,NA,NA,NA,"PSF_20260428",NA,NA,NA,NA,NA,NA,NA,NA,NA,NA,NA,NA
"East Vancouver Island & Mainland Inlets","Steelhead",1965,NA,NA,NA,NA,"PSF_20260428",NA,NA,NA,NA,NA,NA,NA,NA,NA,NA,NA,NA
"East Vancouver Island & Mainland Inlets","Steelhead",1966,NA,NA,NA,NA,"PSF_20260428",NA,NA,NA,NA,NA,NA,NA,NA,NA,NA,NA,NA
"East Vancouver Island & Mainland Inlets","Steelhead",1967,NA,NA,NA,NA,"PSF_20260428",NA,NA,NA,NA,NA,NA,NA,NA,NA,NA,NA,NA
"East Vancouver Island & Mainland Inlets","Steelhead",1968,NA,NA,NA,NA,"PSF_20260428",NA,NA,NA,NA,NA,NA,NA,NA,NA,NA,NA,NA
"East Vancouver Island & Mainland Inlets","Steelhead",1969,NA,NA,NA,NA,"PSF_20260428",NA,NA,NA,NA,NA,NA,NA,NA,NA,NA,NA,NA
"East Vancouver Island & Mainland Inlets","Steelhead",1970,NA,NA,NA,NA,"PSF_20260428",NA,NA,NA,NA,NA,NA,NA,NA,NA,NA,NA,NA
"East Vancouver Island & Mainland Inlets","Steelhead",1971,NA,NA,NA,NA,"PSF_20260428",NA,NA,NA,NA,NA,NA,NA,NA,NA,NA,NA,NA
"East Vancouver Island & Mainland Inlets","Steelhead",1972,NA,NA,NA,NA,"PSF_20260428",NA,NA,NA,NA,NA,NA,NA,NA,NA,NA,NA,NA
"East Vancouver Island & Mainland Inlets","Steelhead",1973,NA,NA,NA,NA,"PSF_20260428",NA,NA,NA,NA,NA,NA,NA,NA,NA,NA,NA,NA
"East Vancouver Island & Mainland Inlets","Steelhead",1974,NA,NA,NA,NA,"PSF_20260428",NA,NA,NA,NA,NA,NA,NA,NA,NA,NA,NA,NA
"East Vancouver Island & Mainland Inlets","Steelhead",1975,NA,NA,NA,NA,"PSF_20260428",NA,NA,NA,NA,NA,NA,NA,NA,NA,NA,NA,NA
"East Vancouver Island & Mainland Inlets","Steelhead",1976,2037,2036.6,NA,NA,"PSF_20260428",NA,NA,NA,2131.19626130481,1660.27759375857,2735.68559936855,NA,NA,NA,NA,NA,NA
"East Vancouver Island & Mainland Inlets","Steelhead",1977,1527,1763.5,NA,NA,"PSF_20260428",NA,NA,NA,2080.85553545674,1633.06387868968,2651.4331839335,NA,NA,NA,NA,NA,NA
"East Vancouver Island & Mainland Inlets","Steelhead",1978,1515,1676.3,NA,NA,"PSF_20260428",NA,NA,NA,2031.70390172794,1606.16189612516,2569.99045628889,NA,NA,NA,NA,NA,NA
"East Vancouver Island & Mainland Inlets","Steelhead",1979,973,1463,NA,NA,"PSF_20260428",NA,NA,NA,1983.71327271908,1579.55828551107,2491.27771001412,NA,NA,NA,NA,NA,NA
"East Vancouver Island & Mainland Inlets","Steelhead",1980,634,1237.5,NA,NA,"PSF_20260428",NA,NA,NA,1936.8562244799,1553.23900407883,2415.21879405248,NA,NA,NA,NA,NA,NA
"East Vancouver Island & Mainland Inlets","Steelhead",1981,1643,1185.5,NA,NA,"PSF_20260428",NA,NA,NA,1891.10598083788,1527.1892471797,2341.74110207051,NA,NA,NA,NA,NA,NA
"East Vancouver Island & Mainland Inlets","Steelhead",1982,2199,1275.1,NA,NA,"PSF_20260428",NA,NA,NA,1846.4363980972,1501.39336573752,2270.77556756313,NA,NA,NA,NA,NA,NA
"East Vancouver Island & Mainland Inlets","Steelhead",1983,5122,1626.9,NA,NA,"PSF_20260428",NA,NA,NA,1802.82195009906,1475.83478334016,2202.25666209267,NA,NA,NA,NA,NA,NA
"East Vancouver Island & Mainland Inlets","Steelhead",1984,3469,2098.1,NA,NA,"PSF_20260428",NA,NA,NA,1760.23771363496,1450.49591686421,2136.12239267881,NA,NA,NA,NA,NA,NA
"East Vancouver Island & Mainland Inlets","Steelhead",1985,3292,2917.2,NA,NA,"PSF_20260428",NA,NA,NA,1718.65935420443,1425.35810638342,2072.31429250371,NA,NA,NA,NA,NA,NA
"East Vancouver Island & Mainland Inlets","Steelhead",1986,2913,3271.2,NA,NA,"PSF_20260428",NA,NA,NA,1678.06311210928,1400.40156254753,2010.77739666282,NA,NA,NA,NA,NA,NA
"East Vancouver Island & Mainland Inlets","Steelhead",1987,6178,4022.1,NA,NA,"PSF_20260428",NA,NA,NA,1638.42578887621,1375.60534271023,1951.46019160242,NA,NA,NA,NA,NA,NA
"East Vancouver Island & Mainland Inlets","Steelhead",1988,4767,3964.7,NA,NA,"PSF_20260428",NA,NA,NA,1599.72473400024,1350.94737084351,1894.31452312925,NA,NA,NA,NA,NA,NA
"East Vancouver Island & Mainland Inlets","Steelhead",1989,2668,3762,NA,NA,"PSF_20260428",NA,NA,NA,1561.93783200119,1326.40452057221,1839.29544358315,NA,NA,NA,NA,NA,NA
"East Vancouver Island & Mainland Inlets","Steelhead",1990,2978,3687.3,NA,NA,"PSF_20260428",NA,NA,NA,1525.04348978591,1301.9527851347,1786.3609742943,NA,NA,NA,NA,NA,NA
"East Vancouver Island & Mainland Inlets","Steelhead",1991,1161,3067.5,NA,NA,"PSF_20260428",NA,NA,NA,1489.02062430909,1277.56756198475,1735.47175553937,NA,NA,NA,NA,NA,NA
"East Vancouver Island & Mainland Inlets","Steelhead",1992,1788,2393.9,NA,NA,"PSF_20260428",NA,NA,NA,1453.84865052542,1253.22408184763,1686.59055411575,NA,NA,NA,NA,NA,NA
"East Vancouver Island & Mainland Inlets","Steelhead",1993,907,1718,NA,NA,"PSF_20260428",NA,NA,NA,1419.50746962645,1228.89801047209,1639.68160022589,NA,NA,NA,NA,NA,NA
"East Vancouver Island & Mainland Inlets","Steelhead",1994,694,1312.2,NA,NA,"PSF_20260428",NA,NA,NA,1385.9774575552,1204.56624368944,1594.70973299701,NA,NA,NA,NA,NA,NA
"East Vancouver Island & Mainland Inlets","Steelhead",1995,1006,1056.3,NA,NA,"PSF_20260428",NA,NA,NA,1353.23945379216,1180.20790016479,1551.63935018907,NA,NA,NA,NA,NA,NA
"East Vancouver Island & Mainland Inlets","Steelhead",1996,607,928,NA,NA,"PSF_20260428",NA,NA,NA,1321.27475040608,1155.80548961478,1510.43318425706,NA,NA,NA,NA,NA,NA
"East Vancouver Island & Mainland Inlets","Steelhead",1997,568,737.9,NA,NA,"PSF_20260428",NA,NA,NA,1290.06508136347,1131.34619762144,1471.05096357977,NA,NA,NA,NA,NA,NA
"East Vancouver Island & Mainland Inlets","Steelhead",1998,293,588.4,NA,NA,"PSF_20260428",NA,NA,NA,1259.59261209059,1106.82318561415,1433.4480602273,NA,NA,NA,NA,NA,NA
"East Vancouver Island & Mainland Inlets","Steelhead",1999,687,587.3,NA,NA,"PSF_20260428",NA,NA,NA,1229.83992928198,1082.23676501254,1397.57426521985,NA,NA,NA,NA,NA,NA
"East Vancouver Island & Mainland Inlets","Steelhead",2000,446,499,NA,NA,"PSF_20260428",NA,NA,NA,1200.79003094972,1057.59528079496,1363.37285596094,NA,NA,NA,NA,NA,NA
"East Vancouver Island & Mainland Inlets","Steelhead",2001,1068,558.5,NA,NA,"PSF_20260428",NA,NA,NA,1172.42631670779,1032.9155451771,1330.78011510933,NA,NA,NA,NA,NA,NA
"East Vancouver Island & Mainland Inlets","Steelhead",2002,1045,630.9,NA,NA,"PSF_20260428",NA,NA,NA,1144.73257828582,1008.22270452213,1299.72541771911,NA,NA,NA,NA,NA,NA
"East Vancouver Island & Mainland Inlets","Steelhead",2003,697,750.5,NA,NA,"PSF_20260428",NA,NA,NA,1117.69299026705,983.549498811612,1270.13192727108,NA,NA,NA,NA,NA,NA
"East Vancouver Island & Mainland Inlets","Steelhead",2004,641,740.2,NA,NA,"PSF_20260428",NA,NA,NA,1091.29210104491,958.934966845624,1241.91784738072,NA,NA,NA,NA,NA,NA
"East Vancouver Island & Mainland Inlets","Steelhead",2005,693,808.7,NA,NA,"PSF_20260428",NA,NA,NA,1065.51482399337,934.422737308821,1214.99808900135,NA,NA,NA,NA,NA,NA
"East Vancouver Island & Mainland Inlets","Steelhead",2006,1038,804.1,NA,NA,"PSF_20260428",NA,NA,NA,1040.34642884573,910.059102538265,1189.28615624341,NA,NA,NA,NA,NA,NA
"East Vancouver Island & Mainland Inlets","Steelhead",2007,1078,809.1,NA,NA,"PSF_20260428",NA,NA,NA,1015.77253327711,885.891085413308,1164.69604034769,NA,NA,NA,NA,NA,NA
"East Vancouver Island & Mainland Inlets","Steelhead",2008,893,850.2,NA,NA,"PSF_20260428",NA,NA,NA,991.779094685776,861.964682140416,1141.143938999,NA,NA,NA,NA,NA,NA
"East Vancouver Island & Mainland Inlets","Steelhead",2009,725,871.4,NA,NA,"PSF_20260428",NA,NA,NA,968.352402168564,838.323408593245,1118.54967328081,NA,NA,NA,NA,NA,NA
"East Vancouver Island & Mainland Inlets","Steelhead",2010,1118,958.8,NA,NA,"PSF_20260428",NA,NA,NA,945.479068685875,815.007213668204,1096.8377387725,NA,NA,NA,NA,NA,NA
"East Vancouver Island & Mainland Inlets","Steelhead",2011,1325,1006.8,NA,NA,"PSF_20260428",NA,NA,NA,923.146023411734,792.051765591417,1075.93798481665,NA,NA,NA,NA,NA,NA
"East Vancouver Island & Mainland Inlets","Steelhead",2012,1127,1015.8,NA,NA,"PSF_20260428",1377.64043882187,1178.96803036559,1609.791894093,901.340504264544,769.488075416572,1055.78595768109,NA,NA,NA,NA,NA,NA
"East Vancouver Island & Mainland Inlets","Steelhead",2013,1673,1151.7,NA,NA,"PSF_20260428",1295.01917740549,1125.86255310055,1489.59094982725,880.050050614274,747.342398364861,1036.32296693018,NA,NA,NA,NA,NA,NA
"East Vancouver Island & Mainland Inlets","Steelhead",2014,1130,1258.6,NA,NA,"PSF_20260428",1217.35296278192,1074.19965505799,1379.58360814584,859.26249616191,725.636345667822,1017.49594231101,NA,NA,NA,NA,NA,NA
"East Vancouver Island & Mainland Inlets","Steelhead",2015,1289,1295,NA,NA,"PSF_20260428",1144.344625817,1023.63962842573,1279.28285137825,838.965961987094,704.387142522372,999.257145512953,NA,NA,NA,NA,NA,NA
"East Vancouver Island & Mainland Inlets","Steelhead",2016,1187,1266.7,NA,NA,"PSF_20260428",1075.7148195078,973.756195378242,1188.34917651972,819.148849759996,683.607976890088,981.563792037215,NA,NA,NA,NA,NA,NA
"East Vancouver Island & Mainland Inlets","Steelhead",2017,1195,1281.7,NA,NA,"PSF_20260428",1011.20095013559,924.044709949946,1106.57779926094,799.799835113508,663.308395392216,964.377626894577,NA,NA,NA,NA,NA,NA
"East Vancouver Island & Mainland Inlets","Steelhead",2018,595,1042.4,NA,NA,"PSF_20260428",950.556172520691,874.008485504561,1033.80808321966,780.907861172015,643.494713982746,947.664486419701,NA,NA,NA,NA,NA,NA
"East Vancouver Island & Mainland Inlets","Steelhead",2019,842,982.7,NA,NA,"PSF_20260428",893.548445535013,823.370045784359,969.708369409333,762.462132233005,624.170421081985,931.39386849115,NA,NA,NA,NA,NA,NA
"East Vancouver Island & Mainland Inlets","Steelhead",2020,975,929.2,NA,NA,"PSF_20260428",839.959644258328,772.318225672445,913.525254914556,744.452107597933,605.336558902699,915.53852539755,NA,NA,NA,NA,NA,NA
"East Vancouver Island & Mainland Inlets","Steelhead",2021,389,743.2,NA,NA,"PSF_20260428",789.584725381218,721.529769575434,864.05864989075,726.867495548803,586.992074782999,900.074087509113,NA,NA,NA,NA,NA,NA
"East Vancouver Island & Mainland Inlets","Steelhead",2022,374,589.1,NA,NA,"PSF_20260428",742.230942661329,671.880656202725,819.947362910387,709.698247467028,569.134138693327,884.978721561404,NA,NA,NA,NA,NA,NA
"East Vancouver Island & Mainland Inlets","Steelhead",2023,786,622.8,NA,NA,"PSF_20260428",697.71710943109,624.122197571739,779.990147261059,692.934552091213,551.758426041229,870.232824402705,NA,NA,NA,NA,NA,NA
"East Vancouver Island & Mainland Inlets","Steelhead",2024,964,639.9,NA,NA,"PSF_20260428",655.872905335074,578.746238940257,743.277863438655,676.566829910563,534.859366790768,855.818751163974,NA,NA,NA,NA,NA,NA
"East Vancouver Island & Mainland Inlets","Steelhead",2025,422,541.4,NA,NA,"PSF_20260428",616.538224644405,536.005421226967,709.170779611792,660.585727690738,518.430363034735,841.720575689862,NA,NA,NA,NA,NA,NA
"East Vancouver Island & Mainland Inlets","Steelhead",2026,1078,664,NA,NA,"PSF_20260428",579.562563654735,495.982634431094,677.22686616907,644.982113128996,502.463977741562,827.92388048624,NA,NA,NA,NA,NA,NA
"West Vancouver Island","Chinook",1985,6243,6242.6,304361,304360.8,"Brown_20260421",NA,NA,NA,7263.61458202931,6302.83073806588,8370.8573161619,NA,NA,NA,238320.067877012,188130.610022077,301899.062285711
"West Vancouver Island","Chinook",1986,6343,6292.8,128113,197465.1,"Brown_20260421",NA,NA,NA,7458.63778743683,6505.9261284071,8550.86217491394,NA,NA,NA,238271.122952404,189820.516158715,299088.471477603
"West Vancouver Island","Chinook",1987,4381,5577.3,138831,175585.6,"Brown_20260421",NA,NA,NA,7658.89723579444,6715.05330500307,8735.40450151839,NA,NA,NA,238222.188079848,191498.410794985,296346.119312215
"West Vancouver Island","Chinook",1988,8304,6160.9,225781,186977.2,"Brown_20260421",NA,NA,NA,7864.53351673186,6930.30918096452,8924.69380813263,NA,NA,NA,238173.263257279,193160.17182038,293675.982973194
"West Vancouver Island","Chinook",1989,9539,6849.8,271383,181692.5,"Brown_20260421",NA,NA,NA,8075.69099461657,7151.77627510102,9118.96325219009,NA,NA,NA,238124.348482633,194800.99759639,291082.72565299
"West Vancouver Island","Chinook",1990,8247,7314.3,426770,245463.9,"Brown_20260421",NA,NA,NA,8292.51790990295,7379.51901874237,9318.47361750962,NA,NA,NA,238075.443753848,196415.295273202,288571.80821765
"West Vancouver Island","Chinook",1991,8649,8669.8,582557,351318.4,"Brown_20260421",NA,NA,NA,8515.16648320276,7613.57941395106,9523.51795317148,NA,NA,NA,238026.549068858,197996.555921828,286149.614056916
"West Vancouver Island","Chinook",1992,10162,9118.6,796709,481508.3,"Brown_20260421",NA,NA,NA,8743.79302214955,7853.9719994074,9734.42691417281,NA,NA,NA,237977.664425603,199537.219089098,283823.584512203
"West Vancouver Island","Chinook",1993,11291,9511.3,548108,574016.9,"Brown_20260421",NA,NA,NA,8978.55803113258,8100.67812572892,9951.57480240722,NA,NA,NA,237928.789822018,201028.532699857,281602.358958124
"West Vancouver Island","Chinook",1994,11939,10432.9,356957,548946.5,"Brown_20260421",NA,NA,NA,9219.62632397689,8353.63962357428,10175.3862249324,NA,NA,NA,237879.925256044,202460.419343969,279495.908499938
"West Vancouver Island","Chinook",1995,6353,9658.6,134767,380707.7,"Brown_20260421",NA,NA,NA,9467.16713964873,8612.75208107801,10406.3431533056,NA,NA,NA,237831.070725617,203821.367363601,277515.644871464
"West Vancouver Island","Chinook",1996,10609,9763.1,133089,243389.8,"Brown_20260421",NA,NA,NA,9721.3542610677,8877.85814805826,10644.9919668799,NA,NA,NA,237782.226228677,205098.374963756,275674.47631049
"West Vancouver Island","Chinook",1997,14176,10334.5,230236,195942.8,"Brown_20260421",NA,NA,NA,9982.36613710886,9148.7415633363,10891.9497840705,NA,NA,NA,237733.391763164,206276.987139706,273986.770617997
"West Vancouver Island","Chinook",1998,29840,12994.3,318760,190476.5,"Brown_20260421",NA,NA,NA,10250.3860078805,9425.12295018243,11147.9090369339,NA,NA,NA,237684.567327017,207341.476225639,272468.174596924
"West Vancouver Island","Chinook",1999,20847,17489.1,169592,201741.9,"Brown_20260421",NA,NA,NA,10525.6020333655,9706.65879642616,11413.6388728919,NA,NA,NA,237635.752918176,208275.222400309,271135.233534649
"West Vancouver Island","Chinook",2000,8110,16353.3,47280,155750.6,"Brown_20260421",NA,NA,NA,10808.2074255169,9992.94532049528,11689.9816827185,NA,NA,NA,237586.948534583,209061.342658356,270004.762220532
"West Vancouver Island","Chinook",2001,8565,14417.9,99974,126432.4,"Brown_20260421",NA,NA,NA,11098.4005838995,10283.5289369398,11977.8430416276,NA,NA,NA,237538.154174178,209683.586310638,269092.949435179
"West Vancouver Island","Chinook",2002,22123,13378.7,227379,116192.9,"Brown_20260421",NA,NA,NA,11396.3852349745,10577.9245395601,12278.17384575,NA,NA,NA,237489.369834902,210127.45643492,268414.236490068
"West Vancouver Island","Chinook",2003,26789,14244.3,298406,133822.9,"Brown_20260421",NA,NA,NA,11702.3705751221,10875.6416317405,12591.9446148178,NA,NA,NA,237440.595514698,210381.436251901,267980.090842568
"West Vancouver Island","Chinook",2004,23272,18539.3,408335,229411.5,"Brown_20260421",NA,NA,NA,12016.5714175061,11176.2164910386,12920.113774443,NA,NA,NA,237391.831211507,210438.122199277,267797.873013649
"West Vancouver Island","Chinook",2005,8609,18562.9,259426,291170.1,"Brown_20260421",NA,NA,NA,12339.2083428805,11479.2464878381,13263.5937986281,NA,NA,NA,237343.076923273,210295.031055348,267870.029456763
"West Vancouver Island","Chinook",2006,13582,16431.5,288244,308957.9,"Brown_20260421",NA,NA,NA,12670.5078544451,11784.4211890909,13623.2205819469,NA,NA,NA,237294.33264794,209954.890108961,268193.802381113
"West Vancouver Island","Chinook",2007,7978,12138.4,213557,284168.6,"Brown_20260421",NA,NA,NA,13010.7025368596,12091.5448079276,13999.7314810975,NA,NA,NA,237245.598383449,209425.336651297,268761.530253805
"West Vancouver Island","Chinook",2008,6683,8885.8,130114,213502.4,"Brown_20260421",NA,NA,NA,13360.0312195267,12400.5462409798,14393.755784473,NA,NA,NA,237196.874127746,208718.102090081,269561.463680288
"West Vancouver Island","Chinook",2009,13857,10008.6,163994,190373.3,"Brown_20260421",NA,NA,NA,13718.7391442592,12711.475847518,14805.8184561612,NA,NA,NA,237148.159878775,207847.872780249,270578.904569059
"West Vancouver Island","Chinook",2010,10932,9480,135572,157655.4,"Brown_20260421",NA,NA,NA,14087.078137449,13024.4911122568,15236.3550130449,NA,NA,NA,237099.455634481,206831.060579172,271797.435572537
"West Vancouver Island","Chinook",2011,11295,10340.9,250581,164084.3,"Brown_20260421",NA,NA,NA,14465.3067868583,13339.8352816847,15685.7334456909,NA,NA,NA,237050.761392808,205684.681048068,273200.041882447
"West Vancouver Island","Chinook",2012,8653,11030.7,122517,161635.1,"Brown_20260421",NA,NA,NA,14853.6906231587,13657.813498888,16154.2786586211,176080.031027155,161879.342704114,191526.459204828,237002.077151704,204425.45962246,274770.005056898
"West Vancouver Island","Chinook",2013,17803,11743.9,263252,181937.3,"Brown_20260421",NA,NA,NA,15252.5023063429,13978.7701511153,16642.2957162961,188171.731371728,174847.162531885,202511.724952795,236953.402909113,203069.205529132,276491.529101657
"West Vancouver Island","Chinook",2014,13288,12331.1,184706,196562,"Brown_20260421",15000.485306206,13194.8681405871,17053.1874228862,15662.0218171423,14303.0697442263,17150.0895812705,201093.788323862,188691.46055522,214311.297307533,236904.738662983,201630.4346937,278350.117561541
"West Vancouver Island","Chinook",2015,23619,14828.5,293627,204508.6,"Brown_20260421",15542.5399721131,13895.4561086998,17384.8592586671,16082.5366535846,14631.0822433957,17677.9804057654,214903.223813979,203363.465092792,227097.800406618,236856.084411259,200122.19263523,280332.750625467
"West Vancouver Island","Chinook",2016,23162,18967.1,308859,257692.8,"Brown_20260421",16104.1822216772,14614.0597177102,17746.2450570593,16514.3420328272,14963.1728136219,18226.3144437473,229660.975560629,218735.849424117,241131.77530946,236807.440151892,198556.020715502,282427.918877575
"West Vancouver Island","Chinook",2017,18250,19085,309119,268250.6,"Brown_20260421",16686.1198680722,15338.9285139168,18151.6326905796,16957.7410984117,15299.6953298469,18795.4712143696,245432.165974,234593.093416477,256772.043956765,236758.805882826,196942.014797699,284625.564639631
"West Vancouver Island","Chinook",2018,13737,19244.2,274047,296057.9,"Brown_20260421",17289.0863018736,16050.4283065669,18623.3351188103,17413.0451330814,15640.98881952,19385.8677546215,262286.389525446,250702.980335233,274404.995258949,236710.181602011,195288.936483526,286916.970735738
"West Vancouver Island","Chinook",2019,16722,17652.4,299947,297638.1,"Brown_20260421",17913.8414153181,16721.2580069073,19191.4815333036,17880.5737773132,15987.376017736,19997.9607817604,280298.019851161,266964.055666723,294297.971074296,236661.567307397,193604.348727776,289294.624880283
"West Vancouver Island","Chinook",2020,20125,17042.9,283762,291398.4,"Brown_20260421",18561.1725599628,17325.4941857681,19884.9812367093,18360.6552537182,16339.1633413995,20632.2474598025,299546.537945157,283461.647675451,316544.157316349,236612.96299693,191894.757465056,291752.07805446
"West Vancouver Island","Chinook",2021,21689,17794.5,320415,294024.9,"Brown_20260421",19231.8955389501,17854.0470651622,20716.0765663484,18853.6265974651,16696.6417473439,21289.2653058923,320116.882889772,300373.883670517,341157.551578185,236564.368668562,190165.748270117,294283.807849899
"West Vancouver Island","Chinook",2022,18243,19102.4,407582,324699.5,"Brown_20260421",19926.8556351286,18318.0162021508,21676.9966311434,19359.8338928921,17060.0880884303,21969.5916233021,342099.826671427,317875.504254067,368170.210797623,236515.784320242,188422.112184866,296885.092646321
"West Vancouver Island","Chinook",2023,33612,22745.3,429707,355233.4,"Brown_20260421",20646.928676326,18736.4651312116,22752.1926243794,19879.6325164714,17429.7667042833,22673.8427252056,365592.37473557,336107.694748774,397663.566032599,236467.209949921,186667.958155554,299551.899179738
"West Vancouver Island","Chinook",2024,22345,23348.2,NA,NA,"PSF_20260428",21393.022139117,19125.9472840289,23928.8224237092,20413.3873862958,17805.9310762478,23402.6731204663,NA,NA,NA,NA,NA,NA
"West Vancouver Island","Chinook",2025,10628,19534.7,NA,NA,"PSF_20260428",22166.0762924759,19497.9327603753,25199.334936798,20961.4732182657,18188.8254426516,24156.7747662114,NA,NA,NA,NA,NA,NA
"West Vancouver Island","Sockeye",1977,297800,297800,1420614,1420613.9,"Brown_20260420",NA,NA,NA,344168.511286947,302211.233314376,391950.897597024,NA,NA,NA,881803.930228927,731961.190707981,1062321.58376468
"West Vancouver Island","Sockeye",1978,158900,217532.6,355968,711120.7,"Brown_20260420",NA,NA,NA,345954.758815592,304996.816569531,392412.932348983,NA,NA,NA,873668.246409234,729374.008710791,1046508.6439438
"West Vancouver Island","Sockeye",1979,360441,257411.3,1181541,842258,"Brown_20260420",NA,NA,NA,347750.277036148,307793.466180735,392894.159448166,NA,NA,NA,865607.623891656,726746.55447009,1031001.18456798
"West Vancouver Island","Sockeye",1980,415212,290093.6,1111164,902668.8,"Brown_20260420",NA,NA,NA,349555.114063855,310599.538013135,393396.521288538,NA,NA,NA,857621.370146938,724074.390648509,1015799.51456915
"West Vancouver Island","Sockeye",1981,410789,310995.6,1449665,992376.1,"Brown_20260420",NA,NA,NA,351369.318263672,313413.148773351,393922.202371796,NA,NA,NA,849708.799035222,721352.558637121,1000904.52929423
"West Vancouver Island","Sockeye",1982,464820,339958.8,917421,909274.1,"Brown_20260420",NA,NA,NA,353192.938251577,316232.143383961,394473.661962059,NA,NA,NA,841869.230747103,718575.51488758,986317.773142605
"West Vancouver Island","Sockeye",1983,636512,448707,1524438,1216283,"Brown_20260420",NA,NA,NA,355026.022895862,319054.058544422,395053.670554402,NA,NA,NA,834101.99174522,715737.061761398,972041.50770283
"West Vancouver Island","Sockeye",1984,295810,431319,1241726,1228428.9,"Brown_20260420",NA,NA,NA,356868.621318452,321876.082487392,395665.350148287,NA,NA,NA,826406.414706395,712830.273807037,958078.784477597
"West Vancouver Island","Sockeye",1985,285725,400252.7,743743,1133649.9,"Brown_20260420",NA,NA,NA,358720.782896213,324695.011216428,396312.218039898,NA,NA,NA,818781.838464292,709847.421219568,944433.52044185
"West Vancouver Island","Sockeye",1986,334648,384174.2,391596,872555.5,"Brown_20260420",NA,NA,NA,360582.557262282,327507.201937078,396998.233421404,NA,NA,NA,811227.607952615,706779.893447622,931110.573469209
"West Vancouver Island","Sockeye",1987,473350,385573.9,736610,835077.6,"Brown_20260420",NA,NA,NA,362453.99430739,330308.525018767,397727.845449697,NA,NA,NA,803743.074148829,703618.127588325,918115.812985671
"West Vancouver Island","Sockeye",1988,482393,364776.2,809291,735742.4,"Brown_20260420",NA,NA,NA,364335.144181207,333094.316705171,398506.040566977,NA,NA,NA,796327.594018405,700351.548447257,905456.178973378
"West Vancouver Island","Sockeye",1989,449850,396677.5,478233,607923.1,"Brown_20260420",NA,NA,NA,366226.057293678,335859.335975181,399338.385671028,NA,NA,NA,788980.530459561,696968.529993356,893139.719594204
"West Vancouver Island","Sockeye",1990,323281,406596.8,360671,526000.7,"Brown_20260420",NA,NA,NA,368126.78431638,338597.730468991,400231.062220688,NA,NA,NA,781701.252248535,693456.391369456,881175.594272333
"West Vancouver Island","Sockeye",1991,680965,468674.4,1862272,718500.9,"Brown_20260420",NA,NA,NA,370037.376183877,341303.018196952,401190.884558871,NA,NA,NA,774489.13398535,689801.444404786,869574.025289204
"West Vancouver Island","Sockeye",1992,437791,461411.2,1017761,766494.3,"Brown_20260420",NA,NA,NA,371957.884095083,343968.093692713,402225.293791608,NA,NA,NA,767343.556040084,685989.113187492,858346.177332567
"West Vancouver Island","Sockeye",1993,627550,486337.3,1444919,860709.8,"Brown_20260420",NA,NA,NA,373888.35951464,346585.269028733,403342.316805043,NA,NA,NA,760263.904499633,682004.148722684,847503.941973898
"West Vancouver Island","Sockeye",1994,274663,440640.2,489234,864633.5,"Brown_20260420",NA,NA,NA,375828.85417429,349146.361113953,404550.479000581,NA,NA,NA,753249.571114968,677830.961520727,837059.604229266
"West Vancouver Island","Sockeye",1995,170811,387856.6,201347,769482.7,"Brown_20260420",NA,NA,NA,377779.420074267,351642.836118225,405858.659903615,NA,NA,NA,746299.953248873,673454.090154254,827025.373164929
"West Vancouver Island","Sockeye",1996,501780,364879,564376,606043.7,"Brown_20260420",NA,NA,NA,379740.109484688,354066.018735782,407275.883933534,NA,NA,NA,739414.453824179,668858.812313933,817412.770017442
"West Vancouver Island","Sockeye",1997,356204,350134.8,512588,528358.2,"Brown_20260420",NA,NA,NA,381710.974946952,356407.367458492,408811.045164271,NA,NA,NA,732592.481272455,664031.885335478,808231.886855535
"West Vancouver Island","Sockeye",1998,640127,351527.1,875258,477954.9,"Brown_20260420",NA,NA,NA,383692.069275153,358658.806855013,410472.575079305,NA,NA,NA,725833.449483189,658962.376210127,799490.555771382
"West Vancouver Island","Sockeye",1999,394147,377859.7,510003,481945.8,"Brown_20260420",NA,NA,NA,385683.445557487,360813.095054755,412268.075122167,NA,NA,NA,719136.777753431,653642.510663939,791193.499015668
"West Vancouver Island","Sockeye",2000,223098,398590.1,328262,531438.7,"Brown_20260420",NA,NA,NA,387685.157157687,362864.191849682,414203.948629471,NA,NA,NA,712501.890737907,648068.444679192,783341.556703002
"West Vancouver Island","Sockeye",2001,800245,437591,1034022,599853.8,"Brown_20260420",NA,NA,NA,389697.257716438,364807.584024676,416285.07553571,NA,NA,NA,705928.218399576,642240.849829,775931.100716318
"West Vancouver Island","Sockeye",2002,522745,472483.4,1123201,701751.3,"Brown_20260420",NA,NA,NA,391719.801152829,366640.523766622,418514.573999692,NA,NA,NA,699415.195960669,636165.214609876,768953.732625396
"West Vancouver Island","Sockeye",2003,443176,438983.8,974517,716991.3,"Brown_20260420",NA,NA,NA,393752.841665786,368362.145496496,420893.683608313,NA,NA,NA,692962.263854154,629851.800037263,762396.327354251
"West Vancouver Island","Sockeye",2004,377681,435253.1,712116,766495.3,"Brown_20260420",NA,NA,NA,395796.433735532,369973.444979537,423421.786302609,NA,NA,NA,686568.867675672,623315.242357036,756241.429744228
"West Vancouver Island","Sockeye",2005,347117,475486.2,452463,817300.9,"Brown_20260420",NA,NA,NA,397850.632125045,371477.127313645,426096.558425938,NA,NA,NA,680234.458135896,616573.854159101,750467.952726448
"West Vancouver Island","Sockeye",2006,203636,361629.8,294136,635602.7,"Brown_20260420",NA,NA,NA,399915.491881523,372877.350863465,428914.226826831,NA,NA,NA,673958.491013345,609648.720709571,745052.080287018
"West Vancouver Island","Sockeye",2007,162815,286381.6,172855,437150.2,"Brown_20260420",NA,NA,NA,401991.068337861,374179.406958515,431869.889198182,NA,NA,NA,667740.42710762,602562.709322606,739968.257403643
"West Vancouver Island","Sockeye",2008,203968,245212.4,203968,319731.3,"Brown_20260420",NA,NA,NA,404077.417114136,375389.377975484,434957.856032609,NA,NA,NA,661579.73219309,595339.503919376,735190.154806113
"West Vancouver Island","Sockeye",2009,430072,251666.6,586524,307561.6,"Brown_20260420",NA,NA,NA,406174.594119093,376513.810588132,438171.977410623,NA,NA,NA,655475.876972981,588002.751199177,730691.522135347
"West Vancouver Island","Sockeye",2010,830435,299634.3,1797164,405259.5,"Brown_20260420",NA,NA,NA,408282.655551647,377559.430040202,441505.928766117,NA,NA,NA,649428.337033912,580575.370046437,726446.877877196
"West Vancouver Island","Sockeye",2011,905457,403826,1496371,561088.5,"Brown_20260420",550196.488326376,438796.047289916,689878.994207686,410401.657902387,378532.909187839,444953.441882773,946974.859480696,682836.401627974,1313288.7794946,643436.59280083,573079.042197773,722432.018046586
"West Vancouver Island","Sockeye",2012,395858,482351.1,781451,758709,"Brown_20260420",534251.270297412,435944.967310951,654725.805357929,412531.657955091,379440.695654887,448508.47777794,910872.024562517,678898.732038141,1222108.40288328,637500.129492384,565533.876303418,718624.35148759
"West Vancouver Island","Sockeye",2013,664958,610955.6,754365,985550.9,"Brown_20260420",518768.159867071,432556.848793218,622161.929565283,414672.712788244,380288.893131392,452165.345443708,876145.588052467,673732.640603797,1139370.49387403,631618.437076683,557958.221541438,715003.085630782
"West Vancouver Island","Sockeye",2014,539952,639399.6,1216455,1140357.9,"Brown_20260420",503733.76471721,428423.996213537,592281.730152433,416824.879776574,381083.188740744,455918.774519742,842743.075606575,666870.326841939,1064998.49055537,625791.010227485,550368.599944639,711549.293547866
"West Vancouver Island","Sockeye",2015,764187,628855.9,2073786,1173482,"Brown_20260420",489135.080651815,423254.744136679,565269.806041433,418988.216592584,381828.816888606,459763.951484703,810614.013433004,657660.157217374,999140.774399648,620017.34828078,542779.726135244,708245.89360831
"West Vancouver Island","Sockeye",2016,468215,551146,1130343,1109457.3,"Brown_20260420",474959.480348853,416667.279001415,541406.823482499,421162.781208102,382530.550231725,463696.528728212,779709.85202223,645260.370401532,942173.859154274,614296.955191777,535204.586578867,705077.569626322
"West Vancouver Island","Sockeye",2017,457993,567453.7,555281,1036174.5,"Brown_20260420",461194.702438105,408238.468480703,521020.35937122,423348.631895828,383192.709583391,467712.614686544,749983.892784965,628762.260249119,894576.336712756,608629.339492284,527654.555610918,702030.654244861
"West Vancouver Island","Sockeye",2018,208635,450038,290794,856315.2,"Brown_20260420",447828.840895535,397654.54332295,504333.910187375,425545.827230902,383819.186124832,471808.751672815,721391.217486955,607543.466966126,856572.931754242,603014.014248483,520139.530909791,699092.9928822
"West Vancouver Island","Sockeye",2019,191725,365859.1,246522,622279.8,"Brown_20260420",434850.334745017,384919.06723159,491258.629996841,427754.426092472,384413.470854713,475981.886469462,693888.620374041,581733.796558505,827666.228665068,597450.497019095,512668.075986266,696253.800671463
"West Vancouver Island","Sockeye",2020,314010,306240.6,388122,445068.3,"Brown_20260420",422247.958058519,370425.088933739,481320.902419981,429974.487665268,384978.687591869,480229.337367906,667434.542884902,552345.284907864,806504.339238248,591938.309813938,505247.561285453,693503.520796647
"West Vancouver Island","Sockeye",2021,422040,299946.9,609203,393311.8,"Brown_20260420",410010.810246093,354787.516676837,473829.705434032,432206.071441194,385517.626976451,484548.760210232,641989.010852849,520852.818743188,791298.18486983,586476.979052848,497884.298599577,690833.689526691
"West Vancouver Island","Sockeye",2022,669650,323625.2,1021339,444291.9,"Brown_20260420",398128.306627262,338606.88339352,468112.599925146,434449.237220917,386032.779787412,488938.115114936,617513.574101744,488644.156101977,780369.537705737,581066.035525,490583.665758264,688236.810980805
"West Vancouver Island","Sockeye",2023,377396,364354.6,705892,530516.6,"Brown_20260420",386590.169275669,322344.812833479,463640.030893863,436704.045115474,386526.368539076,493395.634924032,593971.248344799,456748.082792499,772421.072253426,575705.014348595,483350.220147049,685706.243074192
"West Vancouver Island","Sockeye",2024,497191,440852.3,787406,669217.7,"Brown_20260420",375386.418129046,306312.457973454,460036.669249565,438970.555547877,387000.376778245,497919.795950039,571326.459298448,425825.800264142,766543.320982489,570393.454930919,476187.800661453,683236.095036666
"West Vancouver Island","Sockeye",2025,569894,496664.6,863222,785232.4,"Brown_20260420",364507.362356831,290704.126987049,457047.578200544,441248.82925474,387456.575817944,502509.291286783,549544.988926836,396261.124584969,762122.943982709,565130.900928766,469099.618372426,680821.136228261
"West Vancouver Island","Chum",1953,569671,569670.5,NA,NA,"PSF_20260428",NA,NA,NA,410131.714099693,345541.084434146,486796.014968258,NA,NA,NA,NA,NA,NA
"West Vancouver Island","Chum",1954,868410,703354.4,NA,NA,"PSF_20260428",NA,NA,NA,412445.440226412,348720.174301984,487815.88706206,NA,NA,NA,NA,NA,NA
"West Vancouver Island","Chum",1955,204279,465790.8,NA,NA,"PSF_20260428",NA,NA,NA,414772.219058896,351919.094517987,488850.978486046,NA,NA,NA,NA,NA,NA
"West Vancouver Island","Chum",1956,318450,423548.9,NA,NA,"PSF_20260428",NA,NA,NA,417112.12423297,355137.23351215,489902.234303992,NA,NA,NA,NA,NA,NA
"West Vancouver Island","Chum",1957,295742,359522.4,NA,NA,"PSF_20260428",NA,NA,NA,419465.229799867,358373.905454546,490970.67708623,NA,NA,NA,NA,NA,NA
"West Vancouver Island","Chum",1958,472483,308774.5,NA,NA,"PSF_20260428",NA,NA,NA,421831.610228575,361628.343239323,492057.413957377,NA,NA,NA,NA,NA,NA
"West Vancouver Island","Chum",1959,277098,333229.6,NA,NA,"PSF_20260428",NA,NA,NA,424211.340408193,364899.690856714,493163.644256359,NA,NA,NA,NA,NA,NA
"West Vancouver Island","Chum",1960,476317,368516.7,NA,NA,"PSF_20260428",NA,NA,NA,426604.495650302,368186.995124125,494290.667837668,NA,NA,NA,NA,NA,NA
"West Vancouver Island","Chum",1961,214096,339923.4,NA,NA,"PSF_20260428",NA,NA,NA,429011.151691345,371489.196755213,495439.894034958,NA,NA,NA,NA,NA,NA
"West Vancouver Island","Chum",1962,205950,276200.7,NA,NA,"PSF_20260428",NA,NA,NA,431431.38469503,374805.120757461,496612.851296445,NA,NA,NA,NA,NA,NA
"West Vancouver Island","Chum",1963,190194,251400.3,NA,NA,"PSF_20260428",NA,NA,NA,433865.271254733,378133.466165344,497811.197485052,NA,NA,NA,NA,NA,NA
"West Vancouver Island","Chum",1964,381303,237798.7,NA,NA,"PSF_20260428",NA,NA,NA,436312.888395928,381472.795138936,499036.730813434,NA,NA,NA,NA,NA,NA
"West Vancouver Island","Chum",1965,303888,259558.8,NA,NA,"PSF_20260428",NA,NA,NA,438774.31357862,384821.521488322,500291.401353527,NA,NA,NA,NA,NA,NA
"West Vancouver Island","Chum",1966,247674,271810,NA,NA,"PSF_20260428",NA,NA,NA,441249.6246998,388177.898724275,501577.323020165,NA,NA,NA,NA,NA,NA
"West Vancouver Island","Chum",1967,414698,330292.9,NA,NA,"PSF_20260428",NA,NA,NA,443738.90009591,391540.007787036,502896.785876928,NA,NA,NA,NA,NA,NA
"West Vancouver Island","Chum",1968,718754,387014,NA,NA,"PSF_20260428",NA,NA,NA,446242.218545318,394905.744669912,504252.268547511,NA,NA,NA,NA,NA,NA
"West Vancouver Island","Chum",1969,416008,418623.4,NA,NA,"PSF_20260428",NA,NA,NA,448759.659270816,398272.808234334,505646.450435977,NA,NA,NA,NA,NA,NA
"West Vancouver Island","Chum",1970,399755,471848,NA,NA,"PSF_20260428",NA,NA,NA,451291.301942126,401638.688609588,507082.223362676,NA,NA,NA,NA,NA,NA
"West Vancouver Island","Chum",1971,403728,468696.1,NA,NA,"PSF_20260428",NA,NA,NA,453837.226678418,405000.656683956,508562.702109114,NA,NA,NA,NA,NA,NA
"West Vancouver Island","Chum",1972,1073380,518125,NA,NA,"PSF_20260428",NA,NA,NA,456397.51405085,408355.755323608,510091.233235409,NA,NA,NA,NA,NA,NA
"West Vancouver Island","Chum",1973,901560,628648.4,NA,NA,"PSF_20260428",NA,NA,NA,458972.245085116,411700.793097806,511671.401391804,NA,NA,NA,NA,NA,NA
"West Vancouver Island","Chum",1974,602518,696549.1,NA,NA,"PSF_20260428",NA,NA,NA,461561.501264007,415032.341437228,513307.032197407,NA,NA,NA,NA,NA,NA
"West Vancouver Island","Chum",1975,308518,651252.9,NA,NA,"PSF_20260428",NA,NA,NA,464165.364529998,418346.736295395,515002.1906162,NA,NA,NA,NA,NA,NA
"West Vancouver Island","Chum",1976,397958,508183.5,NA,NA,"PSF_20260428",NA,NA,NA,466783.917287832,421640.085504681,516761.173638825,NA,NA,NA,NA,NA,NA
"West Vancouver Island","Chum",1977,360931,404229.5,NA,NA,"PSF_20260428",NA,NA,NA,469417.242407133,424908.283095648,518588.496001419,NA,NA,NA,NA,NA,NA
"West Vancouver Island","Chum",1978,438282,373313.7,NA,NA,"PSF_20260428",NA,NA,NA,472065.423225029,428147.031852543,520488.867668655,NA,NA,NA,NA,NA,NA
"West Vancouver Island","Chum",1979,142545,307780.9,NA,NA,"PSF_20260428",NA,NA,NA,474728.543548786,431351.87527557,522467.16191039,NA,NA,NA,NA,NA,NA
"West Vancouver Island","Chum",1980,567467,336331.5,NA,NA,"PSF_20260428",NA,NA,NA,477406.687658463,434518.239877333,524528.373044519,NA,NA,NA,NA,NA,NA
"West Vancouver Island","Chum",1981,545798,372966.3,NA,NA,"PSF_20260428",NA,NA,NA,480099.940309579,437641.488326897,526677.563332596,NA,NA,NA,NA,NA,NA
"West Vancouver Island","Chum",1982,548756,394526.3,NA,NA,"PSF_20260428",NA,NA,NA,482808.386735793,440716.983353378,528919.799116318,NA,NA,NA,NA,NA,NA
"West Vancouver Island","Chum",1983,364334,498841.8,NA,NA,"PSF_20260428",NA,NA,NA,485532.112651604,443740.161538051,531260.077065877,NA,NA,NA,NA,NA,NA
"West Vancouver Island","Chum",1984,440554,468249.7,NA,NA,"PSF_20260428",NA,NA,NA,488271.204255063,446706.615198648,533703.242336518,NA,NA,NA,NA,NA,NA
"West Vancouver Island","Chum",1985,950292,537878,NA,NA,"PSF_20260428",NA,NA,NA,491025.7482305,449612.179579734,536253.901419423,NA,NA,NA,NA,NA,NA
"West Vancouver Island","Chum",1986,711813,574024.5,NA,NA,"PSF_20260428",NA,NA,NA,493795.831751269,452453.021625198,538916.333410886,NA,NA,NA,NA,NA,NA
"West Vancouver Island","Chum",1987,373847,577735.3,NA,NA,"PSF_20260428",NA,NA,NA,496581.542482505,455225.725866026,541694.404166598,NA,NA,NA,NA,NA,NA
"West Vancouver Island","Chum",1988,788998,668340.9,NA,NA,"PSF_20260428",NA,NA,NA,499382.968583898,457927.372556181,544591.488208255,NA,NA,NA,NA,NA,NA
"West Vancouver Island","Chum",1989,461513,557930.1,NA,NA,"PSF_20260428",NA,NA,NA,502200.198712485,460555.603251727,547610.403187325,NA,NA,NA,NA,NA,NA
"West Vancouver Island","Chum",1990,328361,459807.8,NA,NA,"PSF_20260428",NA,NA,NA,505033.322025456,463108.669613314,550753.36112588,NA,NA,NA,NA,NA,NA
"West Vancouver Island","Chum",1991,1001732,588289,NA,NA,"PSF_20260428",NA,NA,NA,507882.428182971,465585.462295627,554021.939570885,NA,NA,NA,NA,NA,NA
"West Vancouver Island","Chum",1992,1150931,646523.3,NA,NA,"PSF_20260428",NA,NA,NA,510747.607351004,467985.518254039,557417.07433171,NA,NA,NA,NA,NA,NA
"West Vancouver Island","Chum",1993,1016511,787619,NA,NA,"PSF_20260428",NA,NA,NA,513628.950204192,470309.006459986,560939.073809352,NA,NA,NA,NA,NA,NA
"West Vancouver Island","Chum",1994,1224233,1094445.7,NA,NA,"PSF_20260428",NA,NA,NA,516526.547928707,472556.69364631,564587.653296126,NA,NA,NA,NA,NA,NA
"West Vancouver Island","Chum",1995,385497,862008.5,NA,NA,"PSF_20260428",NA,NA,NA,519440.492225138,474729.893086972,568361.986241431,NA,NA,NA,NA,NA,NA
"West Vancouver Island","Chum",1996,1049220,842298.2,NA,NA,"PSF_20260428",NA,NA,NA,522370.875311399,476830.400390053,572260.768504661,NA,NA,NA,NA,NA,NA
"West Vancouver Island","Chum",1997,1412605,914519.6,NA,NA,"PSF_20260428",NA,NA,NA,525317.789925641,478860.420768661,576282.291130669,NA,NA,NA,NA,NA,NA
"West Vancouver Island","Chum",1998,1740162,998560.5,NA,NA,"PSF_20260428",NA,NA,NA,528281.329329194,480822.492257163,580424.517180358,NA,NA,NA,NA,NA,NA
"West Vancouver Island","Chum",1999,699221,1158838.2,NA,NA,"PSF_20260428",NA,NA,NA,531261.587309511,482719.408937928,584685.158551214,NA,NA,NA,NA,NA,NA
"West Vancouver Island","Chum",2000,199652,765375.3,NA,NA,"PSF_20260428",NA,NA,NA,534258.65818314,484554.147558473,589061.749407903,NA,NA,NA,NA,NA,NA
"West Vancouver Island","Chum",2001,971294,696958.6,NA,NA,"PSF_20260428",NA,NA,NA,537272.636798711,486329.800085211,593551.713676733,NA,NA,NA,NA,NA,NA
"West Vancouver Island","Chum",2002,707302,556494.4,NA,NA,"PSF_20260428",NA,NA,NA,540303.618539933,488049.513880723,598152.424917058,NA,NA,NA,NA,NA,NA
"West Vancouver Island","Chum",2003,999058,608422.1,NA,NA,"PSF_20260428",NA,NA,NA,543351.699328614,489716.440400179,602861.257674012,NA,NA,NA,NA,NA,NA
"West Vancouver Island","Chum",2004,1067858,925262.5,NA,NA,"PSF_20260428",NA,NA,NA,546416.9756277,491333.692638498,607675.630080998,NA,NA,NA,NA,NA,NA
"West Vancouver Island","Chum",2005,1416508,1016791.9,NA,NA,"PSF_20260428",NA,NA,NA,549499.544444324,492904.311049697,612593.037990443,NA,NA,NA,NA,NA,NA
"West Vancouver Island","Chum",2006,577293,966451.3,NA,NA,"PSF_20260428",NA,NA,NA,552599.503332877,494431.237304693,617611.081266617,NA,NA,NA,NA,NA,NA
"West Vancouver Island","Chum",2007,550280,832584.2,NA,NA,"PSF_20260428",NA,NA,NA,555716.950398095,495917.295037394,622727.483090649,NA,NA,NA,NA,NA,NA
"West Vancouver Island","Chum",2008,305856,609086.5,NA,NA,"PSF_20260428",NA,NA,NA,558851.984298166,497365.17662635,627940.103230482,NA,NA,NA,NA,NA,NA
"West Vancouver Island","Chum",2009,354873,430916,NA,NA,"PSF_20260428",NA,NA,NA,562004.704247847,498777.435042617,633246.946245118,NA,NA,NA,NA,NA,NA
"West Vancouver Island","Chum",2010,285585,361390.9,NA,NA,"PSF_20260428",NA,NA,NA,565175.210021611,500156.479837625,638646.165549376,NA,NA,NA,NA,NA,NA
"West Vancouver Island","Chum",2011,907195,409502.3,NA,NA,"PSF_20260428",NA,NA,NA,568363.6019568,501504.576425313,644136.064184883,NA,NA,NA,NA,NA,NA
"West Vancouver Island","Chum",2012,601282,484893.9,NA,NA,"PSF_20260428",NA,NA,NA,571569.9809568,502823.847912918,649715.093042953,NA,NA,NA,NA,NA,NA
"West Vancouver Island","Chum",2013,340083,479760.6,NA,NA,"PSF_20260428",NA,NA,NA,574794.448494237,504116.278841742,655381.847177988,NA,NA,NA,NA,NA,NA
"West Vancouver Island","Chum",2014,504463,553093.1,NA,NA,"PSF_20260428",712812.315371519,565371.898277866,898702.957279966,578037.106614186,505383.720304042,661135.060745302,NA,NA,NA,NA,NA,NA
"West Vancouver Island","Chum",2015,862789,546196.9,NA,NA,"PSF_20260428",656496.666072211,536205.966846198,803772.98876189,581298.057937401,506627.895999534,666973.600999865,NA,NA,NA,NA,NA,NA
"West Vancouver Island","Chum",2016,1550374,692131.8,NA,NA,"PSF_20260428",604630.227718914,507340.752459368,720576.280338732,584577.405663565,507850.408881808,672896.461705666,NA,NA,NA,NA,NA,NA
"West Vancouver Island","Chum",2017,487265,757240.5,NA,NA,"PSF_20260428",556861.490948095,478287.267252468,648344.083843755,587875.253574552,509052.748120168,678902.756230208,NA,NA,NA,NA,NA,NA
"West Vancouver Island","Chum",2018,450485,736116.5,NA,NA,"PSF_20260428",512866.717350253,448404.754901505,586595.630154281,591191.706037714,510236.296165899,684991.710535119,NA,NA,NA,NA,NA,NA
"West Vancouver Island","Chum",2019,186397,501857.2,NA,NA,"PSF_20260428",472347.745429109,417063.180276165,534960.656234925,594526.868009183,511402.335764552,691162.656221308,NA,NA,NA,NA,NA,NA
"West Vancouver Island","Chum",2020,548035,386966.3,NA,NA,"PSF_20260428",435029.96990072,384113.15501763,492696.155389772,597880.845037193,512552.056798612,697415.023744288,NA,NA,NA,NA,NA,NA
"West Vancouver Island","Chum",2021,304416,344031.9,NA,NA,"PSF_20260428",400660.480637829,350301.664236153,458258.801296237,601253.743265421,513686.56287912,703748.335881135,NA,NA,NA,NA,NA,NA
"West Vancouver Island","Chum",2022,218463,287093.4,NA,NA,"PSF_20260428",369006.348646672,316938.845587153,429627.630810898,604645.669436345,514806.877631758,710162.201503525,NA,NA,NA,NA,NA,NA
"West Vancouver Island","Chum",2023,274308,316208.1,NA,NA,"PSF_20260428",339853.047459986,285168.17869734,405024.482028285,608056.73089462,515913.950643875,716656.309690435,NA,NA,NA,NA,NA,NA
"West Vancouver Island","Chum",2024,972556,364963.7,NA,NA,"PSF_20260428",313002.99924767,255651.07107322,383221.072091568,611487.035590482,517008.663054827,723230.424198101,NA,NA,NA,NA,NA,NA
"West Vancouver Island","Chum",2025,124381,291790.8,NA,NA,"PSF_20260428",288274.235791786,228646.655507412,363451.784750223,614936.692083156,518091.832784011,729884.378292874,NA,NA,NA,NA,NA,NA
"West Vancouver Island","Coho",1953,169431,169430.7,NA,NA,"PSF_20260428",NA,NA,NA,73877.984550146,58002.0241770038,94099.4159882361,NA,NA,NA,NA,NA,NA
"West Vancouver Island","Coho",1954,213972,190403.5,NA,NA,"PSF_20260428",NA,NA,NA,74497.3222927028,58780.7073721517,94416.2000917356,NA,NA,NA,NA,NA,NA
"West Vancouver Island","Coho",1955,130218,167754.4,NA,NA,"PSF_20260428",NA,NA,NA,75121.8520994678,59567.593767905,94737.6300752123,NA,NA,NA,NA,NA,NA
"West Vancouver Island","Coho",1956,163985,166804.1,NA,NA,"PSF_20260428",NA,NA,NA,75751.6174968224,60362.5841875783,95063.9809513944,NA,NA,NA,NA,NA,NA
"West Vancouver Island","Coho",1957,100452,146368.6,NA,NA,"PSF_20260428",NA,NA,NA,76386.6623760403,61165.5591737704,95395.5504988394,NA,NA,NA,NA,NA,NA
"West Vancouver Island","Coho",1958,123919,127685.9,NA,NA,"PSF_20260428",NA,NA,NA,77027.0309963472,61976.3769129055,95732.6613727359,NA,NA,NA,NA,NA,NA
"West Vancouver Island","Coho",1959,78000,112330.8,NA,NA,"PSF_20260428",NA,NA,NA,77672.7679880047,62794.8709694855,96075.6634064924,NA,NA,NA,NA,NA,NA
"West Vancouver Island","Coho",1960,46287,81877.2,NA,NA,"PSF_20260428",NA,NA,NA,78323.9183554215,63620.8478191792,96424.9361150038,NA,NA,NA,NA,NA,NA
"West Vancouver Island","Coho",1961,70306,74889.8,NA,NA,"PSF_20260428",NA,NA,NA,78980.527480289,64454.0841716955,96780.8914086475,NA,NA,NA,NA,NA,NA
"West Vancouver Island","Coho",1962,110303,72741.9,NA,NA,"PSF_20260428",NA,NA,NA,79642.6411247455,65294.324077253,97143.9765242129,NA,NA,NA,NA,NA,NA
"West Vancouver Island","Coho",1963,65885,69736,NA,NA,"PSF_20260428",NA,NA,NA,80310.3054345641,66141.2758146767,97514.67717473,NA,NA,NA,NA,NA,NA
"West Vancouver Island","Coho",1964,194028,99783.2,NA,NA,"PSF_20260428",NA,NA,NA,80983.5669423701,66994.6085651119,97893.5209142286,NA,NA,NA,NA,NA,NA
"West Vancouver Island","Coho",1965,132211,116849.3,NA,NA,"PSF_20260428",NA,NA,NA,81662.472570883,67853.9488834783,98281.0807052969,NA,NA,NA,NA,NA,NA
"West Vancouver Island","Coho",1966,118062,118852,NA,NA,"PSF_20260428",NA,NA,NA,82347.0696361878,68718.8769906352,98677.9786664915,NA,NA,NA,NA,NA,NA
"West Vancouver Island","Coho",1967,69953,120645.7,NA,NA,"PSF_20260428",NA,NA,NA,83037.4058510318,69588.9229233396,99084.889962514,NA,NA,NA,NA,NA,NA
"West Vancouver Island","Coho",1968,109852,104651.9,NA,NA,"PSF_20260428",NA,NA,NA,83733.5293281503,70463.5625970799,99502.5467820833,NA,NA,NA,NA,NA,NA
"West Vancouver Island","Coho",1969,57925,85142.5,NA,NA,"PSF_20260428",NA,NA,NA,84435.4885836199,71342.2138593205,99931.7423259805,NA,NA,NA,NA,NA,NA
"West Vancouver Island","Coho",1970,103732,82432.2,NA,NA,"PSF_20260428",NA,NA,NA,85143.3325402396,72224.2326380945,100373.334700328,NA,NA,NA,NA,NA,NA
"West Vancouver Island","Coho",1971,125262,95356.5,NA,NA,"PSF_20260428",NA,NA,NA,85857.1105309406,73108.9093234873,100828.25057758,NA,NA,NA,NA,NA,NA
"West Vancouver Island","Coho",1972,87300,90033,NA,NA,"PSF_20260428",NA,NA,NA,86576.8723022243,73995.4655572172,101297.488450014,NA,NA,NA,NA,NA,NA
"West Vancouver Island","Coho",1973,129884,110172.8,NA,NA,"PSF_20260428",NA,NA,NA,87302.6680176299,74883.0516474847,101782.121258576,NA,NA,NA,NA,NA,NA
"West Vancouver Island","Coho",1974,72903,100874.8,NA,NA,"PSF_20260428",NA,NA,NA,88034.5482612297,75770.7448708248,102283.298135333,NA,NA,NA,NA,NA,NA
"West Vancouver Island","Coho",1975,50083,80214.3,NA,NA,"PSF_20260428",NA,NA,NA,88772.5640411555,76657.5489669472,102802.244953579,NA,NA,NA,NA,NA,NA
"West Vancouver Island","Coho",1976,40753,66303.6,NA,NA,"PSF_20260428",NA,NA,NA,89516.7667931529,77542.3951719592,103340.263340195,NA,NA,NA,NA,NA,NA
"West Vancouver Island","Coho",1977,61713,55048.2,NA,NA,"PSF_20260428",NA,NA,NA,90267.208384166,78424.145163663,103898.72777658,NA,NA,NA,NA,NA,NA
"West Vancouver Island","Coho",1978,63821,53247.2,NA,NA,"PSF_20260428",NA,NA,NA,91023.9411159532,79301.5963016436,104479.080405457,NA,NA,NA,NA,NA,NA
"West Vancouver Island","Coho",1979,94771,62451.5,NA,NA,"PSF_20260428",NA,NA,NA,91787.017728731,80173.4895249881,105082.823180704,NA,NA,NA,NA,NA,NA
"West Vancouver Island","Coho",1980,38227,61460.5,NA,NA,"PSF_20260428",NA,NA,NA,92556.4914048511,81038.5202114776,105711.507056406,NA,NA,NA,NA,NA,NA
"West Vancouver Island","Coho",1981,45097,56824.8,NA,NA,"PSF_20260428",NA,NA,NA,93332.4157725056,81895.352194698,106366.718018655,NA,NA,NA,NA,NA,NA
"West Vancouver Island","Coho",1982,43335,51583.1,NA,NA,"PSF_20260428",NA,NA,NA,94114.8449094658,82742.6349738227,107050.059925395,NA,NA,NA,NA,NA,NA
"West Vancouver Island","Coho",1983,23328,36333.7,NA,NA,"PSF_20260428",NA,NA,NA,94903.83334685,83579.0239350646,107763.134335289,NA,NA,NA,NA,NA,NA
"West Vancouver Island","Coho",1984,37925,36261.7,NA,NA,"PSF_20260428",NA,NA,NA,95699.4360729251,84403.2031433408,108507.517767096,NA,NA,NA,NA,NA,NA
"West Vancouver Island","Coho",1985,39263,35027.4,NA,NA,"PSF_20260428",NA,NA,NA,96501.7085369382,85213.9099780116,109284.737115703,NA,NA,NA,NA,NA,NA
"West Vancouver Island","Coho",1986,91492,42222.5,NA,NA,"PSF_20260428",NA,NA,NA,97310.7066529815,86009.9606094134,110096.244228093,NA,NA,NA,NA,NA,NA
"West Vancouver Island","Coho",1987,71344,55835.8,NA,NA,"PSF_20260428",NA,NA,NA,98126.4868038892,86790.2750835084,110943.390871951,NA,NA,NA,NA,NA,NA
"West Vancouver Island","Coho",1988,58439,62209.5,NA,NA,"PSF_20260428",NA,NA,NA,98949.1058451666,87553.9006429672,111827.405468593,NA,NA,NA,NA,NA,NA
"West Vancouver Island","Coho",1989,68811,71577.4,NA,NA,"PSF_20260428",NA,NA,NA,99778.6211089537,88300.031900587,112749.372974326,NA,NA,NA,NA,NA,NA
"West Vancouver Island","Coho",1990,89386,71161.9,NA,NA,"PSF_20260428",NA,NA,NA,100615.090408019,89028.0266155351,113710.219159765,NA,NA,NA,NA,NA,NA
"West Vancouver Island","Coho",1991,81454,73559.1,NA,NA,"PSF_20260428",NA,NA,NA,101458.572039793,89737.4161016487,114710.70025789,NA,NA,NA,NA,NA,NA
"West Vancouver Island","Coho",1992,44494,68712.4,NA,NA,"PSF_20260428",NA,NA,NA,102309.124790423,90427.9096912532,115751.398557373,NA,NA,NA,NA,NA,NA
"West Vancouver Island","Coho",1993,19632,50218,NA,NA,"PSF_20260428",NA,NA,NA,103166.807938881,91099.3931372473,116832.724058468,NA,NA,NA,NA,NA,NA
"West Vancouver Island","Coho",1994,27302,37332.8,NA,NA,"PSF_20260428",NA,NA,NA,104031.681261085,91751.9212979648,117954.92184694,NA,NA,NA,NA,NA,NA
"West Vancouver Island","Coho",1995,74044,36453.2,NA,NA,"PSF_20260428",NA,NA,NA,104903.805034073,92385.7058521356,119118.084438736,NA,NA,NA,NA,NA,NA
"West Vancouver Island","Coho",1996,42161,35965.7,NA,NA,"PSF_20260428",NA,NA,NA,105783.240040199,93001.0990871235,120322.168052224,NA,NA,NA,NA,NA,NA
"West Vancouver Island","Coho",1997,55467,46629.4,NA,NA,"PSF_20260428",NA,NA,NA,106670.047571371,93598.5749664484,121567.011602017,NA,NA,NA,NA,NA,NA
"West Vancouver Island","Coho",1998,154663,71937.8,NA,NA,"PSF_20260428",NA,NA,NA,107564.289433322,94178.7087104145,122852.357180556,NA,NA,NA,NA,NA,NA
"West Vancouver Island","Coho",1999,101887,77913.8,NA,NA,"PSF_20260428",NA,NA,NA,108466.027949918,94742.1560351857,124177.870882134,NA,NA,NA,NA,NA,NA
"West Vancouver Island","Coho",2000,194925,114249.2,NA,NA,"PSF_20260428",NA,NA,NA,109375.325967503,95289.6330228816,125543.162996806,NA,NA,NA,NA,NA,NA
"West Vancouver Island","Coho",2001,273797,170294.6,NA,NA,"PSF_20260428",NA,NA,NA,110292.246859276,95821.8973750344,126947.806821834,NA,NA,NA,NA,NA,NA
"West Vancouver Island","Coho",2002,228967,187844,NA,NA,"PSF_20260428",NA,NA,NA,111216.854529711,96339.7315684194,128391.355571698,NA,NA,NA,NA,NA,NA
"West Vancouver Island","Coho",2003,206969,224255.8,NA,NA,"PSF_20260428",NA,NA,NA,112149.213419008,96843.9282128494,129873.357087073,NA,NA,NA,NA,NA,NA
"West Vancouver Island","Coho",2004,226197,232754.5,NA,NA,"PSF_20260428",NA,NA,NA,113089.388507587,97335.2777227767,131393.36623095,NA,NA,NA,NA,NA,NA
"West Vancouver Island","Coho",2005,143429,198015.8,NA,NA,"PSF_20260428",NA,NA,NA,114037.445320613,97814.5582671798,132950.955007435,NA,NA,NA,NA,NA,NA
"West Vancouver Island","Coho",2006,76255,150426.3,NA,NA,"PSF_20260428",NA,NA,NA,114993.449932568,98282.5278567182,134545.720544265,NA,NA,NA,NA,NA,NA
"West Vancouver Island","Coho",2007,75442,116883.1,NA,NA,"PSF_20260428",NA,NA,NA,115957.468971849,98739.9183599233,136177.291147273,NA,NA,NA,NA,NA,NA
"West Vancouver Island","Coho",2008,109647,97527.9,NA,NA,"PSF_20260428",NA,NA,NA,116929.569625419,99187.431204989,137845.330670263,NA,NA,NA,NA,NA,NA
"West Vancouver Island","Coho",2009,179739,103188.3,NA,NA,"PSF_20260428",NA,NA,NA,117909.819643485,99625.7345131451,139549.541454319,NA,NA,NA,NA,NA,NA
"West Vancouver Island","Coho",2010,119201,115380.6,NA,NA,"PSF_20260428",NA,NA,NA,118898.287344221,100055.461416559,141289.666083626,NA,NA,NA,NA,NA,NA
"West Vancouver Island","Coho",2011,157299,138647,NA,NA,"PSF_20260428",NA,NA,NA,119895.041618529,100477.209332025,143065.488186555,NA,NA,NA,NA,NA,NA
"West Vancouver Island","Coho",2012,236715,168061.6,NA,NA,"PSF_20260428",NA,NA,NA,120900.151934842,100891.539986366,144876.832486085,NA,NA,NA,NA,NA,NA
"West Vancouver Island","Coho",2013,336711,196617.5,NA,NA,"PSF_20260428",NA,NA,NA,121913.688343964,101298.980016889,146723.564276275,NA,NA,NA,NA,NA,NA
"West Vancouver Island","Coho",2014,311981,250083.3,NA,NA,"PSF_20260428",277736.663119585,253803.617564115,303926.534937257,122935.721483951,101700.021997647,148605.588474006,NA,NA,NA,NA,NA,NA
"West Vancouver Island","Coho",2015,178715,258192.2,NA,NA,"PSF_20260428",258347.760826069,238794.01018899,279502.678777499,123966.322585038,102095.125768248,150522.848369293,NA,NA,NA,NA,NA,NA
"West Vancouver Island","Coho",2016,218906,253192.5,NA,NA,"PSF_20260428",240312.405190474,224465.080104936,257278.557811455,125005.5634746,102484.719965347,152475.324174042,NA,NA,NA,NA,NA,NA
"West Vancouver Island","Coho",2017,241879,233096.7,NA,NA,"PSF_20260428",223536.104604794,210697.857868925,237156.611686915,126053.516582157,102869.203677479,154463.031448613,NA,NA,NA,NA,NA,NA
"West Vancouver Island","Coho",2018,235044,217165.9,NA,NA,"PSF_20260428",207930.963956189,197349.121856706,219080.203473835,127110.254944427,103248.948161398,156486.019468022,NA,NA,NA,NA,NA,NA
"West Vancouver Island","Coho",2019,101284,188424.2,NA,NA,"PSF_20260428",193415.224123139,184276.010670712,203007.699083807,128175.852210412,103624.298572695,158544.369575057,NA,NA,NA,NA,NA,NA
"West Vancouver Island","Coho",2020,139221,168266.8,NA,NA,"PSF_20260428",179912.833619559,171411.632141058,188835.654247678,129250.382646532,103995.575675487,160638.193555503,NA,NA,NA,NA,NA,NA
"West Vancouver Island","Coho",2021,261624,171600.4,NA,NA,"PSF_20260428",167353.050142585,158836.264004621,176326.505584467,130333.9211418,104363.077505646,162767.632061041,NA,NA,NA,NA,NA,NA
"West Vancouver Island","Coho",2022,201411,165101.7,NA,NA,"PSF_20260428",155670.069936478,146729.542093033,165155.362228712,131426.543213044,104727.080969757,164932.853097646,NA,NA,NA,NA,NA,NA
"West Vancouver Island","Coho",2023,94105,162094.9,NA,NA,"PSF_20260428",144802.683030761,135253.716178935,155025.810789314,132528.325010169,105087.843368049,167134.050591251,NA,NA,NA,NA,NA,NA
"West Vancouver Island","Coho",2024,77801,140149,NA,NA,"PSF_20260428",134693.952546326,124499.275603929,145723.425012276,133639.343321462,105445.603834205,169371.443037803,NA,NA,NA,NA,NA,NA
"West Vancouver Island","Coho",2025,82852,105134.7,NA,NA,"PSF_20260428",125290.916389289,114494.382809777,137105.536048424,134759.675578947,105800.584688524,171645.27224123,NA,NA,NA,NA,NA,NA
"West Vancouver Island","Pink",1953,377539,377538.5,NA,NA,"PSF_20260428",NA,NA,NA,236864.416826278,147467.987013608,380453.772338234,NA,NA,NA,NA,NA,NA
"West Vancouver Island","Pink",1954,102596,196809.7,NA,NA,"PSF_20260428",NA,NA,NA,216315.28014224,135996.487677144,344069.918438634,NA,NA,NA,NA,NA,NA
"West Vancouver Island","Pink",1955,3020,17603.2,NA,NA,"PSF_20260428",NA,NA,NA,197548.880705599,125408.072314053,311188.582584265,NA,NA,NA,NA,NA,NA
"West Vancouver Island","Pink",1956,138142,20426.3,NA,NA,"PSF_20260428",NA,NA,NA,180410.557415886,115634.932327399,281471.771306592,NA,NA,NA,NA,NA,NA
"West Vancouver Island","Pink",1957,24162,57774.1,NA,NA,"PSF_20260428",NA,NA,NA,164759.066773028,106614.45660992,254614.15784577,NA,NA,NA,NA,NA,NA
"West Vancouver Island","Pink",1958,154605,61119.9,NA,NA,"PSF_20260428",NA,NA,NA,150465.418835455,98288.8337320662,230339.921694916,NA,NA,NA,NA,NA,NA
"West Vancouver Island","Pink",1959,9424,38170.8,NA,NA,"PSF_20260428",NA,NA,NA,137411.814164482,90604.6845914729,208399.894079551,NA,NA,NA,NA,NA,NA
"West Vancouver Island","Pink",1960,139698,36283.9,NA,NA,"PSF_20260428",NA,NA,NA,125490.672993925,83512.7231980533,188568.979736436,NA,NA,NA,NA,NA,NA
"West Vancouver Island","Pink",1961,211588,171925.7,NA,NA,"PSF_20260428",NA,NA,NA,114603.748623958,76967.4434471187,170643.828227025,NA,NA,NA,NA,NA,NA
"West Vancouver Island","Pink",1962,300150,252007.8,NA,NA,"PSF_20260428",NA,NA,NA,104661.317732348,70926.829897538,154440.730613447,NA,NA,NA,NA,NA,NA
"West Vancouver Island","Pink",1963,1704,22612.3,NA,NA,"PSF_20260428",NA,NA,NA,95581.4409301225,65352.090723948,139793.719666427,NA,NA,NA,NA,NA,NA
"West Vancouver Island","Pink",1964,104782,13360.4,NA,NA,"PSF_20260428",NA,NA,NA,87289.2874676169,60207.4111523201,126552.853889162,NA,NA,NA,NA,NA,NA
"West Vancouver Island","Pink",1965,12695,36472.6,NA,NA,"PSF_20260428",NA,NA,NA,79716.5185255435,55459.7258176565,114582.667550985,NA,NA,NA,NA,NA,NA
"West Vancouver Island","Pink",1966,601159,87361.2,NA,NA,"PSF_20260428",NA,NA,NA,72800.7240085543,51078.50860196,103760.770649563,NA,NA,NA,NA,NA,NA
"West Vancouver Island","Pink",1967,33515,141943.5,NA,NA,"PSF_20260428",NA,NA,NA,66484.9081996905,47035.5786205649,93976.5842784521,NA,NA,NA,NA,NA,NA
"West Vancouver Island","Pink",1968,959169,179295.1,NA,NA,"PSF_20260428",NA,NA,NA,60717.0200368046,43304.92112606,85130.1982843523,NA,NA,NA,NA,NA,NA
"West Vancouver Island","Pink",1969,23596,150441.8,NA,NA,"PSF_20260428",NA,NA,NA,55449.524139779,39862.5221918574,77131.3393700911,NA,NA,NA,NA,NA,NA
"West Vancouver Island","Pink",1970,722416,130561.3,NA,NA,"PSF_20260428",NA,NA,NA,50639.0090532142,36686.2161224315,69898.4389486703,NA,NA,NA,NA,NA,NA
"West Vancouver Island","Pink",1971,7865,75379.6,NA,NA,"PSF_20260428",NA,NA,NA,46245.8294759629,33755.5446147614,63357.7910926252,NA,NA,NA,NA,NA,NA
"West Vancouver Island","Pink",1972,2882105,150562,NA,NA,"PSF_20260428",NA,NA,NA,42233.7795289874,31051.6267658641,57442.7918624855,NA,NA,NA,NA,NA,NA
"West Vancouver Island","Pink",1973,5244,122933.4,NA,NA,"PSF_20260428",NA,NA,NA,38569.7943688136,28557.0390848641,52093.2521481557,NA,NA,NA,NA,NA,NA
"West Vancouver Island","Pink",1974,873339,67671.6,NA,NA,"PSF_20260428",NA,NA,NA,35223.6776874664,26255.7047250935,47254.7769264304,NA,NA,NA,NA,NA,NA
"West Vancouver Island","Pink",1975,27625,155324.9,NA,NA,"PSF_20260428",NA,NA,NA,32167.8528531051,24132.7912026908,42878.204534569,NA,NA,NA,NA,NA,NA
"West Vancouver Island","Pink",1976,816457,150181.4,NA,NA,"PSF_20260428",NA,NA,NA,29377.1356404167,22174.6159136042,38919.100190862,NA,NA,NA,NA,NA,NA
"West Vancouver Island","Pink",1977,104872,292614.6,NA,NA,"PSF_20260428",NA,NA,NA,26828.5266777493,20368.5588015598,35337.2985644712,NA,NA,NA,NA,NA,NA
"West Vancouver Island","Pink",1978,762702,282817.9,NA,NA,"PSF_20260428",NA,NA,NA,24501.0219004624,18702.9815665551,32096.4907135664,NA,NA,NA,NA,NA,NA
"West Vancouver Island","Pink",1979,3103,48647.7,NA,NA,"PSF_20260428",NA,NA,NA,22375.4394483693,17167.1528382411,29163.8511770213,NA,NA,NA,NA,NA,NA
"West Vancouver Island","Pink",1980,411420,35729.5,NA,NA,"PSF_20260428",NA,NA,NA,20434.2615806646,15751.1787730961,26509.7014237588,NA,NA,NA,NA,NA,NA
"West Vancouver Island","Pink",1981,2765,33727.9,NA,NA,"PSF_20260428",NA,NA,NA,18661.490305499,14445.9385708376,24107.2062375551,NA,NA,NA,NA,NA,NA
"West Vancouver Island","Pink",1982,101181,16726.2,NA,NA,"PSF_20260428",NA,NA,NA,17042.5155343885,13243.0244465053,21932.0999453806,NA,NA,NA,NA,NA,NA
"West Vancouver Island","Pink",1983,11523,34144.8,NA,NA,"PSF_20260428",NA,NA,NA,15563.9946748673,12134.685642307,19962.4396856845,NA,NA,NA,NA,NA,NA
"West Vancouver Island","Pink",1984,18521,14608.5,NA,NA,"PSF_20260428",NA,NA,NA,14213.7426690624,11113.7761191269,18178.3831612937,NA,NA,NA,NA,NA,NA
"West Vancouver Island","Pink",1985,12824,15411.5,NA,NA,"PSF_20260428",NA,NA,NA,12980.6315719552,10173.7056316339,16561.9885327643,NA,NA,NA,NA,NA,NA
"West Vancouver Island","Pink",1986,36353,21591.7,NA,NA,"PSF_20260428",NA,NA,NA,11854.4988417153,9308.39396129237,15097.0342867524,NA,NA,NA,NA,NA,NA
"West Vancouver Island","Pink",1987,6864,15796.9,NA,NA,"PSF_20260428",NA,NA,NA,10826.0635862931,8512.22815404686,13768.8570669643,NA,NA,NA,NA,NA,NA
"West Vancouver Island","Pink",1988,4594,5615.4,NA,NA,"PSF_20260428",NA,NA,NA,9886.85007602577,7780.0226776694,12564.2055911196,NA,NA,NA,NA,NA,NA
"West Vancouver Island","Pink",1989,549,1588.3,NA,NA,"PSF_20260428",NA,NA,NA,9029.11789189678,7106.98247006576,11471.1089058049,NA,NA,NA,NA,NA,NA
"West Vancouver Island","Pink",1990,26150,3789.5,NA,NA,"PSF_20260428",NA,NA,NA,8245.79813377136,6488.66888674544,10478.7573614364,NA,NA,NA,NA,NA,NA
"West Vancouver Island","Pink",1991,56631,38482.7,NA,NA,"PSF_20260428",NA,NA,NA,7530.43516287764,5920.96856763614,9577.39482899223,NA,NA,NA,NA,NA,NA
"West Vancouver Island","Pink",1992,345,4417.1,NA,NA,"PSF_20260428",NA,NA,NA,6877.13339840978,5400.06522852692,8758.22083216294,NA,NA,NA,NA,NA,NA
"West Vancouver Island","Pink",1993,43562,3874.1,NA,NA,"PSF_20260428",NA,NA,NA,6280.5087297837,4922.41434321074,8013.30143190683,NA,NA,NA,NA,NA,NA
"West Vancouver Island","Pink",1994,9241,20064.1,NA,NA,"PSF_20260428",NA,NA,NA,5735.64414411538,4484.72062572416,7335.48786946188,NA,NA,NA,NA,NA,NA
"West Vancouver Island","Pink",1995,2113,4419.3,NA,NA,"PSF_20260428",NA,NA,NA,5238.0492032304,4083.91815777075,6718.34213995108,NA,NA,NA,NA,NA,NA
"West Vancouver Island","Pink",1996,7912,4089.2,NA,NA,"PSF_20260428",NA,NA,NA,4783.6230362395,3717.15294517165,6156.06882212499,NA,NA,NA,NA,NA,NA
"West Vancouver Island","Pink",1997,3460,5232.1,NA,NA,"PSF_20260428",NA,NA,NA,4368.62054268771,3381.76763837396,5643.4526220641,NA,NA,NA,NA,NA,NA
"West Vancouver Island","Pink",1998,4069,3752.1,NA,NA,"PSF_20260428",NA,NA,NA,3989.62152774396,3075.28812198184,5175.80119432204,NA,NA,NA,NA,NA,NA
"West Vancouver Island","Pink",1999,1908,2786.4,NA,NA,"PSF_20260428",NA,NA,NA,3643.50251506287,2795.41166943019,4748.89288130339,NA,NA,NA,NA,NA,NA
"West Vancouver Island","Pink",2000,3368,2535,NA,NA,"PSF_20260428",NA,NA,NA,3327.41100501738,2539.99637011133,4358.92906249528,NA,NA,NA,NA,NA,NA
"West Vancouver Island","Pink",2001,2475,2887,NA,NA,"PSF_20260428",NA,NA,NA,3038.74196615443,2307.05156357757,4002.4908340362,NA,NA,NA,NA,NA,NA
"West Vancouver Island","Pink",2002,1289,1786.3,NA,NA,"PSF_20260428",NA,NA,NA,2775.11636613099,2094.72905349729,3676.4997519418,NA,NA,NA,NA,NA,NA
"West Vancouver Island","Pink",2003,933,1096.6,NA,NA,"PSF_20260428",NA,NA,NA,2534.36156519539,1901.31491723363,3378.18237521901,NA,NA,NA,NA,NA,NA
"West Vancouver Island","Pink",2004,459,654.1,NA,NA,"PSF_20260428",NA,NA,NA,2314.49341062928,1725.22177033434,3105.03834345206,NA,NA,NA,NA,NA,NA
"West Vancouver Island","Pink",2005,651,546.4,NA,NA,"PSF_20260428",NA,NA,NA,2113.6998845835,1564.98138518804,2854.81172132374,NA,NA,NA,NA,NA,NA
"West Vancouver Island","Pink",2006,224,381.7,NA,NA,"PSF_20260428",NA,NA,NA,1930.32617054355,1419.23759731136,2625.46534262074,NA,NA,NA,NA,NA,NA
"West Vancouver Island","Pink",2007,629,375.3,NA,NA,"PSF_20260428",NA,NA,NA,1762.86101535155,1286.73946013342,2415.15788994616,NA,NA,NA,NA,NA,NA
"West Vancouver Island","Pink",2008,604,616.5,NA,NA,"PSF_20260428",NA,NA,NA,1609.92427438893,1166.33462967089,2222.22345399973,NA,NA,NA,NA,NA,NA
"West Vancouver Island","Pink",2009,934,751.1,NA,NA,"PSF_20260428",NA,NA,NA,1470.25553727494,1056.96297473324,2045.15332756399,NA,NA,NA,NA,NA,NA
"West Vancouver Island","Pink",2010,1473,1173.1,NA,NA,"PSF_20260428",NA,NA,NA,1342.7037403409,957.650417228684,1882.57980353901,NA,NA,NA,NA,NA,NA
"West Vancouver Island","Pink",2011,1561,1516.5,NA,NA,"PSF_20260428",NA,NA,NA,1226.21768027274,867.503011858918,1733.26176262082,NA,NA,NA,NA,NA,NA
"West Vancouver Island","Pink",2012,3114,2204.9,NA,NA,"PSF_20260428",NA,NA,NA,1119.83735074106,785.70127607388,1596.07185364535,NA,NA,NA,NA,NA,NA
"West Vancouver Island","Pink",2013,3432,3269.1,NA,NA,"PSF_20260428",NA,NA,NA,1022.68603062046,711.494780565262,1469.98508744549,NA,NA,NA,NA,NA,NA
"West Vancouver Island","Pink",2014,1292,2105.5,NA,NA,"PSF_20260428",NA,NA,NA,933.963058594277,644.19700860458,1354.0686826663,NA,NA,NA,NA,NA,NA
"West Vancouver Island","Pink",2015,5184,2587.9,NA,NA,"PSF_20260428",NA,NA,NA,852.93723459737,583.180489798139,1247.47301888379,NA,NA,NA,NA,NA,NA
"West Vancouver Island","Pink",2016,248,1133.6,NA,NA,"PSF_20260428",NA,NA,NA,778.940793715743,527.872210795357,1149.42356825397,NA,NA,NA,NA,NA,NA
"West Vancouver Island","Pink",2017,656,403.1,NA,NA,"PSF_20260428",NA,NA,NA,711.363902879592,477.749302467063,1059.21369158875,NA,NA,NA,NA,NA,NA
"West Vancouver Island","Pink",2018,430,530.7,NA,NA,"PSF_20260428",NA,NA,NA,649.64963499492,432.335000272678,976.198198116844,NA,NA,NA,NA,NA,NA
"West Vancouver Island","Pink",2019,268,339.5,NA,NA,"PSF_20260428",NA,NA,NA,593.289379093601,391.194872079209,899.787580226764,NA,NA,NA,NA,NA,NA
"West Vancouver Island","Pink",2020,163,209,NA,NA,"PSF_20260428",175.632569309136,125.553286801069,245.68691260949,541.818648675177,353.933305637526,829.442845237195,NA,NA,NA,NA,NA,NA
"West Vancouver Island","Pink",2021,268,209,NA,NA,"PSF_20260428",248.178819612974,192.895282741484,319.306546169067,494.813253695344,320.190246275125,764.670875771128,NA,NA,NA,NA,NA,NA
"West Vancouver Island","Pink",2022,279,273.5,NA,NA,"PSF_20260428",350.690801522569,287.901153980986,427.174523519498,451.88580465298,289.63817411363,705.020258713412,NA,NA,NA,NA,NA,NA
"West Vancouver Island","Pink",2023,1231,586,NA,NA,"PSF_20260428",495.546068211345,406.82072147138,603.621921792885,412.682519964588,261.979309230264,650.077530109958,NA,NA,NA,NA,NA,NA
"West Vancouver Island","Pink",2024,629,879.6,NA,NA,"PSF_20260428",700.234806996838,544.252693649388,900.921190930793,376.880310314478,236.943032613038,599.463789824564,NA,NA,NA,NA,NA,NA
"West Vancouver Island","Pink",2025,1156,852.3,NA,NA,"PSF_20260428",989.47164831662,707.337016882973,1384.1409673946,344.184115951713,214.283510463633,552.831645408232,NA,NA,NA,NA,NA,NA
"West Vancouver Island","Steelhead",1953,NA,NA,NA,NA,"PSF_20260428",NA,NA,NA,NA,NA,NA,NA,NA,NA,NA,NA,NA
"West Vancouver Island","Steelhead",1954,NA,NA,NA,NA,"PSF_20260428",NA,NA,NA,NA,NA,NA,NA,NA,NA,NA,NA,NA
"West Vancouver Island","Steelhead",1955,NA,NA,NA,NA,"PSF_20260428",NA,NA,NA,NA,NA,NA,NA,NA,NA,NA,NA,NA
"West Vancouver Island","Steelhead",1956,NA,NA,NA,NA,"PSF_20260428",NA,NA,NA,NA,NA,NA,NA,NA,NA,NA,NA,NA
"West Vancouver Island","Steelhead",1957,NA,NA,NA,NA,"PSF_20260428",NA,NA,NA,NA,NA,NA,NA,NA,NA,NA,NA,NA
"West Vancouver Island","Steelhead",1958,NA,NA,NA,NA,"PSF_20260428",NA,NA,NA,NA,NA,NA,NA,NA,NA,NA,NA,NA
"West Vancouver Island","Steelhead",1959,NA,NA,NA,NA,"PSF_20260428",NA,NA,NA,NA,NA,NA,NA,NA,NA,NA,NA,NA
"West Vancouver Island","Steelhead",1960,NA,NA,NA,NA,"PSF_20260428",NA,NA,NA,NA,NA,NA,NA,NA,NA,NA,NA,NA
"West Vancouver Island","Steelhead",1961,NA,NA,NA,NA,"PSF_20260428",NA,NA,NA,NA,NA,NA,NA,NA,NA,NA,NA,NA
"West Vancouver Island","Steelhead",1962,NA,NA,NA,NA,"PSF_20260428",NA,NA,NA,NA,NA,NA,NA,NA,NA,NA,NA,NA
"West Vancouver Island","Steelhead",1963,NA,NA,NA,NA,"PSF_20260428",NA,NA,NA,NA,NA,NA,NA,NA,NA,NA,NA,NA
"West Vancouver Island","Steelhead",1964,NA,NA,NA,NA,"PSF_20260428",NA,NA,NA,NA,NA,NA,NA,NA,NA,NA,NA,NA
"West Vancouver Island","Steelhead",1965,NA,NA,NA,NA,"PSF_20260428",NA,NA,NA,NA,NA,NA,NA,NA,NA,NA,NA,NA
"West Vancouver Island","Steelhead",1966,NA,NA,NA,NA,"PSF_20260428",NA,NA,NA,NA,NA,NA,NA,NA,NA,NA,NA,NA
"West Vancouver Island","Steelhead",1967,NA,NA,NA,NA,"PSF_20260428",NA,NA,NA,NA,NA,NA,NA,NA,NA,NA,NA,NA
"West Vancouver Island","Steelhead",1968,NA,NA,NA,NA,"PSF_20260428",NA,NA,NA,NA,NA,NA,NA,NA,NA,NA,NA,NA
"West Vancouver Island","Steelhead",1969,NA,NA,NA,NA,"PSF_20260428",NA,NA,NA,NA,NA,NA,NA,NA,NA,NA,NA,NA
"West Vancouver Island","Steelhead",1970,NA,NA,NA,NA,"PSF_20260428",NA,NA,NA,NA,NA,NA,NA,NA,NA,NA,NA,NA
"West Vancouver Island","Steelhead",1971,NA,NA,NA,NA,"PSF_20260428",NA,NA,NA,NA,NA,NA,NA,NA,NA,NA,NA,NA
"West Vancouver Island","Steelhead",1972,NA,NA,NA,NA,"PSF_20260428",NA,NA,NA,NA,NA,NA,NA,NA,NA,NA,NA,NA
"West Vancouver Island","Steelhead",1973,NA,NA,NA,NA,"PSF_20260428",NA,NA,NA,NA,NA,NA,NA,NA,NA,NA,NA,NA
"West Vancouver Island","Steelhead",1974,NA,NA,NA,NA,"PSF_20260428",NA,NA,NA,NA,NA,NA,NA,NA,NA,NA,NA,NA
"West Vancouver Island","Steelhead",1975,406,405.7,NA,NA,"PSF_20260428",NA,NA,NA,762.007523376938,614.898883089893,944.310490149595,NA,NA,NA,NA,NA,NA
"West Vancouver Island","Steelhead",1976,307,353.1,NA,NA,"PSF_20260428",NA,NA,NA,755.231164955957,613.305223908579,930.000414615338,NA,NA,NA,NA,NA,NA
"West Vancouver Island","Steelhead",1977,448,382.3,NA,NA,"PSF_20260428",NA,NA,NA,748.515067138763,611.671750500181,915.972995770354,NA,NA,NA,NA,NA,NA
"West Vancouver Island","Steelhead",1978,265,348.8,NA,NA,"PSF_20260428",NA,NA,NA,741.858694041607,609.994594271633,902.228195287978,NA,NA,NA,NA,NA,NA
"West Vancouver Island","Steelhead",1979,444,365.9,NA,NA,"PSF_20260428",NA,NA,NA,735.261514546227,608.269450170337,888.766474498139,NA,NA,NA,NA,NA,NA
"West Vancouver Island","Steelhead",1980,875,426.8,NA,NA,"PSF_20260428",NA,NA,NA,728.723002257479,606.491525418653,875.588844629915,NA,NA,NA,NA,NA,NA
"West Vancouver Island","Steelhead",1981,985,538.8,NA,NA,"PSF_20260428",NA,NA,NA,722.242635461326,604.655483893947,862.696921425117,NA,NA,NA,NA,NA,NA
"West Vancouver Island","Steelhead",1982,1134,648.7,NA,NA,"PSF_20260428",NA,NA,NA,715.819897083218,602.755386754358,850.092983522431,NA,NA,NA,NA,NA,NA
"West Vancouver Island","Steelhead",1983,966,840.2,NA,NA,"PSF_20260428",NA,NA,NA,709.454274646829,600.784630478235,837.780033443935,NA,NA,NA,NA,NA,NA
"West Vancouver Island","Steelhead",1984,1709,1100.4,NA,NA,"PSF_20260428",NA,NA,NA,703.145260233166,598.735884293303,825.761859207639,NA,NA,NA,NA,NA,NA
"West Vancouver Island","Steelhead",1985,1118,1155.7,NA,NA,"PSF_20260428",NA,NA,NA,696.892350440047,596.601030086224,814.043093475154,NA,NA,NA,NA,NA,NA
"West Vancouver Island","Steelhead",1986,1140,1189.8,NA,NA,"PSF_20260428",NA,NA,NA,690.695046341927,594.371109370122,802.629265656663,NA,NA,NA,NA,NA,NA
"West Vancouver Island","Steelhead",1987,1190,1201.4,NA,NA,"PSF_20260428",NA,NA,NA,684.552853450094,592.03628379577,791.526840487229,NA,NA,NA,NA,NA,NA
"West Vancouver Island","Steelhead",1988,922,1190.3,NA,NA,"PSF_20260428",NA,NA,NA,678.465281673209,589.585818023927,780.743234256742,NA,NA,NA,NA,NA,NA
"West Vancouver Island","Steelhead",1989,652,981.8,NA,NA,"PSF_20260428",NA,NA,NA,672.431845278205,587.008096439638,770.286797212426,NA,NA,NA,NA,NA,NA
"West Vancouver Island","Steelhead",1990,686,890.4,NA,NA,"PSF_20260428",NA,NA,NA,666.452062851525,584.290687929612,760.166747912573,NA,NA,NA,NA,NA,NA
"West Vancouver Island","Steelhead",1991,624,789.3,NA,NA,"PSF_20260428",NA,NA,NA,660.525457260716,581.420475260865,750.393042993071,NA,NA,NA,NA,NA,NA
"West Vancouver Island","Steelhead",1992,893,745.3,NA,NA,"PSF_20260428",NA,NA,NA,654.651555616352,578.383866669616,740.976164737522,NA,NA,NA,NA,NA,NA
"West Vancouver Island","Steelhead",1993,664,697.9,NA,NA,"PSF_20260428",NA,NA,NA,648.829889234307,575.167105925735,731.92681018542,NA,NA,NA,NA,NA,NA
"West Vancouver Island","Steelhead",1994,521,667.2,NA,NA,"PSF_20260428",NA,NA,NA,643.059993598352,571.756691976504,723.255470674413,NA,NA,NA,NA,NA,NA
"West Vancouver Island","Steelhead",1995,638,657.5,NA,NA,"PSF_20260428",NA,NA,NA,637.341408323097,568.139908996302,714.97190098982,NA,NA,NA,NA,NA,NA
"West Vancouver Island","Steelhead",1996,1347,767,NA,NA,"PSF_20260428",NA,NA,NA,631.673677117255,564.305451712413,707.084493250974,NA,NA,NA,NA,NA,NA
"West Vancouver Island","Steelhead",1997,824,754.7,NA,NA,"PSF_20260428",NA,NA,NA,626.056347747229,560.244110252935,699.599591288245,NA,NA,NA,NA,NA,NA
"West Vancouver Island","Steelhead",1998,1156,843.2,NA,NA,"PSF_20260428",NA,NA,NA,620.488972001036,555.949456785369,692.5208032419,NA,NA,NA,NA,NA,NA
"West Vancouver Island","Steelhead",1999,805,919.9,NA,NA,"PSF_20260428",NA,NA,NA,614.971105652536,551.418458547435,685.848387781108,NA,NA,NA,NA,NA,NA
"West Vancouver Island","Steelhead",2000,1137,1032.7,NA,NA,"PSF_20260428",NA,NA,NA,609.502308425993,546.651935314686,679.578795898271,NA,NA,NA,NA,NA,NA
"West Vancouver Island","Steelhead",2001,921,957.1,NA,NA,"PSF_20260428",NA,NA,NA,604.08214396094,541.654789301885,673.704440281548,NA,NA,NA,NA,NA,NA
"West Vancouver Island","Steelhead",2002,896,973.2,NA,NA,"PSF_20260428",NA,NA,NA,598.710179777367,536.435962988464,668.213736775056,NA,NA,NA,NA,NA,NA
"West Vancouver Island","Steelhead",2003,543,836.7,NA,NA,"PSF_20260428",NA,NA,NA,593.385987241207,531.008120362885,663.091422431723,NA,NA,NA,NA,NA,NA
"West Vancouver Island","Steelhead",2004,302,687.8,NA,NA,"PSF_20260428",NA,NA,NA,588.109141530137,525.387089552189,658.319112192341,NA,NA,NA,NA,NA,NA
"West Vancouver Island","Steelhead",2005,248,507.2,NA,NA,"PSF_20260428",NA,NA,NA,582.879221599685,519.591138424199,653.876022603143,NA,NA,NA,NA,NA,NA
"West Vancouver Island","Steelhead",2006,740,485.5,NA,NA,"PSF_20260428",NA,NA,NA,577.695810149627,513.640171473861,649.739774260272,NA,NA,NA,NA,NA,NA
"West Vancouver Island","Steelhead",2007,471,426.9,NA,NA,"PSF_20260428",NA,NA,NA,572.558493590697,507.554934191443,645.887186783211,NA,NA,NA,NA,NA,NA
"West Vancouver Island","Steelhead",2008,389,399.4,NA,NA,"PSF_20260428",NA,NA,NA,567.466862011584,501.356294109958,642.294997119652,NA,NA,NA,NA,NA,NA
"West Vancouver Island","Steelhead",2009,497,441.2,NA,NA,"PSF_20260428",NA,NA,NA,562.420509146223,495.06464305006,638.940456663376,NA,NA,NA,NA,NA,NA
"West Vancouver Island","Steelhead",2010,1046,588.4,NA,NA,"PSF_20260428",NA,NA,NA,557.41903234138,488.699439954113,635.801787793282,NA,NA,NA,NA,NA,NA
"West Vancouver Island","Steelhead",2011,972,621.4,NA,NA,"PSF_20260428",759.847027389124,625.301731323814,923.342246006189,552.462032524525,482.278893161614,632.858500981195,NA,NA,NA,NA,NA,NA
"West Vancouver Island","Steelhead",2012,893,706.3,NA,NA,"PSF_20260428",710.14465477647,596.03752606483,846.096778565483,547.549114171988,475.81976721229,630.091587382005,NA,NA,NA,NA,NA,NA
"West Vancouver Island","Steelhead",2013,567,761.4,NA,NA,"PSF_20260428",663.693365282238,567.515074119424,776.171247615123,542.6798852774,469.337292147843,627.483608934964,NA,NA,NA,NA,NA,NA
"West Vancouver Island","Steelhead",2014,615,794.5,NA,NA,"PSF_20260428",620.28050222854,539.52119507903,713.128427491214,537.853957320416,462.845151394623,625.018709893722,NA,NA,NA,NA,NA,NA
"West Vancouver Island","Steelhead",2015,353,639.3,NA,NA,"PSF_20260428",579.707319028681,511.787753047569,656.640518914852,533.070945235713,456.355525836731,622.682572175452,NA,NA,NA,NA,NA,NA
"West Vancouver Island","Steelhead",2016,668,593.1,NA,NA,"PSF_20260428",541.788069313843,483.998817214231,606.477333437149,528.330467382266,449.879175011886,620.462333596546,NA,NA,NA,NA,NA,NA
"West Vancouver Island","Steelhead",2017,486,525.1,NA,NA,"PSF_20260428",506.349156575507,455.849648385981,562.443053915959,523.632145512895,443.425540293058,618.346484131758,NA,NA,NA,NA,NA,NA
"West Vancouver Island","Steelhead",2018,371,482.4,NA,NA,"PSF_20260428",473.22833943065,427.186438617409,524.232608987048,518.975604744088,437.002858719408,616.324751533095,NA,NA,NA,NA,NA,NA
"West Vancouver Island","Steelhead",2019,158,367.6,NA,NA,"PSF_20260428",442.273988871344,398.164862524468,491.269571081625,514.360473526083,430.618279433444,614.387984351386,NA,NA,NA,NA,NA,NA
"West Vancouver Island","Steelhead",2020,336,364.1,NA,NA,"PSF_20260428",413.344394098433,369.255450935163,462.697538248666,509.786383613228,424.277977334935,612.528037749873,NA,NA,NA,NA,NA,NA
"West Vancouver Island","Steelhead",2021,199,285.8,NA,NA,"PSF_20260428",386.307113761333,341.046668290247,437.574091811994,505.252970034592,417.987260586517,610.737665474706,NA,NA,NA,NA,NA,NA
"West Vancouver Island","Steelhead",2022,593,297.4,NA,NA,"PSF_20260428",361.038369633903,314.031880664367,415.08111874546,500.759871064851,411.750670081906,609.010419871339,NA,NA,NA,NA,NA,NA
"West Vancouver Island","Steelhead",2023,272,279.5,NA,NA,"PSF_20260428",337.422479950597,288.525324699139,394.606366337973,496.306728195419,405.572070019575,607.340560803787,NA,NA,NA,NA,NA,NA
"West Vancouver Island","Steelhead",2024,806,387.1,NA,NA,"PSF_20260428",315.351329808686,264.680196064541,375.723090320883,491.893186105844,399.454729415652,605.722973642876,NA,NA,NA,NA,NA,NA
"West Vancouver Island","Steelhead",2025,542,425.9,NA,NA,"PSF_20260428",294.723876212002,242.537436371994,358.139199081011,487.51889263546,393.401394829125,604.153096050256,NA,NA,NA,NA,NA,NA
"Fraser","Chinook",1984,185527,185527,229392,229392,"Weir_20260424",NA,NA,NA,208553.851394372,187935.865723277,231433.786010111,NA,NA,NA,244133.212027262,220490.811520627,270310.698226862
"Fraser","Chinook",1985,264225,221406.6,296839,260945.4,"Weir_20260424",NA,NA,NA,209265.300165724,189283.173780368,231356.887032463,NA,NA,NA,244846.067921543,221944.910370909,270110.257885413
"Fraser","Chinook",1986,286016,241133.3,328191,281670.9,"Weir_20260424",NA,NA,NA,209979.175933034,190630.013918036,231292.299776433,NA,NA,NA,245561.005316829,223396.986554339,269923.996121337
"Fraser","Chinook",1987,180741,224366,204800,260099.2,"Weir_20260424",NA,NA,NA,210695.486975617,191975.027646096,231241.473311465,NA,NA,NA,246278.03029099,224845.486897009,269753.549608901
"Fraser","Chinook",1988,140249,204242.2,161034,236316.9,"Weir_20260424",NA,NA,NA,211414.241601034,193316.645270423,231206.068619786,NA,NA,NA,246997.148939645,226288.619810071,269600.794045755
"Fraser","Chinook",1989,157331,197618.2,185293,226438.8,"Weir_20260424",NA,NA,NA,212135.448145184,194653.052954539,231187.991540355,NA,NA,NA,247718.367376212,227724.318241967,269467.881205087
"Fraser","Chinook",1990,282706,200308.4,312550,228786.6,"Weir_20260424",NA,NA,NA,212859.114972404,195982.155721163,231189.429772879,NA,NA,NA,248441.691731958,229150.198103835,269357.280514627
"Fraser","Chinook",1991,174481,181455.8,202154,207654.7,"Weir_20260424",NA,NA,NA,213585.250475564,197301.53674546,231212.893590192,NA,NA,NA,249167.128156054,230563.512585385,269271.824745227
"Fraser","Chinook",1992,231909,190731.7,250277,216152.3,"Weir_20260424",NA,NA,NA,214313.863076165,198608.413922885,231261.259276068,NA,NA,NA,249894.682815628,231961.103497054,269214.758673177
"Fraser","Chinook",1993,209159,206603.8,239928,234095.2,"Weir_20260424",NA,NA,NA,215044.961224436,199899.595674698,231337.813325415,NA,NA,NA,250624.361895813,233339.351887671,269189.788467062
"Fraser","Chinook",1994,227111,222342.8,261222,250739.5,"Weir_20260424",NA,NA,NA,215778.553399433,201171.439392811,231446.294005172,NA,NA,NA,251356.171599803,234694.13181777,269201.127918981
"Fraser","Chinook",1995,141488,193597.6,173215,222820.9,"Weir_20260424",NA,NA,NA,216514.648109139,202419.817910047,231590.924889858,NA,NA,NA,252090.118148906,236020.773414373,269253.535394353
"Fraser","Chinook",1996,204870,199915.3,239700,230543.6,"Weir_20260424",NA,NA,NA,217253.253890557,203640.101911603,231776.432455938,NA,NA,NA,252826.207782595,237314.04418962,269352.332517891
"Fraser","Chinook",1997,221592,198104.1,276403,235167.6,"Weir_20260424",NA,NA,NA,217994.379309816,204827.169075458,232008.036947311,NA,NA,NA,253564.446758562,238568.160839136,269503.39237988
"Fraser","Chinook",1998,366398,221609.7,398714,260311.6,"Weir_20260424",NA,NA,NA,218738.032962264,205975.453373838,232291.40307977,NA,NA,NA,254304.841352772,239776.846696208,269713.082086676
"Fraser","Chinook",1999,224622,221121.8,254890,259037.2,"Weir_20260424",NA,NA,NA,219484.223472574,207079.049278969,232632.535841235,NA,NA,NA,255047.397859514,240933.451448957,269988.143048248
"Fraser","Chinook",2000,188626,234211.3,226238,273248.7,"Weir_20260424",NA,NA,NA,220232.959494837,208131.883906442,233037.608354408,NA,NA,NA,255792.122591456,242031.147718873,270335.494404386
"Fraser","Chinook",2001,258172,245298,302606,286286,"Weir_20260424",NA,NA,NA,220984.249712669,209127.963439299,233512.715458761,NA,NA,NA,256539.0218797,243063.211441715,270761.95264858
"Fraser","Chinook",2002,289047,258688.4,328980,296432.2,"Weir_20260424",NA,NA,NA,221738.102839308,210061.687190557,234063.559654137,NA,NA,NA,257288.102073835,244023.378220554,271273.875279792
"Fraser","Chinook",2003,457384,270422.3,510617,311467.1,"Weir_20260424",NA,NA,NA,222494.527617715,210928.204211029,234695.094499087,NA,NA,NA,258039.369541988,244906.246912282,271876.757220795
"Fraser","Chinook",2004,279536,282513.8,340651,330068.1,"Weir_20260424",NA,NA,NA,223253.532820677,211723.767790506,235411.170115915,NA,NA,NA,258792.830670882,245707.679636026,272574.83081464
"Fraser","Chinook",2005,234638,295120.2,277939,343938.1,"Weir_20260424",NA,NA,NA,224015.127250909,212446.03023473,236214.238419961,NA,NA,NA,259548.491865889,246425.132891338,273370.734711392
"Fraser","Chinook",2006,294203,302933,336145,351245,"Weir_20260424",NA,NA,NA,224779.319741152,213094.221976733,237105.174014581,NA,NA,NA,260306.359551084,247057.856629439,274265.31480183
"Fraser","Chinook",2007,175541,274175.4,204604,319417.8,"Weir_20260424",NA,NA,NA,225546.119154282,213669.178739054,238083.247035289,NA,NA,NA,261066.440169301,247606.920633449,275257.597842214
"Fraser","Chinook",2008,176684,226679.3,218251,269482.9,"Weir_20260424",NA,NA,NA,226315.534383407,214173.213076575,239146.251613335,NA,NA,NA,261828.740182184,248075.064643629,276344.941334071
"Fraser","Chinook",2009,205546,213160.2,247537,252811.8,"Weir_20260424",NA,NA,NA,227087.574351973,214609.860259034,240290.759999655,NA,NA,NA,262593.266070248,248466.406730355,277523.325156277
"Fraser","Chinook",2010,308481,225150.1,344758,263943.1,"Weir_20260424",NA,NA,NA,227862.248013868,214983.550702344,241512.450140064,NA,NA,NA,263360.024332929,248786.069447236,278787.725417041
"Fraser","Chinook",2011,283978,223562.8,342549,264941.2,"Weir_20260424",185934.843690236,151429.010598842,228303.453620907,228639.564353524,215299.265926188,242806.449724223,222058.962309942,181474.649899255,271719.398657293,264129.021488641,249039.788454703,280132.505835453
"Fraser","Chinook",2012,125128,208927.1,158323,251695.5,"Weir_20260424",190593.029401768,158480.366315988,229212.638139129,229419.532386021,215562.224576715,244167.650169565,226452.519126903,188883.172036528,271494.505656668,264900.264074831,249233.556257626,281551.774009036
"Fraser","Chinook",2013,197822,213702.8,219889,252072.2,"Weir_20260424",195367.915639638,165667.018992936,230393.609382227,230202.161157194,215777.62688856,245590.962165931,230933.004844654,196369.160689858,271580.591062409,265673.758648037,249373.332981515,283039.67064276
"Fraser","Chinook",2014,213954,215423.2,258544,254275.1,"Weir_20260424",200262.42607707,172897.245101772,231958.810417524,230987.459743736,215950.467782035,247071.502585106,235502.139398567,203824.620146674,272102.838319491,266449.511783939,249464.835468007,284590.580458801
"Fraser","Chinook",2015,346212,220452.6,386761,260189.3,"Weir_20260424",205279.557633451,180027.84910781,234073.211400475,231775.437253303,216085.415318516,248604.716032201,240161.676753873,211084.54063925,273244.221516935,267227.530077421,249513.40072597,286199.268750723
"Fraser","Chinook",2016,167980,198476.9,181303,229100.5,"Weir_20260424",210422.38230934,186850.194485967,236968.332297152,232566.102824622,216186.743728267,250186.44182465,244913.40557895,217912.409844026,275260.028904331,268007.820142619,249523.91132233,287860.95599797
"Fraser","Chinook",2017,135150,201559,154423,227960.5,"Weir_20260424",215694.04906747,193096.999260607,240935.503820701,233359.465627593,216258.307684544,251812.939724987,249759.14993195,224009.836994742,278468.275373973,268790.388612987,249500.767481601,289571.345771704
"Fraser","Chinook",2018,110631,179441.4,132555,206014.6,"Weir_20260424",221097.785760859,198499.596064104,246268.666725991,234155.5348634,216303.545133092,253480.887118279,254700.769961005,229083.06974902,283183.223840166,269575.242141344,249447.891437897,291326.620388197
"Fraser","Chinook",2019,230624,182154.3,265303,207080.7,"Weir_20260424",226636.901109236,202893.430371031,253158.935952079,234954.319764614,216325.498156083,255187.358155172,259740.162618283,232961.841457909,289596.57794069,270362.387399939,249368.752082736,293123.416266457
"Fraser","Chinook",2020,230462,167915.5,266599,192230.7,"Weir_20260424",232314.786724972,206290.141785929,261622.584888593,235755.829595301,216326.843928263,256929.792802784,264879.262388178,235677.088594928,297699.806381668,271151.8310805,249266.400900709,294958.787998045
"Fraser","Chinook",2021,251334,182007.6,286373,210633.9,"Weir_20260424",238134.919189776,208841.629402515,271537.048910031,236560.073651133,216309.930196006,258705.961372746,270120.042029907,237415.75158876,307329.385763016,271943.579894296,249143.512889402,296830.167432672
"Fraser","Chinook",2022,253739,206444.8,283194,237794.9,"Weir_20260424",244100.862183412,210745.30767063,282735.741911796,237367.061259488,216276.81162832,260513.928177345,275464.513334793,238411.633702101,318275.98732698,272737.640572193,249002.428341411,298735.321901742
"Fraser","Chinook",2023,822984,308394.6,864756,346020.7,"Weir_20260424",250216.268665748,212177.026087796,295075.212709897,238176.801779566,216229.28481571,262352.01653787,280914.727898544,238870.097325257,330359.828349971,273534.019864711,248845.192985872,300672.314082418
"Fraser","Chinook",2024,331641,331634.3,371801,370182.4,"Weir_20260424",256484.883113471,213270.224823652,308456.06938393,238989.304602496,216168.920690143,264218.776371902,286472.777908796,238945.838192269,343452.947762778,274332.724542078,248673.595116949,302639.464874775
"Fraser","Chinook",2025,391694,368747.4,407718,403010.2,"Weir_20260424",262910.543812837,214119.541746084,322819.456291992,239804.579151438,216097.093800529,266112.954925159,292140.796948255,238748.070764549,357474.072851164,275133.761394296,248489.199084376,304635.319916941
"Fraser","Chum",1996,1186180,1186180,1213046,1213046,"Jenewin_20260709",NA,NA,NA,1882891.41706143,1524994.2253544,2324782.63163238,NA,NA,NA,1986593.21779007,1605357.59561116,2458363.55947042
"Fraser","Chum",1997,1045815,1113788.5,1092549,1151222.1,"Jenewin_20260709",NA,NA,NA,1818741.8259021,1488761.05924172,2221862.1374813,NA,NA,NA,1925519.43209314,1572791.40323292,2357353.35006738
"Fraser","Chum",1998,3561043,1640819.8,3601181,1683660,"Jenewin_20260709",NA,NA,NA,1756777.79361709,1453058.3911561,2123980.86335029,NA,NA,NA,1866323.23626512,1540531.82228584,2261012.96437667
"Fraser","Chum",1999,2987256,1905960,3077878,1957733.8,"Jenewin_20260709",NA,NA,NA,1696924.85881844,1417833.61389983,2030953.38426603,NA,NA,NA,1808946.90760753,1508527.09891784,2169194.65145191
"Fraser","Chum",2000,699976,1670501.7,746790,1734139.2,"Jenewin_20260709",NA,NA,NA,1639111.09699718,1383027.73448875,1942611.2154522,NA,NA,NA,1753334.4979894,1476717.82049735,2081766.61727043
"Fraser","Chum",2001,3151893,2201030.6,3288543,2284149.9,"Jenewin_20260709",NA,NA,NA,1583267.03409249,1348574.2892265,1858803.42022671,NA,NA,NA,1699431.77929173,1445035.6132441,1998613.97601332
"Fraser","Chum",2002,2302250,1973648.9,2438503,2072021.1,"Jenewin_20260709",NA,NA,NA,1529325.56300566,1314398.35376806,1779397.14467665,NA,NA,NA,1647186.19052924,1413401.91761898,1919639.63855443
"Fraser","Chum",2003,1494491,1659873.9,1609582,1762015,"Jenewin_20260709",NA,NA,NA,1477221.8629583,1280415.91323143,1704277.81305431,NA,NA,NA,1596546.7865977,1381727.13318454,1844764.84580621
"Fraser","Chum",2004,2716634,2329764.9,2878832,2468960.1,"Jenewin_20260709",NA,NA,NA,1426893.32159808,1246534.04720215,1633348.52809762,NA,NA,NA,1547464.18859696,1349910.64068108,1773928.83856509
"Fraser","Chum",2005,1331383,1878213.6,1505689,2030939.6,"Jenewin_20260709",NA,NA,NA,1378279.45975822,1212652.63096775,1566527.97402946,NA,NA,NA,1499890.53568115,1317842.49404174,1707086.87054573
"Fraser","Chum",2006,1970621,1806581.8,2287455,1998730.9,"Jenewin_20260709",NA,NA,NA,1331321.85878048,1178668.49250523,1503745.88184629,NA,NA,NA,1453779.4383892,1285407.8595054,1644205.48688449
"Fraser","Chum",2007,1057248,1656832.2,1190696,1853643.7,"Jenewin_20260709",NA,NA,NA,1285964.09031419,1144483.01643087,1444935.06485991,NA,NA,NA,1409085.93341008,1252495.36536916,1585253.90403258
"Fraser","Chum",2008,982016,1284696.1,1116431,1462783.9,"Jenewin_20260709",NA,NA,NA,1242151.64850702,1110013.73199012,1390019.48662599,NA,NA,NA,1365766.43973871,1219010.05243529,1530190.80046969
"Fraser","Chum",2009,474550,992647.7,610255,1167143.3,"Jenewin_20260709",NA,NA,NA,1199831.88450599,1075209.12181368,1338899.12378056,NA,NA,NA,1323778.71617976,1184890.18293897,1478947.25995953
"Fraser","Chum",2010,608718,740028.4,639592,848714.8,"Jenewin_20260709",NA,NA,NA,1158953.94319003,1040063.78181846,1291434.49268783,NA,NA,NA,1283081.82015791,1150124.78692489,1431408.98790772
"Fraser","Chum",2011,1081706,744271.7,1151590,841658.7,"Jenewin_20260709",NA,NA,NA,1119468.70205798,1004629.09568696,1247435.67578088,NA,NA,NA,1243636.06779441,1114766.52931465,1387403.21712925
"Fraser","Chum",2012,1384366,810988.3,1598025,920606.3,"Jenewin_20260709",NA,NA,NA,1081328.7121988,969014.501155626,1206660.76971094,NA,NA,NA,1205402.99521102,1078934.23428997,1346695.96596857
"Fraser","Chum",2013,1002487,977718.4,1260411,1103631.7,"Jenewin_20260709",NA,NA,NA,1044488.1412727,933377.322412324,1168825.78038184,NA,NA,NA,1168345.32102352,1042802.52435832,1309002.1909925
"Fraser","Chum",2014,1165194,1150030.3,1384986,1338781.7,"Jenewin_20260709",1052127.26885572,764330.570763728,1448289.30336216,1008902.71843511,897903.786876199,1133623.34600121,1330820.54875123,962327.488586824,1840416.44241021,1132426.90998838,1006581.23308863,1274006.17487265
"Fraser","Chum",2015,950530,1113457,1249601,1366400.9,"Jenewin_20260709",1011505.90573045,765156.660942913,1337169.56220018,974529.681136895,862787.178465927,1100744.33547494,1257227.65685515,947197.832993856,1668734.16102056,1097612.73776695,970491.123042808,1241385.61755307
"Fraser","Chum",2016,1979489,1217584.1,2387608,1510681.8,"Jenewin_20260709",972452.884374284,763484.165841444,1238617.19029318,941327.723737184,828209.063634325,1069896.38532556,1187704.36979251,929219.864418641,1518092.46018085,1063868.85677295,934742.605670416,1210832.73357335
"Fraser","Chum",2017,659667,1096630.9,908874,1392101.4,"Jenewin_20260709",934907.6530057,758005.167835054,1153095.4625877,909256.947866893,794326.896072227,1040816.06871466,1122025.6429554,906958.06312071,1388092.34367205,1031162.36306989,899521.330726211,1182068.48764048
"Fraser","Chum",2018,684875,960204.5,762588,1199173.5,"Jenewin_20260709",898811.997674344,746833.914320857,1081717.08819355,878278.814483362,761268.295925751,1013274.40023265,1059978.87645174,878390.406994857,1279106.88638756,999461.364286194,864981.156328528,1154849.45699952
"Fraser","Chum",2019,303816,721979.7,324524,856053.4,"Jenewin_20260709",864109.952000168,727810.950347416,1025934.01320674,848356.09755849,729130.464443722,987077.215068444,1001363.22692631,841321.075175432,1191849.74895725,968734.94851665,831242.904882554,1128968.91506117
"Fraser","Chum",2020,601114,535952,683091,626079.9,"Jenewin_20260709",830747.710397463,699711.048581004,986323.940046705,819452.839344679,697982.719641047,962062.436524778,945988.957437432,794796.958161031,1125941.78727625,938953.154179988,798396.713237553,1104254.32761298
"Fraser","Chum",2021,536416,508944.2,560028,554697.6,"Jenewin_20260709",798673.544649205,663627.645334346,961200.81103787,791534.307164876,667870.470533607,938095.913895409,893676.823284633,740578.105815307,1078425.43305661,910086.940803082,766506.108918161,1080563.12948283
"Fraser","Chum",2022,1143582,578541,1207553,622243.5,"Jenewin_20260709",767837.723702348,622548.078148572,947034.920891202,764566.95167475,638819.52022094,915066.940019372,844257.491799463,682431.94292845,1044456.84268658,882108.160703341,735612.559440725,1057778.03436502
"Fraser","Chum",2023,715938,716803.8,738950,764367.8,"Jenewin_20260709",738192.436559743,579563.540520454,940238.706017738,738518.366546878,610840.09226026,892884.05367912,797570.994221144,623992.661779883,1019434.24944843,854989.531541687,705739.796551578,1035802.57570532
"Fraser","Chum",2024,1762899,938032.7,1826862,977482.9,"Jenewin_20260709",709691.718149095,536848.418067976,938183.512996103,713357.249528473,583930.318916486,871471.387885939,753466.207882941,567662.949068466,1000085.22196686,828704.609719301,676897.601894967,1014557.19188171
"Fraser","Chum",2025,971020,1088051.8,1011457,1133166.2,"Jenewin_20260709",682291.378054038,495658.817951118,939197.503821646,689053.364825867,558079.129151502,850765.625834678,711800.367033019,514708.808956065,984361.941533409,803227.764592267,649084.966840073,993975.942707134
"Fraser","Coho",1984,85157,85157.3,266537,266537.2,"Vivian_20260527",NA,NA,NA,44904.1648314339,34202.3360134275,58954.5701912575,NA,NA,NA,147797.248943625,101942.093494257,214278.77382697
"Fraser","Coho",1985,56449,69332.7,176681,217007,"Vivian_20260527",NA,NA,NA,44644.5330511105,34338.6191492695,58043.5201161574,NA,NA,NA,142206.83705725,99403.126401833,203442.137464343
"Fraser","Coho",1986,67502,68717,196881,210079.5,"Vivian_20260527",NA,NA,NA,44386.4024380307,34470.6561879085,57154.4884626218,NA,NA,NA,136827.881779727,96909.0242740509,193190.153059255
"Fraser","Coho",1987,79106,71178.7,170933,199523.5,"Vivian_20260527",NA,NA,NA,44129.7643125829,34597.8230129379,56287.821853874,NA,NA,NA,131652.384792089,94457.4678497861,183493.70162037
"Fraser","Coho",1988,94973,73146.7,329729,210423.3,"Vivian_20260527",NA,NA,NA,43874.6100453397,34719.4061869129,55443.9611169452,NA,NA,NA,126672.650310752,92046.0349362437,174325.383465615
"Fraser","Coho",1989,69742,77117.8,196551,216105.4,"Vivian_20260527",NA,NA,NA,43620.9310567686,34834.5898235832,54623.4543278924,NA,NA,NA,121881.273644154,89672.1859381363,165659.448464538
"Fraser","Coho",1990,47731,70717.5,181179,211661.4,"Vivian_20260527",NA,NA,NA,43368.718816943,34942.4411226263,53826.9711959294,NA,NA,NA,117271.130182237,87333.2500416881,157471.730041588
"Fraser","Coho",1991,32691,56699.8,101353,185735.4,"Vivian_20260527",NA,NA,NA,43117.9648452555,35041.8948594246,53055.3184939046,NA,NA,NA,112835.364802399,85026.4134446664,149739.581317001
"Fraser","Coho",1992,52484,48886.4,283155,178797.6,"Vivian_20260527",NA,NA,NA,42868.660710133,35131.7374338641,52309.4559311231,NA,NA,NA,108567.381676168,82748.7117579609,142441.811039853
"Fraser","Coho",1993,35939,41419.6,288698,196835.6,"Vivian_20260527",NA,NA,NA,42620.7980287529,35210.5915478541,51590.5113987912,NA,NA,NA,104460.834461432,80497.0296900445,135558.615993607
"Fraser","Coho",1994,37543,39006.5,66252,153065.3,"Vivian_20260527",NA,NA,NA,42374.3684667612,35276.9032422274,50899.7938574009,NA,NA,NA,100509.616865653,78268.1123748188,129071.505316263
"Fraser","Coho",1995,29018,37861.6,66192,137599.9,"Vivian_20260527",NA,NA,NA,42129.3637379926,35328.9339048153,50238.8012542368,NA,NA,NA,96707.853566019,76058.5941546216,122963.210736367
"Fraser","Coho",1996,12515,26457.4,75828,98985,"Vivian_20260527",NA,NA,NA,41885.7756041914,35364.7609400649,49609.2197806176,NA,NA,NA,93049.8914730473,73865.0520787521,117217.57528736
"Fraser","Coho",1997,21917,23380.3,36826,59155.8,"Vivian_20260527",NA,NA,NA,41643.595874735,35382.2919439995,49012.9096250461,NA,NA,NA,89530.2913246355,71684.092379339,111819.412070626
"Fraser","Coho",1998,28197,21765.4,30335,48661.4,"Vivian_20260527",NA,NA,NA,41402.8164063579,35379.2981640698,48451.8714427034,NA,NA,NA,86143.8195980693,69512.4779624098,106754.324870387
"Fraser","Coho",1999,24616,20888.3,27059,38909.9,"Vivian_20260527",NA,NA,NA,41163.4291028786,35353.4732152099,47928.187569948,NA,NA,NA,82885.4407279559,67347.3023736232,102008.485010354
"Fraser","Coho",2000,23514,24455.6,24424,29312.7,"Vivian_20260527",NA,NA,NA,40925.4259149266,35302.5217159948,47443.9333199048,NA,NA,NA,79750.3096185148,65186.2094892244,97568.3650588754
"Fraser","Coho",2001,62979,31840.7,67792,34143.7,"Vivian_20260527",NA,NA,NA,40688.7988396726,35224.2788952072,47001.0573088158,NA,NA,NA,76733.764439088,63027.6475178908,93420.4406617284
"Fraser","Coho",2002,57570,38061.2,62454,40899,"Vivian_20260527",NA,NA,NA,40453.5399205584,35116.8558871749,46601.236094769,NA,NA,NA,73831.3196921618,60871.1314441727,89550.886243762
"Fraser","Coho",2003,22500,37215.3,25862,40439,"Vivian_20260527",NA,NA,NA,40219.6412470303,34978.7970364495,46245.7168082192,NA,NA,NA,71038.6595435872,58717.4730777403,85945.3052938481
"Fraser","Coho",2004,42025,43029.8,47017,47633.4,"Vivian_20260527",NA,NA,NA,39987.0949542724,34809.2273192647,45935.1696668393,NA,NA,NA,68351.6314050858,56568.9285090825,82588.5453175343
"Fraser","Coho",2005,14502,29807.9,15991,33196.1,"Vivian_20260527",NA,NA,NA,39755.8932229428,34607.9635457481,45669.5767107108,NA,NA,NA,65766.2397594954,54429.2160814358,79464.6442387148
"Fraser","Coho",2006,9940,19214.5,11106,21557,"Vivian_20260527",NA,NA,NA,39526.0282789099,34375.5657175842,45448.180383138,NA,NA,NA,63278.6402195749,52303.3778700336,76556.9351560474
"Fraser","Coho",2007,60220,24576.4,68369,27487.7,"Vivian_20260527",NA,NA,NA,39297.4923929917,34113.3156653795,45269.5048328149,NA,NA,NA,60885.1338115355,50197.4906948803,73848.3033301636
"Fraser","Coho",2008,17338,19696.6,19179,21967.7,"Vivian_20260527",NA,NA,NA,39070.2778806955,33823.1258682675,45131.4470347905,NA,NA,NA,58582.1614747949,48118.2677698618,71321.5542062477
"Fraser","Coho",2009,23197,22150.9,27013,25044.4,"Vivian_20260527",NA,NA,NA,38844.3771019598,33507.3963319726,45031.4198539947,NA,NA,NA,56366.2987697783,46072.6156088296,68959.8277636101
"Fraser","Coho",2010,40729,31515.3,45762,35681.7,"Vivian_20260527",NA,NA,NA,38619.7824608971,33168.8460987105,44966.5204779312,NA,NA,NA,54234.2507858965,44067.2143938152,66746.9909039755
"Fraser","Coho",2011,28419,26121,33188,29783.4,"Vivian_20260527",NA,NA,NA,38396.4864055386,32810.3462252774,44933.697382166,NA,NA,NA,52182.8472421285,42108.174862211,64667.9547428937
"Fraser","Coho",2012,57560,35258.9,67442,40784.7,"Vivian_20260527",NA,NA,NA,38174.4814275804,32434.7746228347,44929.8954350901,NA,NA,NA,50209.0377729241,40200.7996259211,62708.8888166652
"Fraser","Coho",2013,58644,44459.6,73795,52433.5,"Vivian_20260527",NA,NA,NA,37953.7600621308,32044.9038369848,44952.1680633426,NA,NA,NA,48309.8873924169,38349.4520162137,60857.3290403544
"Fraser","Coho",2014,19619,37038.8,30569,47402.7,"Vivian_20260527",25187.8604685298,20349.8240742034,31176.108091586,37734.3148874595,31643.3242356408,44997.7540103764,32639.2471067487,26166.6590941054,40712.8952864828,46482.5721302024,36557.5179114124,59102.1938927908
"Fraser","Coho",2015,12863,30380.1,16935,40063.9,"Vivian_20260527",28063.0561393912,23293.2673792037,33809.5599497448,37516.138524748,31232.3991282056,45064.1221646346,35867.7266714626,29570.8330618216,43505.4979306525,44724.3748321926,34827.4374574379,57433.7318550917
"Fraser","Coho",2016,67485,31612.6,74297,41045.4,"Vivian_20260527",31266.4555557065,26604.3574067519,36745.5311199836,37299.2236378415,30814.2453756521,45148.9908977293,39415.5481703114,33342.4166429702,46594.8660591071,43032.6811203026,33160.7824850581,55843.424238739
"Fraser","Coho",2017,24898,25517.9,27671,32119.2,"Vivian_20260527",34835.5231932403,30284.5957245478,40070.3277396946,37083.562933002,30390.7324020145,45250.3290020995,43314.2990018996,37464.8930254906,50076.9746426198,41404.9755049613,31558.3587861139,54323.864183989
"Fraser","Coho",2018,33980,29274.2,40196,34394.6,"Vivian_20260527",38812.000099746,34298.4695868806,43919.4917407885,36869.1491586634,29963.4932448925,45366.3445905286,47598.6910018188,41875.0618773901,54104.6456652503,39838.8376446667,30020.3175366377,52868.6274867389
"Fraser","Coho",2019,45868,40227.8,58606,46911.6,"Vivian_20260527",43242.3920658952,38561.3768624731,48491.641733891,36655.9751051873,29533.9425937819,45495.4670086955,52306.8694933113,46451.1039411078,58900.8304228701,38331.9387470217,28546.2652741056,51472.1457954874
"Fraser","Coho",2020,68310,40350.2,79452,47705,"Vivian_20260527",48178.5135209468,42963.1601721737,54026.9653299718,36444.033604621,29103.2981501862,45636.3254267882,57480.7529073805,51045.7699682314,64726.9491057852,36882.0381059017,27135.3660814692,50129.5884773092
"Fraser","Coho",2021,83716,54639.5,92551,64513.8,"Vivian_20260527",53678.0935141359,47435.753198619,60741.8988636656,36233.317530456,28672.6028456842,45787.7265739919,63166.4059960964,55570.7962548345,71800.2100989612,35486.979769602,25786.432759095,48836.7563258229
"Fraser","Coho",2022,69543,65352.6,79220,76439.1,"Vivian_20260527",59805.4508688729,51992.4414983263,68792.5369641337,36023.8197973889,28242.7463870379,45948.6331467516,69414.4499619346,60040.3331503326,80252.150690993,34144.6893350134,24498.0058674696,47589.988184822
"Fraser","Coho",2023,73617,73558.1,84299,83711.8,"Vivian_20260527",66632.2464058316,56696.8038649966,78308.7574329482,35815.5333610827,27814.4852671962,46118.1437519419,76280.5131546613,64527.2429131923,90174.5747136029,32853.1708630569,23268.4208162554,46386.0802707845
"Fraser","Coho",2024,112459,83321.7,127267,94175.8,"Vivian_20260527",74238.321032344,61620.2687618999,89440.1861666182,35608.45121793,27388.4608327745,46295.4747943482,83825.7263484668,69109.3857952443,101675.80447997,31610.5039107918,22095.8638901806,45222.2172647542
"Fraser","Coho",2025,97773,86618.8,111203,98599.1,"Vivian_20260527",82712.6294997466,66825.3447384907,102377.011379962,35402.566404818,26965.2152859465,46479.9444305106,92117.2670089549,73849.7770680947,114903.405508926,30414.840675784,20978.4184343397,44095.9139140388
"Fraser","Pink",1959,1078000,1078000,6460055,6460055,"PSC_20260417",NA,NA,NA,1469266.82609618,1013851.53674352,2129251.59950006,NA,NA,NA,6441013.30931729,4228662.23283266,9810821.99677407
"Fraser","Pink",1961,1092561,1092561,1889246,1889246,"PSC_20260417",NA,NA,NA,1577343.87444129,1106508.91332919,2248525.67228915,NA,NA,NA,6598139.25988022,4413522.82889852,9864102.52773922
"Fraser","Pink",1963,1954038,1954038,5482350,5482350,"PSC_20260417",NA,NA,NA,1693370.90720825,1207269.80928741,2375198.15978155,NA,NA,NA,6759098.23533453,4604887.54955981,9921069.39924505
"Fraser","Pink",1965,1194099,1194099,2319887,2319887,"PSC_20260417",NA,NA,NA,1817932.71324237,1316748.72776143,2509878.52139058,NA,NA,NA,6923983.74079357,4802657.08269523,9982297.30278163
"Fraser","Pink",1967,1831219,1831219,12962791,12962791,"PSC_20260417",NA,NA,NA,1951657.0975731,1435579.65713902,2653259.54402166,NA,NA,NA,7092891.56239063,5006642.38603405,10048472.9758548
"Fraser","Pink",1969,1530913,1530913,3931461,3931461,"PSC_20260417",NA,NA,NA,2095218.0456195,1564407.58823227,2806134.85367331,NA,NA,NA,7265919.82292353,5216542.08668075,10120418.8513977
"Fraser","Pink",1971,1804952,1804952,9763328,9763328,"PSC_20260417",NA,NA,NA,2249339.12015001,1703876.65845472,2969420.61641117,NA,NA,NA,7443169.03885659,5431915.74116698,10199120.89599
"Fraser","Pink",1973,1754261,1754261,6803984,6803984,"PSC_20260417",NA,NA,NA,2414797.10811734,1854614.25275196,3144182.17412014,NA,NA,NA,7624742.1787132,5652153.14809127,10285760.4471459
"Fraser","Pink",1975,1367089,1367089,4893955,4893955,"PSC_20260417",NA,NA,NA,2592425.93574907,2017210.55572652,3331666.20274991,NA,NA,NA,7810744.72289278,5876440.78452814,10381748.9809175
"Fraser","Pink",1977,2387811,2387811,8209485,8209485,"PSC_20260417",NA,NA,NA,2783120.87162638,2192193.50759103,3533338.53022588,NA,NA,NA,8001284.72494706,6103727.94327729,10488763.235292
"Fraser","Pink",1979,3560654,3560654,14404120,14404120,"PSC_20260417",NA,NA,NA,2987843.03893501,2380000.04382414,3750926.83232404,NA,NA,NA,8196472.87435104,6332697.45968196,10608775.8033125
"Fraser","Pink",1981,4488336,4488336,18684689,18684689,"PSC_20260417",NA,NA,NA,3207624.25963036,2580946.06310944,3986465.86925321,NA,NA,NA,8396422.56080529,6561749.01629419,10744073.2104404
"Fraser","Pink",1983,4631721,4631721,15346097,15346097,"PSC_20260417",NA,NA,NA,3443572.2549323,2795199.79174205,4242340.71209242,NA,NA,NA,8601249.94010696,6789006.35876219,10897250.1457016
"Fraser","Pink",1985,6460950,6460950,19038024,19038024,"PSC_20260417",NA,NA,NA,3696876.22836038,3022765.71086321,4521320.9210029,NA,NA,NA,8811074.00162747,7012361.85128148,11071166.4213346
"Fraser","Pink",1987,3223521,3223521,7171773,7171773,"PSC_20260417",NA,NA,NA,3968812.8594487,3263487.89964776,4826576.9623431,NA,NA,NA,9026016.63743654,7229570.00951608,11268855.0262389
"Fraser","Pink",1989,7189201,7189201,16484275,16484275,"PSC_20260417",NA,NA,NA,4260752.73834942,3517080.72912202,5161671.08336007,NA,NA,NA,9246202.71311234,7438393.00281198,11493378.2847514
"Fraser","Pink",1991,12942835,12942835,22173639,22173639,"PSC_20260417",NA,NA,NA,4574167.27375596,3783189.63002688,5530520.08871978,NA,NA,NA,9471760.14027893,7636784.78707537,11747645.4628931
"Fraser","Pink",1993,10768335,10768335,16983498,16983498,"PSC_20260417",NA,NA,NA,4910636.10896262,4061475.34456216,5937336.79238847,NA,NA,NA,9702819.95091348,7823081.10588254,12034224.5881936
"Fraser","Pink",1995,7174584,7174584,12903708,12903708,"PSC_20260417",NA,NA,NA,5271855.08343833,4351705.21720247,6386566.79016533,NA,NA,NA,9939516.37346596,7996150.56447724,12355193.2822887
"Fraser","Pink",1997,2842108,2842108,8175964,8175964,"PSC_20260417",NA,NA,NA,5659644.78004169,4653830.48031555,6882841.81637859,NA,NA,NA,10181986.9108358,8155467.70682331,12712067.680152
"Fraser","Pink",1999,3444982,3444982,3608265,3608265,"PSC_20260417",NA,NA,NA,6075959.70095634,4968032.87698469,7430966.58209963,NA,NA,NA,10430372.4202509,8301093.10634735,13105824.4295494
"Fraser","Pink",2001,19813620,19813620,21261774,21261774,"PSC_20260417",NA,NA,NA,6522898.11859421,5294735.26699893,8035944.71110853,NA,NA,NA,10684817.1950951,8433575.62968457,13537000.6158194
"Fraser","Pink",2003,22181030,22181030,24250000,24250000,"PSC_20260417",NA,NA,NA,7002712.65111632,5634582.53993504,8703037.7364336,NA,NA,NA,10945469.0487315,8553812.08404835,14005836.4059875
"Fraser","Pink",2005,8809624,8809624,9870000,9870000,"PSC_20260417",NA,NA,NA,7517821.61587295,5988405.5293672,9437844.77703179,NA,NA,NA,11212479.4003716,8662901.82423022,14512422.8410528
"Fraser","Pink",2007,7650052,7650052,8490000,8490000,"PSC_20260417",NA,NA,NA,8070821.21798572,6357180.5505727,10246390.6152265,NA,NA,NA,11486003.3630378,8762022.86177422,15056828.2389761
"Fraser","Pink",2009,15428836,15428836,19993043,19993043,"PSC_20260417",NA,NA,NA,8664498.6355033,6741993.22981433,11135213.8819496,NA,NA,NA,11766199.8336732,8852341.10632894,15639191.5836764
"Fraser","Pink",2011,12784508,12784508,20645120,20645120,"PSC_20260417",NA,NA,NA,9301846.06708154,7144010.66446693,12111451.7208152,NA,NA,NA,12053231.5854482,8934952.71755693,16259782.9272197
"Fraser","Pink",2013,9344490,9344490,15897819,15897819,"PSC_20260417",NA,NA,NA,9986075.81298951,7564462.52807682,13182920.7657041,NA,NA,NA,12347265.3623198,9010853.40556148,16919036.9730628
"Fraser","Pink",2015,5368996,5368996,5865236,5865236,"PSC_20260417",NA,NA,NA,10720636.4654518,8004629.910618,14358196.1324558,NA,NA,NA,12648471.9758973,9080926.84787182,17617567.6784087
"Fraser","Pink",2017,3392159,3392159,3563091,3563091,"PSC_20260417",NA,NA,NA,11509230.289928,8465840.07718084,15646690.7783482,NA,NA,NA,12957026.4046712,9145945.20781375,18356170.8972318
"Fraser","Pink",2019,8307419,8307419,8858203,8858203,"PSC_20260417",NA,NA,NA,12355831.884932,8949465.39902506,17058737.5627303,NA,NA,NA,13273107.8956624,9206576.44946681,19135820.3754556
"Fraser","Pink",2021,7827445,7827445,8107514,8107514,"PSC_20260417",7298840.44638992,5372399.86212205,9916066.0466578,13264708.2144412,9456925.05294249,18605676.0552964,7677255.03289239,6045276.48393044,9749801.35263399,13596900.0685514,9263394.85805419,19957660.6964378
"Fraser","Pink",2023,9542025,9542025,10513292,10513292,"PSC_20260417",10974199.713958,9040702.38973328,13321206.0490566,14240440.1138575,9989688.46998896,20299945.8136841,11724712.5961229,10079982.3803412,13637810.0947662,13928591.0223473,9316892.54049432,20822999.4093634
"Fraser","Pink",2025,17695303,17695303,18909506,18909506,"PSC_20260417",16500300.3211835,12145245.7854921,22416994.7235215,15287945.3779152,10549279.8447191,22155187.5880056,17905994.3785522,14099660.1355926,22739883.9121924,14268373.4446601,9367490.64345348,21733299.6108792
"Fraser","Sockeye",1893,8050000,8050000,16340000,16340000,"PSC_20260417",NA,NA,NA,573360.432947552,461774.09295932,711911.281040111,NA,NA,NA,4806871.75373252,3944974.34001342,5857076.38766363
"Fraser","Sockeye",1894,2300000,4302906,6845000,10575788.4,"PSC_20260417",NA,NA,NA,578830.661146021,467321.154630641,716947.929625721,NA,NA,NA,4804004.92284097,3951434.04592434,5840528.53482
"Fraser","Sockeye",1895,1835000,3238818.4,7350000,9367800.1,"PSC_20260417",NA,NA,NA,584353.078848375,472930.256807665,722027.224615587,NA,NA,NA,4801139.80173487,3957869.23180657,5824079.08036951
"Fraser","Sockeye",1896,660000,2176085.4,5160000,8070317.8,"PSC_20260417",NA,NA,NA,589928.183976131,478601.87209617,727149.813946916,NA,NA,NA,4798276.38939449,3964278.51516445,5807729.25538648
"Fraser","Sockeye",1897,11200000,2363368.6,28065000,9238870.6,"PSC_20260417",NA,NA,NA,595556.479201296,484336.464077381,732316.367288788,NA,NA,NA,4795414.68480073,3970660.45344615,5791480.35164885
"Fraser","Sockeye",1898,540000,1645121.4,5635000,8800330.9,"PSC_20260417",NA,NA,NA,601238.471991696,490134.486380918,737527.577118848,NA,NA,NA,4792554.68693507,3977013.54123166,5775333.72444842
"Fraser","Sockeye",1899,1420000,1542982.6,13575000,10259167.7,"PSC_20260417",NA,NA,NA,606974.67465672,495996.381700929,742784.159858601,NA,NA,NA,4789696.39477962,3983336.20729567,5759290.79552638
"Fraser","Sockeye",1900,380000,1344067.1,4815000,10083209.1,"PSC_20260417",NA,NA,NA,612765.604393525,501922.580752573,748086.857070211,NA,NA,NA,4786839.8073171,3989626.81154182,5743353.05613719
"Fraser","Sockeye",1901,12600000,1384232.6,40195000,11030635.2,"PSC_20260417",NA,NA,NA,618611.78333366,507913.501165889,753436.436717725,NA,NA,NA,4783984.9235308,3995883.64180629,5727522.07024337
"Fraser","Sockeye",1902,450000,1322555,7680000,11918383.2,"PSC_20260417",NA,NA,NA,624513.738590149,513969.546314134,758833.694495723,NA,NA,NA,4781131.74240468,4002104.91052812,5711799.47784354
"Fraser","Sockeye",1903,470000,1003150.6,4770000,9176181.2,"PSC_20260417",NA,NA,NA,630472.002305007,520091.104073587,764279.455228375,NA,NA,NA,4778280.26292323,4008288.75128491,5696186.99843483
"Fraser","Sockeye",1904,2e+05,854432.5,2690000,7933247,"PSC_20260417",NA,NA,NA,636487.111697233,526278.545511878,769774.574341911,NA,NA,NA,4775430.48407162,4014433.21519348,5680686.43461077
"Fraser","Sockeye",1905,10150000,809471.6,32070000,7497780.3,"PSC_20260417",NA,NA,NA,642559.60911124,532532.223501888,775319.939413443,NA,NA,NA,4772582.40483557,4020536.26717529,5665299.67579397
"Fraser","Sockeye",1906,435000,802640,4595000,6594225.4,"PSC_20260417",NA,NA,NA,648690.042065757,538852.471258379,780916.471799016,NA,NA,NA,4769736.02420142,4026595.78208841,5650028.70210259
"Fraser","Sockeye",1907,2e+05,648266.9,2005000,5309612,"PSC_20260417",NA,NA,NA,654878.963303192,545239.600794617,786565.128343659,NA,NA,NA,4766891.34115614,4032609.54072863,5634875.58834759
"Fraser","Sockeye",1908,190000,640007,2995000,5454110.4,"PSC_20260417",NA,NA,NA,661126.930839474,551693.901296438,792266.903176014,NA,NA,NA,4764048.35468726,4038575.22570386,5619842.50815652
"Fraser","Sockeye",1909,4730000,528790.3,27850000,5265086.1,"PSC_20260417",NA,NA,NA,667434.508014364,558215.637411419,798022.829589874,NA,NA,NA,4761207.06378295,4044490.41718832,5604931.73821784
"Fraser","Sockeye",1910,765000,608942.9,5340000,5466626.7,"PSC_20260417",NA,NA,NA,673802.263542248,564805.047451144,803833.982014704,NA,NA,NA,4758367.46743197,4050352.58856453,5590145.6626371
"Fraser","Sockeye",1911,165000,580350.1,2395000,5715012.7,"PSC_20260417",NA,NA,NA,680230.77156341,571462.341504938,809701.478076757,NA,NA,NA,4755529.56462369,4056159.10196411,5575486.77739469
"Fraser","Sockeye",1912,345000,673684.3,3830000,6077398.1,"PSC_20260417",NA,NA,NA,686720.611695809,578187.699463936,815626.480752,NA,NA,NA,4752693.35434808,4061907.20372081,5560957.69489099
"Fraser","Sockeye",1913,6450000,727999.5,38785000,6602027.6,"PSC_20260417",NA,NA,NA,693272.369087326,584981.268954936,821610.200611362,NA,NA,NA,4749858.83559568,4067594.019753,5546561.1485623
"Fraser","Sockeye",1914,670000,704262.2,6485000,6930579,"PSC_20260417",NA,NA,NA,699886.634468536,591843.163184239,827653.898158166,NA,NA,NA,4747026.00735769,4073216.55089606,5532299.99754691
"Fraser","Sockeye",1915,370000,861814.6,2225000,6804177.6,"PSC_20260417",NA,NA,NA,706564.004205963,598773.458692522,833758.886256724,NA,NA,NA,4744194.86862587,4078771.66820952,5518177.23137618
"Fraser","Sockeye",1916,130000,675219.4,1465000,5351005,"PSC_20260417",NA,NA,NA,713305.080355847,605772.193022823,839926.532650026,NA,NA,NA,4741365.4183926,4084256.10828886,5504195.97466127
"Fraser","Sockeye",1917,615000,375209.4,7795000,3582807.2,"PSC_20260417",NA,NA,NA,720110.47071844,612839.362304959,846158.262563249,NA,NA,NA,4738537.65565086,4089666.46861652,5490359.49174039
"Fraser","Sockeye",1918,85000,223928.7,925000,2201817.8,"PSC_20260417",NA,NA,NA,726980.788892796,619974.918761054,852455.561388417,NA,NA,NA,4735711.5793942,4094999.20299341,5476671.19124575
"Fraser","Sockeye",1919,240000,200961.2,1525000,2003393.8,"PSC_20260417",NA,NA,NA,733916.654332103,627178.76813853,858819.977443905,NA,NA,NA,4732887.18861683,4100250.61709825,5463134.63054265
"Fraser","Sockeye",1920,2e+05,223812.2,1415000,1986076.8,"PSC_20260417",NA,NA,NA,740918.692399527,634450.767078756,865253.124800589,NA,NA,NA,4730064.4823135,4105416.86422928,5449753.51998607
"Fraser","Sockeye",1921,215000,172097.5,1910000,1397334.4,"PSC_20260417",NA,NA,NA,747987.534424604,641790.720431718,871756.686164371,NA,NA,NA,4727243.4594796,4110493.9412914,5436531.72693206
"Fraser","Sockeye",1922,420000,256585.6,1530000,1584666.1,"PSC_20260417",NA,NA,NA,755123.817760163,649198.378529401,878332.41580233,NA,NA,NA,4724424.11911111,4115477.6850995,5423473.27943272
"Fraser","Sockeye",1923,305000,272429.7,1190000,1489385.3,"PSC_20260417",NA,NA,NA,762328.185839788,656673.434433361,884982.142497128,NA,NA,NA,4721606.46020457,4120363.76907861,5410582.36953453
"Fraser","Sockeye",1924,265000,292286.2,1515000,1515029.5,"PSC_20260417",NA,NA,NA,769601.288235833,664215.521174892,891707.772511238,NA,NA,NA,4718790.48175719,4125147.70045111,5397863.35608959
"Fraser","Sockeye",1925,180000,279586.9,2070000,1545807.3,"PSC_20260417",NA,NA,NA,776943.780717993,671824.209009528,898511.292539336,NA,NA,NA,4715976.18276672,4129824.81801115,5385320.76697955
"Fraser","Sockeye",1926,630000,309413.8,2350000,1720875.5,"PSC_20260417",NA,NA,NA,784356.325312428,679499.002711202,905394.772623517,NA,NA,NA,4713163.56223154,4134390.29059766,5372959.30064113
"Fraser","Sockeye",1927,620000,369456,2600000,2092213.7,"PSC_20260417",NA,NA,NA,791839.590361456,687239.338935268,912360.369002184,NA,NA,NA,4710352.6191506,4138839.11638768,5360783.82677116
"Fraser","Sockeye",1928,130000,309198.3,1194000,1971305.7,"PSC_20260417",NA,NA,NA,799394.250583807,695044.583683755,919410.32685927,NA,NA,NA,4707543.35252346,4143166.12314272,5348799.3860787
"Fraser","Sockeye",1929,3e+05,351317,2581000,2083091.7,"PSC_20260417",NA,NA,NA,807020.987135468,702914.029910563,926546.982936125,NA,NA,NA,4704735.7613503,4147365.9695513,5337011.188941
"Fraser","Sockeye",1930,2625000,501933.8,7594000,2792923.7,"PSC_20260417",NA,NA,NA,814720.48767109,710846.895308794,933772.767963874,NA,NA,NA,4701929.84463185,4151433.14782044,5325424.61281035
"Fraser","Sockeye",1931,220000,387395.1,1935000,2594095.6,"PSC_20260417",NA,NA,NA,822493.446405995,718842.320327066,941090.208869467,NA,NA,NA,4699125.60136949,4155361.98767792,5314045.19821046
"Fraser","Sockeye",1932,245000,453899.6,2127000,2996931.1,"PSC_20260417",NA,NA,NA,830340.564178766,726899.366466091,948501.93070415,NA,NA,NA,4696323.03056514,4159146.66195345,5302878.6431536
"Fraser","Sockeye",1933,345000,470039.4,2982000,3107110.3,"PSC_20260417",NA,NA,NA,838262.548514435,735017.014911255,956010.658238648,NA,NA,NA,4693522.13122135,4162781.19391235,5291930.79580545
"Fraser","Sockeye",1934,1390000,400964.3,6727000,3014354.9,"PSC_20260417",NA,NA,NA,846260.113688282,743194.165560874,963619.217165458,NA,NA,NA,4690722.90234126,4166259.46651675,5281207.64522248
"Fraser","Sockeye",1935,295000,431474.9,2228000,3122503.5,"PSC_20260417",NA,NA,NA,854333.980790235,751429.636513312,971330.534845041,NA,NA,NA,4687925.34292859,4169575.23378761,5270715.30998823
"Fraser","Sockeye",1936,590000,537498.2,3635000,3570155.8,"PSC_20260417",NA,NA,NA,862484.877789884,759722.164078829,979147.640530133,NA,NA,NA,4685129.45198768,4172722.13443473,5260460.02458201
"Fraser","Sockeye",1937,680000,636868,3308000,3663967.7,"PSC_20260417",NA,NA,NA,870713.539602113,768070.403383672,987073.66500064,NA,NA,NA,4682335.22852345,4175693.70791006,5250448.12332389
"Fraser","Sockeye",1938,888584,569469.4,4388584,3292891.2,"PSC_20260417",NA,NA,NA,879020.708153375,776472.929634362,995111.839541285,NA,NA,NA,4679542.67154139,4178483.41302241,5240686.02175861
"Fraser","Sockeye",1939,157769,486990.3,1615769,3038739,"PSC_20260417",NA,NA,NA,887407.132448576,784928.240108746,1003265.49419537,NA,NA,NA,4676751.78004763,4181084.64922666,5231180.1953649
"Fraser","Sockeye",1940,552476,479055.3,2739476,2831288.8,"PSC_20260417",NA,NA,NA,895873.568638614,793434.756937393,1011538.0552312,NA,NA,NA,4673962.55304886,4183490.78066865,5221937.155509
"Fraser","Sockeye",1941,541515,452544.2,4844515,3114622.2,"PSC_20260417",NA,NA,NA,904420.78008855,801990.830733443,1019933.04176298,NA,NA,NA,4671174.98955237,4185695.16302683,5212963.42260166
"Fraser","Sockeye",1942,2884524,607442.2,11649524,3975587.5,"PSC_20260417",NA,NA,NA,913049.537446444,810594.745121324,1028454.06147604,NA,NA,NA,4668389.08856604,4187691.17314294,5204265.49646585
"Fraser","Sockeye",1943,242724,676515.4,966724,3496488.7,"PSC_20260417",NA,NA,NA,921760.618712833,819244.722204223,1037104.80541621,NA,NA,NA,4665604.84909835,4189472.24137735,5195849.82398011
"Fraser","Sockeye",1944,315934,588299.5,1889934,3186595.3,"PSC_20260417",NA,NA,NA,930554.809310884,827938.928997022,1045889.04181691,NA,NA,NA,4662822.27015837,4191031.88655973,5187722.76412623
"Fraser","Sockeye",1945,553839,591618.4,2366839,2664136.7,"PSC_20260417",NA,NA,NA,939432.9021572,836675.484835288,1054810.60895341,NA,NA,NA,4660041.35075574,4192363.75333428,5179890.55064274
"Fraser","Sockeye",1946,2915964,593224,11127599,2633782,"PSC_20260417",NA,NA,NA,948395.697733329,845452.469752207,1063873.40703222,NA,NA,NA,4657262.08990072,4193461.65162124,5172359.25256186
"Fraser","Sockeye",1947,650082,758896.5,1324612,2849550.6,"PSC_20260417",NA,NA,NA,957444.004157922,854267.933793967,1073081.38914535,NA,NA,NA,4654484.48660415,4194319.59783581,5165134.73298912
"Fraser","Sockeye",1948,1015551,1016152.5,3067598,3216357.6,"PSC_20260417",NA,NA,NA,966578.637259607,863119.907220916,1082438.55134199,NA,NA,NA,4651708.53987745,4194931.85742388,5158222.60656626
"Fraser","Sockeye",1949,1085549,1202334.7,3556902,3561148.8,"PSC_20260417",NA,NA,NA,975800.420650544,872006.411516957,1091948.92189535,NA,NA,NA,4648934.24873265,4195292.98819424,5151628.19613751
"Fraser","Sockeye",1950,1790393,1064307,4349541,2815792.3,"PSC_20260417",NA,NA,NA,985110.185800676,880925.471104235,1101616.54986749,NA,NA,NA,4646161.61218234,4195397.88385309,5145356.48921367
"Fraser","Sockeye",1951,606154,1045853,3408154,3566221,"PSC_20260417",NA,NA,NA,994508.772112715,889875.125634935,1111445.49310044,NA,NA,NA,4643390.62923973,4195241.81708208,5139412.09489272
"Fraser","Sockeye",1952,845578,999041.7,3192271,3601915.9,"PSC_20260417",NA,NA,NA,1003997.02699781,898853.442708074,1121439.8057858,NA,NA,NA,4640621.29891859,4194820.48144977,5133799.20194678
"Fraser","Sockeye",1953,1294198,1043930.2,5424013,4002633.1,"PSC_20260417",NA,NA,NA,1013575.80595196,907858.530837734,1131603.52578633,NA,NA,NA,4637853.6202333,4194130.03141273,5128521.5388198
"Fraser","Sockeye",1954,2447264,1128767.6,12065818,5165639.7,"PSC_20260417",NA,NA,NA,1023245.97263316,916888.55248124,1141940.66190111,NA,NA,NA,4635087.59219883,4193167.11964832,5123582.33629319
"Fraser","Sockeye",1955,383239,1006528.9,2579473,4818113.9,"PSC_20260417",NA,NA,NA,1033008.39893923,925941.736922604,1152455.18127906,NA,NA,NA,4632323.2138307,4191928.9309712,5118984.29356799
"Fraser","Sockeye",1956,872700,1014504.7,2735905,4635828.6,"PSC_20260417",NA,NA,NA,1042863.96508648,935016.39279891,1163150.99719305,NA,NA,NA,4629560.48414508,4190413.21211975,5114729.54847708
"Fraser","Sockeye",1957,1661127,1079828,4800258,4496383.4,"PSC_20260417",NA,NA,NA,1052813.55968905,944110.920056246,1174031.95738812,NA,NA,NA,4626799.40215866,4188618.29675833,5110819.65248142
"Fraser","Sockeye",1958,2860878,1122817.6,17755038,4952272.7,"PSC_20260417",NA,NA,NA,1062858.07983903,953223.821127257,1185101.83321184,NA,NA,NA,4624039.96688877,4186543.12512589,5107255.55102021
"Fraser","Sockeye",1959,949331,1408627.6,4406685,5661738.4,"PSC_20260417",NA,NA,NA,1072998.43118734,962353.711135168,1196364.30972185,NA,NA,NA,4621282.1773533,4184187.25786785,5104037.56967746
"Fraser","Sockeye",1960,627909,1297341,3168405,5873334.3,"PSC_20260417",NA,NA,NA,1083235.52802539,971499.326948286,1207822.97694676,NA,NA,NA,4618526.03257071,4181550.88371427,5101165.40650253
"Fraser","Sockeye",1961,1250087,1208338.2,4123098,5654243.3,"PSC_20260417",NA,NA,NA,1093570.29336755,980659.534934509,1219481.32245086,NA,NA,NA,4615771.53156009,4178634.82080692,5098638.13068173
"Fraser","Sockeye",1962,1623957,1048835.3,3493984,3765948,"PSC_20260417",NA,NA,NA,1104003.65903429,989833.337295762,1231342.72532278,NA,NA,NA,4613018.67334107,4175440.51162628,5096454.18760981
"Fraser","Sockeye",1963,1601518,1195324.5,3981448,3671610.3,"PSC_20260417",NA,NA,NA,1114536.56573631,999019.876896801,1243410.45167372,NA,NA,NA,4610267.45693391,4171970.01162073,5094611.4102596
"Fraser","Sockeye",1964,426417,1085101.3,1684326,3135111.2,"PSC_20260417",NA,NA,NA,1125169.96315924,1008218.44053942,1255687.65169423,NA,NA,NA,4607517.88135941,4168225.97178638,5093107.03660062
"Fraser","Sockeye",1965,852269,986005.6,3160025,2933389,"PSC_20260417",NA,NA,NA,1135904.81004935,1017428.46067085,1268177.3582808,NA,NA,NA,4604769.94563896,4164211.61558342,5091937.73268151
"Fraser","Sockeye",1966,1919281,1028064.6,5437689,3276370.6,"PSC_20260417",NA,NA,NA,1146742.07429999,1026649.51555179,1280882.487207,NA,NA,NA,4602023.64879459,4159930.71069564,5091099.62086918
"Fraser","Sockeye",1967,1353640,985742,6717237,3734052.6,"PSC_20260417",NA,NA,NA,1157682.73303878,1035881.3279442,1293805.83877879,NA,NA,NA,4599278.98984882,4155387.53624095,5090588.3126368
"Fraser","Sockeye",1968,626625,1085316.8,2922504,4285610.2,"PSC_20260417",NA,NA,NA,1168727.77271582,1045123.76240986,1306950.10088346,NA,NA,NA,4596535.96782484,4150586.84611898,5090398.94521504
"Fraser","Sockeye",1969,1001140,1129889.8,4878004,4776948.7,"PSC_20260417",NA,NA,NA,1179878.18919255,1054376.82133709,1320317.85331443,NA,NA,NA,4593794.58174637,4145533.82923389,5090526.22136778
"Fraser","Sockeye",1970,1943221,1133396.8,6164244,4929092.2,"PSC_20260417",NA,NA,NA,1191134.98783158,1063640.6398341,1333911.57323383,NA,NA,NA,4591054.83063773,4140234.06735827,5090964.45152702
"Fraser","Sockeye",1971,759846,981042,7707950,5101571.7,"PSC_20260417",NA,NA,NA,1202499.18358733,1072915.47964266,1347733.64161901,NA,NA,NA,4588316.71352383,4134693.49140561,5091707.59751895
"Fraser","Sockeye",1972,830074,1052482.4,3707324,5414150.9,"PSC_20260417",NA,NA,NA,1213971.80109754,1082201.72223519,1361786.35053006,NA,NA,NA,4585580.22943012,4128918.33685865,5092749.31713436
"Fraser","Sockeye",1973,1181093,1096887.7,6877356,5899635.6,"PSC_20260417",NA,NA,NA,1225553.87477565,1091499.86126215,1376071.91103148,NA,NA,NA,4582845.3773827,4122915.09906,5094083.00883675
"Fraser","Sockeye",1974,1757489,1069682.2,8615807,6414742.5,"PSC_20260417",NA,NA,NA,1237246.44890406,1100810.49451519,1390592.46160248,NA,NA,NA,4580112.15640819,4116690.48901464,5095701.85595838
"Fraser","Sockeye",1975,990729,1143041.8,3668619,5328072.9,"PSC_20260417",NA,NA,NA,1249050.57772833,1110134.31556557,1405350.07687664,NA,NA,NA,4577380.56553383,4110251.3902844,5097598.86980466
"Fraser","Sockeye",1976,823423,1140745.2,4353143,5546330.6,"PSC_20260417",NA,NA,NA,1260967.32555217,1119472.10522762,1420346.77656116,NA,NA,NA,4574650.60378741,4103604.81747634,5099766.93116434
"Fraser","Sockeye",1977,1113453,1124049.9,6138320,5390918.4,"PSC_20260417",NA,NA,NA,1272997.76683345,1128824.72298416,1435584.53439869,NA,NA,NA,4571922.27019731,4096757.87674428,5102198.82980673
"Fraser","Sockeye",1978,2514318,1229327.2,9499672,5524155.8,"PSC_20260417",NA,NA,NA,1285142.98628105,1138193.09849627,1451065.2870496,NA,NA,NA,4569195.56379252,4089717.72863887,5104887.30163039
"Fraser","Sockeye",1979,1407828,1342196.7,6572508,6391062.3,"PSC_20260417",NA,NA,NA,1297404.07895268,1147578.22330355,1466790.94278858,NA,NA,NA,4566470.48360255,4082491.55355917,5107825.06321015
"Fraser","Sockeye",1980,848320,1352229.3,3227956,5930676.3,"PSC_20260417",NA,NA,NA,1309782.15035362,1156981.14280422,1482763.38992609,NA,NA,NA,4563747.02865754,4075086.51998135,5111004.8435673
"Fraser","Sockeye",1981,1451249,1444833.7,8096402,6355721.4,"PSC_20260417",NA,NA,NA,1322278.31653635,1166402.94858818,1498984.50488186,NA,NA,NA,4561025.19798819,4067509.75556793,5114419.41305893
"Fraser","Sockeye",1982,4023350,1625024,14057112,7009898.4,"PSC_20260417",NA,NA,NA,1334893.70420123,1175844.77117989,1515456.15985349,NA,NA,NA,4558304.99062576,4059768.32119737,5118061.60934708
"Fraser","Sockeye",1983,975901,1482770.1,5345927,6657094.2,"PSC_20260417",NA,NA,NA,1347629.45079809,1185307.7732331,1532180.2300382,NA,NA,NA,4555586.40560213,4051869.18789793,5121924.36046377
"Fraser","Sockeye",1984,931671,1517922.2,6060241,7792472.4,"PSC_20260417",NA,NA,NA,1360486.70462871,1194793.14320565,1549158.60037949,NA,NA,NA,4552869.44194971,4043819.21662228,5126000.7050349
"Fraser","Sockeye",1985,2141613,1673012.9,13744110,8894702.2,"PSC_20260417",NA,NA,NA,1373466.62495046,1204302.08953077,1566393.17182269,NA,NA,NA,4550154.09870154,4035625.14076163,5130283.80976511
"Fraser","Sockeye",1986,3717444,1640262.8,16838875,9305413,"PSC_20260417",NA,NA,NA,1386570.38208074,1213835.83529004,1583885.86707372,NA,NA,NA,4547440.37489118,4027293.55126686,5134766.98431516
"Fraser","Sockeye",1987,1914743,1941286.5,7697576,10193384.2,"PSC_20260417",NA,NA,NA,1399799.15750256,1223395.61338501,1601638.63586474,NA,NA,NA,4544728.26955279,4018830.88422263,5139443.69372676
"Fraser","Sockeye",1988,1418275,2156324.4,3968776,9169804.3,"PSC_20260417",NA,NA,NA,1413154.14397102,1232982.66219628,1619653.45973741,NA,NA,NA,4542017.78172114,4010243.41070392,5144307.56856473
"Fraser","Sockeye",1989,3111718,2367439.6,18744574,9909455.8,"PSC_20260417",NA,NA,NA,1426636.54562087,1242598.22171355,1637932.35636082,NA,NA,NA,4539308.91043151,4001537.2287351,5149352.41295663
"Fraser","Sockeye",1990,6084832,2677811.1,21990925,10593327.8,"PSC_20260417",NA,NA,NA,1440247.5780751,1252243.53011505,1656477.38340529,NA,NA,NA,4536601.65471981,3992718.25716758,5154572.21071401
"Fraser","Sockeye",1991,3331509,3075477.6,11573900,11730427.7,"PSC_20260417",NA,NA,NA,1453988.46855452,1261919.82077176,1675290.64199704,NA,NA,NA,4533896.0136225,3983792.23129134,5159961.12971955
"Fraser","Sockeye",1992,1120656,2899616.3,6428602,13233625.3,"PSC_20260417",NA,NA,NA,1467860.4559884,1271628.31964928,1694374.27978069,NA,NA,NA,4531191.98617662,3974764.69999965,5165513.5247611
"Fraser","Sockeye",1993,6228096,3448889.7,24254776,14114297.2,"PSC_20260417",NA,NA,NA,1481864.79112622,1281370.24307915,1713730.4936181,NA,NA,NA,4528489.57141979,3965641.02433237,5171223.93898732
"Fraser","Sockeye",1994,3103636,2914639.5,17302272,13293035.6,"PSC_20260417",NA,NA,NA,1496002.73665041,1291146.79587025,1733361.53195272,NA,NA,NA,4525788.76839018,3956426.37723131,5177087.1041509
"Fraser","Sockeye",1995,1757009,2483808.4,3976533,10177248.6,"PSC_20260417",NA,NA,NA,1510275.56729019,1300959.16973175,1753269.69686837,NA,NA,NA,4523089.57612657,3947125.74435133,5183097.93979643
"Fraser","Sockeye",1996,2056236,2890801.4,4653079,9387206.2,"PSC_20260417",NA,NA,NA,1524684.56993653,1310808.54197871,1773457.34587097,NA,NA,NA,4520391.99366829,3937743.92578127,5189251.55153816
"Fraser","Sockeye",1997,4262269,2629297,16548110,8531475.3,"PSC_20260417",NA,NA,NA,1539231.04375818,1320696.0744932,1793926.89342099,NA,NA,NA,4517696.02005524,3928285.53854038,5195543.22856237
"Fraser","Sockeye",1998,4427679,2873531.6,10863978,7594436.8,"PSC_20260417",NA,NA,NA,1553916.30031876,1330622.91291445,1814680.81224271,NA,NA,NA,4515001.65432792,3918755.01972753,5201968.44047711
"Fraser","Sockeye",1999,1867769,2917784.9,3642165,7429495.6,"PSC_20260417",NA,NA,NA,1568741.6636951,1340590.18603312,1835721.63443547,NA,NA,NA,4512308.89552736,3909156.63021137,5208522.8336206
"Fraser","Sockeye",2000,2354260,3018204.4,5225156,7648020.4,"PSC_20260417",NA,NA,NA,1583708.47059655,1350599.00536668,1857051.95241006,NA,NA,NA,4509617.7426952,3899494.4587618,5215202.22692887
"Fraser","Sockeye",2001,5278817,3183996.5,7186761,6208622.3,"PSC_20260417",NA,NA,NA,1598818.07048554,1360650.46489389,1878674.4196721,NA,NA,NA,4506928.19487362,3889772.42653258,5222002.60745168
"Fraser","Sockeye",2002,10131025,3915992.9,15385323,6772900.2,"PSC_20260417",NA,NA,NA,1614071.82569921,1370745.64092883,1900591.75147234,NA,NA,NA,4504240.25110541,3879994.29181616,5228920.12559677
"Fraser","Sockeye",2003,1987715,3977403.3,4852893,7276708,"PSC_20260417",NA,NA,NA,1629471.11157233,1380885.59211587,1922806.72534236,NA,NA,NA,4501553.91043389,3870163.65500047,5235951.09017172
"Fraser","Sockeye",2004,525309,2733630.1,4256445,6913084.9,"PSC_20260417",NA,NA,NA,1645017.31656121,1391071.35952916,1945322.18153221,NA,NA,NA,4498869.17190298,3860283.96366662,5243091.96328515
"Fraser","Sockeye",2005,3360632,2441804.2,6905872,6844523.5,"PSC_20260417",NA,NA,NA,1660711.84236893,1401303.96686139,1968141.02336528,NA,NA,NA,4496186.03455715,3850358.51777437,5250339.35516013
"Fraser","Sockeye",2006,4662857,2011224.3,13036117,6566797.6,"PSC_20260417",NA,NA,NA,1676556.10407174,1411584.42068847,1991266.21752406,NA,NA,NA,4493504.49744145,3840390.47488957,5257690.01890548
"Fraser","Sockeye",2007,888896,1644692.5,1577327,4958312.4,"PSC_20260417",NA,NA,NA,1692551.53024662,1421913.71079768,2014700.79427891,NA,NA,NA,4490824.55960152,3830382.85541456,5265140.84528436
"Fraser","Sockeye",2008,817020,1836704,1717555,3951844,"PSC_20260417",NA,NA,NA,1708699.56310009,1432292.81056872,2038447.84767098,NA,NA,NA,4488146.22008352,3820338.54778814,5272688.85751301
"Fraser","Sockeye",2009,1103321,1390302.8,1669612,2771079.9,"PSC_20260417",NA,NA,NA,1725001.65859825,1442722.67739782,2062510.5356587,NA,NA,NA,4485469.47793421,3810260.3136276,5280331.20611763
"Fraser","Sockeye",2010,13142562,1801425.9,28215072,3361106.5,"PSC_20260417",NA,NA,NA,1741459.28659808,1453204.25315647,2086892.08023682,NA,NA,NA,4482794.33220093,3800150.79278951,5288065.16387253
"Fraser","Sockeye",2011,2586342,2352746.5,5128781,4513416.2,"PSC_20260417",NA,NA,NA,1758073.93097991,1463738.46467735,2111595.76753519,NA,NA,NA,4480120.78193155,3790012.50833043,5295888.12083812
"Fraser","Sockeye",2012,925467,2427209.2,2065952,4726697.2,"PSC_20260417",NA,NA,NA,1774847.08978126,1474326.22426078,2136624.94790421,NA,NA,NA,4477448.82617457,3779847.87135253,5303797.57951434
"Fraser","Sockeye",2013,2572096,2999186.9,4328794,5997850.2,"PSC_20260417",NA,NA,NA,1791780.27533189,1484968.43019607,2161983.03599257,NA,NA,NA,4474778.46397898,3769659.18572175,5311791.15012125
"Fraser","Sockeye",2014,5890523,2453985.4,18892958,5425631.8,"PSC_20260417",1672748.64176757,1161921.67766448,2408155.44827389,1808875.01439017,1495665.96729279,2187673.51082242,3526734.12453998,2367268.79079452,5254094.35276688,4472109.69439439,3759448.65264975,5319866.54601599
"Fraser","Sockeye",2015,1192968,2022356.4,2011991,4293913.4,"PSC_20260417",1592058.41291137,1158079.68826219,2188666.30320178,1826132.84828071,1506419.7074177,2213699.91586626,3266934.82783481,2306381.54499995,4627535.80059552,4469442.51647097,3749218.37513258,5328021.57925303
"Fraser","Sockeye",2016,487032,1722490.5,836117,3424837.7,"PSC_20260417",1515260.52799155,1149956.66326626,1996609.56019663,1843555.33303339,1517230.51003368,2240065.85912934,3026273.82513906,2237917.52428732,4092346.19476797,4466776.92925944,3738970.36224145,5336254.15629222
"Fraser","Sockeye",2017,955791,1344856,1296258,2533501.3,"PSC_20260417",1442167.22770275,1135380.77092834,1831849.16101691,1861144.03952357,1528099.22273753,2266775.0132408,2803341.2808518,2157946.64798459,3641759.3290675,4464112.9318111,3728706.53326277,5344562.27385774
"Fraser","Sockeye",2018,4102178,1228544.6,11032788,2214713,"PSC_20260417",1372599.80989317,1111259.82853094,1695400.29230554,1878900.5536138,1539026.68179403,2293831.11555613,2596831.21588202,2061083.44867719,3271838.58960554,4461450.52317781,3718428.72168594,5352944.01494909
"Fraser","Sockeye",2019,304568,873282.6,581167,1623626.7,"PSC_20260417",1306388.19266464,1074150.4304821,1588837.15120572,1896826.47629678,1550013.71266406,2321237.96827353,2405533.85698736,1941851.89848455,2979935.36048161,4458789.70241199,3708138.67903874,5361397.54500467
"Fraser","Sockeye",2020,273843,756207.3,396163,1347063,"PSC_20260417",1243370.49854787,1022335.44651058,1512194.65385444,1914923.4238397,1561061.13052497,2348999.43856575,2228328.549704,1798804.04182264,2760416.3710877,4456130.46856664,3697838.07857144,5369921.10821661
"Fraser","Sockeye",2021,1905755,898601,2459136,1580922.8,"PSC_20260417",1183392.65873635,958077.302323466,1461696.44281823,1933193.02793,1572169.74078153,2377119.4587293,2064177.19335057,1638320.35841683,2600729.13313856,4453472.8206953,3687528.51879105,5378513.0239953
"Fraser","Sockeye",2022,3509979,864250,6650985,1393031.2,"PSC_20260417",1126308.03641122,886713.040012967,1430642.98779901,1951636.93582246,1583340.33956658,2405602.02635217,1912118.1596469,1471903.90315473,2483990.86965876,4450816.75785212,3677211.52684864,5387171.68358118
"Fraser","Sockeye",2023,920575,1139549.3,1425363,1743279.3,"PSC_20260417",1071977.06823625,813541.400778702,1412509.34952352,1970256.81048773,1594573.71423004,2434451.20450121,1771260.65932193,1309840.25194587,2395226.68401796,4448162.27909177,3666888.56178242,5395895.54680036
"Fraser","Sockeye",2024,477697,1309621.6,889225,2133788.7,"PSC_20260417",1020266.92314644,742152.66897211,1402601.69906607,1989054.33076228,1605870.64381584,2463671.12192998,1640779.52370942,1158352.95539255,2324125.33061807,4445509.38346949,3656561.01762054,5404683.13896087
"Fraser","Sockeye",2025,5398767,1699036.5,9073378,2957318,"Everitt_20260708",971051.177595986,674509.836802518,1397963.88141723,2008031.19149976,1617231.89952599,2493265.9733077,1519910.37076085,1020217.64568828,2264347.75453026,4442858.07004111,3646230.2263471,5413533.0478856
"Fraser","Steelhead",1972,960,960,NA,NA,"Bison_20241129",NA,NA,NA,2744.16176186696,1909.51987462496,3943.62157491124,NA,NA,NA,NA,NA,NA
"Fraser","Steelhead",1973,1435,1173.7,NA,NA,"Bison_20241129",NA,NA,NA,2676.024082386,1880.69233539668,3807.69610995377,NA,NA,NA,NA,NA,NA
"Fraser","Steelhead",1974,677,977,NA,NA,"Bison_20241129",NA,NA,NA,2609.57826503561,1852.10870552214,3676.83532885636,NA,NA,NA,NA,NA,NA
"Fraser","Steelhead",1975,581,858,NA,NA,"Bison_20241129",NA,NA,NA,2544.78230079095,1823.75446638048,3550.87106175609,NA,NA,NA,NA,NA,NA
"Fraser","Steelhead",1976,1022,888.5,NA,NA,"Bison_20241129",NA,NA,NA,2481.59522371349,1795.61424679846,3429.64245540919,NA,NA,NA,NA,NA,NA
"Fraser","Steelhead",1977,494,778,NA,NA,"Bison_20241129",NA,NA,NA,2419.97708505105,1767.67173845718,3312.9958265235,NA,NA,NA,NA,NA,NA
"Fraser","Steelhead",1978,2818,890.4,NA,NA,"Bison_20241129",NA,NA,NA,2359.88892798108,1739.90960886638,3200.78452583301,NA,NA,NA,NA,NA,NA
"Fraser","Steelhead",1979,2381,1145,NA,NA,"Bison_20241129",NA,NA,NA,2301.29276298093,1712.30941430805,3092.86881021355,NA,NA,NA,NA,NA,NA
"Fraser","Steelhead",1980,1845,1442.7,NA,NA,"Bison_20241129",NA,NA,NA,2244.15154380981,1684.85151632227,2989.11571897868,NA,NA,NA,NA,NA,NA
"Fraser","Steelhead",1981,1833,1621.5,NA,NA,"Bison_20241129",NA,NA,NA,2188.42914408699,1657.51500685558,2889.39894895722,NA,NA,NA,NA,NA,NA
"Fraser","Steelhead",1982,2126,2171.1,NA,NA,"Bison_20241129",NA,NA,NA,2134.09033445168,1630.27764919196,2793.59872096477,NA,NA,NA,NA,NA,NA
"Fraser","Steelhead",1983,4388,2372.2,NA,NA,"Bison_20241129",NA,NA,NA,2081.10076028993,1603.11584430317,2701.60162777376,NA,NA,NA,NA,NA,NA
"Fraser","Steelhead",1984,2253,2346.1,NA,NA,"Bison_20241129",NA,NA,NA,2029.42692001466,1576.00463532038,2613.30045063156,NA,NA,NA,NA,NA,NA
"Fraser","Steelhead",1985,6659,3032.7,NA,NA,"Bison_20241129",NA,NA,NA,1979.03614388493,1548.9177664016,2528.59392781182,NA,NA,NA,NA,NA,NA
"Fraser","Steelhead",1986,4322,3600.3,NA,NA,"Bison_20241129",NA,NA,NA,1929.89657335119,1521.82781618249,2447.38645478013,NA,NA,NA,NA,NA,NA
"Fraser","Steelhead",1987,4008,4087.1,NA,NA,"Bison_20241129",NA,NA,NA,1881.9771409133,1494.70642987898,2369.58769168269,NA,NA,NA,NA,NA,NA
"Fraser","Steelhead",1988,3842,3979.9,NA,NA,"Bison_20241129",NA,NA,NA,1835.24755047881,1467.52467728821,2295.11205069636,NA,NA,NA,NA,NA,NA
"Fraser","Steelhead",1989,2280,3989.4,NA,NA,"Bison_20241129",NA,NA,NA,1789.67825820878,1440.25356534921,2223.87803437142,NA,NA,NA,NA,NA,NA
"Fraser","Steelhead",1990,1603,3000.6,NA,NA,"Bison_20241129",NA,NA,NA,1745.24045383937,1412.86473207455,2155.807397956,NA,NA,NA,NA,NA,NA
"Fraser","Steelhead",1991,1666,2479.7,NA,NA,"Bison_20241129",NA,NA,NA,1701.90604246705,1385.33134166621,2090.82411569648,NA,NA,NA,NA,NA,NA
"Fraser","Steelhead",1992,1442,2021.2,NA,NA,"Bison_20241129",NA,NA,NA,1659.64762678625,1357.62918648841,2028.85314525517,NA,NA,NA,NA,NA,NA
"Fraser","Steelhead",1993,4506,2086.7,NA,NA,"Bison_20241129",NA,NA,NA,1618.4384897679,1329.73797875941,1969.81900720466,NA,NA,NA,NA,NA,NA
"Fraser","Steelhead",1994,3577,2283.4,NA,NA,"Bison_20241129",NA,NA,NA,1578.25257776815,1301.64278319727,1913.64422819093,NA,NA,NA,NA,NA,NA
"Fraser","Steelhead",1995,3420,2657,NA,NA,"Bison_20241129",NA,NA,NA,1539.0644840565,1273.33550377479,1860.24773444396,NA,NA,NA,NA,NA,NA
"Fraser","Steelhead",1996,1538,2614.9,NA,NA,"Bison_20241129",NA,NA,NA,1500.84943275289,1244.81629898871,1809.54332107045,NA,NA,NA,NA,NA,NA
"Fraser","Steelhead",1997,4373,3264.5,NA,NA,"Bison_20241129",NA,NA,NA,1463.58326316362,1216.09476984924,1761.43835276772,NA,NA,NA,NA,NA,NA
"Fraser","Steelhead",1998,2142,2813.3,NA,NA,"Bison_20241129",NA,NA,NA,1427.24241450633,1187.1907542178,1715.83286218227,NA,NA,NA,NA,NA,NA
"Fraser","Steelhead",1999,3264,2762.3,NA,NA,"Bison_20241129",NA,NA,NA,1391.80391101406,1158.13457966061,1672.61919360158,NA,NA,NA,NA,NA,NA
"Fraser","Steelhead",2000,2239,2537.9,NA,NA,"Bison_20241129",NA,NA,NA,1357.24534740938,1128.9666781707,1631.68228848812,NA,NA,NA,NA,NA,NA
"Fraser","Steelhead",2001,3068,2913.8,NA,NA,"Bison_20241129",NA,NA,NA,1323.54487473903,1099.73654409778,1592.90063138269,NA,NA,NA,NA,NA,NA
"Fraser","Steelhead",2002,4274,2900.4,NA,NA,"Bison_20241129",NA,NA,NA,1290.68118656043,1070.50110608467,1556.14778524973,NA,NA,NA,NA,NA,NA
"Fraser","Steelhead",2003,2397,2966.4,NA,NA,"Bison_20241129",NA,NA,NA,1258.63350547106,1041.32266409832,1521.29436505263,NA,NA,NA,NA,NA,NA
"Fraser","Steelhead",2004,1204,2430,NA,NA,"Bison_20241129",NA,NA,NA,1227.38156997239,1012.26659489644,1488.21024609827,NA,NA,NA,NA,NA,NA
"Fraser","Steelhead",2005,2824,2545.5,NA,NA,"Bison_20241129",NA,NA,NA,1196.90562165995,983.399043074003,1456.76678989141,NA,NA,NA,NA,NA,NA
"Fraser","Steelhead",2006,2212,2384.3,NA,NA,"Bison_20241129",NA,NA,NA,1167.1863927315,954.784791222735,1426.83889385474,NA,NA,NA,NA,NA,NA
"Fraser","Steelhead",2007,1114,1822.1,NA,NA,"Bison_20241129",NA,NA,NA,1138.20509380532,926.485452397212,1398.30672161374,NA,NA,NA,NA,NA,NA
"Fraser","Steelhead",2008,1318,1616.7,NA,NA,"Bison_20241129",NA,NA,NA,1109.943402041,898.558066249659,1371.05703238109,NA,NA,NA,NA,NA,NA
"Fraser","Steelhead",2009,1040,1570,NA,NA,"Bison_20241129",NA,NA,NA,1082.38344955525,871.05412112296,1344.98408705162,NA,NA,NA,NA,NA,NA
"Fraser","Steelhead",2010,734,1199.1,NA,NA,"Bison_20241129",NA,NA,NA,1055.50781212521,844.018977690571,1319.99015532302,NA,NA,NA,NA,NA,NA
"Fraser","Steelhead",2011,894,1000.4,NA,NA,"Bison_20241129",NA,NA,NA,1029.29949817243,817.491639373964,1295.98567851941,NA,NA,NA,NA,NA,NA
"Fraser","Steelhead",2012,1307,1032.9,NA,NA,"Bison_20241129",1436.41848551685,1083.3991939005,1904.46704885033,1003.74193802019,791.504800122821,1272.88915744313,NA,NA,NA,NA,NA,NA
"Fraser","Steelhead",2013,1464,1054.8,NA,NA,"Bison_20241129",1248.18549188899,968.679576576805,1608.34094145747,978.818973417736,766.085097890898,1250.62683683608,NA,NA,NA,NA,NA,NA
"Fraser","Steelhead",2014,2255,1231.4,NA,NA,"Bison_20241129",1084.61916765265,864.722647691983,1360.43474977721,954.514847324511,741.253508086261,1229.132252089,NA,NA,NA,NA,NA,NA
"Fraser","Steelhead",2015,1268,1373.7,NA,NA,"Bison_20241129",942.487111478263,770.193690903125,1153.32281450014,930.814193948098,717.02582157175,1208.34569354285,NA,NA,NA,NA,NA,NA
"Fraser","Steelhead",2016,494,1220,NA,NA,"Bison_20241129",818.980506517391,683.830641751005,980.840911629851,907.702029029505,693.413163521592,1188.21363199954,NA,NA,NA,NA,NA,NA
"Fraser","Steelhead",2017,420,972.2,NA,NA,"Bison_20241129",711.658612501834,604.472668672585,837.850918653131,885.163740369673,670.422520715996,1168.68813778579,NA,NA,NA,NA,NA,NA
"Fraser","Steelhead",2018,227,669.7,NA,NA,"Bison_20241129",618.400531780277,531.169150319745,719.957507840821,863.185078591205,648.057254663907,1149.72631590849,NA,NA,NA,NA,NA,NA
"Fraser","Steelhead",2019,360,464,NA,NA,"Bison_20241129",537.363296091839,463.37414549041,623.166645780545,841.752148129489,626.317585898608,1131.28977188789,NA,NA,NA,NA,NA,NA
"Fraser","Steelhead",2020,295,346.6,NA,NA,"Bison_20241129",466.945445786394,401.078270372767,543.629673923764,820.851398447503,605.201040894784,1113.34411675337,NA,NA,NA,NA,NA,NA
"Fraser","Steelhead",2021,222,295.4,NA,NA,"Bison_20241129",405.755381743435,344.642830315055,477.704496748874,800.469615468769,584.702857518167,1095.85851522679,NA,NA,NA,NA,NA,NA
"Fraser","Steelhead",2022,123,231,NA,NA,"Bison_20241129",352.583864559362,294.399742672699,422.26729011045,780.593913223012,564.816348030348,1078.80527800884,NA,NA,NA,NA,NA,NA
"Fraser","Steelhead",2023,505,271.1,NA,NA,"Bison_20241129",306.380117531554,250.371629136492,374.917784185027,761.211725699273,545.533220729239,1062.15949702842,NA,NA,NA,NA,NA,NA
"Fraser","Steelhead",2024,282,258.2,NA,NA,"Bison_20241129",266.231061185856,212.255172130799,333.932865939628,742.310798901299,526.843862576944,1045.89872124592,NA,NA,NA,NA,NA,NA
"Fraser","Steelhead",2025,538,291.2,NA,NA,"Bison_20241129",231.343268979741,179.538619296111,298.095798620146,723.879183100202,508.737585872516,1030.00266989733,NA,NA,NA,NA,NA,NA
"Fraser","Steelhead",2026,166,274.7,NA,NA,"Bison_20241129",201.027287589372,151.622109797604,266.530853643212,705.905225279485,491.202842341042,1014.45297975477,NA,NA,NA,NA,NA,NA
"Columbia","Chinook",2006,34,34,NA,NA,"DFO_20250318",NA,NA,NA,13.1925462307685,9.16548675968433,18.9889834129178,NA,NA,NA,NA,NA,NA
"Columbia","Chinook",2007,7,15.4,NA,NA,"DFO_20250318",NA,NA,NA,13.9633063073804,9.97230787955426,19.5515346486116,NA,NA,NA,NA,NA,NA
"Columbia","Chinook",2008,14,14.9,NA,NA,"DFO_20250318",NA,NA,NA,14.779097198007,10.8391837346876,20.1511220156868,NA,NA,NA,NA,NA,NA
"Columbia","Chinook",2009,6,11.9,NA,NA,"DFO_20250318",NA,NA,NA,15.6425497786789,11.7661722070143,20.7960039402258,NA,NA,NA,NA,NA,NA
"Columbia","Chinook",2010,5,10,NA,NA,"DFO_20250318",NA,NA,NA,16.5564486314796,12.7511143844934,21.4974145020746,NA,NA,NA,NA,NA,NA
"Columbia","Chinook",2011,21,9.1,NA,NA,"DFO_20250318",14.7995690214425,10.1639042379689,21.5495185799006,17.5237410246536,13.7886188206124,22.2706496926347,NA,NA,NA,NA,NA,NA
"Columbia","Chinook",2012,11,10,NA,NA,"DFO_20250318",16.0049091700336,11.4176236872717,22.4352391142991,18.5475464173676,14.8689068981008,23.1362991551413,NA,NA,NA,NA,NA,NA
"Columbia","Chinook",2013,40,12.3,NA,NA,"DFO_20250318",17.3084173714714,12.7986763584738,23.4072105203835,19.6311665197759,15.9769008005834,24.1212425198947,NA,NA,NA,NA,NA,NA
"Columbia","Chinook",2014,53,19,NA,NA,"DFO_20250318",18.718088851511,14.3039957059823,24.4943341325618,20.7780959408359,17.0923721783406,25.2585929221497,NA,NA,NA,NA,NA,NA
"Columbia","Chinook",2015,61,31.3,NA,NA,"DFO_20250318",20.2425700012615,15.9190996261236,25.7402522680079,21.9920334582089,18.1922090296431,26.5855309181476,NA,NA,NA,NA,NA,NA
"Columbia","Chinook",2016,40,35.6,NA,NA,"DFO_20250318",21.8912114108752,17.6125034891718,27.2093707365486,23.2768939465934,19.2550689340279,28.1387614688542,NA,NA,NA,NA,NA,NA
"Columbia","Chinook",2017,55,49.1,NA,NA,"DFO_20250318",23.6741252225269,19.3329115820909,28.9901602597237,24.636821002958,20.2666170698591,29.9493964404396,NA,NA,NA,NA,NA,NA
"Columbia","Chinook",2018,10,37.2,NA,NA,"DFO_20250318",25.6022471544656,21.0168335378985,31.1880977777341,26.0762003093898,21.2222164780465,32.0403961235067,NA,NA,NA,NA,NA,NA
"Columbia","Chinook",2019,15,28.9,NA,NA,"DFO_20250318",27.6874035765693,22.6102599463376,33.9046220004204,27.5996737766524,22.1256747695064,34.4279666275972,NA,NA,NA,NA,NA,NA
"Columbia","Chinook",2020,79,30.4,NA,NA,"DFO_20250318",29.9423840488202,24.0900484507669,37.2164615757965,29.2121545140662,22.9856891263464,37.125272453788,NA,NA,NA,NA,NA,NA
"Columbia","Chinook",2021,73,34.3,NA,NA,"DFO_20250318",32.3810197676229,25.4649819486429,41.175385213539,30.918842673987,23.8124556991382,40.145999403722,NA,NA,NA,NA,NA,NA
"Columbia","Chinook",2022,23,28.8,NA,NA,"DFO_20250318",35.0182684011262,26.7602726332932,45.8246124251988,32.7252422219812,24.6156055724956,43.5066070315964,NA,NA,NA,NA,NA,NA
"Columbia","Chinook",2023,20,33.1,NA,NA,"DFO_20250318",37.870305833896,28.0031257371539,51.214285055686,34.6371786867804,25.4033611665974,47.2273782792756,NA,NA,NA,NA,NA,NA
"Columbia","Chinook",2024,36,39.5,NA,NA,"Fegan_20260827",40.9546253836668,29.2163170634791,57.409061404701,36.6608179472575,26.1824066333848,51.3327743847741,NA,NA,NA,NA,NA,NA
"Columbia","Chinook",2025,12,27.1,NA,NA,"Fegan_20260827",44.2901450987286,30.4171555818312,64.4904796436046,38.8026861170108,26.9580640177098,55.8515050971814,NA,NA,NA,NA,NA,NA
"Columbia","Sockeye",1961,3173,3173,NA,NA,"Ogden_20250627, Ogden_20250901",NA,NA,NA,9646.35825363923,7175.74307297298,12967.6085962483,NA,NA,NA,NA,NA,NA
"Columbia","Sockeye",1962,5431,4151.2,NA,NA,"Ogden_20250627, Ogden_20250901",NA,NA,NA,9887.07188490887,7405.37827576544,13200.4317425974,NA,NA,NA,NA,NA,NA
"Columbia","Sockeye",1963,26238,7675.3,NA,NA,"Ogden_20250627, Ogden_20250901",NA,NA,NA,10133.7922443919,7641.91096129798,13438.2284447679,NA,NA,NA,NA,NA,NA
"Columbia","Sockeye",1964,23252,10126,NA,NA,"Ogden_20250627, Ogden_20250901",NA,NA,NA,10386.6692229926,7885.49862073691,13681.1763892972,NA,NA,NA,NA,NA,NA
"Columbia","Sockeye",1965,17879,15601.1,NA,NA,"Ogden_20250627, Ogden_20250901",NA,NA,NA,10645.8564519678,8136.29600154141,13929.4661323081,NA,NA,NA,NA,NA,NA
"Columbia","Sockeye",1966,73659,29939.2,NA,NA,"Ogden_20250627, Ogden_20250901",NA,NA,NA,10911.5113962637,8394.45405672192,14183.3024692599,NA,NA,NA,NA,NA,NA
"Columbia","Sockeye",1967,26964,30144.2,NA,NA,"Ogden_20250627, Ogden_20250901",NA,NA,NA,11183.7954501805,8660.1187449289,14442.9059641612,NA,NA,NA,NA,NA,NA
"Columbia","Sockeye",1968,45523,35657.1,NA,NA,"Ogden_20250627, Ogden_20250901",NA,NA,NA,11462.8740354253,8933.42966592957,14708.514654025,NA,NA,NA,NA,NA,NA
"Columbia","Sockeye",1969,10711,31370.2,NA,NA,"Ogden_20250627, Ogden_20250901",NA,NA,NA,11748.916701611,9214.51851600753,14980.3859443762,NA,NA,NA,NA,NA,NA
"Columbia","Sockeye",1970,29342,24922.1,NA,NA,"Ogden_20250627, Ogden_20250901",NA,NA,NA,12042.0972292637,9503.50734852873,15258.7987109297,NA,NA,NA,NA,NA,NA
"Columbia","Sockeye",1971,36091,26806.3,NA,NA,"Ogden_20250627, Ogden_20250901",NA,NA,NA,12342.5937354001,9800.50662667882,15544.0556208023,NA,NA,NA,NA,NA,NA
"Columbia","Sockeye",1972,21564,22238.8,NA,NA,"Ogden_20250627, Ogden_20250901",NA,NA,NA,12650.5887817393,10105.6130586027,15836.4856834126,NA,NA,NA,NA,NA,NA
"Columbia","Sockeye",1973,12133,22942.8,NA,NA,"Ogden_20250627, Ogden_20250901",NA,NA,NA,12966.2694856156,10418.9072103823,16136.4470360262,NA,NA,NA,NA,NA,NA
"Columbia","Sockeye",1974,7110,16096.9,NA,NA,"Ogden_20250627, Ogden_20250901",NA,NA,NA,13289.8276336582,10740.4509000991,16444.3299611113,NA,NA,NA,NA,NA,NA
"Columbia","Sockeye",1975,12739,12407.3,NA,NA,"Ogden_20250627, Ogden_20250901",NA,NA,NA,13621.4597983084,11070.2843873575,16760.5601215473,NA,NA,NA,NA,NA,NA
"Columbia","Sockeye",1976,16429,11591.7,NA,NA,"Ogden_20250627, Ogden_20250901",NA,NA,NA,13961.3674572435,11408.423387889,17085.601984504,NA,NA,NA,NA,NA,NA
"Columbia","Sockeye",1977,13176,11833.1,NA,NA,"Ogden_20250627, Ogden_20250901",NA,NA,NA,14309.7571157818,11754.855962978,17419.962384702,NA,NA,NA,NA,NA,NA
"Columbia","Sockeye",1978,4750,10698.1,NA,NA,"Ogden_20250627, Ogden_20250901",NA,NA,NA,14666.8404323408,12109.5393590801,17764.1941521456,NA,NA,NA,NA,NA,NA
"Columbia","Sockeye",1979,15009,11145.8,NA,NA,"Ogden_20250627, Ogden_20250901",NA,NA,NA,15032.8343470277,12472.396904427,18118.8996980173,NA,NA,NA,NA,NA,NA
"Columbia","Sockeye",1980,15807,11038.8,38814,38814,"Ogden_20250627, Ogden_20250901",NA,NA,NA,15407.9612134368,12843.3151062359,18484.7344156109,NA,NA,NA,22230.3973097808,14545.0643346322,33976.5128005675
"Columbia","Sockeye",1981,16938,11754.1,42049,40399.1,"Ogden_20250627, Ogden_20250901",NA,NA,NA,15792.4489337378,13222.1411329467,18862.4097123924,NA,NA,NA,23354.634501572,15494.5520915913,35201.9825728308
"Columbia","Sockeye",1982,11703,14726.2,27493,35534.9,"Ogden_20250627, Ogden_20250901",NA,NA,NA,16186.5310971332,13608.6809077393,19252.6954474667,NA,NA,NA,24535.7266944588,16503.0908317853,36478.1294947313
"Columbia","Sockeye",1983,16761,15138.3,38814,36327.8,"Ogden_20250627, Ogden_20250901",NA,NA,NA,16590.4471217718,14002.6980775206,19656.4215108065,NA,NA,NA,25776.549163493,17573.818963034,37807.9737918991
"Columbia","Sockeye",1984,53721,20554.2,142318,50269.7,"Ogden_20250627, Ogden_20250901",NA,NA,NA,17004.4424002036,14403.9141484554,20074.4782537356,NA,NA,NA,27080.122592335,18709.9327565786,39194.8516949129
"Columbia","Sockeye",1985,31946,24087.4,122911,65730.3,"Ogden_20250627, Ogden_20250901",NA,NA,NA,17428.7684484638,14812.0100856457,20507.8154736434,NA,NA,NA,28449.6204268686,19914.6608580059,40642.4647752671
"Columbia","Sockeye",1986,15472,25828.7,48518,75759.2,"Ogden_20250627, Ogden_20250901",NA,NA,NA,17863.6830588769,15226.6296501586,20957.4396803356,NA,NA,NA,29888.3766007024,21191.231630987,42154.938013096
"Columbia","Sockeye",1987,21090,27355.6,100270,96046.4,"Ogden_20250627, Ogden_20250901",NA,NA,NA,18309.450456675,15647.3846811282,21424.4094369172,NA,NA,NA,31399.8936513664,22542.8321013451,43736.8879333618
"Columbia","Sockeye",1988,20653,21540.5,79245,82967.7,"Ogden_20250627, Ogden_20250901",NA,NA,NA,18766.3414605225,16073.8624173277,21909.8286814548,NA,NA,NA,32987.851246961,23972.557262466,45393.5021607156
"Columbia","Sockeye",1989,17947,18648.8,43666,64054.2,"Ogden_20250627, Ogden_20250901",NA,NA,NA,19234.6336470483,16505.6347914772,22414.8380968177,NA,NA,NA,34656.1151440165,25483.348632526,47130.6316212446
"Columbia","Sockeye",1990,6261,14873.9,12938,46029.7,"Ogden_20250627, Ogden_20250901",NA,NA,NA,19714.6115194828,16942.2694319635,22940.6047947071,NA,NA,NA,36408.74659837,27077.9213049993,48954.8962763099
"Columbia","Sockeye",1991,19738,14629.5,40431,36679.6,"Ogden_20250627, Ogden_20250901",NA,NA,NA,20206.5666805027,17383.3418930307,23488.3107935246,NA,NA,NA,38250.0122519703,28758.6794209523,50873.8045951426
"Columbia","Sockeye",1992,33184,16470.9,61456,34420.9,"Ogden_20250627, Ogden_20250901",NA,NA,NA,20710.7980093901,17828.4484390185,24059.1409652342,NA,NA,NA,40184.3945196777,30527.6211543399,52895.8858192441
"Columbia","Sockeye",1993,17151,16285.1,40431,33764.9,"Ogden_20250627, Ogden_20250901",NA,NA,NA,21227.611843611,18277.2185692812,24654.2712653426,NA,NA,NA,42216.6025013476,32386.2360851935,55030.8322976624
"Columbia","Sockeye",1994,1977,12207.7,3235,23876.3,"Ogden_20250627, Ogden_20250901",NA,NA,NA,21757.3221649264,18729.3264225084,25274.8581080577,NA,NA,NA,44351.583445759,34335.4003449854,57289.6466731722
"Columbia","Sockeye",1995,4581,8473.2,4910,14094.8,"Ogden_20250627, Ogden_20250901",NA,NA,NA,22300.2507901458,19184.5002624558,25922.0296854238,NA,NA,NA,46594.5347942988,36375.2781319524,59684.7854969404
"Columbia","Sockeye",1996,17035,7172.2,24259,11172.1,"Ogden_20250627, Ogden_20250901",NA,NA,NA,22856.7275666428,19642.529419581,26596.8798567732,NA,NA,NA,48950.9168337197,38505.2418343966,62230.2872208228
"Columbia","Sockeye",1997,11996,6559,35580,10820.8,"Ogden_20250627, Ogden_20250901",NA,NA,NA,23427.0905727473,20103.2683188102,27300.4649791288,NA,NA,NA,51426.4659887737,40723.8263832044,64941.8691458038
"Columbia","Sockeye",1998,3708,7675.7,8086,13605.8,"Ogden_20250627, Ogden_20250901",NA,NA,NA,24011.6863231406,20566.6375184589,28033.8037544264,NA,NA,NA,54027.2087870826,43028.735393104,67836.9759802614
"Columbia","Sockeye",1999,5648,8088.2,17790,18771.4,"Ogden_20250627, Ogden_20250901",NA,NA,NA,24610.8699793738,21032.6219684053,28797.8798863738,NA,NA,NA,56759.4765302408,45416.9155464799,70934.7637817877
"Columbia","Sockeye",2000,21926,8615.1,74394,24840.7,"Ogden_20250627, Ogden_20250901",NA,NA,NA,25225.0055656408,21501.2669226874,29593.6471127294,NA,NA,NA,59629.9207068644,47884.7099615714,74256.0087836073
"Columbia","Sockeye",2001,39378,11596.1,84097,30800.5,"Ogden_20250627, Ogden_20250901",NA,NA,NA,25854.4661899351,21972.6720850468,30422.0360354536,NA,NA,NA,62645.5291851132,50428.0902988424,77822.9416110361
"Columbia","Sockeye",2002,4904,12435.6,14555,35676.1,"Ogden_20250627, Ogden_20250901",NA,NA,NA,26499.6342707256,22446.9846183505,31283.9621188201,NA,NA,NA,65813.6432240986,53042.9523237141,81659.0224464651
"Columbia","Sockeye",2003,17753,16558,35580,42426.2,"Ogden_20250627, Ogden_20250901",NA,NA,NA,27160.9017692883,22924.3916210936,32180.3342533257,NA,NA,NA,69141.9753455964,55725.4441808652,85788.6881829937
"Columbia","Sockeye",2004,41791,19455.4,92183,44762.3,"Ogden_20250627, Ogden_20250901",NA,NA,NA,27838.6704278364,23405.1125886535,33112.0633688128,NA,NA,NA,72638.6281095677,58472.2859738214,90237.1132882058
"Columbia","Sockeye",2005,31260,18364.3,59838,41111.3,"Ogden_20250627, Ogden_20250901",NA,NA,NA,28533.3520135919,23889.3922597264,34080.07069749,NA,NA,NA,76312.1138391965,61281.038016267,95030.0273481111
"Columbia","Sockeye",2006,20819,26360.3,29111,48890.3,"Ogden_20250627, Ogden_20250901",NA,NA,NA,29245.3685689479,24377.4941230673,35085.2954128818,NA,NA,NA,80171.3753434647,64150.2847771918,100193.622628281
"Columbia","Sockeye",2007,13490,24611.4,19407,42015.6,"Ogden_20250627, Ogden_20250901",NA,NA,NA,29975.152667874,24869.6947437886,36128.7014866463,NA,NA,NA,84225.8076877087,67079.7191568292,105754.567398553
"Columbia","Sockeye",2008,126972,32493.2,177898,49521.2,"Ogden_20250627, Ogden_20250901",NA,NA,NA,30723.147678719,25366.2789723894,37211.2837013187,NA,NA,NA,88485.2810651596,70070.1312890766,111740.121234807
"Columbia","Sockeye",2009,68129,39480.1,134232,60605.3,"Ogden_20250627, Ogden_20250901",NA,NA,NA,31489.8080335724,25867.5360274449,38334.0728293243,NA,NA,NA,92960.1648251442,73123.3214633448,118178.333141634
"Columbia","Sockeye",2010,200344,69535.6,339623,112007.1,"Ogden_20250627, Ogden_20250901",NA,NA,NA,32275.5995043469,26373.7563939334,39498.140037595,NA,NA,NA,97661.3527164411,76241.9645026249,125098.295625328
"Columbia","Sockeye",2011,34528,87952.3,173046,193551.5,"Ogden_20250627, Ogden_20250901",NA,NA,NA,33080.9994857508,26885.2294502802,40704.6006060714,NA,NA,NA,102600.289407246,79429.4529893728,132530.42782328
"Columbia","Sockeye",2012,110302,84911.4,472237,247055,"Ogden_20250627, Ogden_20250901",NA,NA,NA,33906.4972853209,27402.2417239652,41954.6170616407,NA,NA,NA,107788.998346308,82689.741499654,140506.766060565
"Columbia","Sockeye",2013,47951,77773.6,166577,260755.5,"Ogden_20250627, Ogden_20250901",NA,NA,NA,34752.5944206938,27925.0756735347,43249.4018311235,NA,NA,NA,113240.111033058,86027.2065913486,149061.247654981
"Columbia","Sockeye",2014,172043,74868.2,564420,296063.4,"Ogden_20250627, Ogden_20250901",60026.2793956645,49791.6688351932,72364.6003915347,35619.8049242939,28454.008900156,44590.2195116625,245057.994718593,155581.169456111,385994.146884458,118966.89776799,89446.5301625775,158229.980959739
"Columbia","Sockeye",2015,17798,63437.7,438275,373491.8,"Ogden_20250627, Ogden_20250901",58795.7040710305,49938.7871907313,69223.4435731311,36508.6556556265,28989.313701372,45978.3888474056,240638.900928387,161819.77950363,357849.212362343,124983.299958154,92952.6082849972,168051.500185296
"Columbia","Sockeye",2016,96386,61334.5,271698,325284,"Ogden_20250627, Ogden_20250901",57590.3562908127,49990.6717107158,66345.3605283685,37419.6866213615,29531.2568911631,47415.2844899704,236299.49598877,167528.286744717,333301.634545052,131303.964056403,96550.4840625419,178567.007139573
"Columbia","Sockeye",2017,36518,57297.1,56604,248353.7,"Ogden_20250627, Ogden_20250901",56409.7188749699,49896.0518493488,63773.7108571379,38353.4513034063,30080.0998222731,48902.3386083829,232038.342882739,172206.2495381,312658.760713881,137944.277217017,100245.301212793,189820.603925692
"Columbia","Sockeye",2018,57359,43538.5,166577,183051.7,"Ogden_20250627, Ogden_20250901",55253.2852459668,49579.3891838767,61576.5054940408,39310.5169951645,30636.0985580352,50441.04240296,227854.030506804,175101.266164064,296499.621936204,144920.404754507,104042.274432916,201859.521321324
"Columbia","Sockeye",2019,28179,48838.5,58221,110511.4,"Ogden_20250627, Ogden_20250901",54120.5592114166,48950.0713880071,59837.194232858,40291.4651461854,31199.5041511152,52032.9475674775,223745.17320369,175293.678306006,285588.750351608,152249.329496791,107946.672719358,214734.347509587
"Columbia","Sockeye",2020,69363,44982.2,350943,117813.4,"Ogden_20250627, Ogden_20250901",53011.0547511788,47946.5650805097,58610.4952693434,41296.8917154146,31770.562995441,53679.6677351738,219710.410303469,172132.633892197,280438.771569316,159948.893128532,111963.812292548,228499.261405959
"Columbia","Sockeye",2021,24938,40891.1,119677,142064.5,"Ogden_20250627, Ogden_20250901",51924.2958088224,46592.2498281181,57866.5444400796,42327.4075332588,32349.5172250617,55382.8799367239,215748.40567297,165798.335549248,280746.935101784,168037.839625309,116099.056392019,243212.274272044
"Columbia","Sockeye",2022,102486,47276.5,583827,194380.6,"Ogden_20250627, Ogden_20250901",50859.8160873631,44986.9999559502,57499.2974631168,43383.6386726856,32936.6051398569,57144.3260922038,211857.84727331,157229.382268903,285466.6653496,176535.860884331,120357.819814706,258935.482764236
"Columbia","Sockeye",2023,43858,52805.1,210243,267955.9,"Ogden_20250627, Ogden_20250901",49817.1588491893,43243.2336590304,57390.4656477303,44466.2268295844,33532.0616430254,58965.8145541228,208037.446725403,147491.45732545,293437.871079717,185463.644662793,124745.576602598,275735.336100809
"Columbia","Sockeye",2024,155902,64655.7,607524,307358.3,"Ogden_20250627, Thompson_20260826",48795.8767200888,41445.3222699029,57450.0921811189,45575.8297126176,34136.1186792781,60849.2217146651,204285.93888331,137373.905292344,303789.462319094,194842.924940582,129267.869722673,293682.919667875
"Columbia","Sockeye",2025,11196,52924.5,96794,291477.1,"Thompson_20260826",47795.5314972935,39646.2899262592,57619.8387127196,46713.121442801,34749.005665808,62796.493687214,200602.081415275,127357.226022165,315971.039296483,204696.53482992,133930.321923105,312854.257122099
"Columbia","Steelhead",2006,134,134,NA,NA,"OBMEP_20260228",NA,NA,NA,99.0532544836912,82.3477402308228,119.147740986078,NA,NA,NA,NA,NA,NA
"Columbia","Steelhead",2007,29,62.4,NA,NA,"OBMEP_20260228",NA,NA,NA,85.4097436252796,72.0055936781256,101.309133547941,NA,NA,NA,NA,NA,NA
"Columbia","Steelhead",2008,38,52.9,NA,NA,"OBMEP_20260228",NA,NA,NA,73.6454783253695,62.9300422934742,86.185489157615,NA,NA,NA,NA,NA,NA
"Columbia","Steelhead",2009,50,52.1,NA,NA,"OBMEP_20260228",NA,NA,NA,63.5016129022447,54.9622691103552,73.3676921724253,NA,NA,NA,NA,NA,NA
"Columbia","Steelhead",2010,112,60.8,NA,NA,"OBMEP_20260228",NA,NA,NA,54.7549548577978,47.9626596285227,62.5091499241329,NA,NA,NA,NA,NA,NA
"Columbia","Steelhead",2011,38,47.2,NA,NA,"OBMEP_20260228",53.8221428224612,45.0860964966652,64.2509173136263,47.2130540384038,41.8085380722966,53.3162022498527,NA,NA,NA,NA,NA,NA
"Columbia","Steelhead",2012,15,41.4,NA,NA,"OBMEP_20260228",45.7376203214301,39.0065578816106,53.6302105665551,40.7099682105899,36.3924130021215,45.5397533439353,NA,NA,NA,NA,NA,NA
"Columbia","Steelhead",2013,22,37.1,NA,NA,"OBMEP_20260228",38.8674586882908,33.712909401769,44.8101149290521,35.1026118827044,31.6208319636322,38.9677717020524,NA,NA,NA,NA,NA,NA
"Columbia","Steelhead",2014,23,31.8,NA,NA,"OBMEP_20260228",33.0292510688005,29.0966837621086,37.4933251873375,30.2676080367769,27.4138655537922,33.4184208524081,NA,NA,NA,NA,NA,NA
"Columbia","Steelhead",2015,65,28.5,NA,NA,"OBMEP_20260228",28.0679895980572,25.0626870875231,31.4336622136914,26.0985735001489,23.7048928719258,28.7339640142123,NA,NA,NA,NA,NA,NA
"Columbia","Steelhead",2016,15,23.7,NA,NA,"OBMEP_20260228",23.8519498500168,21.5281054263228,26.4266409134217,22.5037782277032,20.439801129293,24.7761722982656,NA,NA,NA,NA,NA,NA
"Columbia","Steelhead",2017,10,21.8,NA,NA,"OBMEP_20260228",20.2691934760834,18.4233651682395,22.299954455615,19.4041269925637,17.5746338434313,21.4240676476039,NA,NA,NA,NA,NA,NA
"Columbia","Steelhead",2018,9,18.3,NA,NA,"OBMEP_20260228",17.2245961757551,15.6945747618638,18.9037752165644,16.7314190769987,15.0718525708214,18.5737209818593,NA,NA,NA,NA,NA,NA
"Columbia","Steelhead",2019,34,19.7,NA,NA,"OBMEP_20260228",14.6373220901914,13.3043640967228,16.1038285193036,14.4268476720152,12.8967872458838,16.1384327571938,NA,NA,NA,NA,NA,NA
"Columbia","Steelhead",2020,24,16.2,NA,NA,"OBMEP_20260228",12.4386775623557,11.2268038298865,13.7813666155256,12.4397059683754,11.0157229007883,14.0477648151953,NA,NA,NA,NA,NA,NA
"Columbia","Steelhead",2021,1,9.4,NA,NA,"OBMEP_20260228",10.5702872797977,9.43850294632903,11.8377854849227,10.7262714695329,9.39568864429583,12.2452865344751,NA,NA,NA,NA,NA,NA
"Columbia","Steelhead",2022,9,9.2,NA,NA,"OBMEP_20260228",8.98254437558498,7.91305417525454,10.1965817081946,9.24884397835508,8.00511086987004,10.6858126422606,NA,NA,NA,NA,NA,NA
"Columbia","Steelhead",2023,7,8.8,NA,NA,"OBMEP_20260228",7.63329333664973,6.62097639980574,8.80038889204479,7.97491609073359,6.81456374903997,9.33284785298271,NA,NA,NA,NA,NA,NA
"Columbia","Steelhead",2024,8,6.6,NA,NA,"OBMEP_20260228",6.48671074998687,5.5320818300657,7.60607265881595,6.87645794469903,5.79727108048787,8.15654007009709,NA,NA,NA,NA,NA,NA
"Columbia","Steelhead",2025,1,3.5,NA,NA,"OBMEP_20260228",5.51235416985338,4.61762611060698,6.58044799774961,5.92930048758227,4.92931301295415,7.1321509061511,NA,NA,NA,NA,NA,NA
