"","region","species_name","species_qualified","streamid","POP_ID","stream_name_pse","GFE_ID","indicator_nuseds","latitude","longitude","year","stream_observed_count","source_id","POP_ID_pk","indicator_lgl","indicator"
"1","West Vancouver Island","Chinook","CK",1541,41873,"ARTLISH RIVER",1413,"Y",50.1150961,-127.0875277,1953,1500,"NuSEDS_20251103",41873,NA,"Y"
"2","West Vancouver Island","Chinook","CK",1541,41873,"ARTLISH RIVER",1413,"Y",50.1150961,-127.0875277,1954,750,"NuSEDS_20251103",41873,NA,"Y"
"3","West Vancouver Island","Chinook","CK",1541,41873,"ARTLISH RIVER",1413,"Y",50.1150961,-127.0875277,1955,750,"NuSEDS_20251103",41873,NA,"Y"
"4","West Vancouver Island","Chinook","CK",1541,41873,"ARTLISH RIVER",1413,"Y",50.1150961,-127.0875277,1956,400,"NuSEDS_20251103",41873,NA,"Y"
"5","West Vancouver Island","Chinook","CK",1541,41873,"ARTLISH RIVER",1413,"Y",50.1150961,-127.0875277,1957,400,"NuSEDS_20251103",41873,NA,"Y"
"6","West Vancouver Island","Chinook","CK",1541,41873,"ARTLISH RIVER",1413,"Y",50.1150961,-127.0875277,1958,3500,"NuSEDS_20251103",41873,NA,"Y"
"7","West Vancouver Island","Chinook","CK",1541,41873,"ARTLISH RIVER",1413,"Y",50.1150961,-127.0875277,1959,200,"NuSEDS_20251103",41873,NA,"Y"
"8","West Vancouver Island","Chinook","CK",1541,41873,"ARTLISH RIVER",1413,"Y",50.1150961,-127.0875277,1960,750,"NuSEDS_20251103",41873,NA,"Y"
"9","West Vancouver Island","Chinook","CK",1541,41873,"ARTLISH RIVER",1413,"Y",50.1150961,-127.0875277,1961,400,"NuSEDS_20251103",41873,NA,"Y"
"10","West Vancouver Island","Chinook","CK",1541,41873,"ARTLISH RIVER",1413,"Y",50.1150961,-127.0875277,1962,200,"NuSEDS_20251103",41873,NA,"Y"
"11","West Vancouver Island","Chinook","CK",1541,41873,"ARTLISH RIVER",1413,"Y",50.1150961,-127.0875277,1963,750,"NuSEDS_20251103",41873,NA,"Y"
"12","West Vancouver Island","Chinook","CK",1541,41873,"ARTLISH RIVER",1413,"Y",50.1150961,-127.0875277,1964,25,"NuSEDS_20251103",41873,NA,"Y"
"13","West Vancouver Island","Chinook","CK",1541,41873,"ARTLISH RIVER",1413,"Y",50.1150961,-127.0875277,1965,400,"NuSEDS_20251103",41873,NA,"Y"
"14","West Vancouver Island","Chinook","CK",1541,41873,"ARTLISH RIVER",1413,"Y",50.1150961,-127.0875277,1966,3500,"NuSEDS_20251103",41873,NA,"Y"
"15","West Vancouver Island","Chinook","CK",1541,41873,"ARTLISH RIVER",1413,"Y",50.1150961,-127.0875277,1967,25,"NuSEDS_20251103",41873,NA,"Y"
"16","West Vancouver Island","Chinook","CK",1541,41873,"ARTLISH RIVER",1413,"Y",50.1150961,-127.0875277,1968,25,"NuSEDS_20251103",41873,NA,"Y"
"17","West Vancouver Island","Chinook","CK",1541,41873,"ARTLISH RIVER",1413,"Y",50.1150961,-127.0875277,1969,200,"NuSEDS_20251103",41873,NA,"Y"
"18","West Vancouver Island","Chinook","CK",1541,41873,"ARTLISH RIVER",1413,"Y",50.1150961,-127.0875277,1970,200,"NuSEDS_20251103",41873,NA,"Y"
"19","West Vancouver Island","Chinook","CK",1541,41873,"ARTLISH RIVER",1413,"Y",50.1150961,-127.0875277,1971,200,"NuSEDS_20251103",41873,NA,"Y"
"20","West Vancouver Island","Chinook","CK",1541,41873,"ARTLISH RIVER",1413,"Y",50.1150961,-127.0875277,1972,400,"NuSEDS_20251103",41873,NA,"Y"
"21","West Vancouver Island","Chinook","CK",1541,41873,"ARTLISH RIVER",1413,"Y",50.1150961,-127.0875277,1973,750,"NuSEDS_20251103",41873,NA,"Y"
"22","West Vancouver Island","Chinook","CK",1541,41873,"ARTLISH RIVER",1413,"Y",50.1150961,-127.0875277,1974,200,"NuSEDS_20251103",41873,NA,"Y"
"23","West Vancouver Island","Chinook","CK",1541,41873,"ARTLISH RIVER",1413,"Y",50.1150961,-127.0875277,1975,25,"NuSEDS_20251103",41873,NA,"Y"
"24","West Vancouver Island","Chinook","CK",1541,41873,"ARTLISH RIVER",1413,"Y",50.1150961,-127.0875277,1976,25,"NuSEDS_20251103",41873,NA,"Y"
"25","West Vancouver Island","Chinook","CK",1541,41873,"ARTLISH RIVER",1413,"Y",50.1150961,-127.0875277,1977,60,"NuSEDS_20251103",41873,NA,"Y"
"26","West Vancouver Island","Chinook","CK",1541,41873,"ARTLISH RIVER",1413,"Y",50.1150961,-127.0875277,1979,40,"NuSEDS_20251103",41873,NA,"Y"
"27","West Vancouver Island","Chinook","CK",1541,41873,"ARTLISH RIVER",1413,"Y",50.1150961,-127.0875277,1980,100,"NuSEDS_20251103",41873,NA,"Y"
"28","West Vancouver Island","Chinook","CK",1541,41873,"ARTLISH RIVER",1413,"Y",50.1150961,-127.0875277,1981,500,"NuSEDS_20251103",41873,NA,"Y"
"29","West Vancouver Island","Chinook","CK",1541,41873,"ARTLISH RIVER",1413,"Y",50.1150961,-127.0875277,1982,100,"NuSEDS_20251103",41873,NA,"Y"
"30","West Vancouver Island","Chinook","CK",1541,41873,"ARTLISH RIVER",1413,"Y",50.1150961,-127.0875277,1984,650,"NuSEDS_20251103",41873,NA,"Y"
"31","West Vancouver Island","Chinook","CK",1541,41873,"ARTLISH RIVER",1413,"Y",50.1150961,-127.0875277,1985,400,"NuSEDS_20251103",41873,NA,"Y"
"32","West Vancouver Island","Chinook","CK",1541,41873,"ARTLISH RIVER",1413,"Y",50.1150961,-127.0875277,1986,100,"NuSEDS_20251103",41873,NA,"Y"
"33","West Vancouver Island","Chinook","CK",1541,41873,"ARTLISH RIVER",1413,"Y",50.1150961,-127.0875277,1987,100,"NuSEDS_20251103",41873,NA,"Y"
"34","West Vancouver Island","Chinook","CK",1541,41873,"ARTLISH RIVER",1413,"Y",50.1150961,-127.0875277,1989,40,"NuSEDS_20251103",41873,NA,"Y"
"35","West Vancouver Island","Chinook","CK",1541,41873,"ARTLISH RIVER",1413,"Y",50.1150961,-127.0875277,1990,50,"NuSEDS_20251103",41873,NA,"Y"
"36","West Vancouver Island","Chinook","CK",1541,41873,"ARTLISH RIVER",1413,"Y",50.1150961,-127.0875277,1991,20,"NuSEDS_20251103",41873,NA,"Y"
"37","West Vancouver Island","Chinook","CK",1541,41873,"ARTLISH RIVER",1413,"Y",50.1150961,-127.0875277,1992,10,"NuSEDS_20251103",41873,NA,"Y"
"38","West Vancouver Island","Chinook","CK",1541,41873,"ARTLISH RIVER",1413,"Y",50.1150961,-127.0875277,1993,10,"NuSEDS_20251103",41873,NA,"Y"
"39","West Vancouver Island","Chinook","CK",1541,41873,"ARTLISH RIVER",1413,"Y",50.1150961,-127.0875277,1994,100,"NuSEDS_20251103",41873,NA,"Y"
"40","West Vancouver Island","Chinook","CK",1541,41873,"ARTLISH RIVER",1413,"Y",50.1150961,-127.0875277,1995,103,"NuSEDS_20251103",41873,NA,"Y"
"41","West Vancouver Island","Chinook","CK",1541,41873,"ARTLISH RIVER",1413,"Y",50.1150961,-127.0875277,1996,69,"NuSEDS_20251103",41873,NA,"Y"
"42","West Vancouver Island","Chinook","CK",1541,41873,"ARTLISH RIVER",1413,"Y",50.1150961,-127.0875277,1997,402,"NuSEDS_20251103",41873,NA,"Y"
"43","West Vancouver Island","Chinook","CK",1541,41873,"ARTLISH RIVER",1413,"Y",50.1150961,-127.0875277,1998,300,"NuSEDS_20251103",41873,NA,"Y"
"44","West Vancouver Island","Chinook","CK",1541,41873,"ARTLISH RIVER",1413,"Y",50.1150961,-127.0875277,1999,539,"NuSEDS_20251103",41873,NA,"Y"
"45","West Vancouver Island","Chinook","CK",1541,41873,"ARTLISH RIVER",1413,"Y",50.1150961,-127.0875277,2000,88,"NuSEDS_20251103",41873,NA,"Y"
"46","West Vancouver Island","Chinook","CK",1541,41873,"ARTLISH RIVER",1413,"Y",50.1150961,-127.0875277,2001,139,"NuSEDS_20251103",41873,NA,"Y"
"47","West Vancouver Island","Chinook","CK",1541,41873,"ARTLISH RIVER",1413,"Y",50.1150961,-127.0875277,2002,62,"NuSEDS_20251103",41873,NA,"Y"
"48","West Vancouver Island","Chinook","CK",1541,41873,"ARTLISH RIVER",1413,"Y",50.1150961,-127.0875277,2003,534,"NuSEDS_20251103",41873,NA,"Y"
"49","West Vancouver Island","Chinook","CK",1541,41873,"ARTLISH RIVER",1413,"Y",50.1150961,-127.0875277,2004,530,"NuSEDS_20251103",41873,NA,"Y"
"50","West Vancouver Island","Chinook","CK",1541,41873,"ARTLISH RIVER",1413,"Y",50.1150961,-127.0875277,2005,265,"NuSEDS_20251103",41873,NA,"Y"
"51","West Vancouver Island","Chinook","CK",1541,41873,"ARTLISH RIVER",1413,"Y",50.1150961,-127.0875277,2006,285,"NuSEDS_20251103",41873,NA,"Y"
"52","West Vancouver Island","Chinook","CK",1541,41873,"ARTLISH RIVER",1413,"Y",50.1150961,-127.0875277,2007,250,"NuSEDS_20251103",41873,NA,"Y"
"53","West Vancouver Island","Chinook","CK",1541,41873,"ARTLISH RIVER",1413,"Y",50.1150961,-127.0875277,2008,224,"NuSEDS_20251103",41873,NA,"Y"
"54","West Vancouver Island","Chinook","CK",1541,41873,"ARTLISH RIVER",1413,"Y",50.1150961,-127.0875277,2009,281,"NuSEDS_20251103",41873,NA,"Y"
"55","West Vancouver Island","Chinook","CK",1541,41873,"ARTLISH RIVER",1413,"Y",50.1150961,-127.0875277,2010,123,"NuSEDS_20251103",41873,NA,"Y"
"56","West Vancouver Island","Chinook","CK",1541,41873,"ARTLISH RIVER",1413,"Y",50.1150961,-127.0875277,2011,117,"NuSEDS_20251103",41873,NA,"Y"
"57","West Vancouver Island","Chinook","CK",1541,41873,"ARTLISH RIVER",1413,"Y",50.1150961,-127.0875277,2012,167,"NuSEDS_20251103",41873,NA,"Y"
"58","West Vancouver Island","Chinook","CK",1541,41873,"ARTLISH RIVER",1413,"Y",50.1150961,-127.0875277,2013,417,"NuSEDS_20251103",41873,NA,"Y"
"59","West Vancouver Island","Chinook","CK",1541,41873,"ARTLISH RIVER",1413,"Y",50.1150961,-127.0875277,2014,127,"NuSEDS_20251103",41873,NA,"Y"
"60","West Vancouver Island","Chinook","CK",1541,41873,"ARTLISH RIVER",1413,"Y",50.1150961,-127.0875277,2015,1205,"NuSEDS_20251103",41873,NA,"Y"
"61","West Vancouver Island","Chinook","CK",1541,41873,"ARTLISH RIVER",1413,"Y",50.1150961,-127.0875277,2016,234,"NuSEDS_20251103",41873,NA,"Y"
"62","West Vancouver Island","Chinook","CK",1541,41873,"ARTLISH RIVER",1413,"Y",50.1150961,-127.0875277,2017,314,"NuSEDS_20251103",41873,NA,"Y"
"63","West Vancouver Island","Chinook","CK",1541,41873,"ARTLISH RIVER",1413,"Y",50.1150961,-127.0875277,2018,593,"NuSEDS_20251103",41873,NA,"Y"
"64","West Vancouver Island","Chinook","CK",1541,41873,"ARTLISH RIVER",1413,"Y",50.1150961,-127.0875277,2019,522,"NuSEDS_20251103",41873,NA,"Y"
"65","West Vancouver Island","Chinook","CK",1541,41873,"ARTLISH RIVER",1413,"Y",50.1150961,-127.0875277,2020,145,"NuSEDS_20251103",41873,NA,"Y"
"66","West Vancouver Island","Chinook","CK",1541,41873,"ARTLISH RIVER",1413,"Y",50.1150961,-127.0875277,2021,460,"NuSEDS_20251103",41873,NA,"Y"
"67","West Vancouver Island","Chinook","CK",1541,41873,"ARTLISH RIVER",1413,"Y",50.1150961,-127.0875277,2022,246,"NuSEDS_20251103",41873,NA,"Y"
"68","West Vancouver Island","Chinook","CK",1541,41873,"ARTLISH RIVER",1413,"Y",50.1150961,-127.0875277,2023,111,"NuSEDS_20251103",41873,NA,"Y"
"69","West Vancouver Island","Chinook","CK",1541,41873,"ARTLISH RIVER",1413,"Y",50.1150961,-127.0875277,2024,186,"NuSEDS_20251103",41873,NA,"Y"
"70","West Vancouver Island","Chinook","CK",1504,41328,"BURMAN RIVER",1356,"Y",49.60761042,-126.0461614,1953,3500,"NuSEDS_20251103",41328,NA,"Y"
"71","West Vancouver Island","Chinook","CK",1504,41328,"BURMAN RIVER",1356,"Y",49.60761042,-126.0461614,1954,75,"NuSEDS_20251103",41328,NA,"Y"
"72","West Vancouver Island","Chinook","CK",1504,41328,"BURMAN RIVER",1356,"Y",49.60761042,-126.0461614,1955,750,"NuSEDS_20251103",41328,NA,"Y"
"73","West Vancouver Island","Chinook","CK",1504,41328,"BURMAN RIVER",1356,"Y",49.60761042,-126.0461614,1956,200,"NuSEDS_20251103",41328,NA,"Y"
"74","West Vancouver Island","Chinook","CK",1504,41328,"BURMAN RIVER",1356,"Y",49.60761042,-126.0461614,1957,200,"NuSEDS_20251103",41328,NA,"Y"
"75","West Vancouver Island","Chinook","CK",1504,41328,"BURMAN RIVER",1356,"Y",49.60761042,-126.0461614,1958,200,"NuSEDS_20251103",41328,NA,"Y"
"76","West Vancouver Island","Chinook","CK",1504,41328,"BURMAN RIVER",1356,"Y",49.60761042,-126.0461614,1959,200,"NuSEDS_20251103",41328,NA,"Y"
"77","West Vancouver Island","Chinook","CK",1504,41328,"BURMAN RIVER",1356,"Y",49.60761042,-126.0461614,1960,1500,"NuSEDS_20251103",41328,NA,"Y"
"78","West Vancouver Island","Chinook","CK",1504,41328,"BURMAN RIVER",1356,"Y",49.60761042,-126.0461614,1961,750,"NuSEDS_20251103",41328,NA,"Y"
"79","West Vancouver Island","Chinook","CK",1504,41328,"BURMAN RIVER",1356,"Y",49.60761042,-126.0461614,1962,3500,"NuSEDS_20251103",41328,NA,"Y"
"80","West Vancouver Island","Chinook","CK",1504,41328,"BURMAN RIVER",1356,"Y",49.60761042,-126.0461614,1963,3000,"NuSEDS_20251103",41328,NA,"Y"
"81","West Vancouver Island","Chinook","CK",1504,41328,"BURMAN RIVER",1356,"Y",49.60761042,-126.0461614,1964,3000,"NuSEDS_20251103",41328,NA,"Y"
"82","West Vancouver Island","Chinook","CK",1504,41328,"BURMAN RIVER",1356,"Y",49.60761042,-126.0461614,1965,3500,"NuSEDS_20251103",41328,NA,"Y"
"83","West Vancouver Island","Chinook","CK",1504,41328,"BURMAN RIVER",1356,"Y",49.60761042,-126.0461614,1966,3000,"NuSEDS_20251103",41328,NA,"Y"
"84","West Vancouver Island","Chinook","CK",1504,41328,"BURMAN RIVER",1356,"Y",49.60761042,-126.0461614,1967,2800,"NuSEDS_20251103",41328,NA,"Y"
"85","West Vancouver Island","Chinook","CK",1504,41328,"BURMAN RIVER",1356,"Y",49.60761042,-126.0461614,1968,500,"NuSEDS_20251103",41328,NA,"Y"
"86","West Vancouver Island","Chinook","CK",1504,41328,"BURMAN RIVER",1356,"Y",49.60761042,-126.0461614,1969,1500,"NuSEDS_20251103",41328,NA,"Y"
"87","West Vancouver Island","Chinook","CK",1504,41328,"BURMAN RIVER",1356,"Y",49.60761042,-126.0461614,1970,900,"NuSEDS_20251103",41328,NA,"Y"
"88","West Vancouver Island","Chinook","CK",1504,41328,"BURMAN RIVER",1356,"Y",49.60761042,-126.0461614,1971,1000,"NuSEDS_20251103",41328,NA,"Y"
"89","West Vancouver Island","Chinook","CK",1504,41328,"BURMAN RIVER",1356,"Y",49.60761042,-126.0461614,1972,1500,"NuSEDS_20251103",41328,NA,"Y"
"90","West Vancouver Island","Chinook","CK",1504,41328,"BURMAN RIVER",1356,"Y",49.60761042,-126.0461614,1973,750,"NuSEDS_20251103",41328,NA,"Y"
"91","West Vancouver Island","Chinook","CK",1504,41328,"BURMAN RIVER",1356,"Y",49.60761042,-126.0461614,1974,750,"NuSEDS_20251103",41328,NA,"Y"
"92","West Vancouver Island","Chinook","CK",1504,41328,"BURMAN RIVER",1356,"Y",49.60761042,-126.0461614,1975,200,"NuSEDS_20251103",41328,NA,"Y"
"93","West Vancouver Island","Chinook","CK",1504,41328,"BURMAN RIVER",1356,"Y",49.60761042,-126.0461614,1976,400,"NuSEDS_20251103",41328,NA,"Y"
"94","West Vancouver Island","Chinook","CK",1504,41328,"BURMAN RIVER",1356,"Y",49.60761042,-126.0461614,1977,500,"NuSEDS_20251103",41328,NA,"Y"
"95","West Vancouver Island","Chinook","CK",1504,41328,"BURMAN RIVER",1356,"Y",49.60761042,-126.0461614,1978,1000,"NuSEDS_20251103",41328,NA,"Y"
"96","West Vancouver Island","Chinook","CK",1504,41328,"BURMAN RIVER",1356,"Y",49.60761042,-126.0461614,1979,650,"NuSEDS_20251103",41328,NA,"Y"
"97","West Vancouver Island","Chinook","CK",1504,41328,"BURMAN RIVER",1356,"Y",49.60761042,-126.0461614,1980,345,"NuSEDS_20251103",41328,NA,"Y"
"98","West Vancouver Island","Chinook","CK",1504,41328,"BURMAN RIVER",1356,"Y",49.60761042,-126.0461614,1981,300,"NuSEDS_20251103",41328,NA,"Y"
"99","West Vancouver Island","Chinook","CK",1504,41328,"BURMAN RIVER",1356,"Y",49.60761042,-126.0461614,1983,475,"NuSEDS_20251103",41328,NA,"Y"
"100","West Vancouver Island","Chinook","CK",1504,41328,"BURMAN RIVER",1356,"Y",49.60761042,-126.0461614,1984,700,"NuSEDS_20251103",41328,NA,"Y"
"101","West Vancouver Island","Chinook","CK",1504,41328,"BURMAN RIVER",1356,"Y",49.60761042,-126.0461614,1985,500,"NuSEDS_20251103",41328,NA,"Y"
"102","West Vancouver Island","Chinook","CK",1504,41328,"BURMAN RIVER",1356,"Y",49.60761042,-126.0461614,1986,400,"NuSEDS_20251103",41328,NA,"Y"
"103","West Vancouver Island","Chinook","CK",1504,41328,"BURMAN RIVER",1356,"Y",49.60761042,-126.0461614,1987,100,"NuSEDS_20251103",41328,NA,"Y"
"104","West Vancouver Island","Chinook","CK",1504,41328,"BURMAN RIVER",1356,"Y",49.60761042,-126.0461614,1988,400,"NuSEDS_20251103",41328,NA,"Y"
"105","West Vancouver Island","Chinook","CK",1504,41328,"BURMAN RIVER",1356,"Y",49.60761042,-126.0461614,1989,700,"NuSEDS_20251103",41328,NA,"Y"
"106","West Vancouver Island","Chinook","CK",1504,41328,"BURMAN RIVER",1356,"Y",49.60761042,-126.0461614,1990,1036,"NuSEDS_20251103",41328,NA,"Y"
"107","West Vancouver Island","Chinook","CK",1504,41328,"BURMAN RIVER",1356,"Y",49.60761042,-126.0461614,1991,2500,"NuSEDS_20251103",41328,NA,"Y"
"108","West Vancouver Island","Chinook","CK",1504,41328,"BURMAN RIVER",1356,"Y",49.60761042,-126.0461614,1992,2000,"NuSEDS_20251103",41328,NA,"Y"
"109","West Vancouver Island","Chinook","CK",1504,41328,"BURMAN RIVER",1356,"Y",49.60761042,-126.0461614,1993,250,"NuSEDS_20251103",41328,NA,"Y"
"110","West Vancouver Island","Chinook","CK",1504,41328,"BURMAN RIVER",1356,"Y",49.60761042,-126.0461614,1994,2200,"NuSEDS_20251103",41328,NA,"Y"
"111","West Vancouver Island","Chinook","CK",1504,41328,"BURMAN RIVER",1356,"Y",49.60761042,-126.0461614,1995,792,"NuSEDS_20251103",41328,NA,"Y"
"112","West Vancouver Island","Chinook","CK",1504,41328,"BURMAN RIVER",1356,"Y",49.60761042,-126.0461614,1996,739,"NuSEDS_20251103",41328,NA,"Y"
"113","West Vancouver Island","Chinook","CK",1504,41328,"BURMAN RIVER",1356,"Y",49.60761042,-126.0461614,1997,2370,"NuSEDS_20251103",41328,NA,"Y"
"114","West Vancouver Island","Chinook","CK",1504,41328,"BURMAN RIVER",1356,"Y",49.60761042,-126.0461614,1998,3236,"NuSEDS_20251103",41328,NA,"Y"
"115","West Vancouver Island","Chinook","CK",1504,41328,"BURMAN RIVER",1356,"Y",49.60761042,-126.0461614,1999,2406,"NuSEDS_20251103",41328,NA,"Y"
"116","West Vancouver Island","Chinook","CK",1504,41328,"BURMAN RIVER",1356,"Y",49.60761042,-126.0461614,2000,214,"NuSEDS_20251103",41328,NA,"Y"
"117","West Vancouver Island","Chinook","CK",1504,41328,"BURMAN RIVER",1356,"Y",49.60761042,-126.0461614,2001,148,"NuSEDS_20251103",41328,NA,"Y"
"118","West Vancouver Island","Chinook","CK",1504,41328,"BURMAN RIVER",1356,"Y",49.60761042,-126.0461614,2002,446,"NuSEDS_20251103",41328,NA,"Y"
"119","West Vancouver Island","Chinook","CK",1504,41328,"BURMAN RIVER",1356,"Y",49.60761042,-126.0461614,2003,773,"NuSEDS_20251103",41328,NA,"Y"
"120","West Vancouver Island","Chinook","CK",1504,41328,"BURMAN RIVER",1356,"Y",49.60761042,-126.0461614,2004,2659,"NuSEDS_20251103",41328,NA,"Y"
"121","West Vancouver Island","Chinook","CK",1504,41328,"BURMAN RIVER",1356,"Y",49.60761042,-126.0461614,2005,650,"NuSEDS_20251103",41328,NA,"Y"
"122","West Vancouver Island","Chinook","CK",1504,41328,"BURMAN RIVER",1356,"Y",49.60761042,-126.0461614,2006,518,"NuSEDS_20251103",41328,NA,"Y"
"123","West Vancouver Island","Chinook","CK",1504,41328,"BURMAN RIVER",1356,"Y",49.60761042,-126.0461614,2007,356,"NuSEDS_20251103",41328,NA,"Y"
"124","West Vancouver Island","Chinook","CK",1504,41328,"BURMAN RIVER",1356,"Y",49.60761042,-126.0461614,2008,544,"NuSEDS_20251103",41328,NA,"Y"
"125","West Vancouver Island","Chinook","CK",1504,41328,"BURMAN RIVER",1356,"Y",49.60761042,-126.0461614,2009,1860,"NuSEDS_20251103",41328,NA,"Y"
"126","West Vancouver Island","Chinook","CK",1504,41328,"BURMAN RIVER",1356,"Y",49.60761042,-126.0461614,2010,3028,"NuSEDS_20251103",41328,NA,"Y"
"127","West Vancouver Island","Chinook","CK",1504,41328,"BURMAN RIVER",1356,"Y",49.60761042,-126.0461614,2011,2048,"NuSEDS_20251103",41328,NA,"Y"
"128","West Vancouver Island","Chinook","CK",1504,41328,"BURMAN RIVER",1356,"Y",49.60761042,-126.0461614,2012,1364,"NuSEDS_20251103",41328,NA,"Y"
"129","West Vancouver Island","Chinook","CK",1504,41328,"BURMAN RIVER",1356,"Y",49.60761042,-126.0461614,2013,8547,"NuSEDS_20251103",41328,NA,"Y"
"130","West Vancouver Island","Chinook","CK",1504,41328,"BURMAN RIVER",1356,"Y",49.60761042,-126.0461614,2014,2884,"NuSEDS_20251103",41328,NA,"Y"
"131","West Vancouver Island","Chinook","CK",1504,41328,"BURMAN RIVER",1356,"Y",49.60761042,-126.0461614,2015,6312,"NuSEDS_20251103",41328,NA,"Y"
"132","West Vancouver Island","Chinook","CK",1504,41328,"BURMAN RIVER",1356,"Y",49.60761042,-126.0461614,2016,10762,"NuSEDS_20251103",41328,NA,"Y"
"133","West Vancouver Island","Chinook","CK",1504,41328,"BURMAN RIVER",1356,"Y",49.60761042,-126.0461614,2017,1367,"NuSEDS_20251103",41328,NA,"Y"
"134","West Vancouver Island","Chinook","CK",1504,41328,"BURMAN RIVER",1356,"Y",49.60761042,-126.0461614,2018,3585,"NuSEDS_20251103",41328,NA,"Y"
"135","West Vancouver Island","Chinook","CK",1504,41328,"BURMAN RIVER",1356,"Y",49.60761042,-126.0461614,2019,2095,"NuSEDS_20251103",41328,NA,"Y"
"136","West Vancouver Island","Chinook","CK",1504,41328,"BURMAN RIVER",1356,"Y",49.60761042,-126.0461614,2020,2546,"NuSEDS_20251103",41328,NA,"Y"
"137","West Vancouver Island","Chinook","CK",1504,41328,"BURMAN RIVER",1356,"Y",49.60761042,-126.0461614,2021,4548,"NuSEDS_20251103",41328,NA,"Y"
"138","West Vancouver Island","Chinook","CK",1504,41328,"BURMAN RIVER",1356,"Y",49.60761042,-126.0461614,2022,1438,"NuSEDS_20251103",41328,NA,"Y"
"139","West Vancouver Island","Chinook","CK",1504,41328,"BURMAN RIVER",1356,"Y",49.60761042,-126.0461614,2023,5082,"NuSEDS_20251103",41328,NA,"Y"
"140","West Vancouver Island","Chinook","CK",1504,41328,"BURMAN RIVER",1356,"Y",49.60761042,-126.0461614,2024,741,"NuSEDS_20251103",41328,NA,"Y"
"141","West Vancouver Island","Chinook","CK",1505,41348,"GOLD RIVER",1358,"Y",49.68114958,-126.1125545,1953,7500,"NuSEDS_20251103",41348,NA,"Y"
"142","West Vancouver Island","Chinook","CK",1505,41348,"GOLD RIVER",1358,"Y",49.68114958,-126.1125545,1954,400,"NuSEDS_20251103",41348,NA,"Y"
"143","West Vancouver Island","Chinook","CK",1505,41348,"GOLD RIVER",1358,"Y",49.68114958,-126.1125545,1955,1500,"NuSEDS_20251103",41348,NA,"Y"
"144","West Vancouver Island","Chinook","CK",1505,41348,"GOLD RIVER",1358,"Y",49.68114958,-126.1125545,1956,400,"NuSEDS_20251103",41348,NA,"Y"
"145","West Vancouver Island","Chinook","CK",1505,41348,"GOLD RIVER",1358,"Y",49.68114958,-126.1125545,1957,200,"NuSEDS_20251103",41348,NA,"Y"
"146","West Vancouver Island","Chinook","CK",1505,41348,"GOLD RIVER",1358,"Y",49.68114958,-126.1125545,1958,200,"NuSEDS_20251103",41348,NA,"Y"
"147","West Vancouver Island","Chinook","CK",1505,41348,"GOLD RIVER",1358,"Y",49.68114958,-126.1125545,1959,750,"NuSEDS_20251103",41348,NA,"Y"
"148","West Vancouver Island","Chinook","CK",1505,41348,"GOLD RIVER",1358,"Y",49.68114958,-126.1125545,1960,750,"NuSEDS_20251103",41348,NA,"Y"
"149","West Vancouver Island","Chinook","CK",1505,41348,"GOLD RIVER",1358,"Y",49.68114958,-126.1125545,1961,1500,"NuSEDS_20251103",41348,NA,"Y"
"150","West Vancouver Island","Chinook","CK",1505,41348,"GOLD RIVER",1358,"Y",49.68114958,-126.1125545,1962,750,"NuSEDS_20251103",41348,NA,"Y"
"151","West Vancouver Island","Chinook","CK",1505,41348,"GOLD RIVER",1358,"Y",49.68114958,-126.1125545,1963,1000,"NuSEDS_20251103",41348,NA,"Y"
"152","West Vancouver Island","Chinook","CK",1505,41348,"GOLD RIVER",1358,"Y",49.68114958,-126.1125545,1964,3500,"NuSEDS_20251103",41348,NA,"Y"
"153","West Vancouver Island","Chinook","CK",1505,41348,"GOLD RIVER",1358,"Y",49.68114958,-126.1125545,1965,1500,"NuSEDS_20251103",41348,NA,"Y"
"154","West Vancouver Island","Chinook","CK",1505,41348,"GOLD RIVER",1358,"Y",49.68114958,-126.1125545,1966,1500,"NuSEDS_20251103",41348,NA,"Y"
"155","West Vancouver Island","Chinook","CK",1505,41348,"GOLD RIVER",1358,"Y",49.68114958,-126.1125545,1967,2000,"NuSEDS_20251103",41348,NA,"Y"
"156","West Vancouver Island","Chinook","CK",1505,41348,"GOLD RIVER",1358,"Y",49.68114958,-126.1125545,1968,750,"NuSEDS_20251103",41348,NA,"Y"
"157","West Vancouver Island","Chinook","CK",1505,41348,"GOLD RIVER",1358,"Y",49.68114958,-126.1125545,1969,1000,"NuSEDS_20251103",41348,NA,"Y"
"158","West Vancouver Island","Chinook","CK",1505,41348,"GOLD RIVER",1358,"Y",49.68114958,-126.1125545,1970,750,"NuSEDS_20251103",41348,NA,"Y"
"159","West Vancouver Island","Chinook","CK",1505,41348,"GOLD RIVER",1358,"Y",49.68114958,-126.1125545,1971,1300,"NuSEDS_20251103",41348,NA,"Y"
"160","West Vancouver Island","Chinook","CK",1505,41348,"GOLD RIVER",1358,"Y",49.68114958,-126.1125545,1972,1100,"NuSEDS_20251103",41348,NA,"Y"
"161","West Vancouver Island","Chinook","CK",1505,41348,"GOLD RIVER",1358,"Y",49.68114958,-126.1125545,1973,3500,"NuSEDS_20251103",41348,NA,"Y"
"162","West Vancouver Island","Chinook","CK",1505,41348,"GOLD RIVER",1358,"Y",49.68114958,-126.1125545,1974,750,"NuSEDS_20251103",41348,NA,"Y"
"163","West Vancouver Island","Chinook","CK",1505,41348,"GOLD RIVER",1358,"Y",49.68114958,-126.1125545,1975,400,"NuSEDS_20251103",41348,NA,"Y"
"164","West Vancouver Island","Chinook","CK",1505,41348,"GOLD RIVER",1358,"Y",49.68114958,-126.1125545,1976,25,"NuSEDS_20251103",41348,NA,"Y"
"165","West Vancouver Island","Chinook","CK",1505,41348,"GOLD RIVER",1358,"Y",49.68114958,-126.1125545,1977,2000,"NuSEDS_20251103",41348,NA,"Y"
"166","West Vancouver Island","Chinook","CK",1505,41348,"GOLD RIVER",1358,"Y",49.68114958,-126.1125545,1978,3500,"NuSEDS_20251103",41348,NA,"Y"
"167","West Vancouver Island","Chinook","CK",1505,41348,"GOLD RIVER",1358,"Y",49.68114958,-126.1125545,1979,803,"NuSEDS_20251103",41348,NA,"Y"
"168","West Vancouver Island","Chinook","CK",1505,41348,"GOLD RIVER",1358,"Y",49.68114958,-126.1125545,1980,750,"NuSEDS_20251103",41348,NA,"Y"
"169","West Vancouver Island","Chinook","CK",1505,41348,"GOLD RIVER",1358,"Y",49.68114958,-126.1125545,1981,560,"NuSEDS_20251103",41348,NA,"Y"
"170","West Vancouver Island","Chinook","CK",1505,41348,"GOLD RIVER",1358,"Y",49.68114958,-126.1125545,1982,1000,"NuSEDS_20251103",41348,NA,"Y"
"171","West Vancouver Island","Chinook","CK",1505,41348,"GOLD RIVER",1358,"Y",49.68114958,-126.1125545,1983,1500,"NuSEDS_20251103",41348,NA,"Y"
"172","West Vancouver Island","Chinook","CK",1505,41348,"GOLD RIVER",1358,"Y",49.68114958,-126.1125545,1984,1500,"NuSEDS_20251103",41348,NA,"Y"
"173","West Vancouver Island","Chinook","CK",1505,41348,"GOLD RIVER",1358,"Y",49.68114958,-126.1125545,1985,1500,"NuSEDS_20251103",41348,NA,"Y"
"174","West Vancouver Island","Chinook","CK",1505,41348,"GOLD RIVER",1358,"Y",49.68114958,-126.1125545,1986,1900,"NuSEDS_20251103",41348,NA,"Y"
"175","West Vancouver Island","Chinook","CK",1505,41348,"GOLD RIVER",1358,"Y",49.68114958,-126.1125545,1987,600,"NuSEDS_20251103",41348,NA,"Y"
"176","West Vancouver Island","Chinook","CK",1505,41348,"GOLD RIVER",1358,"Y",49.68114958,-126.1125545,1988,1000,"NuSEDS_20251103",41348,NA,"Y"
"177","West Vancouver Island","Chinook","CK",1505,41348,"GOLD RIVER",1358,"Y",49.68114958,-126.1125545,1989,1000,"NuSEDS_20251103",41348,NA,"Y"
"178","West Vancouver Island","Chinook","CK",1505,41348,"GOLD RIVER",1358,"Y",49.68114958,-126.1125545,1990,1952,"NuSEDS_20251103",41348,NA,"Y"
"179","West Vancouver Island","Chinook","CK",1505,41348,"GOLD RIVER",1358,"Y",49.68114958,-126.1125545,1991,1000,"NuSEDS_20251103",41348,NA,"Y"
"180","West Vancouver Island","Chinook","CK",1505,41348,"GOLD RIVER",1358,"Y",49.68114958,-126.1125545,1992,2500,"NuSEDS_20251103",41348,NA,"Y"
"181","West Vancouver Island","Chinook","CK",1505,41348,"GOLD RIVER",1358,"Y",49.68114958,-126.1125545,1993,1700,"NuSEDS_20251103",41348,NA,"Y"
"182","West Vancouver Island","Chinook","CK",1505,41348,"GOLD RIVER",1358,"Y",49.68114958,-126.1125545,1994,3500,"NuSEDS_20251103",41348,NA,"Y"
"183","West Vancouver Island","Chinook","CK",1505,41348,"GOLD RIVER",1358,"Y",49.68114958,-126.1125545,1995,750,"NuSEDS_20251103",41348,NA,"Y"
"184","West Vancouver Island","Chinook","CK",1505,41348,"GOLD RIVER",1358,"Y",49.68114958,-126.1125545,1996,1002,"NuSEDS_20251103",41348,NA,"Y"
"185","West Vancouver Island","Chinook","CK",1505,41348,"GOLD RIVER",1358,"Y",49.68114958,-126.1125545,1997,1874,"NuSEDS_20251103",41348,NA,"Y"
"186","West Vancouver Island","Chinook","CK",1505,41348,"GOLD RIVER",1358,"Y",49.68114958,-126.1125545,1998,3880,"NuSEDS_20251103",41348,NA,"Y"
"187","West Vancouver Island","Chinook","CK",1505,41348,"GOLD RIVER",1358,"Y",49.68114958,-126.1125545,2001,250,"NuSEDS_20251103",41348,NA,"Y"
"188","West Vancouver Island","Chinook","CK",1505,41348,"GOLD RIVER",1358,"Y",49.68114958,-126.1125545,2005,1004,"NuSEDS_20251103",41348,NA,"Y"
"189","West Vancouver Island","Chinook","CK",1505,41348,"GOLD RIVER",1358,"Y",49.68114958,-126.1125545,2011,1000,"NuSEDS_20251103",41348,NA,"Y"
"190","West Vancouver Island","Chinook","CK",1505,41348,"GOLD RIVER",1358,"Y",49.68114958,-126.1125545,2012,982,"NuSEDS_20251103",41348,NA,"Y"
"191","West Vancouver Island","Chinook","CK",1505,41348,"GOLD RIVER",1358,"Y",49.68114958,-126.1125545,2013,1793,"NuSEDS_20251103",41348,NA,"Y"
"192","West Vancouver Island","Chinook","CK",1505,41348,"GOLD RIVER",1358,"Y",49.68114958,-126.1125545,2015,892,"NuSEDS_20251103",41348,NA,"Y"
"193","West Vancouver Island","Chinook","CK",1505,41348,"GOLD RIVER",1358,"Y",49.68114958,-126.1125545,2016,2521,"NuSEDS_20251103",41348,NA,"Y"
"194","West Vancouver Island","Chinook","CK",1505,41348,"GOLD RIVER",1358,"Y",49.68114958,-126.1125545,2018,1556,"NuSEDS_20251103",41348,NA,"Y"
"195","West Vancouver Island","Chinook","CK",1505,41348,"GOLD RIVER",1358,"Y",49.68114958,-126.1125545,2019,1779,"NuSEDS_20251103",41348,NA,"Y"
"196","West Vancouver Island","Chinook","CK",1505,41348,"GOLD RIVER",1358,"Y",49.68114958,-126.1125545,2020,8076,"NuSEDS_20251103",41348,NA,"Y"
"197","West Vancouver Island","Chinook","CK",1505,41348,"GOLD RIVER",1358,"Y",49.68114958,-126.1125545,2021,5027,"NuSEDS_20251103",41348,NA,"Y"
"198","West Vancouver Island","Chinook","CK",1505,41348,"GOLD RIVER",1358,"Y",49.68114958,-126.1125545,2022,8519,"NuSEDS_20251103",41348,NA,"Y"
"199","West Vancouver Island","Chinook","CK",1505,41348,"GOLD RIVER",1358,"Y",49.68114958,-126.1125545,2023,12068,"NuSEDS_20251103",41348,NA,"Y"
"200","West Vancouver Island","Chinook","CK",1505,41348,"GOLD RIVER",1358,"Y",49.68114958,-126.1125545,2024,8596,"NuSEDS_20251103",41348,NA,"Y"
"201","West Vancouver Island","Chinook","CK",1540,41863,"KAOUK RIVER",1412,"Y",50.0635084,-127.0985149,1953,750,"NuSEDS_20251103",41863,NA,"Y"
"202","West Vancouver Island","Chinook","CK",1540,41863,"KAOUK RIVER",1412,"Y",50.0635084,-127.0985149,1954,750,"NuSEDS_20251103",41863,NA,"Y"
"203","West Vancouver Island","Chinook","CK",1540,41863,"KAOUK RIVER",1412,"Y",50.0635084,-127.0985149,1955,750,"NuSEDS_20251103",41863,NA,"Y"
"204","West Vancouver Island","Chinook","CK",1540,41863,"KAOUK RIVER",1412,"Y",50.0635084,-127.0985149,1956,400,"NuSEDS_20251103",41863,NA,"Y"
"205","West Vancouver Island","Chinook","CK",1540,41863,"KAOUK RIVER",1412,"Y",50.0635084,-127.0985149,1957,750,"NuSEDS_20251103",41863,NA,"Y"
"206","West Vancouver Island","Chinook","CK",1540,41863,"KAOUK RIVER",1412,"Y",50.0635084,-127.0985149,1958,200,"NuSEDS_20251103",41863,NA,"Y"
"207","West Vancouver Island","Chinook","CK",1540,41863,"KAOUK RIVER",1412,"Y",50.0635084,-127.0985149,1959,75,"NuSEDS_20251103",41863,NA,"Y"
"208","West Vancouver Island","Chinook","CK",1540,41863,"KAOUK RIVER",1412,"Y",50.0635084,-127.0985149,1960,75,"NuSEDS_20251103",41863,NA,"Y"
"209","West Vancouver Island","Chinook","CK",1540,41863,"KAOUK RIVER",1412,"Y",50.0635084,-127.0985149,1961,200,"NuSEDS_20251103",41863,NA,"Y"
"210","West Vancouver Island","Chinook","CK",1540,41863,"KAOUK RIVER",1412,"Y",50.0635084,-127.0985149,1962,400,"NuSEDS_20251103",41863,NA,"Y"
"211","West Vancouver Island","Chinook","CK",1540,41863,"KAOUK RIVER",1412,"Y",50.0635084,-127.0985149,1963,400,"NuSEDS_20251103",41863,NA,"Y"
"212","West Vancouver Island","Chinook","CK",1540,41863,"KAOUK RIVER",1412,"Y",50.0635084,-127.0985149,1964,1500,"NuSEDS_20251103",41863,NA,"Y"
"213","West Vancouver Island","Chinook","CK",1540,41863,"KAOUK RIVER",1412,"Y",50.0635084,-127.0985149,1965,400,"NuSEDS_20251103",41863,NA,"Y"
"214","West Vancouver Island","Chinook","CK",1540,41863,"KAOUK RIVER",1412,"Y",50.0635084,-127.0985149,1966,3500,"NuSEDS_20251103",41863,NA,"Y"
"215","West Vancouver Island","Chinook","CK",1540,41863,"KAOUK RIVER",1412,"Y",50.0635084,-127.0985149,1967,400,"NuSEDS_20251103",41863,NA,"Y"
"216","West Vancouver Island","Chinook","CK",1540,41863,"KAOUK RIVER",1412,"Y",50.0635084,-127.0985149,1968,750,"NuSEDS_20251103",41863,NA,"Y"
"217","West Vancouver Island","Chinook","CK",1540,41863,"KAOUK RIVER",1412,"Y",50.0635084,-127.0985149,1969,750,"NuSEDS_20251103",41863,NA,"Y"
"218","West Vancouver Island","Chinook","CK",1540,41863,"KAOUK RIVER",1412,"Y",50.0635084,-127.0985149,1970,750,"NuSEDS_20251103",41863,NA,"Y"
"219","West Vancouver Island","Chinook","CK",1540,41863,"KAOUK RIVER",1412,"Y",50.0635084,-127.0985149,1971,750,"NuSEDS_20251103",41863,NA,"Y"
"220","West Vancouver Island","Chinook","CK",1540,41863,"KAOUK RIVER",1412,"Y",50.0635084,-127.0985149,1972,300,"NuSEDS_20251103",41863,NA,"Y"
"221","West Vancouver Island","Chinook","CK",1540,41863,"KAOUK RIVER",1412,"Y",50.0635084,-127.0985149,1973,1500,"NuSEDS_20251103",41863,NA,"Y"
"222","West Vancouver Island","Chinook","CK",1540,41863,"KAOUK RIVER",1412,"Y",50.0635084,-127.0985149,1974,200,"NuSEDS_20251103",41863,NA,"Y"
"223","West Vancouver Island","Chinook","CK",1540,41863,"KAOUK RIVER",1412,"Y",50.0635084,-127.0985149,1975,75,"NuSEDS_20251103",41863,NA,"Y"
"224","West Vancouver Island","Chinook","CK",1540,41863,"KAOUK RIVER",1412,"Y",50.0635084,-127.0985149,1976,25,"NuSEDS_20251103",41863,NA,"Y"
"225","West Vancouver Island","Chinook","CK",1540,41863,"KAOUK RIVER",1412,"Y",50.0635084,-127.0985149,1977,75,"NuSEDS_20251103",41863,NA,"Y"
"226","West Vancouver Island","Chinook","CK",1540,41863,"KAOUK RIVER",1412,"Y",50.0635084,-127.0985149,1978,50,"NuSEDS_20251103",41863,NA,"Y"
"227","West Vancouver Island","Chinook","CK",1540,41863,"KAOUK RIVER",1412,"Y",50.0635084,-127.0985149,1979,60,"NuSEDS_20251103",41863,NA,"Y"
"228","West Vancouver Island","Chinook","CK",1540,41863,"KAOUK RIVER",1412,"Y",50.0635084,-127.0985149,1981,100,"NuSEDS_20251103",41863,NA,"Y"
"229","West Vancouver Island","Chinook","CK",1540,41863,"KAOUK RIVER",1412,"Y",50.0635084,-127.0985149,1983,300,"NuSEDS_20251103",41863,NA,"Y"
"230","West Vancouver Island","Chinook","CK",1540,41863,"KAOUK RIVER",1412,"Y",50.0635084,-127.0985149,1984,400,"NuSEDS_20251103",41863,NA,"Y"
"231","West Vancouver Island","Chinook","CK",1540,41863,"KAOUK RIVER",1412,"Y",50.0635084,-127.0985149,1985,300,"NuSEDS_20251103",41863,NA,"Y"
"232","West Vancouver Island","Chinook","CK",1540,41863,"KAOUK RIVER",1412,"Y",50.0635084,-127.0985149,1986,100,"NuSEDS_20251103",41863,NA,"Y"
"233","West Vancouver Island","Chinook","CK",1540,41863,"KAOUK RIVER",1412,"Y",50.0635084,-127.0985149,1987,100,"NuSEDS_20251103",41863,NA,"Y"
"234","West Vancouver Island","Chinook","CK",1540,41863,"KAOUK RIVER",1412,"Y",50.0635084,-127.0985149,1989,30,"NuSEDS_20251103",41863,NA,"Y"
"235","West Vancouver Island","Chinook","CK",1540,41863,"KAOUK RIVER",1412,"Y",50.0635084,-127.0985149,1990,10,"NuSEDS_20251103",41863,NA,"Y"
"236","West Vancouver Island","Chinook","CK",1540,41863,"KAOUK RIVER",1412,"Y",50.0635084,-127.0985149,1991,20,"NuSEDS_20251103",41863,NA,"Y"
"237","West Vancouver Island","Chinook","CK",1540,41863,"KAOUK RIVER",1412,"Y",50.0635084,-127.0985149,1993,20,"NuSEDS_20251103",41863,NA,"Y"
"238","West Vancouver Island","Chinook","CK",1540,41863,"KAOUK RIVER",1412,"Y",50.0635084,-127.0985149,1994,150,"NuSEDS_20251103",41863,NA,"Y"
"239","West Vancouver Island","Chinook","CK",1540,41863,"KAOUK RIVER",1412,"Y",50.0635084,-127.0985149,1995,304,"NuSEDS_20251103",41863,NA,"Y"
"240","West Vancouver Island","Chinook","CK",1540,41863,"KAOUK RIVER",1412,"Y",50.0635084,-127.0985149,1996,387,"NuSEDS_20251103",41863,NA,"Y"
"241","West Vancouver Island","Chinook","CK",1540,41863,"KAOUK RIVER",1412,"Y",50.0635084,-127.0985149,1997,795,"NuSEDS_20251103",41863,NA,"Y"
"242","West Vancouver Island","Chinook","CK",1540,41863,"KAOUK RIVER",1412,"Y",50.0635084,-127.0985149,1998,855,"NuSEDS_20251103",41863,NA,"Y"
"243","West Vancouver Island","Chinook","CK",1540,41863,"KAOUK RIVER",1412,"Y",50.0635084,-127.0985149,1999,499,"NuSEDS_20251103",41863,NA,"Y"
"244","West Vancouver Island","Chinook","CK",1540,41863,"KAOUK RIVER",1412,"Y",50.0635084,-127.0985149,2000,122,"NuSEDS_20251103",41863,NA,"Y"
"245","West Vancouver Island","Chinook","CK",1540,41863,"KAOUK RIVER",1412,"Y",50.0635084,-127.0985149,2001,468,"NuSEDS_20251103",41863,NA,"Y"
"246","West Vancouver Island","Chinook","CK",1540,41863,"KAOUK RIVER",1412,"Y",50.0635084,-127.0985149,2002,352,"NuSEDS_20251103",41863,NA,"Y"
"247","West Vancouver Island","Chinook","CK",1540,41863,"KAOUK RIVER",1412,"Y",50.0635084,-127.0985149,2003,600,"NuSEDS_20251103",41863,NA,"Y"
"248","West Vancouver Island","Chinook","CK",1540,41863,"KAOUK RIVER",1412,"Y",50.0635084,-127.0985149,2004,471,"NuSEDS_20251103",41863,NA,"Y"
"249","West Vancouver Island","Chinook","CK",1540,41863,"KAOUK RIVER",1412,"Y",50.0635084,-127.0985149,2005,595,"NuSEDS_20251103",41863,NA,"Y"
"250","West Vancouver Island","Chinook","CK",1540,41863,"KAOUK RIVER",1412,"Y",50.0635084,-127.0985149,2006,578,"NuSEDS_20251103",41863,NA,"Y"
"251","West Vancouver Island","Chinook","CK",1540,41863,"KAOUK RIVER",1412,"Y",50.0635084,-127.0985149,2007,289,"NuSEDS_20251103",41863,NA,"Y"
"252","West Vancouver Island","Chinook","CK",1540,41863,"KAOUK RIVER",1412,"Y",50.0635084,-127.0985149,2008,291,"NuSEDS_20251103",41863,NA,"Y"
"253","West Vancouver Island","Chinook","CK",1540,41863,"KAOUK RIVER",1412,"Y",50.0635084,-127.0985149,2009,600,"NuSEDS_20251103",41863,NA,"Y"
"254","West Vancouver Island","Chinook","CK",1540,41863,"KAOUK RIVER",1412,"Y",50.0635084,-127.0985149,2010,235,"NuSEDS_20251103",41863,NA,"Y"
"255","West Vancouver Island","Chinook","CK",1540,41863,"KAOUK RIVER",1412,"Y",50.0635084,-127.0985149,2011,352,"NuSEDS_20251103",41863,NA,"Y"
"256","West Vancouver Island","Chinook","CK",1540,41863,"KAOUK RIVER",1412,"Y",50.0635084,-127.0985149,2012,262,"NuSEDS_20251103",41863,NA,"Y"
"257","West Vancouver Island","Chinook","CK",1540,41863,"KAOUK RIVER",1412,"Y",50.0635084,-127.0985149,2013,256,"NuSEDS_20251103",41863,NA,"Y"
"258","West Vancouver Island","Chinook","CK",1540,41863,"KAOUK RIVER",1412,"Y",50.0635084,-127.0985149,2014,235,"NuSEDS_20251103",41863,NA,"Y"
"259","West Vancouver Island","Chinook","CK",1540,41863,"KAOUK RIVER",1412,"Y",50.0635084,-127.0985149,2015,405,"NuSEDS_20251103",41863,NA,"Y"
"260","West Vancouver Island","Chinook","CK",1540,41863,"KAOUK RIVER",1412,"Y",50.0635084,-127.0985149,2016,423,"NuSEDS_20251103",41863,NA,"Y"
"261","West Vancouver Island","Chinook","CK",1540,41863,"KAOUK RIVER",1412,"Y",50.0635084,-127.0985149,2017,671,"NuSEDS_20251103",41863,NA,"Y"
"262","West Vancouver Island","Chinook","CK",1540,41863,"KAOUK RIVER",1412,"Y",50.0635084,-127.0985149,2018,455,"NuSEDS_20251103",41863,NA,"Y"
"263","West Vancouver Island","Chinook","CK",1540,41863,"KAOUK RIVER",1412,"Y",50.0635084,-127.0985149,2019,315,"NuSEDS_20251103",41863,NA,"Y"
"264","West Vancouver Island","Chinook","CK",1540,41863,"KAOUK RIVER",1412,"Y",50.0635084,-127.0985149,2020,404,"NuSEDS_20251103",41863,NA,"Y"
"265","West Vancouver Island","Chinook","CK",1540,41863,"KAOUK RIVER",1412,"Y",50.0635084,-127.0985149,2021,571,"NuSEDS_20251103",41863,NA,"Y"
"266","West Vancouver Island","Chinook","CK",1540,41863,"KAOUK RIVER",1412,"Y",50.0635084,-127.0985149,2022,798,"NuSEDS_20251103",41863,NA,"Y"
"267","West Vancouver Island","Chinook","CK",1540,41863,"KAOUK RIVER",1412,"Y",50.0635084,-127.0985149,2023,407,"NuSEDS_20251103",41863,NA,"Y"
"268","West Vancouver Island","Chinook","CK",1540,41863,"KAOUK RIVER",1412,"Y",50.0635084,-127.0985149,2024,310,"NuSEDS_20251103",41863,NA,"Y"
"269","West Vancouver Island","Chinook","CK",1518,41498,"LEINER RIVER",1375,"Y",49.91188568,-126.643389,1953,200,"NuSEDS_20251103",41498,NA,"Y"
"270","West Vancouver Island","Chinook","CK",1518,41498,"LEINER RIVER",1375,"Y",49.91188568,-126.643389,1954,250,"NuSEDS_20251103",41498,NA,"Y"
"271","West Vancouver Island","Chinook","CK",1518,41498,"LEINER RIVER",1375,"Y",49.91188568,-126.643389,1955,200,"NuSEDS_20251103",41498,NA,"Y"
"272","West Vancouver Island","Chinook","CK",1518,41498,"LEINER RIVER",1375,"Y",49.91188568,-126.643389,1956,25,"NuSEDS_20251103",41498,NA,"Y"
"273","West Vancouver Island","Chinook","CK",1518,41498,"LEINER RIVER",1375,"Y",49.91188568,-126.643389,1957,25,"NuSEDS_20251103",41498,NA,"Y"
"274","West Vancouver Island","Chinook","CK",1518,41498,"LEINER RIVER",1375,"Y",49.91188568,-126.643389,1958,25,"NuSEDS_20251103",41498,NA,"Y"
"275","West Vancouver Island","Chinook","CK",1518,41498,"LEINER RIVER",1375,"Y",49.91188568,-126.643389,1959,25,"NuSEDS_20251103",41498,NA,"Y"
"276","West Vancouver Island","Chinook","CK",1518,41498,"LEINER RIVER",1375,"Y",49.91188568,-126.643389,1960,25,"NuSEDS_20251103",41498,NA,"Y"
"277","West Vancouver Island","Chinook","CK",1518,41498,"LEINER RIVER",1375,"Y",49.91188568,-126.643389,1961,75,"NuSEDS_20251103",41498,NA,"Y"
"278","West Vancouver Island","Chinook","CK",1518,41498,"LEINER RIVER",1375,"Y",49.91188568,-126.643389,1962,75,"NuSEDS_20251103",41498,NA,"Y"
"279","West Vancouver Island","Chinook","CK",1518,41498,"LEINER RIVER",1375,"Y",49.91188568,-126.643389,1963,400,"NuSEDS_20251103",41498,NA,"Y"
"280","West Vancouver Island","Chinook","CK",1518,41498,"LEINER RIVER",1375,"Y",49.91188568,-126.643389,1964,750,"NuSEDS_20251103",41498,NA,"Y"
"281","West Vancouver Island","Chinook","CK",1518,41498,"LEINER RIVER",1375,"Y",49.91188568,-126.643389,1965,750,"NuSEDS_20251103",41498,NA,"Y"
"282","West Vancouver Island","Chinook","CK",1518,41498,"LEINER RIVER",1375,"Y",49.91188568,-126.643389,1966,400,"NuSEDS_20251103",41498,NA,"Y"
"283","West Vancouver Island","Chinook","CK",1518,41498,"LEINER RIVER",1375,"Y",49.91188568,-126.643389,1967,75,"NuSEDS_20251103",41498,NA,"Y"
"284","West Vancouver Island","Chinook","CK",1518,41498,"LEINER RIVER",1375,"Y",49.91188568,-126.643389,1968,75,"NuSEDS_20251103",41498,NA,"Y"
"285","West Vancouver Island","Chinook","CK",1518,41498,"LEINER RIVER",1375,"Y",49.91188568,-126.643389,1969,200,"NuSEDS_20251103",41498,NA,"Y"
"286","West Vancouver Island","Chinook","CK",1518,41498,"LEINER RIVER",1375,"Y",49.91188568,-126.643389,1970,75,"NuSEDS_20251103",41498,NA,"Y"
"287","West Vancouver Island","Chinook","CK",1518,41498,"LEINER RIVER",1375,"Y",49.91188568,-126.643389,1971,200,"NuSEDS_20251103",41498,NA,"Y"
"288","West Vancouver Island","Chinook","CK",1518,41498,"LEINER RIVER",1375,"Y",49.91188568,-126.643389,1972,120,"NuSEDS_20251103",41498,NA,"Y"
"289","West Vancouver Island","Chinook","CK",1518,41498,"LEINER RIVER",1375,"Y",49.91188568,-126.643389,1973,750,"NuSEDS_20251103",41498,NA,"Y"
"290","West Vancouver Island","Chinook","CK",1518,41498,"LEINER RIVER",1375,"Y",49.91188568,-126.643389,1974,1500,"NuSEDS_20251103",41498,NA,"Y"
"291","West Vancouver Island","Chinook","CK",1518,41498,"LEINER RIVER",1375,"Y",49.91188568,-126.643389,1975,200,"NuSEDS_20251103",41498,NA,"Y"
"292","West Vancouver Island","Chinook","CK",1518,41498,"LEINER RIVER",1375,"Y",49.91188568,-126.643389,1976,25,"NuSEDS_20251103",41498,NA,"Y"
"293","West Vancouver Island","Chinook","CK",1518,41498,"LEINER RIVER",1375,"Y",49.91188568,-126.643389,1977,70,"NuSEDS_20251103",41498,NA,"Y"
"294","West Vancouver Island","Chinook","CK",1518,41498,"LEINER RIVER",1375,"Y",49.91188568,-126.643389,1978,60,"NuSEDS_20251103",41498,NA,"Y"
"295","West Vancouver Island","Chinook","CK",1518,41498,"LEINER RIVER",1375,"Y",49.91188568,-126.643389,1979,200,"NuSEDS_20251103",41498,NA,"Y"
"296","West Vancouver Island","Chinook","CK",1518,41498,"LEINER RIVER",1375,"Y",49.91188568,-126.643389,1980,400,"NuSEDS_20251103",41498,NA,"Y"
"297","West Vancouver Island","Chinook","CK",1518,41498,"LEINER RIVER",1375,"Y",49.91188568,-126.643389,1982,15,"NuSEDS_20251103",41498,NA,"Y"
"298","West Vancouver Island","Chinook","CK",1518,41498,"LEINER RIVER",1375,"Y",49.91188568,-126.643389,1983,50,"NuSEDS_20251103",41498,NA,"Y"
"299","West Vancouver Island","Chinook","CK",1518,41498,"LEINER RIVER",1375,"Y",49.91188568,-126.643389,1984,195,"NuSEDS_20251103",41498,NA,"Y"
"300","West Vancouver Island","Chinook","CK",1518,41498,"LEINER RIVER",1375,"Y",49.91188568,-126.643389,1985,100,"NuSEDS_20251103",41498,NA,"Y"
"301","West Vancouver Island","Chinook","CK",1518,41498,"LEINER RIVER",1375,"Y",49.91188568,-126.643389,1986,190,"NuSEDS_20251103",41498,NA,"Y"
"302","West Vancouver Island","Chinook","CK",1518,41498,"LEINER RIVER",1375,"Y",49.91188568,-126.643389,1987,125,"NuSEDS_20251103",41498,NA,"Y"
"303","West Vancouver Island","Chinook","CK",1518,41498,"LEINER RIVER",1375,"Y",49.91188568,-126.643389,1988,300,"NuSEDS_20251103",41498,NA,"Y"
"304","West Vancouver Island","Chinook","CK",1518,41498,"LEINER RIVER",1375,"Y",49.91188568,-126.643389,1989,500,"NuSEDS_20251103",41498,NA,"Y"
"305","West Vancouver Island","Chinook","CK",1518,41498,"LEINER RIVER",1375,"Y",49.91188568,-126.643389,1990,450,"NuSEDS_20251103",41498,NA,"Y"
"306","West Vancouver Island","Chinook","CK",1518,41498,"LEINER RIVER",1375,"Y",49.91188568,-126.643389,1991,300,"NuSEDS_20251103",41498,NA,"Y"
"307","West Vancouver Island","Chinook","CK",1518,41498,"LEINER RIVER",1375,"Y",49.91188568,-126.643389,1992,350,"NuSEDS_20251103",41498,NA,"Y"
"308","West Vancouver Island","Chinook","CK",1518,41498,"LEINER RIVER",1375,"Y",49.91188568,-126.643389,1993,500,"NuSEDS_20251103",41498,NA,"Y"
"309","West Vancouver Island","Chinook","CK",1518,41498,"LEINER RIVER",1375,"Y",49.91188568,-126.643389,1994,300,"NuSEDS_20251103",41498,NA,"Y"
"310","West Vancouver Island","Chinook","CK",1518,41498,"LEINER RIVER",1375,"Y",49.91188568,-126.643389,1995,487,"NuSEDS_20251103",41498,NA,"Y"
"311","West Vancouver Island","Chinook","CK",1518,41498,"LEINER RIVER",1375,"Y",49.91188568,-126.643389,1996,732,"NuSEDS_20251103",41498,NA,"Y"
"312","West Vancouver Island","Chinook","CK",1518,41498,"LEINER RIVER",1375,"Y",49.91188568,-126.643389,1997,525,"NuSEDS_20251103",41498,NA,"Y"
"313","West Vancouver Island","Chinook","CK",1518,41498,"LEINER RIVER",1375,"Y",49.91188568,-126.643389,1998,381,"NuSEDS_20251103",41498,NA,"Y"
"314","West Vancouver Island","Chinook","CK",1518,41498,"LEINER RIVER",1375,"Y",49.91188568,-126.643389,1999,837,"NuSEDS_20251103",41498,NA,"Y"
"315","West Vancouver Island","Chinook","CK",1518,41498,"LEINER RIVER",1375,"Y",49.91188568,-126.643389,2000,145,"NuSEDS_20251103",41498,NA,"Y"
"316","West Vancouver Island","Chinook","CK",1518,41498,"LEINER RIVER",1375,"Y",49.91188568,-126.643389,2001,394,"NuSEDS_20251103",41498,NA,"Y"
"317","West Vancouver Island","Chinook","CK",1518,41498,"LEINER RIVER",1375,"Y",49.91188568,-126.643389,2002,962,"NuSEDS_20251103",41498,NA,"Y"
"318","West Vancouver Island","Chinook","CK",1518,41498,"LEINER RIVER",1375,"Y",49.91188568,-126.643389,2003,408,"NuSEDS_20251103",41498,NA,"Y"
"319","West Vancouver Island","Chinook","CK",1518,41498,"LEINER RIVER",1375,"Y",49.91188568,-126.643389,2004,717,"NuSEDS_20251103",41498,NA,"Y"
"320","West Vancouver Island","Chinook","CK",1518,41498,"LEINER RIVER",1375,"Y",49.91188568,-126.643389,2005,341,"NuSEDS_20251103",41498,NA,"Y"
"321","West Vancouver Island","Chinook","CK",1518,41498,"LEINER RIVER",1375,"Y",49.91188568,-126.643389,2006,179,"NuSEDS_20251103",41498,NA,"Y"
"322","West Vancouver Island","Chinook","CK",1518,41498,"LEINER RIVER",1375,"Y",49.91188568,-126.643389,2007,182,"NuSEDS_20251103",41498,NA,"Y"
"323","West Vancouver Island","Chinook","CK",1518,41498,"LEINER RIVER",1375,"Y",49.91188568,-126.643389,2008,291,"NuSEDS_20251103",41498,NA,"Y"
"324","West Vancouver Island","Chinook","CK",1518,41498,"LEINER RIVER",1375,"Y",49.91188568,-126.643389,2009,789,"NuSEDS_20251103",41498,NA,"Y"
"325","West Vancouver Island","Chinook","CK",1518,41498,"LEINER RIVER",1375,"Y",49.91188568,-126.643389,2010,435,"NuSEDS_20251103",41498,NA,"Y"
"326","West Vancouver Island","Chinook","CK",1518,41498,"LEINER RIVER",1375,"Y",49.91188568,-126.643389,2011,394,"NuSEDS_20251103",41498,NA,"Y"
"327","West Vancouver Island","Chinook","CK",1518,41498,"LEINER RIVER",1375,"Y",49.91188568,-126.643389,2012,689,"NuSEDS_20251103",41498,NA,"Y"
"328","West Vancouver Island","Chinook","CK",1518,41498,"LEINER RIVER",1375,"Y",49.91188568,-126.643389,2013,494,"NuSEDS_20251103",41498,NA,"Y"
"329","West Vancouver Island","Chinook","CK",1518,41498,"LEINER RIVER",1375,"Y",49.91188568,-126.643389,2014,343,"NuSEDS_20251103",41498,NA,"Y"
"330","West Vancouver Island","Chinook","CK",1518,41498,"LEINER RIVER",1375,"Y",49.91188568,-126.643389,2015,984,"NuSEDS_20251103",41498,NA,"Y"
"331","West Vancouver Island","Chinook","CK",1518,41498,"LEINER RIVER",1375,"Y",49.91188568,-126.643389,2016,1773,"NuSEDS_20251103",41498,NA,"Y"
"332","West Vancouver Island","Chinook","CK",1518,41498,"LEINER RIVER",1375,"Y",49.91188568,-126.643389,2017,1965,"NuSEDS_20251103",41498,NA,"Y"
"333","West Vancouver Island","Chinook","CK",1518,41498,"LEINER RIVER",1375,"Y",49.91188568,-126.643389,2018,858,"NuSEDS_20251103",41498,NA,"Y"
"334","West Vancouver Island","Chinook","CK",1518,41498,"LEINER RIVER",1375,"Y",49.91188568,-126.643389,2019,764,"NuSEDS_20251103",41498,NA,"Y"
"335","West Vancouver Island","Chinook","CK",1518,41498,"LEINER RIVER",1375,"Y",49.91188568,-126.643389,2020,1045,"NuSEDS_20251103",41498,NA,"Y"
"336","West Vancouver Island","Chinook","CK",1518,41498,"LEINER RIVER",1375,"Y",49.91188568,-126.643389,2021,1022,"NuSEDS_20251103",41498,NA,"Y"
"337","West Vancouver Island","Chinook","CK",1518,41498,"LEINER RIVER",1375,"Y",49.91188568,-126.643389,2022,602,"NuSEDS_20251103",41498,NA,"Y"
"338","West Vancouver Island","Chinook","CK",1518,41498,"LEINER RIVER",1375,"Y",49.91188568,-126.643389,2023,774,"NuSEDS_20251103",41498,NA,"Y"
"339","West Vancouver Island","Chinook","CK",1518,41498,"LEINER RIVER",1375,"Y",49.91188568,-126.643389,2024,583,"NuSEDS_20251103",41498,NA,"Y"
"340","West Vancouver Island","Chinook","CK",1519,41518,"TAHSIS RIVER",1377,"Y",49.9237004,-126.6585564,1953,1500,"NuSEDS_20251103",41518,NA,"Y"
"341","West Vancouver Island","Chinook","CK",1519,41518,"TAHSIS RIVER",1377,"Y",49.9237004,-126.6585564,1954,100,"NuSEDS_20251103",41518,NA,"Y"
"342","West Vancouver Island","Chinook","CK",1519,41518,"TAHSIS RIVER",1377,"Y",49.9237004,-126.6585564,1955,75,"NuSEDS_20251103",41518,NA,"Y"
"343","West Vancouver Island","Chinook","CK",1519,41518,"TAHSIS RIVER",1377,"Y",49.9237004,-126.6585564,1956,25,"NuSEDS_20251103",41518,NA,"Y"
"344","West Vancouver Island","Chinook","CK",1519,41518,"TAHSIS RIVER",1377,"Y",49.9237004,-126.6585564,1957,200,"NuSEDS_20251103",41518,NA,"Y"
"345","West Vancouver Island","Chinook","CK",1519,41518,"TAHSIS RIVER",1377,"Y",49.9237004,-126.6585564,1958,200,"NuSEDS_20251103",41518,NA,"Y"
"346","West Vancouver Island","Chinook","CK",1519,41518,"TAHSIS RIVER",1377,"Y",49.9237004,-126.6585564,1959,25,"NuSEDS_20251103",41518,NA,"Y"
"347","West Vancouver Island","Chinook","CK",1519,41518,"TAHSIS RIVER",1377,"Y",49.9237004,-126.6585564,1960,400,"NuSEDS_20251103",41518,NA,"Y"
"348","West Vancouver Island","Chinook","CK",1519,41518,"TAHSIS RIVER",1377,"Y",49.9237004,-126.6585564,1961,400,"NuSEDS_20251103",41518,NA,"Y"
"349","West Vancouver Island","Chinook","CK",1519,41518,"TAHSIS RIVER",1377,"Y",49.9237004,-126.6585564,1962,750,"NuSEDS_20251103",41518,NA,"Y"
"350","West Vancouver Island","Chinook","CK",1519,41518,"TAHSIS RIVER",1377,"Y",49.9237004,-126.6585564,1963,600,"NuSEDS_20251103",41518,NA,"Y"
"351","West Vancouver Island","Chinook","CK",1519,41518,"TAHSIS RIVER",1377,"Y",49.9237004,-126.6585564,1964,1500,"NuSEDS_20251103",41518,NA,"Y"
"352","West Vancouver Island","Chinook","CK",1519,41518,"TAHSIS RIVER",1377,"Y",49.9237004,-126.6585564,1965,750,"NuSEDS_20251103",41518,NA,"Y"
"353","West Vancouver Island","Chinook","CK",1519,41518,"TAHSIS RIVER",1377,"Y",49.9237004,-126.6585564,1966,800,"NuSEDS_20251103",41518,NA,"Y"
"354","West Vancouver Island","Chinook","CK",1519,41518,"TAHSIS RIVER",1377,"Y",49.9237004,-126.6585564,1967,200,"NuSEDS_20251103",41518,NA,"Y"
"355","West Vancouver Island","Chinook","CK",1519,41518,"TAHSIS RIVER",1377,"Y",49.9237004,-126.6585564,1968,75,"NuSEDS_20251103",41518,NA,"Y"
"356","West Vancouver Island","Chinook","CK",1519,41518,"TAHSIS RIVER",1377,"Y",49.9237004,-126.6585564,1969,25,"NuSEDS_20251103",41518,NA,"Y"
"357","West Vancouver Island","Chinook","CK",1519,41518,"TAHSIS RIVER",1377,"Y",49.9237004,-126.6585564,1970,125,"NuSEDS_20251103",41518,NA,"Y"
"358","West Vancouver Island","Chinook","CK",1519,41518,"TAHSIS RIVER",1377,"Y",49.9237004,-126.6585564,1971,200,"NuSEDS_20251103",41518,NA,"Y"
"359","West Vancouver Island","Chinook","CK",1519,41518,"TAHSIS RIVER",1377,"Y",49.9237004,-126.6585564,1972,75,"NuSEDS_20251103",41518,NA,"Y"
"360","West Vancouver Island","Chinook","CK",1519,41518,"TAHSIS RIVER",1377,"Y",49.9237004,-126.6585564,1973,750,"NuSEDS_20251103",41518,NA,"Y"
"361","West Vancouver Island","Chinook","CK",1519,41518,"TAHSIS RIVER",1377,"Y",49.9237004,-126.6585564,1974,750,"NuSEDS_20251103",41518,NA,"Y"
"362","West Vancouver Island","Chinook","CK",1519,41518,"TAHSIS RIVER",1377,"Y",49.9237004,-126.6585564,1975,75,"NuSEDS_20251103",41518,NA,"Y"
"363","West Vancouver Island","Chinook","CK",1519,41518,"TAHSIS RIVER",1377,"Y",49.9237004,-126.6585564,1976,200,"NuSEDS_20251103",41518,NA,"Y"
"364","West Vancouver Island","Chinook","CK",1519,41518,"TAHSIS RIVER",1377,"Y",49.9237004,-126.6585564,1977,150,"NuSEDS_20251103",41518,NA,"Y"
"365","West Vancouver Island","Chinook","CK",1519,41518,"TAHSIS RIVER",1377,"Y",49.9237004,-126.6585564,1978,100,"NuSEDS_20251103",41518,NA,"Y"
"366","West Vancouver Island","Chinook","CK",1519,41518,"TAHSIS RIVER",1377,"Y",49.9237004,-126.6585564,1979,348,"NuSEDS_20251103",41518,NA,"Y"
"367","West Vancouver Island","Chinook","CK",1519,41518,"TAHSIS RIVER",1377,"Y",49.9237004,-126.6585564,1981,150,"NuSEDS_20251103",41518,NA,"Y"
"368","West Vancouver Island","Chinook","CK",1519,41518,"TAHSIS RIVER",1377,"Y",49.9237004,-126.6585564,1982,125,"NuSEDS_20251103",41518,NA,"Y"
"369","West Vancouver Island","Chinook","CK",1519,41518,"TAHSIS RIVER",1377,"Y",49.9237004,-126.6585564,1983,50,"NuSEDS_20251103",41518,NA,"Y"
"370","West Vancouver Island","Chinook","CK",1519,41518,"TAHSIS RIVER",1377,"Y",49.9237004,-126.6585564,1984,12,"NuSEDS_20251103",41518,NA,"Y"
"371","West Vancouver Island","Chinook","CK",1519,41518,"TAHSIS RIVER",1377,"Y",49.9237004,-126.6585564,1985,50,"NuSEDS_20251103",41518,NA,"Y"
"372","West Vancouver Island","Chinook","CK",1519,41518,"TAHSIS RIVER",1377,"Y",49.9237004,-126.6585564,1986,60,"NuSEDS_20251103",41518,NA,"Y"
"373","West Vancouver Island","Chinook","CK",1519,41518,"TAHSIS RIVER",1377,"Y",49.9237004,-126.6585564,1987,20,"NuSEDS_20251103",41518,NA,"Y"
"374","West Vancouver Island","Chinook","CK",1519,41518,"TAHSIS RIVER",1377,"Y",49.9237004,-126.6585564,1988,125,"NuSEDS_20251103",41518,NA,"Y"
"375","West Vancouver Island","Chinook","CK",1519,41518,"TAHSIS RIVER",1377,"Y",49.9237004,-126.6585564,1989,500,"NuSEDS_20251103",41518,NA,"Y"
"376","West Vancouver Island","Chinook","CK",1519,41518,"TAHSIS RIVER",1377,"Y",49.9237004,-126.6585564,1990,232,"NuSEDS_20251103",41518,NA,"Y"
"377","West Vancouver Island","Chinook","CK",1519,41518,"TAHSIS RIVER",1377,"Y",49.9237004,-126.6585564,1991,1400,"NuSEDS_20251103",41518,NA,"Y"
"378","West Vancouver Island","Chinook","CK",1519,41518,"TAHSIS RIVER",1377,"Y",49.9237004,-126.6585564,1992,1400,"NuSEDS_20251103",41518,NA,"Y"
"379","West Vancouver Island","Chinook","CK",1519,41518,"TAHSIS RIVER",1377,"Y",49.9237004,-126.6585564,1993,500,"NuSEDS_20251103",41518,NA,"Y"
"380","West Vancouver Island","Chinook","CK",1519,41518,"TAHSIS RIVER",1377,"Y",49.9237004,-126.6585564,1994,300,"NuSEDS_20251103",41518,NA,"Y"
"381","West Vancouver Island","Chinook","CK",1519,41518,"TAHSIS RIVER",1377,"Y",49.9237004,-126.6585564,1995,606,"NuSEDS_20251103",41518,NA,"Y"
"382","West Vancouver Island","Chinook","CK",1519,41518,"TAHSIS RIVER",1377,"Y",49.9237004,-126.6585564,1996,805,"NuSEDS_20251103",41518,NA,"Y"
"383","West Vancouver Island","Chinook","CK",1519,41518,"TAHSIS RIVER",1377,"Y",49.9237004,-126.6585564,1997,813,"NuSEDS_20251103",41518,NA,"Y"
"384","West Vancouver Island","Chinook","CK",1519,41518,"TAHSIS RIVER",1377,"Y",49.9237004,-126.6585564,1998,605,"NuSEDS_20251103",41518,NA,"Y"
"385","West Vancouver Island","Chinook","CK",1519,41518,"TAHSIS RIVER",1377,"Y",49.9237004,-126.6585564,1999,1748,"NuSEDS_20251103",41518,NA,"Y"
"386","West Vancouver Island","Chinook","CK",1519,41518,"TAHSIS RIVER",1377,"Y",49.9237004,-126.6585564,2000,1240,"NuSEDS_20251103",41518,NA,"Y"
"387","West Vancouver Island","Chinook","CK",1519,41518,"TAHSIS RIVER",1377,"Y",49.9237004,-126.6585564,2001,417,"NuSEDS_20251103",41518,NA,"Y"
"388","West Vancouver Island","Chinook","CK",1519,41518,"TAHSIS RIVER",1377,"Y",49.9237004,-126.6585564,2002,765,"NuSEDS_20251103",41518,NA,"Y"
"389","West Vancouver Island","Chinook","CK",1519,41518,"TAHSIS RIVER",1377,"Y",49.9237004,-126.6585564,2003,766,"NuSEDS_20251103",41518,NA,"Y"
"390","West Vancouver Island","Chinook","CK",1519,41518,"TAHSIS RIVER",1377,"Y",49.9237004,-126.6585564,2004,919,"NuSEDS_20251103",41518,NA,"Y"
"391","West Vancouver Island","Chinook","CK",1519,41518,"TAHSIS RIVER",1377,"Y",49.9237004,-126.6585564,2005,197,"NuSEDS_20251103",41518,NA,"Y"
"392","West Vancouver Island","Chinook","CK",1519,41518,"TAHSIS RIVER",1377,"Y",49.9237004,-126.6585564,2006,154,"NuSEDS_20251103",41518,NA,"Y"
"393","West Vancouver Island","Chinook","CK",1519,41518,"TAHSIS RIVER",1377,"Y",49.9237004,-126.6585564,2007,137,"NuSEDS_20251103",41518,NA,"Y"
"394","West Vancouver Island","Chinook","CK",1519,41518,"TAHSIS RIVER",1377,"Y",49.9237004,-126.6585564,2008,290,"NuSEDS_20251103",41518,NA,"Y"
"395","West Vancouver Island","Chinook","CK",1519,41518,"TAHSIS RIVER",1377,"Y",49.9237004,-126.6585564,2009,870,"NuSEDS_20251103",41518,NA,"Y"
"396","West Vancouver Island","Chinook","CK",1519,41518,"TAHSIS RIVER",1377,"Y",49.9237004,-126.6585564,2010,380,"NuSEDS_20251103",41518,NA,"Y"
"397","West Vancouver Island","Chinook","CK",1519,41518,"TAHSIS RIVER",1377,"Y",49.9237004,-126.6585564,2011,219,"NuSEDS_20251103",41518,NA,"Y"
"398","West Vancouver Island","Chinook","CK",1519,41518,"TAHSIS RIVER",1377,"Y",49.9237004,-126.6585564,2012,175,"NuSEDS_20251103",41518,NA,"Y"
"399","West Vancouver Island","Chinook","CK",1519,41518,"TAHSIS RIVER",1377,"Y",49.9237004,-126.6585564,2013,554,"NuSEDS_20251103",41518,NA,"Y"
"400","West Vancouver Island","Chinook","CK",1519,41518,"TAHSIS RIVER",1377,"Y",49.9237004,-126.6585564,2014,103,"NuSEDS_20251103",41518,NA,"Y"
"401","West Vancouver Island","Chinook","CK",1519,41518,"TAHSIS RIVER",1377,"Y",49.9237004,-126.6585564,2015,449,"NuSEDS_20251103",41518,NA,"Y"
"402","West Vancouver Island","Chinook","CK",1519,41518,"TAHSIS RIVER",1377,"Y",49.9237004,-126.6585564,2016,408,"NuSEDS_20251103",41518,NA,"Y"
"403","West Vancouver Island","Chinook","CK",1519,41518,"TAHSIS RIVER",1377,"Y",49.9237004,-126.6585564,2017,759,"NuSEDS_20251103",41518,NA,"Y"
"404","West Vancouver Island","Chinook","CK",1519,41518,"TAHSIS RIVER",1377,"Y",49.9237004,-126.6585564,2018,1503,"NuSEDS_20251103",41518,NA,"Y"
"405","West Vancouver Island","Chinook","CK",1519,41518,"TAHSIS RIVER",1377,"Y",49.9237004,-126.6585564,2019,1848,"NuSEDS_20251103",41518,NA,"Y"
"406","West Vancouver Island","Chinook","CK",1519,41518,"TAHSIS RIVER",1377,"Y",49.9237004,-126.6585564,2020,918,"NuSEDS_20251103",41518,NA,"Y"
"407","West Vancouver Island","Chinook","CK",1519,41518,"TAHSIS RIVER",1377,"Y",49.9237004,-126.6585564,2021,2309,"NuSEDS_20251103",41518,NA,"Y"
"408","West Vancouver Island","Chinook","CK",1519,41518,"TAHSIS RIVER",1377,"Y",49.9237004,-126.6585564,2022,365,"NuSEDS_20251103",41518,NA,"Y"
"409","West Vancouver Island","Chinook","CK",1519,41518,"TAHSIS RIVER",1377,"Y",49.9237004,-126.6585564,2023,1135,"NuSEDS_20251103",41518,NA,"Y"
"410","West Vancouver Island","Chinook","CK",1519,41518,"TAHSIS RIVER",1377,"Y",49.9237004,-126.6585564,2024,249,"NuSEDS_20251103",41518,NA,"Y"
"411","West Vancouver Island","Chinook","CK",1542,41883,"TAHSISH RIVER",1414,"Y",50.13979892,-127.1051293,1953,3500,"NuSEDS_20251103",41883,NA,"Y"
"412","West Vancouver Island","Chinook","CK",1542,41883,"TAHSISH RIVER",1414,"Y",50.13979892,-127.1051293,1954,3500,"NuSEDS_20251103",41883,NA,"Y"
"413","West Vancouver Island","Chinook","CK",1542,41883,"TAHSISH RIVER",1414,"Y",50.13979892,-127.1051293,1955,3500,"NuSEDS_20251103",41883,NA,"Y"
"414","West Vancouver Island","Chinook","CK",1542,41883,"TAHSISH RIVER",1414,"Y",50.13979892,-127.1051293,1956,3500,"NuSEDS_20251103",41883,NA,"Y"
"415","West Vancouver Island","Chinook","CK",1542,41883,"TAHSISH RIVER",1414,"Y",50.13979892,-127.1051293,1957,3500,"NuSEDS_20251103",41883,NA,"Y"
"416","West Vancouver Island","Chinook","CK",1542,41883,"TAHSISH RIVER",1414,"Y",50.13979892,-127.1051293,1958,1500,"NuSEDS_20251103",41883,NA,"Y"
"417","West Vancouver Island","Chinook","CK",1542,41883,"TAHSISH RIVER",1414,"Y",50.13979892,-127.1051293,1959,200,"NuSEDS_20251103",41883,NA,"Y"
"418","West Vancouver Island","Chinook","CK",1542,41883,"TAHSISH RIVER",1414,"Y",50.13979892,-127.1051293,1960,750,"NuSEDS_20251103",41883,NA,"Y"
"419","West Vancouver Island","Chinook","CK",1542,41883,"TAHSISH RIVER",1414,"Y",50.13979892,-127.1051293,1961,400,"NuSEDS_20251103",41883,NA,"Y"
"420","West Vancouver Island","Chinook","CK",1542,41883,"TAHSISH RIVER",1414,"Y",50.13979892,-127.1051293,1962,750,"NuSEDS_20251103",41883,NA,"Y"
"421","West Vancouver Island","Chinook","CK",1542,41883,"TAHSISH RIVER",1414,"Y",50.13979892,-127.1051293,1963,3500,"NuSEDS_20251103",41883,NA,"Y"
"422","West Vancouver Island","Chinook","CK",1542,41883,"TAHSISH RIVER",1414,"Y",50.13979892,-127.1051293,1964,1500,"NuSEDS_20251103",41883,NA,"Y"
"423","West Vancouver Island","Chinook","CK",1542,41883,"TAHSISH RIVER",1414,"Y",50.13979892,-127.1051293,1965,25,"NuSEDS_20251103",41883,NA,"Y"
"424","West Vancouver Island","Chinook","CK",1542,41883,"TAHSISH RIVER",1414,"Y",50.13979892,-127.1051293,1966,1500,"NuSEDS_20251103",41883,NA,"Y"
"425","West Vancouver Island","Chinook","CK",1542,41883,"TAHSISH RIVER",1414,"Y",50.13979892,-127.1051293,1967,750,"NuSEDS_20251103",41883,NA,"Y"
"426","West Vancouver Island","Chinook","CK",1542,41883,"TAHSISH RIVER",1414,"Y",50.13979892,-127.1051293,1968,1500,"NuSEDS_20251103",41883,NA,"Y"
"427","West Vancouver Island","Chinook","CK",1542,41883,"TAHSISH RIVER",1414,"Y",50.13979892,-127.1051293,1969,750,"NuSEDS_20251103",41883,NA,"Y"
"428","West Vancouver Island","Chinook","CK",1542,41883,"TAHSISH RIVER",1414,"Y",50.13979892,-127.1051293,1970,1500,"NuSEDS_20251103",41883,NA,"Y"
"429","West Vancouver Island","Chinook","CK",1542,41883,"TAHSISH RIVER",1414,"Y",50.13979892,-127.1051293,1971,750,"NuSEDS_20251103",41883,NA,"Y"
"430","West Vancouver Island","Chinook","CK",1542,41883,"TAHSISH RIVER",1414,"Y",50.13979892,-127.1051293,1972,750,"NuSEDS_20251103",41883,NA,"Y"
"431","West Vancouver Island","Chinook","CK",1542,41883,"TAHSISH RIVER",1414,"Y",50.13979892,-127.1051293,1973,1500,"NuSEDS_20251103",41883,NA,"Y"
"432","West Vancouver Island","Chinook","CK",1542,41883,"TAHSISH RIVER",1414,"Y",50.13979892,-127.1051293,1974,1500,"NuSEDS_20251103",41883,NA,"Y"
"433","West Vancouver Island","Chinook","CK",1542,41883,"TAHSISH RIVER",1414,"Y",50.13979892,-127.1051293,1975,25,"NuSEDS_20251103",41883,NA,"Y"
"434","West Vancouver Island","Chinook","CK",1542,41883,"TAHSISH RIVER",1414,"Y",50.13979892,-127.1051293,1976,25,"NuSEDS_20251103",41883,NA,"Y"
"435","West Vancouver Island","Chinook","CK",1542,41883,"TAHSISH RIVER",1414,"Y",50.13979892,-127.1051293,1977,100,"NuSEDS_20251103",41883,NA,"Y"
"436","West Vancouver Island","Chinook","CK",1542,41883,"TAHSISH RIVER",1414,"Y",50.13979892,-127.1051293,1978,50,"NuSEDS_20251103",41883,NA,"Y"
"437","West Vancouver Island","Chinook","CK",1542,41883,"TAHSISH RIVER",1414,"Y",50.13979892,-127.1051293,1979,200,"NuSEDS_20251103",41883,NA,"Y"
"438","West Vancouver Island","Chinook","CK",1542,41883,"TAHSISH RIVER",1414,"Y",50.13979892,-127.1051293,1980,200,"NuSEDS_20251103",41883,NA,"Y"
"439","West Vancouver Island","Chinook","CK",1542,41883,"TAHSISH RIVER",1414,"Y",50.13979892,-127.1051293,1981,1000,"NuSEDS_20251103",41883,NA,"Y"
"440","West Vancouver Island","Chinook","CK",1542,41883,"TAHSISH RIVER",1414,"Y",50.13979892,-127.1051293,1982,1000,"NuSEDS_20251103",41883,NA,"Y"
"441","West Vancouver Island","Chinook","CK",1542,41883,"TAHSISH RIVER",1414,"Y",50.13979892,-127.1051293,1983,500,"NuSEDS_20251103",41883,NA,"Y"
"442","West Vancouver Island","Chinook","CK",1542,41883,"TAHSISH RIVER",1414,"Y",50.13979892,-127.1051293,1984,1500,"NuSEDS_20251103",41883,NA,"Y"
"443","West Vancouver Island","Chinook","CK",1542,41883,"TAHSISH RIVER",1414,"Y",50.13979892,-127.1051293,1985,1200,"NuSEDS_20251103",41883,NA,"Y"
"444","West Vancouver Island","Chinook","CK",1542,41883,"TAHSISH RIVER",1414,"Y",50.13979892,-127.1051293,1986,1000,"NuSEDS_20251103",41883,NA,"Y"
"445","West Vancouver Island","Chinook","CK",1542,41883,"TAHSISH RIVER",1414,"Y",50.13979892,-127.1051293,1987,500,"NuSEDS_20251103",41883,NA,"Y"
"446","West Vancouver Island","Chinook","CK",1542,41883,"TAHSISH RIVER",1414,"Y",50.13979892,-127.1051293,1988,400,"NuSEDS_20251103",41883,NA,"Y"
"447","West Vancouver Island","Chinook","CK",1542,41883,"TAHSISH RIVER",1414,"Y",50.13979892,-127.1051293,1989,450,"NuSEDS_20251103",41883,NA,"Y"
"448","West Vancouver Island","Chinook","CK",1542,41883,"TAHSISH RIVER",1414,"Y",50.13979892,-127.1051293,1990,200,"NuSEDS_20251103",41883,NA,"Y"
"449","West Vancouver Island","Chinook","CK",1542,41883,"TAHSISH RIVER",1414,"Y",50.13979892,-127.1051293,1991,120,"NuSEDS_20251103",41883,NA,"Y"
"450","West Vancouver Island","Chinook","CK",1542,41883,"TAHSISH RIVER",1414,"Y",50.13979892,-127.1051293,1992,600,"NuSEDS_20251103",41883,NA,"Y"
"451","West Vancouver Island","Chinook","CK",1542,41883,"TAHSISH RIVER",1414,"Y",50.13979892,-127.1051293,1993,250,"NuSEDS_20251103",41883,NA,"Y"
"452","West Vancouver Island","Chinook","CK",1542,41883,"TAHSISH RIVER",1414,"Y",50.13979892,-127.1051293,1994,250,"NuSEDS_20251103",41883,NA,"Y"
"453","West Vancouver Island","Chinook","CK",1542,41883,"TAHSISH RIVER",1414,"Y",50.13979892,-127.1051293,1995,640,"NuSEDS_20251103",41883,NA,"Y"
"454","West Vancouver Island","Chinook","CK",1542,41883,"TAHSISH RIVER",1414,"Y",50.13979892,-127.1051293,1996,420,"NuSEDS_20251103",41883,NA,"Y"
"455","West Vancouver Island","Chinook","CK",1542,41883,"TAHSISH RIVER",1414,"Y",50.13979892,-127.1051293,1997,635,"NuSEDS_20251103",41883,NA,"Y"
"456","West Vancouver Island","Chinook","CK",1542,41883,"TAHSISH RIVER",1414,"Y",50.13979892,-127.1051293,1998,1483,"NuSEDS_20251103",41883,NA,"Y"
"457","West Vancouver Island","Chinook","CK",1542,41883,"TAHSISH RIVER",1414,"Y",50.13979892,-127.1051293,1999,916,"NuSEDS_20251103",41883,NA,"Y"
"458","West Vancouver Island","Chinook","CK",1542,41883,"TAHSISH RIVER",1414,"Y",50.13979892,-127.1051293,2000,477,"NuSEDS_20251103",41883,NA,"Y"
"459","West Vancouver Island","Chinook","CK",1542,41883,"TAHSISH RIVER",1414,"Y",50.13979892,-127.1051293,2001,257,"NuSEDS_20251103",41883,NA,"Y"
"460","West Vancouver Island","Chinook","CK",1542,41883,"TAHSISH RIVER",1414,"Y",50.13979892,-127.1051293,2002,319,"NuSEDS_20251103",41883,NA,"Y"
"461","West Vancouver Island","Chinook","CK",1542,41883,"TAHSISH RIVER",1414,"Y",50.13979892,-127.1051293,2003,606,"NuSEDS_20251103",41883,NA,"Y"
"462","West Vancouver Island","Chinook","CK",1542,41883,"TAHSISH RIVER",1414,"Y",50.13979892,-127.1051293,2004,604,"NuSEDS_20251103",41883,NA,"Y"
"463","West Vancouver Island","Chinook","CK",1542,41883,"TAHSISH RIVER",1414,"Y",50.13979892,-127.1051293,2005,279,"NuSEDS_20251103",41883,NA,"Y"
"464","West Vancouver Island","Chinook","CK",1542,41883,"TAHSISH RIVER",1414,"Y",50.13979892,-127.1051293,2006,97,"NuSEDS_20251103",41883,NA,"Y"
"465","West Vancouver Island","Chinook","CK",1542,41883,"TAHSISH RIVER",1414,"Y",50.13979892,-127.1051293,2007,270,"NuSEDS_20251103",41883,NA,"Y"
"466","West Vancouver Island","Chinook","CK",1542,41883,"TAHSISH RIVER",1414,"Y",50.13979892,-127.1051293,2008,395,"NuSEDS_20251103",41883,NA,"Y"
"467","West Vancouver Island","Chinook","CK",1542,41883,"TAHSISH RIVER",1414,"Y",50.13979892,-127.1051293,2009,108,"NuSEDS_20251103",41883,NA,"Y"
"468","West Vancouver Island","Chinook","CK",1542,41883,"TAHSISH RIVER",1414,"Y",50.13979892,-127.1051293,2010,418,"NuSEDS_20251103",41883,NA,"Y"
"469","West Vancouver Island","Chinook","CK",1542,41883,"TAHSISH RIVER",1414,"Y",50.13979892,-127.1051293,2011,313,"NuSEDS_20251103",41883,NA,"Y"
"470","West Vancouver Island","Chinook","CK",1542,41883,"TAHSISH RIVER",1414,"Y",50.13979892,-127.1051293,2012,171,"NuSEDS_20251103",41883,NA,"Y"
"471","West Vancouver Island","Chinook","CK",1542,41883,"TAHSISH RIVER",1414,"Y",50.13979892,-127.1051293,2013,383,"NuSEDS_20251103",41883,NA,"Y"
"472","West Vancouver Island","Chinook","CK",1542,41883,"TAHSISH RIVER",1414,"Y",50.13979892,-127.1051293,2014,796,"NuSEDS_20251103",41883,NA,"Y"
"473","West Vancouver Island","Chinook","CK",1542,41883,"TAHSISH RIVER",1414,"Y",50.13979892,-127.1051293,2015,831,"NuSEDS_20251103",41883,NA,"Y"
"474","West Vancouver Island","Chinook","CK",1542,41883,"TAHSISH RIVER",1414,"Y",50.13979892,-127.1051293,2016,765,"NuSEDS_20251103",41883,NA,"Y"
"475","West Vancouver Island","Chinook","CK",1542,41883,"TAHSISH RIVER",1414,"Y",50.13979892,-127.1051293,2017,1707,"NuSEDS_20251103",41883,NA,"Y"
"476","West Vancouver Island","Chinook","CK",1542,41883,"TAHSISH RIVER",1414,"Y",50.13979892,-127.1051293,2018,941,"NuSEDS_20251103",41883,NA,"Y"
"477","West Vancouver Island","Chinook","CK",1542,41883,"TAHSISH RIVER",1414,"Y",50.13979892,-127.1051293,2019,1030,"NuSEDS_20251103",41883,NA,"Y"
"478","West Vancouver Island","Chinook","CK",1542,41883,"TAHSISH RIVER",1414,"Y",50.13979892,-127.1051293,2020,859,"NuSEDS_20251103",41883,NA,"Y"
"479","West Vancouver Island","Chinook","CK",1542,41883,"TAHSISH RIVER",1414,"Y",50.13979892,-127.1051293,2021,1531,"NuSEDS_20251103",41883,NA,"Y"
"480","West Vancouver Island","Chinook","CK",1542,41883,"TAHSISH RIVER",1414,"Y",50.13979892,-127.1051293,2022,1526,"NuSEDS_20251103",41883,NA,"Y"
"481","West Vancouver Island","Chinook","CK",1542,41883,"TAHSISH RIVER",1414,"Y",50.13979892,-127.1051293,2023,1339,"NuSEDS_20251103",41883,NA,"Y"
"482","West Vancouver Island","Chinook","CK",1542,41883,"TAHSISH RIVER",1414,"Y",50.13979892,-127.1051293,2024,1874,"NuSEDS_20251103",41883,NA,"Y"
"483","West Vancouver Island","Chinook","CK",1527,41713,"ZEBALLOS RIVER",1397,"Y",49.98185341,-126.8526419,1953,400,"NuSEDS_20251103",41713,NA,"Y"
"484","West Vancouver Island","Chinook","CK",1527,41713,"ZEBALLOS RIVER",1397,"Y",49.98185341,-126.8526419,1954,100,"NuSEDS_20251103",41713,NA,"Y"
"485","West Vancouver Island","Chinook","CK",1527,41713,"ZEBALLOS RIVER",1397,"Y",49.98185341,-126.8526419,1955,25,"NuSEDS_20251103",41713,NA,"Y"
"486","West Vancouver Island","Chinook","CK",1527,41713,"ZEBALLOS RIVER",1397,"Y",49.98185341,-126.8526419,1956,75,"NuSEDS_20251103",41713,NA,"Y"
"487","West Vancouver Island","Chinook","CK",1527,41713,"ZEBALLOS RIVER",1397,"Y",49.98185341,-126.8526419,1957,75,"NuSEDS_20251103",41713,NA,"Y"
"488","West Vancouver Island","Chinook","CK",1527,41713,"ZEBALLOS RIVER",1397,"Y",49.98185341,-126.8526419,1958,75,"NuSEDS_20251103",41713,NA,"Y"
"489","West Vancouver Island","Chinook","CK",1527,41713,"ZEBALLOS RIVER",1397,"Y",49.98185341,-126.8526419,1959,200,"NuSEDS_20251103",41713,NA,"Y"
"490","West Vancouver Island","Chinook","CK",1527,41713,"ZEBALLOS RIVER",1397,"Y",49.98185341,-126.8526419,1960,75,"NuSEDS_20251103",41713,NA,"Y"
"491","West Vancouver Island","Chinook","CK",1527,41713,"ZEBALLOS RIVER",1397,"Y",49.98185341,-126.8526419,1961,25,"NuSEDS_20251103",41713,NA,"Y"
"492","West Vancouver Island","Chinook","CK",1527,41713,"ZEBALLOS RIVER",1397,"Y",49.98185341,-126.8526419,1962,75,"NuSEDS_20251103",41713,NA,"Y"
"493","West Vancouver Island","Chinook","CK",1527,41713,"ZEBALLOS RIVER",1397,"Y",49.98185341,-126.8526419,1963,25,"NuSEDS_20251103",41713,NA,"Y"
"494","West Vancouver Island","Chinook","CK",1527,41713,"ZEBALLOS RIVER",1397,"Y",49.98185341,-126.8526419,1964,400,"NuSEDS_20251103",41713,NA,"Y"
"495","West Vancouver Island","Chinook","CK",1527,41713,"ZEBALLOS RIVER",1397,"Y",49.98185341,-126.8526419,1965,400,"NuSEDS_20251103",41713,NA,"Y"
"496","West Vancouver Island","Chinook","CK",1527,41713,"ZEBALLOS RIVER",1397,"Y",49.98185341,-126.8526419,1966,750,"NuSEDS_20251103",41713,NA,"Y"
"497","West Vancouver Island","Chinook","CK",1527,41713,"ZEBALLOS RIVER",1397,"Y",49.98185341,-126.8526419,1967,75,"NuSEDS_20251103",41713,NA,"Y"
"498","West Vancouver Island","Chinook","CK",1527,41713,"ZEBALLOS RIVER",1397,"Y",49.98185341,-126.8526419,1968,25,"NuSEDS_20251103",41713,NA,"Y"
"499","West Vancouver Island","Chinook","CK",1527,41713,"ZEBALLOS RIVER",1397,"Y",49.98185341,-126.8526419,1969,25,"NuSEDS_20251103",41713,NA,"Y"
"500","West Vancouver Island","Chinook","CK",1527,41713,"ZEBALLOS RIVER",1397,"Y",49.98185341,-126.8526419,1970,50,"NuSEDS_20251103",41713,NA,"Y"
"501","West Vancouver Island","Chinook","CK",1527,41713,"ZEBALLOS RIVER",1397,"Y",49.98185341,-126.8526419,1971,25,"NuSEDS_20251103",41713,NA,"Y"
"502","West Vancouver Island","Chinook","CK",1527,41713,"ZEBALLOS RIVER",1397,"Y",49.98185341,-126.8526419,1972,25,"NuSEDS_20251103",41713,NA,"Y"
"503","West Vancouver Island","Chinook","CK",1527,41713,"ZEBALLOS RIVER",1397,"Y",49.98185341,-126.8526419,1973,75,"NuSEDS_20251103",41713,NA,"Y"
"504","West Vancouver Island","Chinook","CK",1527,41713,"ZEBALLOS RIVER",1397,"Y",49.98185341,-126.8526419,1974,25,"NuSEDS_20251103",41713,NA,"Y"
"505","West Vancouver Island","Chinook","CK",1527,41713,"ZEBALLOS RIVER",1397,"Y",49.98185341,-126.8526419,1975,200,"NuSEDS_20251103",41713,NA,"Y"
"506","West Vancouver Island","Chinook","CK",1527,41713,"ZEBALLOS RIVER",1397,"Y",49.98185341,-126.8526419,1976,25,"NuSEDS_20251103",41713,NA,"Y"
"507","West Vancouver Island","Chinook","CK",1527,41713,"ZEBALLOS RIVER",1397,"Y",49.98185341,-126.8526419,1977,100,"NuSEDS_20251103",41713,NA,"Y"
"508","West Vancouver Island","Chinook","CK",1527,41713,"ZEBALLOS RIVER",1397,"Y",49.98185341,-126.8526419,1978,200,"NuSEDS_20251103",41713,NA,"Y"
"509","West Vancouver Island","Chinook","CK",1527,41713,"ZEBALLOS RIVER",1397,"Y",49.98185341,-126.8526419,1979,100,"NuSEDS_20251103",41713,NA,"Y"
"510","West Vancouver Island","Chinook","CK",1527,41713,"ZEBALLOS RIVER",1397,"Y",49.98185341,-126.8526419,1980,50,"NuSEDS_20251103",41713,NA,"Y"
"511","West Vancouver Island","Chinook","CK",1527,41713,"ZEBALLOS RIVER",1397,"Y",49.98185341,-126.8526419,1981,100,"NuSEDS_20251103",41713,NA,"Y"
"512","West Vancouver Island","Chinook","CK",1527,41713,"ZEBALLOS RIVER",1397,"Y",49.98185341,-126.8526419,1982,100,"NuSEDS_20251103",41713,NA,"Y"
"513","West Vancouver Island","Chinook","CK",1527,41713,"ZEBALLOS RIVER",1397,"Y",49.98185341,-126.8526419,1983,27,"NuSEDS_20251103",41713,NA,"Y"
"514","West Vancouver Island","Chinook","CK",1527,41713,"ZEBALLOS RIVER",1397,"Y",49.98185341,-126.8526419,1984,20,"NuSEDS_20251103",41713,NA,"Y"
"515","West Vancouver Island","Chinook","CK",1527,41713,"ZEBALLOS RIVER",1397,"Y",49.98185341,-126.8526419,1987,75,"NuSEDS_20251103",41713,NA,"Y"
"516","West Vancouver Island","Chinook","CK",1527,41713,"ZEBALLOS RIVER",1397,"Y",49.98185341,-126.8526419,1988,1,"NuSEDS_20251103",41713,NA,"Y"
"517","West Vancouver Island","Chinook","CK",1527,41713,"ZEBALLOS RIVER",1397,"Y",49.98185341,-126.8526419,1989,225,"NuSEDS_20251103",41713,NA,"Y"
"518","West Vancouver Island","Chinook","CK",1527,41713,"ZEBALLOS RIVER",1397,"Y",49.98185341,-126.8526419,1990,150,"NuSEDS_20251103",41713,NA,"Y"
"519","West Vancouver Island","Chinook","CK",1527,41713,"ZEBALLOS RIVER",1397,"Y",49.98185341,-126.8526419,1991,200,"NuSEDS_20251103",41713,NA,"Y"
"520","West Vancouver Island","Chinook","CK",1527,41713,"ZEBALLOS RIVER",1397,"Y",49.98185341,-126.8526419,1992,550,"NuSEDS_20251103",41713,NA,"Y"
"521","West Vancouver Island","Chinook","CK",1527,41713,"ZEBALLOS RIVER",1397,"Y",49.98185341,-126.8526419,1993,350,"NuSEDS_20251103",41713,NA,"Y"
"522","West Vancouver Island","Chinook","CK",1527,41713,"ZEBALLOS RIVER",1397,"Y",49.98185341,-126.8526419,1994,150,"NuSEDS_20251103",41713,NA,"Y"
"523","West Vancouver Island","Chinook","CK",1527,41713,"ZEBALLOS RIVER",1397,"Y",49.98185341,-126.8526419,1995,181,"NuSEDS_20251103",41713,NA,"Y"
"524","West Vancouver Island","Chinook","CK",1527,41713,"ZEBALLOS RIVER",1397,"Y",49.98185341,-126.8526419,1996,346,"NuSEDS_20251103",41713,NA,"Y"
"525","West Vancouver Island","Chinook","CK",1527,41713,"ZEBALLOS RIVER",1397,"Y",49.98185341,-126.8526419,1997,862,"NuSEDS_20251103",41713,NA,"Y"
"526","West Vancouver Island","Chinook","CK",1527,41713,"ZEBALLOS RIVER",1397,"Y",49.98185341,-126.8526419,1998,674,"NuSEDS_20251103",41713,NA,"Y"
"527","West Vancouver Island","Chinook","CK",1527,41713,"ZEBALLOS RIVER",1397,"Y",49.98185341,-126.8526419,1999,686,"NuSEDS_20251103",41713,NA,"Y"
"528","West Vancouver Island","Chinook","CK",1527,41713,"ZEBALLOS RIVER",1397,"Y",49.98185341,-126.8526419,2000,55,"NuSEDS_20251103",41713,NA,"Y"
"529","West Vancouver Island","Chinook","CK",1527,41713,"ZEBALLOS RIVER",1397,"Y",49.98185341,-126.8526419,2001,100,"NuSEDS_20251103",41713,NA,"Y"
"530","West Vancouver Island","Chinook","CK",1527,41713,"ZEBALLOS RIVER",1397,"Y",49.98185341,-126.8526419,2002,154,"NuSEDS_20251103",41713,NA,"Y"
"531","West Vancouver Island","Chinook","CK",1527,41713,"ZEBALLOS RIVER",1397,"Y",49.98185341,-126.8526419,2003,79,"NuSEDS_20251103",41713,NA,"Y"
"532","West Vancouver Island","Chinook","CK",1527,41713,"ZEBALLOS RIVER",1397,"Y",49.98185341,-126.8526419,2004,438,"NuSEDS_20251103",41713,NA,"Y"
"533","West Vancouver Island","Chinook","CK",1527,41713,"ZEBALLOS RIVER",1397,"Y",49.98185341,-126.8526419,2005,47,"NuSEDS_20251103",41713,NA,"Y"
"534","West Vancouver Island","Chinook","CK",1527,41713,"ZEBALLOS RIVER",1397,"Y",49.98185341,-126.8526419,2006,455,"NuSEDS_20251103",41713,NA,"Y"
"535","West Vancouver Island","Chinook","CK",1527,41713,"ZEBALLOS RIVER",1397,"Y",49.98185341,-126.8526419,2007,441,"NuSEDS_20251103",41713,NA,"Y"
"536","West Vancouver Island","Chinook","CK",1527,41713,"ZEBALLOS RIVER",1397,"Y",49.98185341,-126.8526419,2008,473,"NuSEDS_20251103",41713,NA,"Y"
"537","West Vancouver Island","Chinook","CK",1527,41713,"ZEBALLOS RIVER",1397,"Y",49.98185341,-126.8526419,2009,122,"NuSEDS_20251103",41713,NA,"Y"
"538","West Vancouver Island","Chinook","CK",1527,41713,"ZEBALLOS RIVER",1397,"Y",49.98185341,-126.8526419,2010,120,"NuSEDS_20251103",41713,NA,"Y"
"539","West Vancouver Island","Chinook","CK",1527,41713,"ZEBALLOS RIVER",1397,"Y",49.98185341,-126.8526419,2011,106,"NuSEDS_20251103",41713,NA,"Y"
"540","West Vancouver Island","Chinook","CK",1527,41713,"ZEBALLOS RIVER",1397,"Y",49.98185341,-126.8526419,2012,59,"NuSEDS_20251103",41713,NA,"Y"
"541","West Vancouver Island","Chinook","CK",1527,41713,"ZEBALLOS RIVER",1397,"Y",49.98185341,-126.8526419,2013,284,"NuSEDS_20251103",41713,NA,"Y"
"542","West Vancouver Island","Chinook","CK",1527,41713,"ZEBALLOS RIVER",1397,"Y",49.98185341,-126.8526419,2014,65,"NuSEDS_20251103",41713,NA,"Y"
"543","West Vancouver Island","Chinook","CK",1527,41713,"ZEBALLOS RIVER",1397,"Y",49.98185341,-126.8526419,2015,283,"NuSEDS_20251103",41713,NA,"Y"
"544","West Vancouver Island","Chinook","CK",1527,41713,"ZEBALLOS RIVER",1397,"Y",49.98185341,-126.8526419,2016,382,"NuSEDS_20251103",41713,NA,"Y"
"545","West Vancouver Island","Chinook","CK",1527,41713,"ZEBALLOS RIVER",1397,"Y",49.98185341,-126.8526419,2017,500,"NuSEDS_20251103",41713,NA,"Y"
"546","West Vancouver Island","Chinook","CK",1527,41713,"ZEBALLOS RIVER",1397,"Y",49.98185341,-126.8526419,2018,569,"NuSEDS_20251103",41713,NA,"Y"
"547","West Vancouver Island","Chinook","CK",1527,41713,"ZEBALLOS RIVER",1397,"Y",49.98185341,-126.8526419,2019,28,"NuSEDS_20251103",41713,NA,"Y"
"548","West Vancouver Island","Chinook","CK",1527,41713,"ZEBALLOS RIVER",1397,"Y",49.98185341,-126.8526419,2020,209,"NuSEDS_20251103",41713,NA,"Y"
"549","West Vancouver Island","Chinook","CK",1527,41713,"ZEBALLOS RIVER",1397,"Y",49.98185341,-126.8526419,2021,192,"NuSEDS_20251103",41713,NA,"Y"
"550","West Vancouver Island","Chinook","CK",1527,41713,"ZEBALLOS RIVER",1397,"Y",49.98185341,-126.8526419,2022,32,"NuSEDS_20251103",41713,NA,"Y"
"551","West Vancouver Island","Chinook","CK",1527,41713,"ZEBALLOS RIVER",1397,"Y",49.98185341,-126.8526419,2023,77,"NuSEDS_20251103",41713,NA,"Y"
"552","West Vancouver Island","Chinook","CK",1527,41713,"ZEBALLOS RIVER",1397,"Y",49.98185341,-126.8526419,2024,135,"NuSEDS_20251103",41713,NA,"Y"
"553","West Vancouver Island","Chinook","CK",1440,39958,"MARBLE RIVER",1455,"Y",50.53374517,-127.5095505,1954,7500,"NuSEDS_20251103",39958,NA,"Y"
"554","West Vancouver Island","Chinook","CK",1440,39958,"MARBLE RIVER",1455,"Y",50.53374517,-127.5095505,1955,2000,"NuSEDS_20251103",39958,NA,"Y"
"555","West Vancouver Island","Chinook","CK",1440,39958,"MARBLE RIVER",1455,"Y",50.53374517,-127.5095505,1956,5000,"NuSEDS_20251103",39958,NA,"Y"
"556","West Vancouver Island","Chinook","CK",1440,39958,"MARBLE RIVER",1455,"Y",50.53374517,-127.5095505,1957,3500,"NuSEDS_20251103",39958,NA,"Y"
"557","West Vancouver Island","Chinook","CK",1440,39958,"MARBLE RIVER",1455,"Y",50.53374517,-127.5095505,1958,100,"NuSEDS_20251103",39958,NA,"Y"
"558","West Vancouver Island","Chinook","CK",1440,39958,"MARBLE RIVER",1455,"Y",50.53374517,-127.5095505,1959,250,"NuSEDS_20251103",39958,NA,"Y"
"559","West Vancouver Island","Chinook","CK",1440,39958,"MARBLE RIVER",1455,"Y",50.53374517,-127.5095505,1960,40,"NuSEDS_20251103",39958,NA,"Y"
"560","West Vancouver Island","Chinook","CK",1440,39958,"MARBLE RIVER",1455,"Y",50.53374517,-127.5095505,1961,200,"NuSEDS_20251103",39958,NA,"Y"
"561","West Vancouver Island","Chinook","CK",1440,39958,"MARBLE RIVER",1455,"Y",50.53374517,-127.5095505,1962,1500,"NuSEDS_20251103",39958,NA,"Y"
"562","West Vancouver Island","Chinook","CK",1440,39958,"MARBLE RIVER",1455,"Y",50.53374517,-127.5095505,1963,400,"NuSEDS_20251103",39958,NA,"Y"
"563","West Vancouver Island","Chinook","CK",1440,39958,"MARBLE RIVER",1455,"Y",50.53374517,-127.5095505,1964,3000,"NuSEDS_20251103",39958,NA,"Y"
"564","West Vancouver Island","Chinook","CK",1440,39958,"MARBLE RIVER",1455,"Y",50.53374517,-127.5095505,1965,200,"NuSEDS_20251103",39958,NA,"Y"
"565","West Vancouver Island","Chinook","CK",1440,39958,"MARBLE RIVER",1455,"Y",50.53374517,-127.5095505,1966,200,"NuSEDS_20251103",39958,NA,"Y"
"566","West Vancouver Island","Chinook","CK",1440,39958,"MARBLE RIVER",1455,"Y",50.53374517,-127.5095505,1967,200,"NuSEDS_20251103",39958,NA,"Y"
"567","West Vancouver Island","Chinook","CK",1440,39958,"MARBLE RIVER",1455,"Y",50.53374517,-127.5095505,1968,200,"NuSEDS_20251103",39958,NA,"Y"
"568","West Vancouver Island","Chinook","CK",1440,39958,"MARBLE RIVER",1455,"Y",50.53374517,-127.5095505,1969,200,"NuSEDS_20251103",39958,NA,"Y"
"569","West Vancouver Island","Chinook","CK",1440,39958,"MARBLE RIVER",1455,"Y",50.53374517,-127.5095505,1970,400,"NuSEDS_20251103",39958,NA,"Y"
"570","West Vancouver Island","Chinook","CK",1440,39958,"MARBLE RIVER",1455,"Y",50.53374517,-127.5095505,1971,600,"NuSEDS_20251103",39958,NA,"Y"
"571","West Vancouver Island","Chinook","CK",1440,39958,"MARBLE RIVER",1455,"Y",50.53374517,-127.5095505,1972,600,"NuSEDS_20251103",39958,NA,"Y"
"572","West Vancouver Island","Chinook","CK",1440,39958,"MARBLE RIVER",1455,"Y",50.53374517,-127.5095505,1973,200,"NuSEDS_20251103",39958,NA,"Y"
"573","West Vancouver Island","Chinook","CK",1440,39958,"MARBLE RIVER",1455,"Y",50.53374517,-127.5095505,1974,400,"NuSEDS_20251103",39958,NA,"Y"
"574","West Vancouver Island","Chinook","CK",1440,39958,"MARBLE RIVER",1455,"Y",50.53374517,-127.5095505,1975,400,"NuSEDS_20251103",39958,NA,"Y"
"575","West Vancouver Island","Chinook","CK",1440,39958,"MARBLE RIVER",1455,"Y",50.53374517,-127.5095505,1976,400,"NuSEDS_20251103",39958,NA,"Y"
"576","West Vancouver Island","Chinook","CK",1440,39958,"MARBLE RIVER",1455,"Y",50.53374517,-127.5095505,1977,950,"NuSEDS_20251103",39958,NA,"Y"
"577","West Vancouver Island","Chinook","CK",1440,39958,"MARBLE RIVER",1455,"Y",50.53374517,-127.5095505,1978,1500,"NuSEDS_20251103",39958,NA,"Y"
"578","West Vancouver Island","Chinook","CK",1440,39958,"MARBLE RIVER",1455,"Y",50.53374517,-127.5095505,1979,750,"NuSEDS_20251103",39958,NA,"Y"
"579","West Vancouver Island","Chinook","CK",1440,39958,"MARBLE RIVER",1455,"Y",50.53374517,-127.5095505,1980,5000,"NuSEDS_20251103",39958,NA,"Y"
"580","West Vancouver Island","Chinook","CK",1440,39958,"MARBLE RIVER",1455,"Y",50.53374517,-127.5095505,1981,3000,"NuSEDS_20251103",39958,NA,"Y"
"581","West Vancouver Island","Chinook","CK",1440,39958,"MARBLE RIVER",1455,"Y",50.53374517,-127.5095505,1982,5000,"NuSEDS_20251103",39958,NA,"Y"
"582","West Vancouver Island","Chinook","CK",1440,39958,"MARBLE RIVER",1455,"Y",50.53374517,-127.5095505,1983,1000,"NuSEDS_20251103",39958,NA,"Y"
"583","West Vancouver Island","Chinook","CK",1440,39958,"MARBLE RIVER",1455,"Y",50.53374517,-127.5095505,1984,600,"NuSEDS_20251103",39958,NA,"Y"
"584","West Vancouver Island","Chinook","CK",1440,39958,"MARBLE RIVER",1455,"Y",50.53374517,-127.5095505,1985,1250,"NuSEDS_20251103",39958,NA,"Y"
"585","West Vancouver Island","Chinook","CK",1440,39958,"MARBLE RIVER",1455,"Y",50.53374517,-127.5095505,1986,1100,"NuSEDS_20251103",39958,NA,"Y"
"586","West Vancouver Island","Chinook","CK",1440,39958,"MARBLE RIVER",1455,"Y",50.53374517,-127.5095505,1987,1750,"NuSEDS_20251103",39958,NA,"Y"
"587","West Vancouver Island","Chinook","CK",1440,39958,"MARBLE RIVER",1455,"Y",50.53374517,-127.5095505,1988,3275,"NuSEDS_20251103",39958,NA,"Y"
"588","West Vancouver Island","Chinook","CK",1440,39958,"MARBLE RIVER",1455,"Y",50.53374517,-127.5095505,1989,4181,"NuSEDS_20251103",39958,NA,"Y"
"589","West Vancouver Island","Chinook","CK",1440,39958,"MARBLE RIVER",1455,"Y",50.53374517,-127.5095505,1990,1973,"NuSEDS_20251103",39958,NA,"Y"
"590","West Vancouver Island","Chinook","CK",1440,39958,"MARBLE RIVER",1455,"Y",50.53374517,-127.5095505,1991,710,"NuSEDS_20251103",39958,NA,"Y"
"591","West Vancouver Island","Chinook","CK",1440,39958,"MARBLE RIVER",1455,"Y",50.53374517,-127.5095505,1992,800,"NuSEDS_20251103",39958,NA,"Y"
"592","West Vancouver Island","Chinook","CK",1440,39958,"MARBLE RIVER",1455,"Y",50.53374517,-127.5095505,1993,2000,"NuSEDS_20251103",39958,NA,"Y"
"593","West Vancouver Island","Chinook","CK",1440,39958,"MARBLE RIVER",1455,"Y",50.53374517,-127.5095505,1994,650,"NuSEDS_20251103",39958,NA,"Y"
"594","West Vancouver Island","Chinook","CK",1440,39958,"MARBLE RIVER",1455,"Y",50.53374517,-127.5095505,1995,1626,"NuSEDS_20251103",39958,NA,"Y"
"595","West Vancouver Island","Chinook","CK",1440,39958,"MARBLE RIVER",1455,"Y",50.53374517,-127.5095505,1996,3986,"NuSEDS_20251103",39958,NA,"Y"
"596","West Vancouver Island","Chinook","CK",1440,39958,"MARBLE RIVER",1455,"Y",50.53374517,-127.5095505,1997,2815,"NuSEDS_20251103",39958,NA,"Y"
"597","West Vancouver Island","Chinook","CK",1440,39958,"MARBLE RIVER",1455,"Y",50.53374517,-127.5095505,1998,5318,"NuSEDS_20251103",39958,NA,"Y"
"598","West Vancouver Island","Chinook","CK",1440,39958,"MARBLE RIVER",1455,"Y",50.53374517,-127.5095505,1999,4192,"NuSEDS_20251103",39958,NA,"Y"
"599","West Vancouver Island","Chinook","CK",1440,39958,"MARBLE RIVER",1455,"Y",50.53374517,-127.5095505,2000,2581,"NuSEDS_20251103",39958,NA,"Y"
"600","West Vancouver Island","Chinook","CK",1440,39958,"MARBLE RIVER",1455,"Y",50.53374517,-127.5095505,2001,1494,"NuSEDS_20251103",39958,NA,"Y"
"601","West Vancouver Island","Chinook","CK",1440,39958,"MARBLE RIVER",1455,"Y",50.53374517,-127.5095505,2002,2531,"NuSEDS_20251103",39958,NA,"Y"
"602","West Vancouver Island","Chinook","CK",1440,39958,"MARBLE RIVER",1455,"Y",50.53374517,-127.5095505,2003,1837,"NuSEDS_20251103",39958,NA,"Y"
"603","West Vancouver Island","Chinook","CK",1440,39958,"MARBLE RIVER",1455,"Y",50.53374517,-127.5095505,2004,3658,"NuSEDS_20251103",39958,NA,"Y"
"604","West Vancouver Island","Chinook","CK",1440,39958,"MARBLE RIVER",1455,"Y",50.53374517,-127.5095505,2005,2342,"NuSEDS_20251103",39958,NA,"Y"
"605","West Vancouver Island","Chinook","CK",1440,39958,"MARBLE RIVER",1455,"Y",50.53374517,-127.5095505,2006,3100,"NuSEDS_20251103",39958,NA,"Y"
"606","West Vancouver Island","Chinook","CK",1440,39958,"MARBLE RIVER",1455,"Y",50.53374517,-127.5095505,2007,2802,"NuSEDS_20251103",39958,NA,"Y"
"607","West Vancouver Island","Chinook","CK",1440,39958,"MARBLE RIVER",1455,"Y",50.53374517,-127.5095505,2008,2702,"NuSEDS_20251103",39958,NA,"Y"
"608","West Vancouver Island","Chinook","CK",1440,39958,"MARBLE RIVER",1455,"Y",50.53374517,-127.5095505,2009,3470,"NuSEDS_20251103",39958,NA,"Y"
"609","West Vancouver Island","Chinook","CK",1440,39958,"MARBLE RIVER",1455,"Y",50.53374517,-127.5095505,2010,3560,"NuSEDS_20251103",39958,NA,"Y"
"610","West Vancouver Island","Chinook","CK",1440,39958,"MARBLE RIVER",1455,"Y",50.53374517,-127.5095505,2011,3909,"NuSEDS_20251103",39958,NA,"Y"
"611","West Vancouver Island","Chinook","CK",1440,39958,"MARBLE RIVER",1455,"Y",50.53374517,-127.5095505,2012,2368,"NuSEDS_20251103",39958,NA,"Y"
"612","West Vancouver Island","Chinook","CK",1440,39958,"MARBLE RIVER",1455,"Y",50.53374517,-127.5095505,2013,2089,"NuSEDS_20251103",39958,NA,"Y"
"613","West Vancouver Island","Chinook","CK",1440,39958,"MARBLE RIVER",1455,"Y",50.53374517,-127.5095505,2014,1207,"NuSEDS_20251103",39958,NA,"Y"
"614","West Vancouver Island","Chinook","CK",1440,39958,"MARBLE RIVER",1455,"Y",50.53374517,-127.5095505,2015,6519,"NuSEDS_20251103",39958,NA,"Y"
"615","West Vancouver Island","Chinook","CK",1440,39958,"MARBLE RIVER",1455,"Y",50.53374517,-127.5095505,2016,1620,"NuSEDS_20251103",39958,NA,"Y"
"616","West Vancouver Island","Chinook","CK",1440,39958,"MARBLE RIVER",1455,"Y",50.53374517,-127.5095505,2017,5638,"NuSEDS_20251103",39958,NA,"Y"
"617","West Vancouver Island","Chinook","CK",1440,39958,"MARBLE RIVER",1455,"Y",50.53374517,-127.5095505,2018,723,"NuSEDS_20251103",39958,NA,"Y"
"618","West Vancouver Island","Chinook","CK",1440,39958,"MARBLE RIVER",1455,"Y",50.53374517,-127.5095505,2019,4971,"NuSEDS_20251103",39958,NA,"Y"
"619","West Vancouver Island","Chinook","CK",1440,39958,"MARBLE RIVER",1455,"Y",50.53374517,-127.5095505,2020,2169,"NuSEDS_20251103",39958,NA,"Y"
"620","West Vancouver Island","Chinook","CK",1440,39958,"MARBLE RIVER",1455,"Y",50.53374517,-127.5095505,2021,1864,"NuSEDS_20251103",39958,NA,"Y"
"621","West Vancouver Island","Chinook","CK",1440,39958,"MARBLE RIVER",1455,"Y",50.53374517,-127.5095505,2022,2039,"NuSEDS_20251103",39958,NA,"Y"
"622","West Vancouver Island","Chinook","CK",1440,39958,"MARBLE RIVER",1455,"Y",50.53374517,-127.5095505,2023,5451,"NuSEDS_20251103",39958,NA,"Y"
"623","West Vancouver Island","Chinook","CK",1440,39958,"MARBLE RIVER",1455,"Y",50.53374517,-127.5095505,2024,1455,"NuSEDS_20251103",39958,NA,"Y"
"624","West Vancouver Island","Chinook","CK",1437,39908,"CAYEGHLE CREEK",1450,"N",50.34247015,-127.4398984,1955,100,"NuSEDS_20251103",39908,NA,"N"
"625","West Vancouver Island","Chinook","CK",1437,39908,"CAYEGHLE CREEK",1450,"N",50.34247015,-127.4398984,1956,50,"NuSEDS_20251103",39908,NA,"N"
"626","West Vancouver Island","Chinook","CK",1437,39908,"CAYEGHLE CREEK",1450,"N",50.34247015,-127.4398984,1957,25,"NuSEDS_20251103",39908,NA,"N"
"627","West Vancouver Island","Chinook","CK",1437,39908,"CAYEGHLE CREEK",1450,"N",50.34247015,-127.4398984,1958,25,"NuSEDS_20251103",39908,NA,"N"
"628","West Vancouver Island","Chinook","CK",1437,39908,"CAYEGHLE CREEK",1450,"N",50.34247015,-127.4398984,1964,100,"NuSEDS_20251103",39908,NA,"N"
"629","West Vancouver Island","Chinook","CK",1437,39908,"CAYEGHLE CREEK",1450,"N",50.34247015,-127.4398984,1965,25,"NuSEDS_20251103",39908,NA,"N"
"630","West Vancouver Island","Chinook","CK",1437,39908,"CAYEGHLE CREEK",1450,"N",50.34247015,-127.4398984,1976,1,"NuSEDS_20251103",39908,NA,"N"
"631","West Vancouver Island","Chinook","CK",1437,39908,"CAYEGHLE CREEK",1450,"N",50.34247015,-127.4398984,1979,30,"NuSEDS_20251103",39908,NA,"N"
"632","West Vancouver Island","Chinook","CK",1437,39908,"CAYEGHLE CREEK",1450,"N",50.34247015,-127.4398984,1981,6,"NuSEDS_20251103",39908,NA,"N"
"633","West Vancouver Island","Chinook","CK",1437,39908,"CAYEGHLE CREEK",1450,"N",50.34247015,-127.4398984,1982,12,"NuSEDS_20251103",39908,NA,"N"
"634","West Vancouver Island","Chinook","CK",1437,39908,"CAYEGHLE CREEK",1450,"N",50.34247015,-127.4398984,1983,1,"NuSEDS_20251103",39908,NA,"N"
"635","West Vancouver Island","Chinook","CK",1437,39908,"CAYEGHLE CREEK",1450,"N",50.34247015,-127.4398984,1993,100,"NuSEDS_20251103",39908,NA,"N"
"636","West Vancouver Island","Chinook","CK",1437,39908,"CAYEGHLE CREEK",1450,"N",50.34247015,-127.4398984,1994,24,"NuSEDS_20251103",39908,NA,"N"
"637","West Vancouver Island","Chinook","CK",1437,39908,"CAYEGHLE CREEK",1450,"N",50.34247015,-127.4398984,1995,75,"NuSEDS_20251103",39908,NA,"N"
"638","West Vancouver Island","Chinook","CK",1437,39908,"CAYEGHLE CREEK",1450,"N",50.34247015,-127.4398984,1996,70,"NuSEDS_20251103",39908,NA,"N"
"639","West Vancouver Island","Chinook","CK",1437,39908,"CAYEGHLE CREEK",1450,"N",50.34247015,-127.4398984,2003,628,"NuSEDS_20251103",39908,NA,"N"
"640","West Vancouver Island","Chinook","CK",1437,39908,"CAYEGHLE CREEK",1450,"N",50.34247015,-127.4398984,2004,1392,"NuSEDS_20251103",39908,NA,"N"
"641","West Vancouver Island","Chinook","CK",1437,39908,"CAYEGHLE CREEK",1450,"N",50.34247015,-127.4398984,2006,372,"NuSEDS_20251103",39908,NA,"N"
"642","West Vancouver Island","Chinook","CK",1437,39908,"CAYEGHLE CREEK",1450,"N",50.34247015,-127.4398984,2007,206,"NuSEDS_20251103",39908,NA,"N"
"643","West Vancouver Island","Chinook","CK",1437,39908,"CAYEGHLE CREEK",1450,"N",50.34247015,-127.4398984,2008,170,"NuSEDS_20251103",39908,NA,"N"
"644","West Vancouver Island","Chinook","CK",1437,39908,"CAYEGHLE CREEK",1450,"N",50.34247015,-127.4398984,2011,418,"NuSEDS_20251103",39908,NA,"N"
"645","West Vancouver Island","Chinook","CK",1437,39908,"CAYEGHLE CREEK",1450,"N",50.34247015,-127.4398984,2012,107,"NuSEDS_20251103",39908,NA,"N"
"646","West Vancouver Island","Chinook","CK",1437,39908,"CAYEGHLE CREEK",1450,"N",50.34247015,-127.4398984,2013,102,"NuSEDS_20251103",39908,NA,"N"
"647","West Vancouver Island","Chinook","CK",1437,39908,"CAYEGHLE CREEK",1450,"N",50.34247015,-127.4398984,2014,395,"NuSEDS_20251103",39908,NA,"N"
"648","West Vancouver Island","Chinook","CK",1437,39908,"CAYEGHLE CREEK",1450,"N",50.34247015,-127.4398984,2015,235,"NuSEDS_20251103",39908,NA,"N"
"649","West Vancouver Island","Chinook","CK",1437,39908,"CAYEGHLE CREEK",1450,"N",50.34247015,-127.4398984,2016,322,"NuSEDS_20251103",39908,NA,"N"
"650","West Vancouver Island","Chinook","CK",1437,39908,"CAYEGHLE CREEK",1450,"N",50.34247015,-127.4398984,2017,927,"NuSEDS_20251103",39908,NA,"N"
"651","West Vancouver Island","Chinook","CK",1437,39908,"CAYEGHLE CREEK",1450,"N",50.34247015,-127.4398984,2018,94,"NuSEDS_20251103",39908,NA,"N"
"652","West Vancouver Island","Chinook","CK",1437,39908,"CAYEGHLE CREEK",1450,"N",50.34247015,-127.4398984,2019,451,"NuSEDS_20251103",39908,NA,"N"
"653","West Vancouver Island","Chinook","CK",1437,39908,"CAYEGHLE CREEK",1450,"N",50.34247015,-127.4398984,2020,160,"NuSEDS_20251103",39908,NA,"N"
"654","West Vancouver Island","Chinook","CK",1437,39908,"CAYEGHLE CREEK",1450,"N",50.34247015,-127.4398984,2021,315,"NuSEDS_20251103",39908,NA,"N"
"655","West Vancouver Island","Chinook","CK",1437,39908,"CAYEGHLE CREEK",1450,"N",50.34247015,-127.4398984,2022,51,"NuSEDS_20251103",39908,NA,"N"
"656","West Vancouver Island","Chinook","CK",1437,39908,"CAYEGHLE CREEK",1450,"N",50.34247015,-127.4398984,2023,313,"NuSEDS_20251103",39908,NA,"N"
"657","West Vancouver Island","Chinook","CK",1437,39908,"CAYEGHLE CREEK",1450,"N",50.34247015,-127.4398984,2024,170,"NuSEDS_20251103",39908,NA,"N"
"658","West Vancouver Island","Chinook","CK",1497,41178,"MEGIN RIVER",1341,"Y",49.43683073,-126.0849837,1953,1500,"NuSEDS_20251103",41178,NA,"Y"
"659","West Vancouver Island","Chinook","CK",1497,41178,"MEGIN RIVER",1341,"Y",49.43683073,-126.0849837,1954,750,"NuSEDS_20251103",41178,NA,"Y"
"660","West Vancouver Island","Chinook","CK",1497,41178,"MEGIN RIVER",1341,"Y",49.43683073,-126.0849837,1955,1500,"NuSEDS_20251103",41178,NA,"Y"
"661","West Vancouver Island","Chinook","CK",1497,41178,"MEGIN RIVER",1341,"Y",49.43683073,-126.0849837,1956,1500,"NuSEDS_20251103",41178,NA,"Y"
"662","West Vancouver Island","Chinook","CK",1497,41178,"MEGIN RIVER",1341,"Y",49.43683073,-126.0849837,1957,1500,"NuSEDS_20251103",41178,NA,"Y"
"663","West Vancouver Island","Chinook","CK",1497,41178,"MEGIN RIVER",1341,"Y",49.43683073,-126.0849837,1958,750,"NuSEDS_20251103",41178,NA,"Y"
"664","West Vancouver Island","Chinook","CK",1497,41178,"MEGIN RIVER",1341,"Y",49.43683073,-126.0849837,1959,1500,"NuSEDS_20251103",41178,NA,"Y"
"665","West Vancouver Island","Chinook","CK",1497,41178,"MEGIN RIVER",1341,"Y",49.43683073,-126.0849837,1960,750,"NuSEDS_20251103",41178,NA,"Y"
"666","West Vancouver Island","Chinook","CK",1497,41178,"MEGIN RIVER",1341,"Y",49.43683073,-126.0849837,1961,750,"NuSEDS_20251103",41178,NA,"Y"
"667","West Vancouver Island","Chinook","CK",1497,41178,"MEGIN RIVER",1341,"Y",49.43683073,-126.0849837,1962,750,"NuSEDS_20251103",41178,NA,"Y"
"668","West Vancouver Island","Chinook","CK",1497,41178,"MEGIN RIVER",1341,"Y",49.43683073,-126.0849837,1963,50,"NuSEDS_20251103",41178,NA,"Y"
"669","West Vancouver Island","Chinook","CK",1497,41178,"MEGIN RIVER",1341,"Y",49.43683073,-126.0849837,1964,300,"NuSEDS_20251103",41178,NA,"Y"
"670","West Vancouver Island","Chinook","CK",1497,41178,"MEGIN RIVER",1341,"Y",49.43683073,-126.0849837,1965,50,"NuSEDS_20251103",41178,NA,"Y"
"671","West Vancouver Island","Chinook","CK",1497,41178,"MEGIN RIVER",1341,"Y",49.43683073,-126.0849837,1966,200,"NuSEDS_20251103",41178,NA,"Y"
"672","West Vancouver Island","Chinook","CK",1497,41178,"MEGIN RIVER",1341,"Y",49.43683073,-126.0849837,1967,25,"NuSEDS_20251103",41178,NA,"Y"
"673","West Vancouver Island","Chinook","CK",1497,41178,"MEGIN RIVER",1341,"Y",49.43683073,-126.0849837,1968,10,"NuSEDS_20251103",41178,NA,"Y"
"674","West Vancouver Island","Chinook","CK",1497,41178,"MEGIN RIVER",1341,"Y",49.43683073,-126.0849837,1969,25,"NuSEDS_20251103",41178,NA,"Y"
"675","West Vancouver Island","Chinook","CK",1497,41178,"MEGIN RIVER",1341,"Y",49.43683073,-126.0849837,1970,25,"NuSEDS_20251103",41178,NA,"Y"
"676","West Vancouver Island","Chinook","CK",1497,41178,"MEGIN RIVER",1341,"Y",49.43683073,-126.0849837,1971,75,"NuSEDS_20251103",41178,NA,"Y"
"677","West Vancouver Island","Chinook","CK",1497,41178,"MEGIN RIVER",1341,"Y",49.43683073,-126.0849837,1972,25,"NuSEDS_20251103",41178,NA,"Y"
"678","West Vancouver Island","Chinook","CK",1497,41178,"MEGIN RIVER",1341,"Y",49.43683073,-126.0849837,1973,75,"NuSEDS_20251103",41178,NA,"Y"
"679","West Vancouver Island","Chinook","CK",1497,41178,"MEGIN RIVER",1341,"Y",49.43683073,-126.0849837,1974,75,"NuSEDS_20251103",41178,NA,"Y"
"680","West Vancouver Island","Chinook","CK",1497,41178,"MEGIN RIVER",1341,"Y",49.43683073,-126.0849837,1975,25,"NuSEDS_20251103",41178,NA,"Y"
"681","West Vancouver Island","Chinook","CK",1497,41178,"MEGIN RIVER",1341,"Y",49.43683073,-126.0849837,1976,50,"NuSEDS_20251103",41178,NA,"Y"
"682","West Vancouver Island","Chinook","CK",1497,41178,"MEGIN RIVER",1341,"Y",49.43683073,-126.0849837,1977,50,"NuSEDS_20251103",41178,NA,"Y"
"683","West Vancouver Island","Chinook","CK",1497,41178,"MEGIN RIVER",1341,"Y",49.43683073,-126.0849837,1978,6,"NuSEDS_20251103",41178,NA,"Y"
"684","West Vancouver Island","Chinook","CK",1497,41178,"MEGIN RIVER",1341,"Y",49.43683073,-126.0849837,1979,50,"NuSEDS_20251103",41178,NA,"Y"
"685","West Vancouver Island","Chinook","CK",1497,41178,"MEGIN RIVER",1341,"Y",49.43683073,-126.0849837,1980,160,"NuSEDS_20251103",41178,NA,"Y"
"686","West Vancouver Island","Chinook","CK",1497,41178,"MEGIN RIVER",1341,"Y",49.43683073,-126.0849837,1981,150,"NuSEDS_20251103",41178,NA,"Y"
"687","West Vancouver Island","Chinook","CK",1497,41178,"MEGIN RIVER",1341,"Y",49.43683073,-126.0849837,1982,100,"NuSEDS_20251103",41178,NA,"Y"
"688","West Vancouver Island","Chinook","CK",1497,41178,"MEGIN RIVER",1341,"Y",49.43683073,-126.0849837,1986,30,"NuSEDS_20251103",41178,NA,"Y"
"689","West Vancouver Island","Chinook","CK",1497,41178,"MEGIN RIVER",1341,"Y",49.43683073,-126.0849837,1987,25,"NuSEDS_20251103",41178,NA,"Y"
"690","West Vancouver Island","Chinook","CK",1497,41178,"MEGIN RIVER",1341,"Y",49.43683073,-126.0849837,1988,30,"NuSEDS_20251103",41178,NA,"Y"
"691","West Vancouver Island","Chinook","CK",1497,41178,"MEGIN RIVER",1341,"Y",49.43683073,-126.0849837,1989,26,"NuSEDS_20251103",41178,NA,"Y"
"692","West Vancouver Island","Chinook","CK",1497,41178,"MEGIN RIVER",1341,"Y",49.43683073,-126.0849837,1991,10,"NuSEDS_20251103",41178,NA,"Y"
"693","West Vancouver Island","Chinook","CK",1497,41178,"MEGIN RIVER",1341,"Y",49.43683073,-126.0849837,1992,150,"NuSEDS_20251103",41178,NA,"Y"
"694","West Vancouver Island","Chinook","CK",1497,41178,"MEGIN RIVER",1341,"Y",49.43683073,-126.0849837,1993,436,"NuSEDS_20251103",41178,NA,"Y"
"695","West Vancouver Island","Chinook","CK",1497,41178,"MEGIN RIVER",1341,"Y",49.43683073,-126.0849837,1994,841,"NuSEDS_20251103",41178,NA,"Y"
"696","West Vancouver Island","Chinook","CK",1497,41178,"MEGIN RIVER",1341,"Y",49.43683073,-126.0849837,1995,323,"NuSEDS_20251103",41178,NA,"Y"
"697","West Vancouver Island","Chinook","CK",1497,41178,"MEGIN RIVER",1341,"Y",49.43683073,-126.0849837,1996,164,"NuSEDS_20251103",41178,NA,"Y"
"698","West Vancouver Island","Chinook","CK",1497,41178,"MEGIN RIVER",1341,"Y",49.43683073,-126.0849837,1997,266,"NuSEDS_20251103",41178,NA,"Y"
"699","West Vancouver Island","Chinook","CK",1497,41178,"MEGIN RIVER",1341,"Y",49.43683073,-126.0849837,1998,370,"NuSEDS_20251103",41178,NA,"Y"
"700","West Vancouver Island","Chinook","CK",1497,41178,"MEGIN RIVER",1341,"Y",49.43683073,-126.0849837,1999,234,"NuSEDS_20251103",41178,NA,"Y"
"701","West Vancouver Island","Chinook","CK",1497,41178,"MEGIN RIVER",1341,"Y",49.43683073,-126.0849837,2000,160,"NuSEDS_20251103",41178,NA,"Y"
"702","West Vancouver Island","Chinook","CK",1497,41178,"MEGIN RIVER",1341,"Y",49.43683073,-126.0849837,2002,24,"NuSEDS_20251103",41178,NA,"Y"
"703","West Vancouver Island","Chinook","CK",1497,41178,"MEGIN RIVER",1341,"Y",49.43683073,-126.0849837,2003,33,"NuSEDS_20251103",41178,NA,"Y"
"704","West Vancouver Island","Chinook","CK",1497,41178,"MEGIN RIVER",1341,"Y",49.43683073,-126.0849837,2004,77,"NuSEDS_20251103",41178,NA,"Y"
"705","West Vancouver Island","Chinook","CK",1497,41178,"MEGIN RIVER",1341,"Y",49.43683073,-126.0849837,2005,40,"NuSEDS_20251103",41178,NA,"Y"
"706","West Vancouver Island","Chinook","CK",1497,41178,"MEGIN RIVER",1341,"Y",49.43683073,-126.0849837,2006,119,"NuSEDS_20251103",41178,NA,"Y"
"707","West Vancouver Island","Chinook","CK",1497,41178,"MEGIN RIVER",1341,"Y",49.43683073,-126.0849837,2007,13,"NuSEDS_20251103",41178,NA,"Y"
"708","West Vancouver Island","Chinook","CK",1497,41178,"MEGIN RIVER",1341,"Y",49.43683073,-126.0849837,2008,25,"NuSEDS_20251103",41178,NA,"Y"
"709","West Vancouver Island","Chinook","CK",1497,41178,"MEGIN RIVER",1341,"Y",49.43683073,-126.0849837,2009,21,"NuSEDS_20251103",41178,NA,"Y"
"710","West Vancouver Island","Chinook","CK",1497,41178,"MEGIN RIVER",1341,"Y",49.43683073,-126.0849837,2010,10,"NuSEDS_20251103",41178,NA,"Y"
"711","West Vancouver Island","Chinook","CK",1497,41178,"MEGIN RIVER",1341,"Y",49.43683073,-126.0849837,2011,54,"NuSEDS_20251103",41178,NA,"Y"
"712","West Vancouver Island","Chinook","CK",1497,41178,"MEGIN RIVER",1341,"Y",49.43683073,-126.0849837,2012,85,"NuSEDS_20251103",41178,NA,"Y"
"713","West Vancouver Island","Chinook","CK",1497,41178,"MEGIN RIVER",1341,"Y",49.43683073,-126.0849837,2013,73,"NuSEDS_20251103",41178,NA,"Y"
"714","West Vancouver Island","Chinook","CK",1497,41178,"MEGIN RIVER",1341,"Y",49.43683073,-126.0849837,2014,41,"NuSEDS_20251103",41178,NA,"Y"
"715","West Vancouver Island","Chinook","CK",1497,41178,"MEGIN RIVER",1341,"Y",49.43683073,-126.0849837,2015,54,"NuSEDS_20251103",41178,NA,"Y"
"716","West Vancouver Island","Chinook","CK",1497,41178,"MEGIN RIVER",1341,"Y",49.43683073,-126.0849837,2016,17,"NuSEDS_20251103",41178,NA,"Y"
"717","West Vancouver Island","Chinook","CK",1497,41178,"MEGIN RIVER",1341,"Y",49.43683073,-126.0849837,2017,63,"NuSEDS_20251103",41178,NA,"Y"
"718","West Vancouver Island","Chinook","CK",1497,41178,"MEGIN RIVER",1341,"Y",49.43683073,-126.0849837,2018,7,"NuSEDS_20251103",41178,NA,"Y"
"719","West Vancouver Island","Chinook","CK",1497,41178,"MEGIN RIVER",1341,"Y",49.43683073,-126.0849837,2019,14,"NuSEDS_20251103",41178,NA,"Y"
"720","West Vancouver Island","Chinook","CK",1497,41178,"MEGIN RIVER",1341,"Y",49.43683073,-126.0849837,2020,15,"NuSEDS_20251103",41178,NA,"Y"
"721","West Vancouver Island","Chinook","CK",1497,41178,"MEGIN RIVER",1341,"Y",49.43683073,-126.0849837,2021,24,"NuSEDS_20251103",41178,NA,"Y"
"722","West Vancouver Island","Chinook","CK",1497,41178,"MEGIN RIVER",1341,"Y",49.43683073,-126.0849837,2022,92,"NuSEDS_20251103",41178,NA,"Y"
"723","West Vancouver Island","Chinook","CK",1497,41178,"MEGIN RIVER",1341,"Y",49.43683073,-126.0849837,2023,73,"NuSEDS_20251103",41178,NA,"Y"
"724","West Vancouver Island","Chinook","CK",1497,41178,"MEGIN RIVER",1341,"Y",49.43683073,-126.0849837,2024,46,"NuSEDS_20251103",41178,NA,"Y"
"725","West Vancouver Island","Chinook","CK",1494,41123,"MOYEHA RIVER",1335,"Y",49.41797231,-125.9124379,1953,750,"NuSEDS_20251103",41123,NA,"Y"
"726","West Vancouver Island","Chinook","CK",1494,41123,"MOYEHA RIVER",1335,"Y",49.41797231,-125.9124379,1954,750,"NuSEDS_20251103",41123,NA,"Y"
"727","West Vancouver Island","Chinook","CK",1494,41123,"MOYEHA RIVER",1335,"Y",49.41797231,-125.9124379,1955,750,"NuSEDS_20251103",41123,NA,"Y"
"728","West Vancouver Island","Chinook","CK",1494,41123,"MOYEHA RIVER",1335,"Y",49.41797231,-125.9124379,1956,750,"NuSEDS_20251103",41123,NA,"Y"
"729","West Vancouver Island","Chinook","CK",1494,41123,"MOYEHA RIVER",1335,"Y",49.41797231,-125.9124379,1957,750,"NuSEDS_20251103",41123,NA,"Y"
"730","West Vancouver Island","Chinook","CK",1494,41123,"MOYEHA RIVER",1335,"Y",49.41797231,-125.9124379,1958,750,"NuSEDS_20251103",41123,NA,"Y"
"731","West Vancouver Island","Chinook","CK",1494,41123,"MOYEHA RIVER",1335,"Y",49.41797231,-125.9124379,1959,750,"NuSEDS_20251103",41123,NA,"Y"
"732","West Vancouver Island","Chinook","CK",1494,41123,"MOYEHA RIVER",1335,"Y",49.41797231,-125.9124379,1960,750,"NuSEDS_20251103",41123,NA,"Y"
"733","West Vancouver Island","Chinook","CK",1494,41123,"MOYEHA RIVER",1335,"Y",49.41797231,-125.9124379,1961,400,"NuSEDS_20251103",41123,NA,"Y"
"734","West Vancouver Island","Chinook","CK",1494,41123,"MOYEHA RIVER",1335,"Y",49.41797231,-125.9124379,1962,200,"NuSEDS_20251103",41123,NA,"Y"
"735","West Vancouver Island","Chinook","CK",1494,41123,"MOYEHA RIVER",1335,"Y",49.41797231,-125.9124379,1963,50,"NuSEDS_20251103",41123,NA,"Y"
"736","West Vancouver Island","Chinook","CK",1494,41123,"MOYEHA RIVER",1335,"Y",49.41797231,-125.9124379,1964,25,"NuSEDS_20251103",41123,NA,"Y"
"737","West Vancouver Island","Chinook","CK",1494,41123,"MOYEHA RIVER",1335,"Y",49.41797231,-125.9124379,1965,10,"NuSEDS_20251103",41123,NA,"Y"
"738","West Vancouver Island","Chinook","CK",1494,41123,"MOYEHA RIVER",1335,"Y",49.41797231,-125.9124379,1966,75,"NuSEDS_20251103",41123,NA,"Y"
"739","West Vancouver Island","Chinook","CK",1494,41123,"MOYEHA RIVER",1335,"Y",49.41797231,-125.9124379,1967,25,"NuSEDS_20251103",41123,NA,"Y"
"740","West Vancouver Island","Chinook","CK",1494,41123,"MOYEHA RIVER",1335,"Y",49.41797231,-125.9124379,1968,80,"NuSEDS_20251103",41123,NA,"Y"
"741","West Vancouver Island","Chinook","CK",1494,41123,"MOYEHA RIVER",1335,"Y",49.41797231,-125.9124379,1969,75,"NuSEDS_20251103",41123,NA,"Y"
"742","West Vancouver Island","Chinook","CK",1494,41123,"MOYEHA RIVER",1335,"Y",49.41797231,-125.9124379,1970,25,"NuSEDS_20251103",41123,NA,"Y"
"743","West Vancouver Island","Chinook","CK",1494,41123,"MOYEHA RIVER",1335,"Y",49.41797231,-125.9124379,1971,75,"NuSEDS_20251103",41123,NA,"Y"
"744","West Vancouver Island","Chinook","CK",1494,41123,"MOYEHA RIVER",1335,"Y",49.41797231,-125.9124379,1972,75,"NuSEDS_20251103",41123,NA,"Y"
"745","West Vancouver Island","Chinook","CK",1494,41123,"MOYEHA RIVER",1335,"Y",49.41797231,-125.9124379,1973,75,"NuSEDS_20251103",41123,NA,"Y"
"746","West Vancouver Island","Chinook","CK",1494,41123,"MOYEHA RIVER",1335,"Y",49.41797231,-125.9124379,1974,50,"NuSEDS_20251103",41123,NA,"Y"
"747","West Vancouver Island","Chinook","CK",1494,41123,"MOYEHA RIVER",1335,"Y",49.41797231,-125.9124379,1975,25,"NuSEDS_20251103",41123,NA,"Y"
"748","West Vancouver Island","Chinook","CK",1494,41123,"MOYEHA RIVER",1335,"Y",49.41797231,-125.9124379,1976,25,"NuSEDS_20251103",41123,NA,"Y"
"749","West Vancouver Island","Chinook","CK",1494,41123,"MOYEHA RIVER",1335,"Y",49.41797231,-125.9124379,1977,50,"NuSEDS_20251103",41123,NA,"Y"
"750","West Vancouver Island","Chinook","CK",1494,41123,"MOYEHA RIVER",1335,"Y",49.41797231,-125.9124379,1978,10,"NuSEDS_20251103",41123,NA,"Y"
"751","West Vancouver Island","Chinook","CK",1494,41123,"MOYEHA RIVER",1335,"Y",49.41797231,-125.9124379,1979,6,"NuSEDS_20251103",41123,NA,"Y"
"752","West Vancouver Island","Chinook","CK",1494,41123,"MOYEHA RIVER",1335,"Y",49.41797231,-125.9124379,1980,25,"NuSEDS_20251103",41123,NA,"Y"
"753","West Vancouver Island","Chinook","CK",1494,41123,"MOYEHA RIVER",1335,"Y",49.41797231,-125.9124379,1981,25,"NuSEDS_20251103",41123,NA,"Y"
"754","West Vancouver Island","Chinook","CK",1494,41123,"MOYEHA RIVER",1335,"Y",49.41797231,-125.9124379,1989,80,"NuSEDS_20251103",41123,NA,"Y"
"755","West Vancouver Island","Chinook","CK",1494,41123,"MOYEHA RIVER",1335,"Y",49.41797231,-125.9124379,1993,250,"NuSEDS_20251103",41123,NA,"Y"
"756","West Vancouver Island","Chinook","CK",1494,41123,"MOYEHA RIVER",1335,"Y",49.41797231,-125.9124379,1994,420,"NuSEDS_20251103",41123,NA,"Y"
"757","West Vancouver Island","Chinook","CK",1494,41123,"MOYEHA RIVER",1335,"Y",49.41797231,-125.9124379,1995,89,"NuSEDS_20251103",41123,NA,"Y"
"758","West Vancouver Island","Chinook","CK",1494,41123,"MOYEHA RIVER",1335,"Y",49.41797231,-125.9124379,1996,243,"NuSEDS_20251103",41123,NA,"Y"
"759","West Vancouver Island","Chinook","CK",1494,41123,"MOYEHA RIVER",1335,"Y",49.41797231,-125.9124379,1997,84,"NuSEDS_20251103",41123,NA,"Y"
"760","West Vancouver Island","Chinook","CK",1494,41123,"MOYEHA RIVER",1335,"Y",49.41797231,-125.9124379,1998,155,"NuSEDS_20251103",41123,NA,"Y"
"761","West Vancouver Island","Chinook","CK",1494,41123,"MOYEHA RIVER",1335,"Y",49.41797231,-125.9124379,1999,239,"NuSEDS_20251103",41123,NA,"Y"
"762","West Vancouver Island","Chinook","CK",1494,41123,"MOYEHA RIVER",1335,"Y",49.41797231,-125.9124379,2000,94,"NuSEDS_20251103",41123,NA,"Y"
"763","West Vancouver Island","Chinook","CK",1494,41123,"MOYEHA RIVER",1335,"Y",49.41797231,-125.9124379,2001,115,"NuSEDS_20251103",41123,NA,"Y"
"764","West Vancouver Island","Chinook","CK",1494,41123,"MOYEHA RIVER",1335,"Y",49.41797231,-125.9124379,2002,54,"NuSEDS_20251103",41123,NA,"Y"
"765","West Vancouver Island","Chinook","CK",1494,41123,"MOYEHA RIVER",1335,"Y",49.41797231,-125.9124379,2003,170,"NuSEDS_20251103",41123,NA,"Y"
"766","West Vancouver Island","Chinook","CK",1494,41123,"MOYEHA RIVER",1335,"Y",49.41797231,-125.9124379,2004,369,"NuSEDS_20251103",41123,NA,"Y"
"767","West Vancouver Island","Chinook","CK",1494,41123,"MOYEHA RIVER",1335,"Y",49.41797231,-125.9124379,2005,122,"NuSEDS_20251103",41123,NA,"Y"
"768","West Vancouver Island","Chinook","CK",1494,41123,"MOYEHA RIVER",1335,"Y",49.41797231,-125.9124379,2006,87,"NuSEDS_20251103",41123,NA,"Y"
"769","West Vancouver Island","Chinook","CK",1494,41123,"MOYEHA RIVER",1335,"Y",49.41797231,-125.9124379,2007,113,"NuSEDS_20251103",41123,NA,"Y"
"770","West Vancouver Island","Chinook","CK",1494,41123,"MOYEHA RIVER",1335,"Y",49.41797231,-125.9124379,2008,163,"NuSEDS_20251103",41123,NA,"Y"
"771","West Vancouver Island","Chinook","CK",1494,41123,"MOYEHA RIVER",1335,"Y",49.41797231,-125.9124379,2009,64,"NuSEDS_20251103",41123,NA,"Y"
"772","West Vancouver Island","Chinook","CK",1494,41123,"MOYEHA RIVER",1335,"Y",49.41797231,-125.9124379,2010,200,"NuSEDS_20251103",41123,NA,"Y"
"773","West Vancouver Island","Chinook","CK",1494,41123,"MOYEHA RIVER",1335,"Y",49.41797231,-125.9124379,2011,73,"NuSEDS_20251103",41123,NA,"Y"
"774","West Vancouver Island","Chinook","CK",1494,41123,"MOYEHA RIVER",1335,"Y",49.41797231,-125.9124379,2013,5,"NuSEDS_20251103",41123,NA,"Y"
"775","West Vancouver Island","Chinook","CK",1494,41123,"MOYEHA RIVER",1335,"Y",49.41797231,-125.9124379,2014,47,"NuSEDS_20251103",41123,NA,"Y"
"776","West Vancouver Island","Chinook","CK",1494,41123,"MOYEHA RIVER",1335,"Y",49.41797231,-125.9124379,2016,148,"NuSEDS_20251103",41123,NA,"Y"
"777","West Vancouver Island","Chinook","CK",1494,41123,"MOYEHA RIVER",1335,"Y",49.41797231,-125.9124379,2017,142,"NuSEDS_20251103",41123,NA,"Y"
"778","West Vancouver Island","Chinook","CK",1494,41123,"MOYEHA RIVER",1335,"Y",49.41797231,-125.9124379,2018,22,"NuSEDS_20251103",41123,NA,"Y"
"779","West Vancouver Island","Chinook","CK",1494,41123,"MOYEHA RIVER",1335,"Y",49.41797231,-125.9124379,2019,24,"NuSEDS_20251103",41123,NA,"Y"
"780","West Vancouver Island","Chinook","CK",1494,41123,"MOYEHA RIVER",1335,"Y",49.41797231,-125.9124379,2020,45,"NuSEDS_20251103",41123,NA,"Y"
"781","West Vancouver Island","Chinook","CK",1494,41123,"MOYEHA RIVER",1335,"Y",49.41797231,-125.9124379,2021,101,"NuSEDS_20251103",41123,NA,"Y"
"782","West Vancouver Island","Chinook","CK",1494,41123,"MOYEHA RIVER",1335,"Y",49.41797231,-125.9124379,2022,151,"NuSEDS_20251103",41123,NA,"Y"
"783","West Vancouver Island","Chinook","CK",1494,41123,"MOYEHA RIVER",1335,"Y",49.41797231,-125.9124379,2023,232,"NuSEDS_20251103",41123,NA,"Y"
"784","West Vancouver Island","Chinook","CK",1494,41123,"MOYEHA RIVER",1335,"Y",49.41797231,-125.9124379,2024,117,"NuSEDS_20251103",41123,NA,"Y"
"785","West Vancouver Island","Chinook","CK",1474,40618,"NAHMINT RIVER",1270,"Y",49.06233209,-124.8844262,1953,3500,"NuSEDS_20251103",40618,NA,"Y"
"786","West Vancouver Island","Chinook","CK",1474,40618,"NAHMINT RIVER",1270,"Y",49.06233209,-124.8844262,1954,3500,"NuSEDS_20251103",40618,NA,"Y"
"787","West Vancouver Island","Chinook","CK",1474,40618,"NAHMINT RIVER",1270,"Y",49.06233209,-124.8844262,1955,3500,"NuSEDS_20251103",40618,NA,"Y"
"788","West Vancouver Island","Chinook","CK",1474,40618,"NAHMINT RIVER",1270,"Y",49.06233209,-124.8844262,1956,750,"NuSEDS_20251103",40618,NA,"Y"
"789","West Vancouver Island","Chinook","CK",1474,40618,"NAHMINT RIVER",1270,"Y",49.06233209,-124.8844262,1957,400,"NuSEDS_20251103",40618,NA,"Y"
"790","West Vancouver Island","Chinook","CK",1474,40618,"NAHMINT RIVER",1270,"Y",49.06233209,-124.8844262,1958,400,"NuSEDS_20251103",40618,NA,"Y"
"791","West Vancouver Island","Chinook","CK",1474,40618,"NAHMINT RIVER",1270,"Y",49.06233209,-124.8844262,1959,1500,"NuSEDS_20251103",40618,NA,"Y"
"792","West Vancouver Island","Chinook","CK",1474,40618,"NAHMINT RIVER",1270,"Y",49.06233209,-124.8844262,1960,750,"NuSEDS_20251103",40618,NA,"Y"
"793","West Vancouver Island","Chinook","CK",1474,40618,"NAHMINT RIVER",1270,"Y",49.06233209,-124.8844262,1961,1500,"NuSEDS_20251103",40618,NA,"Y"
"794","West Vancouver Island","Chinook","CK",1474,40618,"NAHMINT RIVER",1270,"Y",49.06233209,-124.8844262,1962,400,"NuSEDS_20251103",40618,NA,"Y"
"795","West Vancouver Island","Chinook","CK",1474,40618,"NAHMINT RIVER",1270,"Y",49.06233209,-124.8844262,1963,1500,"NuSEDS_20251103",40618,NA,"Y"
"796","West Vancouver Island","Chinook","CK",1474,40618,"NAHMINT RIVER",1270,"Y",49.06233209,-124.8844262,1964,400,"NuSEDS_20251103",40618,NA,"Y"
"797","West Vancouver Island","Chinook","CK",1474,40618,"NAHMINT RIVER",1270,"Y",49.06233209,-124.8844262,1965,400,"NuSEDS_20251103",40618,NA,"Y"
"798","West Vancouver Island","Chinook","CK",1474,40618,"NAHMINT RIVER",1270,"Y",49.06233209,-124.8844262,1966,750,"NuSEDS_20251103",40618,NA,"Y"
"799","West Vancouver Island","Chinook","CK",1474,40618,"NAHMINT RIVER",1270,"Y",49.06233209,-124.8844262,1967,400,"NuSEDS_20251103",40618,NA,"Y"
"800","West Vancouver Island","Chinook","CK",1474,40618,"NAHMINT RIVER",1270,"Y",49.06233209,-124.8844262,1968,400,"NuSEDS_20251103",40618,NA,"Y"
"801","West Vancouver Island","Chinook","CK",1474,40618,"NAHMINT RIVER",1270,"Y",49.06233209,-124.8844262,1969,750,"NuSEDS_20251103",40618,NA,"Y"
"802","West Vancouver Island","Chinook","CK",1474,40618,"NAHMINT RIVER",1270,"Y",49.06233209,-124.8844262,1970,750,"NuSEDS_20251103",40618,NA,"Y"
"803","West Vancouver Island","Chinook","CK",1474,40618,"NAHMINT RIVER",1270,"Y",49.06233209,-124.8844262,1971,1200,"NuSEDS_20251103",40618,NA,"Y"
"804","West Vancouver Island","Chinook","CK",1474,40618,"NAHMINT RIVER",1270,"Y",49.06233209,-124.8844262,1972,900,"NuSEDS_20251103",40618,NA,"Y"
"805","West Vancouver Island","Chinook","CK",1474,40618,"NAHMINT RIVER",1270,"Y",49.06233209,-124.8844262,1973,750,"NuSEDS_20251103",40618,NA,"Y"
"806","West Vancouver Island","Chinook","CK",1474,40618,"NAHMINT RIVER",1270,"Y",49.06233209,-124.8844262,1974,600,"NuSEDS_20251103",40618,NA,"Y"
"807","West Vancouver Island","Chinook","CK",1474,40618,"NAHMINT RIVER",1270,"Y",49.06233209,-124.8844262,1975,750,"NuSEDS_20251103",40618,NA,"Y"
"808","West Vancouver Island","Chinook","CK",1474,40618,"NAHMINT RIVER",1270,"Y",49.06233209,-124.8844262,1976,550,"NuSEDS_20251103",40618,NA,"Y"
"809","West Vancouver Island","Chinook","CK",1474,40618,"NAHMINT RIVER",1270,"Y",49.06233209,-124.8844262,1977,450,"NuSEDS_20251103",40618,NA,"Y"
"810","West Vancouver Island","Chinook","CK",1474,40618,"NAHMINT RIVER",1270,"Y",49.06233209,-124.8844262,1978,300,"NuSEDS_20251103",40618,NA,"Y"
"811","West Vancouver Island","Chinook","CK",1474,40618,"NAHMINT RIVER",1270,"Y",49.06233209,-124.8844262,1979,200,"NuSEDS_20251103",40618,NA,"Y"
"812","West Vancouver Island","Chinook","CK",1474,40618,"NAHMINT RIVER",1270,"Y",49.06233209,-124.8844262,1980,175,"NuSEDS_20251103",40618,NA,"Y"
"813","West Vancouver Island","Chinook","CK",1474,40618,"NAHMINT RIVER",1270,"Y",49.06233209,-124.8844262,1981,250,"NuSEDS_20251103",40618,NA,"Y"
"814","West Vancouver Island","Chinook","CK",1474,40618,"NAHMINT RIVER",1270,"Y",49.06233209,-124.8844262,1982,425,"NuSEDS_20251103",40618,NA,"Y"
"815","West Vancouver Island","Chinook","CK",1474,40618,"NAHMINT RIVER",1270,"Y",49.06233209,-124.8844262,1983,100,"NuSEDS_20251103",40618,NA,"Y"
"816","West Vancouver Island","Chinook","CK",1474,40618,"NAHMINT RIVER",1270,"Y",49.06233209,-124.8844262,1984,35,"NuSEDS_20251103",40618,NA,"Y"
"817","West Vancouver Island","Chinook","CK",1474,40618,"NAHMINT RIVER",1270,"Y",49.06233209,-124.8844262,1985,250,"NuSEDS_20251103",40618,NA,"Y"
"818","West Vancouver Island","Chinook","CK",1474,40618,"NAHMINT RIVER",1270,"Y",49.06233209,-124.8844262,1986,300,"NuSEDS_20251103",40618,NA,"Y"
"819","West Vancouver Island","Chinook","CK",1474,40618,"NAHMINT RIVER",1270,"Y",49.06233209,-124.8844262,1988,50,"NuSEDS_20251103",40618,NA,"Y"
"820","West Vancouver Island","Chinook","CK",1474,40618,"NAHMINT RIVER",1270,"Y",49.06233209,-124.8844262,1989,300,"NuSEDS_20251103",40618,NA,"Y"
"821","West Vancouver Island","Chinook","CK",1474,40618,"NAHMINT RIVER",1270,"Y",49.06233209,-124.8844262,1990,230,"NuSEDS_20251103",40618,NA,"Y"
"822","West Vancouver Island","Chinook","CK",1474,40618,"NAHMINT RIVER",1270,"Y",49.06233209,-124.8844262,1991,171,"NuSEDS_20251103",40618,NA,"Y"
"823","West Vancouver Island","Chinook","CK",1474,40618,"NAHMINT RIVER",1270,"Y",49.06233209,-124.8844262,1992,150,"NuSEDS_20251103",40618,NA,"Y"
"824","West Vancouver Island","Chinook","CK",1474,40618,"NAHMINT RIVER",1270,"Y",49.06233209,-124.8844262,1993,83,"NuSEDS_20251103",40618,NA,"Y"
"825","West Vancouver Island","Chinook","CK",1474,40618,"NAHMINT RIVER",1270,"Y",49.06233209,-124.8844262,1994,450,"NuSEDS_20251103",40618,NA,"Y"
"826","West Vancouver Island","Chinook","CK",1474,40618,"NAHMINT RIVER",1270,"Y",49.06233209,-124.8844262,1995,212,"NuSEDS_20251103",40618,NA,"Y"
"827","West Vancouver Island","Chinook","CK",1474,40618,"NAHMINT RIVER",1270,"Y",49.06233209,-124.8844262,1996,482,"NuSEDS_20251103",40618,NA,"Y"
"828","West Vancouver Island","Chinook","CK",1474,40618,"NAHMINT RIVER",1270,"Y",49.06233209,-124.8844262,1997,275,"NuSEDS_20251103",40618,NA,"Y"
"829","West Vancouver Island","Chinook","CK",1474,40618,"NAHMINT RIVER",1270,"Y",49.06233209,-124.8844262,1998,1266,"NuSEDS_20251103",40618,NA,"Y"
"830","West Vancouver Island","Chinook","CK",1474,40618,"NAHMINT RIVER",1270,"Y",49.06233209,-124.8844262,1999,937,"NuSEDS_20251103",40618,NA,"Y"
"831","West Vancouver Island","Chinook","CK",1474,40618,"NAHMINT RIVER",1270,"Y",49.06233209,-124.8844262,2000,75,"NuSEDS_20251103",40618,NA,"Y"
"832","West Vancouver Island","Chinook","CK",1474,40618,"NAHMINT RIVER",1270,"Y",49.06233209,-124.8844262,2001,409,"NuSEDS_20251103",40618,NA,"Y"
"833","West Vancouver Island","Chinook","CK",1474,40618,"NAHMINT RIVER",1270,"Y",49.06233209,-124.8844262,2002,623,"NuSEDS_20251103",40618,NA,"Y"
"834","West Vancouver Island","Chinook","CK",1474,40618,"NAHMINT RIVER",1270,"Y",49.06233209,-124.8844262,2003,739,"NuSEDS_20251103",40618,NA,"Y"
"835","West Vancouver Island","Chinook","CK",1474,40618,"NAHMINT RIVER",1270,"Y",49.06233209,-124.8844262,2004,1284,"NuSEDS_20251103",40618,NA,"Y"
"836","West Vancouver Island","Chinook","CK",1474,40618,"NAHMINT RIVER",1270,"Y",49.06233209,-124.8844262,2005,197,"NuSEDS_20251103",40618,NA,"Y"
"837","West Vancouver Island","Chinook","CK",1474,40618,"NAHMINT RIVER",1270,"Y",49.06233209,-124.8844262,2006,549,"NuSEDS_20251103",40618,NA,"Y"
"838","West Vancouver Island","Chinook","CK",1474,40618,"NAHMINT RIVER",1270,"Y",49.06233209,-124.8844262,2007,202,"NuSEDS_20251103",40618,NA,"Y"
"839","West Vancouver Island","Chinook","CK",1474,40618,"NAHMINT RIVER",1270,"Y",49.06233209,-124.8844262,2008,170,"NuSEDS_20251103",40618,NA,"Y"
"840","West Vancouver Island","Chinook","CK",1474,40618,"NAHMINT RIVER",1270,"Y",49.06233209,-124.8844262,2009,110,"NuSEDS_20251103",40618,NA,"Y"
"841","West Vancouver Island","Chinook","CK",1474,40618,"NAHMINT RIVER",1270,"Y",49.06233209,-124.8844262,2010,483,"NuSEDS_20251103",40618,NA,"Y"
"842","West Vancouver Island","Chinook","CK",1474,40618,"NAHMINT RIVER",1270,"Y",49.06233209,-124.8844262,2011,663,"NuSEDS_20251103",40618,NA,"Y"
"843","West Vancouver Island","Chinook","CK",1474,40618,"NAHMINT RIVER",1270,"Y",49.06233209,-124.8844262,2012,278,"NuSEDS_20251103",40618,NA,"Y"
"844","West Vancouver Island","Chinook","CK",1474,40618,"NAHMINT RIVER",1270,"Y",49.06233209,-124.8844262,2013,229,"NuSEDS_20251103",40618,NA,"Y"
"845","West Vancouver Island","Chinook","CK",1474,40618,"NAHMINT RIVER",1270,"Y",49.06233209,-124.8844262,2014,159,"NuSEDS_20251103",40618,NA,"Y"
"846","West Vancouver Island","Chinook","CK",1474,40618,"NAHMINT RIVER",1270,"Y",49.06233209,-124.8844262,2015,537,"NuSEDS_20251103",40618,NA,"Y"
"847","West Vancouver Island","Chinook","CK",1474,40618,"NAHMINT RIVER",1270,"Y",49.06233209,-124.8844262,2016,1044,"NuSEDS_20251103",40618,NA,"Y"
"848","West Vancouver Island","Chinook","CK",1474,40618,"NAHMINT RIVER",1270,"Y",49.06233209,-124.8844262,2017,239,"NuSEDS_20251103",40618,NA,"Y"
"849","West Vancouver Island","Chinook","CK",1474,40618,"NAHMINT RIVER",1270,"Y",49.06233209,-124.8844262,2018,197,"NuSEDS_20251103",40618,NA,"Y"
"850","West Vancouver Island","Chinook","CK",1474,40618,"NAHMINT RIVER",1270,"Y",49.06233209,-124.8844262,2019,581,"NuSEDS_20251103",40618,NA,"Y"
"851","West Vancouver Island","Chinook","CK",1474,40618,"NAHMINT RIVER",1270,"Y",49.06233209,-124.8844262,2020,1002,"NuSEDS_20251103",40618,NA,"Y"
"852","West Vancouver Island","Chinook","CK",1474,40618,"NAHMINT RIVER",1270,"Y",49.06233209,-124.8844262,2021,403,"NuSEDS_20251103",40618,NA,"Y"
"853","West Vancouver Island","Chinook","CK",1474,40618,"NAHMINT RIVER",1270,"Y",49.06233209,-124.8844262,2022,1321,"NuSEDS_20251103",40618,NA,"Y"
"854","West Vancouver Island","Chinook","CK",1474,40618,"NAHMINT RIVER",1270,"Y",49.06233209,-124.8844262,2023,1192,"NuSEDS_20251103",40618,NA,"Y"
"855","West Vancouver Island","Chinook","CK",1474,40618,"NAHMINT RIVER",1270,"Y",49.06233209,-124.8844262,2024,1374,"NuSEDS_20251103",40618,NA,"Y"
"856","West Vancouver Island","Chinook","CK",1452,40253,"SAN JUAN RIVER",1231,"Y",48.55997814,-124.3987804,1953,400,"NuSEDS_20251103",40253,NA,"Y"
"857","West Vancouver Island","Chinook","CK",1452,40253,"SAN JUAN RIVER",1231,"Y",48.55997814,-124.3987804,1954,400,"NuSEDS_20251103",40253,NA,"Y"
"858","West Vancouver Island","Chinook","CK",1452,40253,"SAN JUAN RIVER",1231,"Y",48.55997814,-124.3987804,1955,200,"NuSEDS_20251103",40253,NA,"Y"
"859","West Vancouver Island","Chinook","CK",1452,40253,"SAN JUAN RIVER",1231,"Y",48.55997814,-124.3987804,1956,25,"NuSEDS_20251103",40253,NA,"Y"
"860","West Vancouver Island","Chinook","CK",1452,40253,"SAN JUAN RIVER",1231,"Y",48.55997814,-124.3987804,1957,200,"NuSEDS_20251103",40253,NA,"Y"
"861","West Vancouver Island","Chinook","CK",1452,40253,"SAN JUAN RIVER",1231,"Y",48.55997814,-124.3987804,1958,200,"NuSEDS_20251103",40253,NA,"Y"
"862","West Vancouver Island","Chinook","CK",1452,40253,"SAN JUAN RIVER",1231,"Y",48.55997814,-124.3987804,1959,200,"NuSEDS_20251103",40253,NA,"Y"
"863","West Vancouver Island","Chinook","CK",1452,40253,"SAN JUAN RIVER",1231,"Y",48.55997814,-124.3987804,1960,1500,"NuSEDS_20251103",40253,NA,"Y"
"864","West Vancouver Island","Chinook","CK",1452,40253,"SAN JUAN RIVER",1231,"Y",48.55997814,-124.3987804,1961,400,"NuSEDS_20251103",40253,NA,"Y"
"865","West Vancouver Island","Chinook","CK",1452,40253,"SAN JUAN RIVER",1231,"Y",48.55997814,-124.3987804,1962,400,"NuSEDS_20251103",40253,NA,"Y"
"866","West Vancouver Island","Chinook","CK",1452,40253,"SAN JUAN RIVER",1231,"Y",48.55997814,-124.3987804,1963,400,"NuSEDS_20251103",40253,NA,"Y"
"867","West Vancouver Island","Chinook","CK",1452,40253,"SAN JUAN RIVER",1231,"Y",48.55997814,-124.3987804,1964,1500,"NuSEDS_20251103",40253,NA,"Y"
"868","West Vancouver Island","Chinook","CK",1452,40253,"SAN JUAN RIVER",1231,"Y",48.55997814,-124.3987804,1965,750,"NuSEDS_20251103",40253,NA,"Y"
"869","West Vancouver Island","Chinook","CK",1452,40253,"SAN JUAN RIVER",1231,"Y",48.55997814,-124.3987804,1966,1500,"NuSEDS_20251103",40253,NA,"Y"
"870","West Vancouver Island","Chinook","CK",1452,40253,"SAN JUAN RIVER",1231,"Y",48.55997814,-124.3987804,1967,400,"NuSEDS_20251103",40253,NA,"Y"
"871","West Vancouver Island","Chinook","CK",1452,40253,"SAN JUAN RIVER",1231,"Y",48.55997814,-124.3987804,1968,750,"NuSEDS_20251103",40253,NA,"Y"
"872","West Vancouver Island","Chinook","CK",1452,40253,"SAN JUAN RIVER",1231,"Y",48.55997814,-124.3987804,1969,400,"NuSEDS_20251103",40253,NA,"Y"
"873","West Vancouver Island","Chinook","CK",1452,40253,"SAN JUAN RIVER",1231,"Y",48.55997814,-124.3987804,1970,7500,"NuSEDS_20251103",40253,NA,"Y"
"874","West Vancouver Island","Chinook","CK",1452,40253,"SAN JUAN RIVER",1231,"Y",48.55997814,-124.3987804,1971,400,"NuSEDS_20251103",40253,NA,"Y"
"875","West Vancouver Island","Chinook","CK",1452,40253,"SAN JUAN RIVER",1231,"Y",48.55997814,-124.3987804,1972,3500,"NuSEDS_20251103",40253,NA,"Y"
"876","West Vancouver Island","Chinook","CK",1452,40253,"SAN JUAN RIVER",1231,"Y",48.55997814,-124.3987804,1973,3500,"NuSEDS_20251103",40253,NA,"Y"
"877","West Vancouver Island","Chinook","CK",1452,40253,"SAN JUAN RIVER",1231,"Y",48.55997814,-124.3987804,1974,750,"NuSEDS_20251103",40253,NA,"Y"
"878","West Vancouver Island","Chinook","CK",1452,40253,"SAN JUAN RIVER",1231,"Y",48.55997814,-124.3987804,1975,200,"NuSEDS_20251103",40253,NA,"Y"
"879","West Vancouver Island","Chinook","CK",1452,40253,"SAN JUAN RIVER",1231,"Y",48.55997814,-124.3987804,1976,75,"NuSEDS_20251103",40253,NA,"Y"
"880","West Vancouver Island","Chinook","CK",1452,40253,"SAN JUAN RIVER",1231,"Y",48.55997814,-124.3987804,1977,75,"NuSEDS_20251103",40253,NA,"Y"
"881","West Vancouver Island","Chinook","CK",1452,40253,"SAN JUAN RIVER",1231,"Y",48.55997814,-124.3987804,1978,50,"NuSEDS_20251103",40253,NA,"Y"
"882","West Vancouver Island","Chinook","CK",1452,40253,"SAN JUAN RIVER",1231,"Y",48.55997814,-124.3987804,1979,400,"NuSEDS_20251103",40253,NA,"Y"
"883","West Vancouver Island","Chinook","CK",1452,40253,"SAN JUAN RIVER",1231,"Y",48.55997814,-124.3987804,1980,500,"NuSEDS_20251103",40253,NA,"Y"
"884","West Vancouver Island","Chinook","CK",1452,40253,"SAN JUAN RIVER",1231,"Y",48.55997814,-124.3987804,1981,750,"NuSEDS_20251103",40253,NA,"Y"
"885","West Vancouver Island","Chinook","CK",1452,40253,"SAN JUAN RIVER",1231,"Y",48.55997814,-124.3987804,1982,775,"NuSEDS_20251103",40253,NA,"Y"
"886","West Vancouver Island","Chinook","CK",1452,40253,"SAN JUAN RIVER",1231,"Y",48.55997814,-124.3987804,1983,775,"NuSEDS_20251103",40253,NA,"Y"
"887","West Vancouver Island","Chinook","CK",1452,40253,"SAN JUAN RIVER",1231,"Y",48.55997814,-124.3987804,1984,1200,"NuSEDS_20251103",40253,NA,"Y"
"888","West Vancouver Island","Chinook","CK",1452,40253,"SAN JUAN RIVER",1231,"Y",48.55997814,-124.3987804,1985,150,"NuSEDS_20251103",40253,NA,"Y"
"889","West Vancouver Island","Chinook","CK",1452,40253,"SAN JUAN RIVER",1231,"Y",48.55997814,-124.3987804,1986,487,"NuSEDS_20251103",40253,NA,"Y"
"890","West Vancouver Island","Chinook","CK",1452,40253,"SAN JUAN RIVER",1231,"Y",48.55997814,-124.3987804,1987,600,"NuSEDS_20251103",40253,NA,"Y"
"891","West Vancouver Island","Chinook","CK",1452,40253,"SAN JUAN RIVER",1231,"Y",48.55997814,-124.3987804,1988,1500,"NuSEDS_20251103",40253,NA,"Y"
"892","West Vancouver Island","Chinook","CK",1452,40253,"SAN JUAN RIVER",1231,"Y",48.55997814,-124.3987804,1989,300,"NuSEDS_20251103",40253,NA,"Y"
"893","West Vancouver Island","Chinook","CK",1452,40253,"SAN JUAN RIVER",1231,"Y",48.55997814,-124.3987804,1990,500,"NuSEDS_20251103",40253,NA,"Y"
"894","West Vancouver Island","Chinook","CK",1452,40253,"SAN JUAN RIVER",1231,"Y",48.55997814,-124.3987804,1991,450,"NuSEDS_20251103",40253,NA,"Y"
"895","West Vancouver Island","Chinook","CK",1452,40253,"SAN JUAN RIVER",1231,"Y",48.55997814,-124.3987804,1992,500,"NuSEDS_20251103",40253,NA,"Y"
"896","West Vancouver Island","Chinook","CK",1452,40253,"SAN JUAN RIVER",1231,"Y",48.55997814,-124.3987804,1993,1300,"NuSEDS_20251103",40253,NA,"Y"
"897","West Vancouver Island","Chinook","CK",1452,40253,"SAN JUAN RIVER",1231,"Y",48.55997814,-124.3987804,1994,600,"NuSEDS_20251103",40253,NA,"Y"
"898","West Vancouver Island","Chinook","CK",1452,40253,"SAN JUAN RIVER",1231,"Y",48.55997814,-124.3987804,1995,1000,"NuSEDS_20251103",40253,NA,"Y"
"899","West Vancouver Island","Chinook","CK",1452,40253,"SAN JUAN RIVER",1231,"Y",48.55997814,-124.3987804,1996,1100,"NuSEDS_20251103",40253,NA,"Y"
"900","West Vancouver Island","Chinook","CK",1452,40253,"SAN JUAN RIVER",1231,"Y",48.55997814,-124.3987804,1997,1131,"NuSEDS_20251103",40253,NA,"Y"
"901","West Vancouver Island","Chinook","CK",1452,40253,"SAN JUAN RIVER",1231,"Y",48.55997814,-124.3987804,1998,4816,"NuSEDS_20251103",40253,NA,"Y"
"902","West Vancouver Island","Chinook","CK",1452,40253,"SAN JUAN RIVER",1231,"Y",48.55997814,-124.3987804,1999,1750,"NuSEDS_20251103",40253,NA,"Y"
"903","West Vancouver Island","Chinook","CK",1452,40253,"SAN JUAN RIVER",1231,"Y",48.55997814,-124.3987804,2000,420,"NuSEDS_20251103",40253,NA,"Y"
"904","West Vancouver Island","Chinook","CK",1452,40253,"SAN JUAN RIVER",1231,"Y",48.55997814,-124.3987804,2001,824,"NuSEDS_20251103",40253,NA,"Y"
"905","West Vancouver Island","Chinook","CK",1452,40253,"SAN JUAN RIVER",1231,"Y",48.55997814,-124.3987804,2002,1493,"NuSEDS_20251103",40253,NA,"Y"
"906","West Vancouver Island","Chinook","CK",1452,40253,"SAN JUAN RIVER",1231,"Y",48.55997814,-124.3987804,2003,1929,"NuSEDS_20251103",40253,NA,"Y"
"907","West Vancouver Island","Chinook","CK",1452,40253,"SAN JUAN RIVER",1231,"Y",48.55997814,-124.3987804,2005,1251,"NuSEDS_20251103",40253,NA,"Y"
"908","West Vancouver Island","Chinook","CK",1452,40253,"SAN JUAN RIVER",1231,"Y",48.55997814,-124.3987804,2006,4515,"NuSEDS_20251103",40253,NA,"Y"
"909","West Vancouver Island","Chinook","CK",1452,40253,"SAN JUAN RIVER",1231,"Y",48.55997814,-124.3987804,2007,1990,"NuSEDS_20251103",40253,NA,"Y"
"910","West Vancouver Island","Chinook","CK",1452,40253,"SAN JUAN RIVER",1231,"Y",48.55997814,-124.3987804,2008,1700,"NuSEDS_20251103",40253,NA,"Y"
"911","West Vancouver Island","Chinook","CK",1452,40253,"SAN JUAN RIVER",1231,"Y",48.55997814,-124.3987804,2009,2892,"NuSEDS_20251103",40253,NA,"Y"
"912","West Vancouver Island","Chinook","CK",1452,40253,"SAN JUAN RIVER",1231,"Y",48.55997814,-124.3987804,2010,1412,"NuSEDS_20251103",40253,NA,"Y"
"913","West Vancouver Island","Chinook","CK",1452,40253,"SAN JUAN RIVER",1231,"Y",48.55997814,-124.3987804,2011,562,"NuSEDS_20251103",40253,NA,"Y"
"914","West Vancouver Island","Chinook","CK",1452,40253,"SAN JUAN RIVER",1231,"Y",48.55997814,-124.3987804,2012,1822,"NuSEDS_20251103",40253,NA,"Y"
"915","West Vancouver Island","Chinook","CK",1452,40253,"SAN JUAN RIVER",1231,"Y",48.55997814,-124.3987804,2013,1479,"NuSEDS_20251103",40253,NA,"Y"
"916","West Vancouver Island","Chinook","CK",1452,40253,"SAN JUAN RIVER",1231,"Y",48.55997814,-124.3987804,2014,4159,"NuSEDS_20251103",40253,NA,"Y"
"917","West Vancouver Island","Chinook","CK",1452,40253,"SAN JUAN RIVER",1231,"Y",48.55997814,-124.3987804,2015,2304,"NuSEDS_20251103",40253,NA,"Y"
"918","West Vancouver Island","Chinook","CK",1452,40253,"SAN JUAN RIVER",1231,"Y",48.55997814,-124.3987804,2016,1219,"NuSEDS_20251103",40253,NA,"Y"
"919","West Vancouver Island","Chinook","CK",1452,40253,"SAN JUAN RIVER",1231,"Y",48.55997814,-124.3987804,2017,1502,"NuSEDS_20251103",40253,NA,"Y"
"920","West Vancouver Island","Chinook","CK",1452,40253,"SAN JUAN RIVER",1231,"Y",48.55997814,-124.3987804,2018,711,"NuSEDS_20251103",40253,NA,"Y"
"921","West Vancouver Island","Chinook","CK",1452,40253,"SAN JUAN RIVER",1231,"Y",48.55997814,-124.3987804,2019,1386,"NuSEDS_20251103",40253,NA,"Y"
"922","West Vancouver Island","Chinook","CK",1452,40253,"SAN JUAN RIVER",1231,"Y",48.55997814,-124.3987804,2020,871,"NuSEDS_20251103",40253,NA,"Y"
"923","West Vancouver Island","Chinook","CK",1452,40253,"SAN JUAN RIVER",1231,"Y",48.55997814,-124.3987804,2021,1103,"NuSEDS_20251103",40253,NA,"Y"
"924","West Vancouver Island","Chinook","CK",1452,40253,"SAN JUAN RIVER",1231,"Y",48.55997814,-124.3987804,2022,910,"NuSEDS_20251103",40253,NA,"Y"
"925","West Vancouver Island","Chinook","CK",1452,40253,"SAN JUAN RIVER",1231,"Y",48.55997814,-124.3987804,2023,3074,"NuSEDS_20251103",40253,NA,"Y"
"926","West Vancouver Island","Chinook","CK",1452,40253,"SAN JUAN RIVER",1231,"Y",48.55997814,-124.3987804,2024,2788,"NuSEDS_20251103",40253,NA,"Y"
"927","West Vancouver Island","Chinook","CK",1463,40458,"SARITA RIVER",1252,"Y",48.89706946,-125.0169178,1953,750,"NuSEDS_20251103",40458,NA,"Y"
"928","West Vancouver Island","Chinook","CK",1463,40458,"SARITA RIVER",1252,"Y",48.89706946,-125.0169178,1954,750,"NuSEDS_20251103",40458,NA,"Y"
"929","West Vancouver Island","Chinook","CK",1463,40458,"SARITA RIVER",1252,"Y",48.89706946,-125.0169178,1955,200,"NuSEDS_20251103",40458,NA,"Y"
"930","West Vancouver Island","Chinook","CK",1463,40458,"SARITA RIVER",1252,"Y",48.89706946,-125.0169178,1956,200,"NuSEDS_20251103",40458,NA,"Y"
"931","West Vancouver Island","Chinook","CK",1463,40458,"SARITA RIVER",1252,"Y",48.89706946,-125.0169178,1957,200,"NuSEDS_20251103",40458,NA,"Y"
"932","West Vancouver Island","Chinook","CK",1463,40458,"SARITA RIVER",1252,"Y",48.89706946,-125.0169178,1958,200,"NuSEDS_20251103",40458,NA,"Y"
"933","West Vancouver Island","Chinook","CK",1463,40458,"SARITA RIVER",1252,"Y",48.89706946,-125.0169178,1959,200,"NuSEDS_20251103",40458,NA,"Y"
"934","West Vancouver Island","Chinook","CK",1463,40458,"SARITA RIVER",1252,"Y",48.89706946,-125.0169178,1960,200,"NuSEDS_20251103",40458,NA,"Y"
"935","West Vancouver Island","Chinook","CK",1463,40458,"SARITA RIVER",1252,"Y",48.89706946,-125.0169178,1961,400,"NuSEDS_20251103",40458,NA,"Y"
"936","West Vancouver Island","Chinook","CK",1463,40458,"SARITA RIVER",1252,"Y",48.89706946,-125.0169178,1962,200,"NuSEDS_20251103",40458,NA,"Y"
"937","West Vancouver Island","Chinook","CK",1463,40458,"SARITA RIVER",1252,"Y",48.89706946,-125.0169178,1963,750,"NuSEDS_20251103",40458,NA,"Y"
"938","West Vancouver Island","Chinook","CK",1463,40458,"SARITA RIVER",1252,"Y",48.89706946,-125.0169178,1964,400,"NuSEDS_20251103",40458,NA,"Y"
"939","West Vancouver Island","Chinook","CK",1463,40458,"SARITA RIVER",1252,"Y",48.89706946,-125.0169178,1965,750,"NuSEDS_20251103",40458,NA,"Y"
"940","West Vancouver Island","Chinook","CK",1463,40458,"SARITA RIVER",1252,"Y",48.89706946,-125.0169178,1966,750,"NuSEDS_20251103",40458,NA,"Y"
"941","West Vancouver Island","Chinook","CK",1463,40458,"SARITA RIVER",1252,"Y",48.89706946,-125.0169178,1967,400,"NuSEDS_20251103",40458,NA,"Y"
"942","West Vancouver Island","Chinook","CK",1463,40458,"SARITA RIVER",1252,"Y",48.89706946,-125.0169178,1968,750,"NuSEDS_20251103",40458,NA,"Y"
"943","West Vancouver Island","Chinook","CK",1463,40458,"SARITA RIVER",1252,"Y",48.89706946,-125.0169178,1969,400,"NuSEDS_20251103",40458,NA,"Y"
"944","West Vancouver Island","Chinook","CK",1463,40458,"SARITA RIVER",1252,"Y",48.89706946,-125.0169178,1970,400,"NuSEDS_20251103",40458,NA,"Y"
"945","West Vancouver Island","Chinook","CK",1463,40458,"SARITA RIVER",1252,"Y",48.89706946,-125.0169178,1971,750,"NuSEDS_20251103",40458,NA,"Y"
"946","West Vancouver Island","Chinook","CK",1463,40458,"SARITA RIVER",1252,"Y",48.89706946,-125.0169178,1972,400,"NuSEDS_20251103",40458,NA,"Y"
"947","West Vancouver Island","Chinook","CK",1463,40458,"SARITA RIVER",1252,"Y",48.89706946,-125.0169178,1973,75,"NuSEDS_20251103",40458,NA,"Y"
"948","West Vancouver Island","Chinook","CK",1463,40458,"SARITA RIVER",1252,"Y",48.89706946,-125.0169178,1974,700,"NuSEDS_20251103",40458,NA,"Y"
"949","West Vancouver Island","Chinook","CK",1463,40458,"SARITA RIVER",1252,"Y",48.89706946,-125.0169178,1975,400,"NuSEDS_20251103",40458,NA,"Y"
"950","West Vancouver Island","Chinook","CK",1463,40458,"SARITA RIVER",1252,"Y",48.89706946,-125.0169178,1976,475,"NuSEDS_20251103",40458,NA,"Y"
"951","West Vancouver Island","Chinook","CK",1463,40458,"SARITA RIVER",1252,"Y",48.89706946,-125.0169178,1977,390,"NuSEDS_20251103",40458,NA,"Y"
"952","West Vancouver Island","Chinook","CK",1463,40458,"SARITA RIVER",1252,"Y",48.89706946,-125.0169178,1978,25,"NuSEDS_20251103",40458,NA,"Y"
"953","West Vancouver Island","Chinook","CK",1463,40458,"SARITA RIVER",1252,"Y",48.89706946,-125.0169178,1979,400,"NuSEDS_20251103",40458,NA,"Y"
"954","West Vancouver Island","Chinook","CK",1463,40458,"SARITA RIVER",1252,"Y",48.89706946,-125.0169178,1980,300,"NuSEDS_20251103",40458,NA,"Y"
"955","West Vancouver Island","Chinook","CK",1463,40458,"SARITA RIVER",1252,"Y",48.89706946,-125.0169178,1981,160,"NuSEDS_20251103",40458,NA,"Y"
"956","West Vancouver Island","Chinook","CK",1463,40458,"SARITA RIVER",1252,"Y",48.89706946,-125.0169178,1982,145,"NuSEDS_20251103",40458,NA,"Y"
"957","West Vancouver Island","Chinook","CK",1463,40458,"SARITA RIVER",1252,"Y",48.89706946,-125.0169178,1983,127,"NuSEDS_20251103",40458,NA,"Y"
"958","West Vancouver Island","Chinook","CK",1463,40458,"SARITA RIVER",1252,"Y",48.89706946,-125.0169178,1984,90,"NuSEDS_20251103",40458,NA,"Y"
"959","West Vancouver Island","Chinook","CK",1463,40458,"SARITA RIVER",1252,"Y",48.89706946,-125.0169178,1985,300,"NuSEDS_20251103",40458,NA,"Y"
"960","West Vancouver Island","Chinook","CK",1463,40458,"SARITA RIVER",1252,"Y",48.89706946,-125.0169178,1986,350,"NuSEDS_20251103",40458,NA,"Y"
"961","West Vancouver Island","Chinook","CK",1463,40458,"SARITA RIVER",1252,"Y",48.89706946,-125.0169178,1988,300,"NuSEDS_20251103",40458,NA,"Y"
"962","West Vancouver Island","Chinook","CK",1463,40458,"SARITA RIVER",1252,"Y",48.89706946,-125.0169178,1989,600,"NuSEDS_20251103",40458,NA,"Y"
"963","West Vancouver Island","Chinook","CK",1463,40458,"SARITA RIVER",1252,"Y",48.89706946,-125.0169178,1990,550,"NuSEDS_20251103",40458,NA,"Y"
"964","West Vancouver Island","Chinook","CK",1463,40458,"SARITA RIVER",1252,"Y",48.89706946,-125.0169178,1991,1500,"NuSEDS_20251103",40458,NA,"Y"
"965","West Vancouver Island","Chinook","CK",1463,40458,"SARITA RIVER",1252,"Y",48.89706946,-125.0169178,1992,750,"NuSEDS_20251103",40458,NA,"Y"
"966","West Vancouver Island","Chinook","CK",1463,40458,"SARITA RIVER",1252,"Y",48.89706946,-125.0169178,1993,1200,"NuSEDS_20251103",40458,NA,"Y"
"967","West Vancouver Island","Chinook","CK",1463,40458,"SARITA RIVER",1252,"Y",48.89706946,-125.0169178,1994,800,"NuSEDS_20251103",40458,NA,"Y"
"968","West Vancouver Island","Chinook","CK",1463,40458,"SARITA RIVER",1252,"Y",48.89706946,-125.0169178,1995,144,"NuSEDS_20251103",40458,NA,"Y"
"969","West Vancouver Island","Chinook","CK",1463,40458,"SARITA RIVER",1252,"Y",48.89706946,-125.0169178,1996,768,"NuSEDS_20251103",40458,NA,"Y"
"970","West Vancouver Island","Chinook","CK",1463,40458,"SARITA RIVER",1252,"Y",48.89706946,-125.0169178,1997,1916,"NuSEDS_20251103",40458,NA,"Y"
"971","West Vancouver Island","Chinook","CK",1463,40458,"SARITA RIVER",1252,"Y",48.89706946,-125.0169178,1998,2435,"NuSEDS_20251103",40458,NA,"Y"
"972","West Vancouver Island","Chinook","CK",1463,40458,"SARITA RIVER",1252,"Y",48.89706946,-125.0169178,1999,809,"NuSEDS_20251103",40458,NA,"Y"
"973","West Vancouver Island","Chinook","CK",1463,40458,"SARITA RIVER",1252,"Y",48.89706946,-125.0169178,2000,480,"NuSEDS_20251103",40458,NA,"Y"
"974","West Vancouver Island","Chinook","CK",1463,40458,"SARITA RIVER",1252,"Y",48.89706946,-125.0169178,2001,1247,"NuSEDS_20251103",40458,NA,"Y"
"975","West Vancouver Island","Chinook","CK",1463,40458,"SARITA RIVER",1252,"Y",48.89706946,-125.0169178,2002,3473,"NuSEDS_20251103",40458,NA,"Y"
"976","West Vancouver Island","Chinook","CK",1463,40458,"SARITA RIVER",1252,"Y",48.89706946,-125.0169178,2003,3999,"NuSEDS_20251103",40458,NA,"Y"
"977","West Vancouver Island","Chinook","CK",1463,40458,"SARITA RIVER",1252,"Y",48.89706946,-125.0169178,2004,3661,"NuSEDS_20251103",40458,NA,"Y"
"978","West Vancouver Island","Chinook","CK",1463,40458,"SARITA RIVER",1252,"Y",48.89706946,-125.0169178,2005,1328,"NuSEDS_20251103",40458,NA,"Y"
"979","West Vancouver Island","Chinook","CK",1463,40458,"SARITA RIVER",1252,"Y",48.89706946,-125.0169178,2006,3363,"NuSEDS_20251103",40458,NA,"Y"
"980","West Vancouver Island","Chinook","CK",1463,40458,"SARITA RIVER",1252,"Y",48.89706946,-125.0169178,2007,1630,"NuSEDS_20251103",40458,NA,"Y"
"981","West Vancouver Island","Chinook","CK",1463,40458,"SARITA RIVER",1252,"Y",48.89706946,-125.0169178,2008,1053,"NuSEDS_20251103",40458,NA,"Y"
"982","West Vancouver Island","Chinook","CK",1463,40458,"SARITA RIVER",1252,"Y",48.89706946,-125.0169178,2009,820,"NuSEDS_20251103",40458,NA,"Y"
"983","West Vancouver Island","Chinook","CK",1463,40458,"SARITA RIVER",1252,"Y",48.89706946,-125.0169178,2010,900,"NuSEDS_20251103",40458,NA,"Y"
"984","West Vancouver Island","Chinook","CK",1463,40458,"SARITA RIVER",1252,"Y",48.89706946,-125.0169178,2011,1535,"NuSEDS_20251103",40458,NA,"Y"
"985","West Vancouver Island","Chinook","CK",1463,40458,"SARITA RIVER",1252,"Y",48.89706946,-125.0169178,2012,1830,"NuSEDS_20251103",40458,NA,"Y"
"986","West Vancouver Island","Chinook","CK",1463,40458,"SARITA RIVER",1252,"Y",48.89706946,-125.0169178,2013,1473,"NuSEDS_20251103",40458,NA,"Y"
"987","West Vancouver Island","Chinook","CK",1463,40458,"SARITA RIVER",1252,"Y",48.89706946,-125.0169178,2014,638,"NuSEDS_20251103",40458,NA,"Y"
"988","West Vancouver Island","Chinook","CK",1463,40458,"SARITA RIVER",1252,"Y",48.89706946,-125.0169178,2015,2857,"NuSEDS_20251103",40458,NA,"Y"
"989","West Vancouver Island","Chinook","CK",1463,40458,"SARITA RIVER",1252,"Y",48.89706946,-125.0169178,2016,3507,"NuSEDS_20251103",40458,NA,"Y"
"990","West Vancouver Island","Chinook","CK",1463,40458,"SARITA RIVER",1252,"Y",48.89706946,-125.0169178,2017,2888,"NuSEDS_20251103",40458,NA,"Y"
"991","West Vancouver Island","Chinook","CK",1463,40458,"SARITA RIVER",1252,"Y",48.89706946,-125.0169178,2018,2060,"NuSEDS_20251103",40458,NA,"Y"
"992","West Vancouver Island","Chinook","CK",1463,40458,"SARITA RIVER",1252,"Y",48.89706946,-125.0169178,2019,1868,"NuSEDS_20251103",40458,NA,"Y"
"993","West Vancouver Island","Chinook","CK",1463,40458,"SARITA RIVER",1252,"Y",48.89706946,-125.0169178,2020,1982,"NuSEDS_20251103",40458,NA,"Y"
"994","West Vancouver Island","Chinook","CK",1463,40458,"SARITA RIVER",1252,"Y",48.89706946,-125.0169178,2021,3667,"NuSEDS_20251103",40458,NA,"Y"
"995","West Vancouver Island","Chinook","CK",1463,40458,"SARITA RIVER",1252,"Y",48.89706946,-125.0169178,2022,4409,"NuSEDS_20251103",40458,NA,"Y"
"996","West Vancouver Island","Chinook","CK",1463,40458,"SARITA RIVER",1252,"Y",48.89706946,-125.0169178,2023,4127,"NuSEDS_20251103",40458,NA,"Y"
"997","West Vancouver Island","Chinook","CK",1463,40458,"SARITA RIVER",1252,"Y",48.89706946,-125.0169178,2024,3469,"NuSEDS_20251103",40458,NA,"Y"
"998","West Vancouver Island","Chinook","CK",2014,52218,"TRANQUIL CREEK",1317,"Y",49.20924817,-125.6740736,1953,750,"NuSEDS_20251103",52218,NA,"Y"
"999","West Vancouver Island","Chinook","CK",2014,52218,"TRANQUIL CREEK",1317,"Y",49.20924817,-125.6740736,1954,750,"NuSEDS_20251103",52218,NA,"Y"
"1000","West Vancouver Island","Chinook","CK",2014,52218,"TRANQUIL CREEK",1317,"Y",49.20924817,-125.6740736,1955,750,"NuSEDS_20251103",52218,NA,"Y"
"1001","West Vancouver Island","Chinook","CK",2014,52218,"TRANQUIL CREEK",1317,"Y",49.20924817,-125.6740736,1956,750,"NuSEDS_20251103",52218,NA,"Y"
"1002","West Vancouver Island","Chinook","CK",2014,52218,"TRANQUIL CREEK",1317,"Y",49.20924817,-125.6740736,1957,750,"NuSEDS_20251103",52218,NA,"Y"
"1003","West Vancouver Island","Chinook","CK",2014,52218,"TRANQUIL CREEK",1317,"Y",49.20924817,-125.6740736,1958,750,"NuSEDS_20251103",52218,NA,"Y"
"1004","West Vancouver Island","Chinook","CK",2014,52218,"TRANQUIL CREEK",1317,"Y",49.20924817,-125.6740736,1959,750,"NuSEDS_20251103",52218,NA,"Y"
"1005","West Vancouver Island","Chinook","CK",2014,52218,"TRANQUIL CREEK",1317,"Y",49.20924817,-125.6740736,1960,750,"NuSEDS_20251103",52218,NA,"Y"
"1006","West Vancouver Island","Chinook","CK",2014,52218,"TRANQUIL CREEK",1317,"Y",49.20924817,-125.6740736,1961,400,"NuSEDS_20251103",52218,NA,"Y"
"1007","West Vancouver Island","Chinook","CK",2014,52218,"TRANQUIL CREEK",1317,"Y",49.20924817,-125.6740736,1962,400,"NuSEDS_20251103",52218,NA,"Y"
"1008","West Vancouver Island","Chinook","CK",2014,52218,"TRANQUIL CREEK",1317,"Y",49.20924817,-125.6740736,1963,50,"NuSEDS_20251103",52218,NA,"Y"
"1009","West Vancouver Island","Chinook","CK",2014,52218,"TRANQUIL CREEK",1317,"Y",49.20924817,-125.6740736,1964,250,"NuSEDS_20251103",52218,NA,"Y"
"1010","West Vancouver Island","Chinook","CK",2014,52218,"TRANQUIL CREEK",1317,"Y",49.20924817,-125.6740736,1965,100,"NuSEDS_20251103",52218,NA,"Y"
"1011","West Vancouver Island","Chinook","CK",2014,52218,"TRANQUIL CREEK",1317,"Y",49.20924817,-125.6740736,1966,200,"NuSEDS_20251103",52218,NA,"Y"
"1012","West Vancouver Island","Chinook","CK",2014,52218,"TRANQUIL CREEK",1317,"Y",49.20924817,-125.6740736,1967,200,"NuSEDS_20251103",52218,NA,"Y"
"1013","West Vancouver Island","Chinook","CK",2014,52218,"TRANQUIL CREEK",1317,"Y",49.20924817,-125.6740736,1968,45,"NuSEDS_20251103",52218,NA,"Y"
"1014","West Vancouver Island","Chinook","CK",2014,52218,"TRANQUIL CREEK",1317,"Y",49.20924817,-125.6740736,1969,25,"NuSEDS_20251103",52218,NA,"Y"
"1015","West Vancouver Island","Chinook","CK",2014,52218,"TRANQUIL CREEK",1317,"Y",49.20924817,-125.6740736,1970,25,"NuSEDS_20251103",52218,NA,"Y"
"1016","West Vancouver Island","Chinook","CK",2014,52218,"TRANQUIL CREEK",1317,"Y",49.20924817,-125.6740736,1971,75,"NuSEDS_20251103",52218,NA,"Y"
"1017","West Vancouver Island","Chinook","CK",2014,52218,"TRANQUIL CREEK",1317,"Y",49.20924817,-125.6740736,1972,25,"NuSEDS_20251103",52218,NA,"Y"
"1018","West Vancouver Island","Chinook","CK",2014,52218,"TRANQUIL CREEK",1317,"Y",49.20924817,-125.6740736,1973,200,"NuSEDS_20251103",52218,NA,"Y"
"1019","West Vancouver Island","Chinook","CK",2014,52218,"TRANQUIL CREEK",1317,"Y",49.20924817,-125.6740736,1974,25,"NuSEDS_20251103",52218,NA,"Y"
"1020","West Vancouver Island","Chinook","CK",2014,52218,"TRANQUIL CREEK",1317,"Y",49.20924817,-125.6740736,1975,25,"NuSEDS_20251103",52218,NA,"Y"
"1021","West Vancouver Island","Chinook","CK",2014,52218,"TRANQUIL CREEK",1317,"Y",49.20924817,-125.6740736,1976,25,"NuSEDS_20251103",52218,NA,"Y"
"1022","West Vancouver Island","Chinook","CK",2014,52218,"TRANQUIL CREEK",1317,"Y",49.20924817,-125.6740736,1977,25,"NuSEDS_20251103",52218,NA,"Y"
"1023","West Vancouver Island","Chinook","CK",2014,52218,"TRANQUIL CREEK",1317,"Y",49.20924817,-125.6740736,1979,4,"NuSEDS_20251103",52218,NA,"Y"
"1024","West Vancouver Island","Chinook","CK",2014,52218,"TRANQUIL CREEK",1317,"Y",49.20924817,-125.6740736,1980,50,"NuSEDS_20251103",52218,NA,"Y"
"1025","West Vancouver Island","Chinook","CK",2014,52218,"TRANQUIL CREEK",1317,"Y",49.20924817,-125.6740736,1981,25,"NuSEDS_20251103",52218,NA,"Y"
"1026","West Vancouver Island","Chinook","CK",2014,52218,"TRANQUIL CREEK",1317,"Y",49.20924817,-125.6740736,1983,20,"NuSEDS_20251103",52218,NA,"Y"
"1027","West Vancouver Island","Chinook","CK",2014,52218,"TRANQUIL CREEK",1317,"Y",49.20924817,-125.6740736,1985,1,"NuSEDS_20251103",52218,NA,"Y"
"1028","West Vancouver Island","Chinook","CK",2014,52218,"TRANQUIL CREEK",1317,"Y",49.20924817,-125.6740736,1986,14,"NuSEDS_20251103",52218,NA,"Y"
"1029","West Vancouver Island","Chinook","CK",2014,52218,"TRANQUIL CREEK",1317,"Y",49.20924817,-125.6740736,1987,7,"NuSEDS_20251103",52218,NA,"Y"
"1030","West Vancouver Island","Chinook","CK",2014,52218,"TRANQUIL CREEK",1317,"Y",49.20924817,-125.6740736,1989,28,"NuSEDS_20251103",52218,NA,"Y"
"1031","West Vancouver Island","Chinook","CK",2014,52218,"TRANQUIL CREEK",1317,"Y",49.20924817,-125.6740736,1990,45,"NuSEDS_20251103",52218,NA,"Y"
"1032","West Vancouver Island","Chinook","CK",2014,52218,"TRANQUIL CREEK",1317,"Y",49.20924817,-125.6740736,1991,23,"NuSEDS_20251103",52218,NA,"Y"
"1033","West Vancouver Island","Chinook","CK",2014,52218,"TRANQUIL CREEK",1317,"Y",49.20924817,-125.6740736,1993,145,"NuSEDS_20251103",52218,NA,"Y"
"1034","West Vancouver Island","Chinook","CK",2014,52218,"TRANQUIL CREEK",1317,"Y",49.20924817,-125.6740736,1994,400,"NuSEDS_20251103",52218,NA,"Y"
"1035","West Vancouver Island","Chinook","CK",2014,52218,"TRANQUIL CREEK",1317,"Y",49.20924817,-125.6740736,1995,450,"NuSEDS_20251103",52218,NA,"Y"
"1036","West Vancouver Island","Chinook","CK",2014,52218,"TRANQUIL CREEK",1317,"Y",49.20924817,-125.6740736,1996,650,"NuSEDS_20251103",52218,NA,"Y"
"1037","West Vancouver Island","Chinook","CK",2014,52218,"TRANQUIL CREEK",1317,"Y",49.20924817,-125.6740736,1997,825,"NuSEDS_20251103",52218,NA,"Y"
"1038","West Vancouver Island","Chinook","CK",2014,52218,"TRANQUIL CREEK",1317,"Y",49.20924817,-125.6740736,1998,800,"NuSEDS_20251103",52218,NA,"Y"
"1039","West Vancouver Island","Chinook","CK",2014,52218,"TRANQUIL CREEK",1317,"Y",49.20924817,-125.6740736,1999,751,"NuSEDS_20251103",52218,NA,"Y"
"1040","West Vancouver Island","Chinook","CK",2014,52218,"TRANQUIL CREEK",1317,"Y",49.20924817,-125.6740736,2000,1877,"NuSEDS_20251103",52218,NA,"Y"
"1041","West Vancouver Island","Chinook","CK",2014,52218,"TRANQUIL CREEK",1317,"Y",49.20924817,-125.6740736,2001,2080,"NuSEDS_20251103",52218,NA,"Y"
"1042","West Vancouver Island","Chinook","CK",2014,52218,"TRANQUIL CREEK",1317,"Y",49.20924817,-125.6740736,2002,212,"NuSEDS_20251103",52218,NA,"Y"
"1043","West Vancouver Island","Chinook","CK",2014,52218,"TRANQUIL CREEK",1317,"Y",49.20924817,-125.6740736,2003,1780,"NuSEDS_20251103",52218,NA,"Y"
"1044","West Vancouver Island","Chinook","CK",2014,52218,"TRANQUIL CREEK",1317,"Y",49.20924817,-125.6740736,2004,1195,"NuSEDS_20251103",52218,NA,"Y"
"1045","West Vancouver Island","Chinook","CK",2014,52218,"TRANQUIL CREEK",1317,"Y",49.20924817,-125.6740736,2005,638,"NuSEDS_20251103",52218,NA,"Y"
"1046","West Vancouver Island","Chinook","CK",2014,52218,"TRANQUIL CREEK",1317,"Y",49.20924817,-125.6740736,2006,419,"NuSEDS_20251103",52218,NA,"Y"
"1047","West Vancouver Island","Chinook","CK",2014,52218,"TRANQUIL CREEK",1317,"Y",49.20924817,-125.6740736,2007,260,"NuSEDS_20251103",52218,NA,"Y"
"1048","West Vancouver Island","Chinook","CK",2014,52218,"TRANQUIL CREEK",1317,"Y",49.20924817,-125.6740736,2008,220,"NuSEDS_20251103",52218,NA,"Y"
"1049","West Vancouver Island","Chinook","CK",2014,52218,"TRANQUIL CREEK",1317,"Y",49.20924817,-125.6740736,2009,209,"NuSEDS_20251103",52218,NA,"Y"
"1050","West Vancouver Island","Chinook","CK",2014,52218,"TRANQUIL CREEK",1317,"Y",49.20924817,-125.6740736,2010,234,"NuSEDS_20251103",52218,NA,"Y"
"1051","West Vancouver Island","Chinook","CK",2014,52218,"TRANQUIL CREEK",1317,"Y",49.20924817,-125.6740736,2011,361,"NuSEDS_20251103",52218,NA,"Y"
"1052","West Vancouver Island","Chinook","CK",2014,52218,"TRANQUIL CREEK",1317,"Y",49.20924817,-125.6740736,2012,289,"NuSEDS_20251103",52218,NA,"Y"
"1053","West Vancouver Island","Chinook","CK",2014,52218,"TRANQUIL CREEK",1317,"Y",49.20924817,-125.6740736,2013,697,"NuSEDS_20251103",52218,NA,"Y"
"1054","West Vancouver Island","Chinook","CK",2014,52218,"TRANQUIL CREEK",1317,"Y",49.20924817,-125.6740736,2014,244,"NuSEDS_20251103",52218,NA,"Y"
"1055","West Vancouver Island","Chinook","CK",2014,52218,"TRANQUIL CREEK",1317,"Y",49.20924817,-125.6740736,2015,224,"NuSEDS_20251103",52218,NA,"Y"
"1056","West Vancouver Island","Chinook","CK",2014,52218,"TRANQUIL CREEK",1317,"Y",49.20924817,-125.6740736,2016,321,"NuSEDS_20251103",52218,NA,"Y"
"1057","West Vancouver Island","Chinook","CK",2014,52218,"TRANQUIL CREEK",1317,"Y",49.20924817,-125.6740736,2017,149,"NuSEDS_20251103",52218,NA,"Y"
"1058","West Vancouver Island","Chinook","CK",2014,52218,"TRANQUIL CREEK",1317,"Y",49.20924817,-125.6740736,2018,116,"NuSEDS_20251103",52218,NA,"Y"
"1059","West Vancouver Island","Chinook","CK",2014,52218,"TRANQUIL CREEK",1317,"Y",49.20924817,-125.6740736,2019,86,"NuSEDS_20251103",52218,NA,"Y"
"1060","West Vancouver Island","Chinook","CK",2014,52218,"TRANQUIL CREEK",1317,"Y",49.20924817,-125.6740736,2020,173,"NuSEDS_20251103",52218,NA,"Y"
"1061","West Vancouver Island","Chinook","CK",2014,52218,"TRANQUIL CREEK",1317,"Y",49.20924817,-125.6740736,2021,425,"NuSEDS_20251103",52218,NA,"Y"
"1062","West Vancouver Island","Chinook","CK",2014,52218,"TRANQUIL CREEK",1317,"Y",49.20924817,-125.6740736,2022,55,"NuSEDS_20251103",52218,NA,"Y"
"1063","West Vancouver Island","Chinook","CK",2014,52218,"TRANQUIL CREEK",1317,"Y",49.20924817,-125.6740736,2023,97,"NuSEDS_20251103",52218,NA,"Y"
"1064","West Vancouver Island","Chinook","CK",2014,52218,"TRANQUIL CREEK",1317,"Y",49.20924817,-125.6740736,2024,90,"NuSEDS_20251103",52218,NA,"Y"
"1065","West Vancouver Island","Chinook","CK",2017,52318,"BEDWELL RIVER",1327,"N",49.36425733,-125.7768433,1953,400,"NuSEDS_20251103",52318,NA,"N"
"1066","West Vancouver Island","Chinook","CK",2017,52318,"BEDWELL RIVER",1327,"N",49.36425733,-125.7768433,1954,400,"NuSEDS_20251103",52318,NA,"N"
"1067","West Vancouver Island","Chinook","CK",2017,52318,"BEDWELL RIVER",1327,"N",49.36425733,-125.7768433,1955,400,"NuSEDS_20251103",52318,NA,"N"
"1068","West Vancouver Island","Chinook","CK",2017,52318,"BEDWELL RIVER",1327,"N",49.36425733,-125.7768433,1956,750,"NuSEDS_20251103",52318,NA,"N"
"1069","West Vancouver Island","Chinook","CK",2017,52318,"BEDWELL RIVER",1327,"N",49.36425733,-125.7768433,1957,400,"NuSEDS_20251103",52318,NA,"N"
"1070","West Vancouver Island","Chinook","CK",2017,52318,"BEDWELL RIVER",1327,"N",49.36425733,-125.7768433,1958,400,"NuSEDS_20251103",52318,NA,"N"
"1071","West Vancouver Island","Chinook","CK",2017,52318,"BEDWELL RIVER",1327,"N",49.36425733,-125.7768433,1959,750,"NuSEDS_20251103",52318,NA,"N"
"1072","West Vancouver Island","Chinook","CK",2017,52318,"BEDWELL RIVER",1327,"N",49.36425733,-125.7768433,1960,400,"NuSEDS_20251103",52318,NA,"N"
"1073","West Vancouver Island","Chinook","CK",2017,52318,"BEDWELL RIVER",1327,"N",49.36425733,-125.7768433,1961,400,"NuSEDS_20251103",52318,NA,"N"
"1074","West Vancouver Island","Chinook","CK",2017,52318,"BEDWELL RIVER",1327,"N",49.36425733,-125.7768433,1962,200,"NuSEDS_20251103",52318,NA,"N"
"1075","West Vancouver Island","Chinook","CK",2017,52318,"BEDWELL RIVER",1327,"N",49.36425733,-125.7768433,1963,20,"NuSEDS_20251103",52318,NA,"N"
"1076","West Vancouver Island","Chinook","CK",2017,52318,"BEDWELL RIVER",1327,"N",49.36425733,-125.7768433,1964,20,"NuSEDS_20251103",52318,NA,"N"
"1077","West Vancouver Island","Chinook","CK",2017,52318,"BEDWELL RIVER",1327,"N",49.36425733,-125.7768433,1965,10,"NuSEDS_20251103",52318,NA,"N"
"1078","West Vancouver Island","Chinook","CK",2017,52318,"BEDWELL RIVER",1327,"N",49.36425733,-125.7768433,1966,75,"NuSEDS_20251103",52318,NA,"N"
"1079","West Vancouver Island","Chinook","CK",2017,52318,"BEDWELL RIVER",1327,"N",49.36425733,-125.7768433,1967,25,"NuSEDS_20251103",52318,NA,"N"
"1080","West Vancouver Island","Chinook","CK",2017,52318,"BEDWELL RIVER",1327,"N",49.36425733,-125.7768433,1968,30,"NuSEDS_20251103",52318,NA,"N"
"1081","West Vancouver Island","Chinook","CK",2017,52318,"BEDWELL RIVER",1327,"N",49.36425733,-125.7768433,1970,25,"NuSEDS_20251103",52318,NA,"N"
"1082","West Vancouver Island","Chinook","CK",2017,52318,"BEDWELL RIVER",1327,"N",49.36425733,-125.7768433,1971,75,"NuSEDS_20251103",52318,NA,"N"
"1083","West Vancouver Island","Chinook","CK",2017,52318,"BEDWELL RIVER",1327,"N",49.36425733,-125.7768433,1972,25,"NuSEDS_20251103",52318,NA,"N"
"1084","West Vancouver Island","Chinook","CK",2017,52318,"BEDWELL RIVER",1327,"N",49.36425733,-125.7768433,1973,25,"NuSEDS_20251103",52318,NA,"N"
"1085","West Vancouver Island","Chinook","CK",2017,52318,"BEDWELL RIVER",1327,"N",49.36425733,-125.7768433,1974,25,"NuSEDS_20251103",52318,NA,"N"
"1086","West Vancouver Island","Chinook","CK",2017,52318,"BEDWELL RIVER",1327,"N",49.36425733,-125.7768433,1978,35,"NuSEDS_20251103",52318,NA,"N"
"1087","West Vancouver Island","Chinook","CK",2017,52318,"BEDWELL RIVER",1327,"N",49.36425733,-125.7768433,1982,25,"NuSEDS_20251103",52318,NA,"N"
"1088","West Vancouver Island","Chinook","CK",2017,52318,"BEDWELL RIVER",1327,"N",49.36425733,-125.7768433,1986,10,"NuSEDS_20251103",52318,NA,"N"
"1089","West Vancouver Island","Chinook","CK",2017,52318,"BEDWELL RIVER",1327,"N",49.36425733,-125.7768433,1987,8,"NuSEDS_20251103",52318,NA,"N"
"1090","West Vancouver Island","Chinook","CK",2017,52318,"BEDWELL RIVER",1327,"N",49.36425733,-125.7768433,1988,10,"NuSEDS_20251103",52318,NA,"N"
"1091","West Vancouver Island","Chinook","CK",2017,52318,"BEDWELL RIVER",1327,"N",49.36425733,-125.7768433,1989,27,"NuSEDS_20251103",52318,NA,"N"
"1092","West Vancouver Island","Chinook","CK",2017,52318,"BEDWELL RIVER",1327,"N",49.36425733,-125.7768433,1993,270,"NuSEDS_20251103",52318,NA,"N"
"1093","West Vancouver Island","Chinook","CK",2017,52318,"BEDWELL RIVER",1327,"N",49.36425733,-125.7768433,1994,545,"NuSEDS_20251103",52318,NA,"N"
"1094","West Vancouver Island","Chinook","CK",2017,52318,"BEDWELL RIVER",1327,"N",49.36425733,-125.7768433,2003,144,"NuSEDS_20251103",52318,NA,"N"
"1095","West Vancouver Island","Chinook","CK",2017,52318,"BEDWELL RIVER",1327,"N",49.36425733,-125.7768433,2004,143,"NuSEDS_20251103",52318,NA,"N"
"1096","West Vancouver Island","Chinook","CK",2017,52318,"BEDWELL RIVER",1327,"N",49.36425733,-125.7768433,2005,68,"NuSEDS_20251103",52318,NA,"N"
"1097","West Vancouver Island","Chinook","CK",2017,52318,"BEDWELL RIVER",1327,"N",49.36425733,-125.7768433,2006,105,"NuSEDS_20251103",52318,NA,"N"
"1098","West Vancouver Island","Chinook","CK",2017,52318,"BEDWELL RIVER",1327,"N",49.36425733,-125.7768433,2007,43,"NuSEDS_20251103",52318,NA,"N"
"1099","West Vancouver Island","Chinook","CK",2017,52318,"BEDWELL RIVER",1327,"N",49.36425733,-125.7768433,2008,77,"NuSEDS_20251103",52318,NA,"N"
"1100","West Vancouver Island","Chinook","CK",2017,52318,"BEDWELL RIVER",1327,"N",49.36425733,-125.7768433,2011,48,"NuSEDS_20251103",52318,NA,"N"
"1101","West Vancouver Island","Chinook","CK",2017,52318,"BEDWELL RIVER",1327,"N",49.36425733,-125.7768433,2012,128,"NuSEDS_20251103",52318,NA,"N"
"1102","West Vancouver Island","Chinook","CK",2017,52318,"BEDWELL RIVER",1327,"N",49.36425733,-125.7768433,2013,317,"NuSEDS_20251103",52318,NA,"N"
"1103","West Vancouver Island","Chinook","CK",2017,52318,"BEDWELL RIVER",1327,"N",49.36425733,-125.7768433,2014,252,"NuSEDS_20251103",52318,NA,"N"
"1104","West Vancouver Island","Chinook","CK",2017,52318,"BEDWELL RIVER",1327,"N",49.36425733,-125.7768433,2015,601,"NuSEDS_20251103",52318,NA,"N"
"1105","West Vancouver Island","Chinook","CK",2017,52318,"BEDWELL RIVER",1327,"N",49.36425733,-125.7768433,2016,350,"NuSEDS_20251103",52318,NA,"N"
"1106","West Vancouver Island","Chinook","CK",2017,52318,"BEDWELL RIVER",1327,"N",49.36425733,-125.7768433,2017,561,"NuSEDS_20251103",52318,NA,"N"
"1107","West Vancouver Island","Chinook","CK",2017,52318,"BEDWELL RIVER",1327,"N",49.36425733,-125.7768433,2018,487,"NuSEDS_20251103",52318,NA,"N"
"1108","West Vancouver Island","Chinook","CK",2017,52318,"BEDWELL RIVER",1327,"N",49.36425733,-125.7768433,2019,301,"NuSEDS_20251103",52318,NA,"N"
"1109","West Vancouver Island","Chinook","CK",2017,52318,"BEDWELL RIVER",1327,"N",49.36425733,-125.7768433,2020,302,"NuSEDS_20251103",52318,NA,"N"
"1110","West Vancouver Island","Chinook","CK",2017,52318,"BEDWELL RIVER",1327,"N",49.36425733,-125.7768433,2021,232,"NuSEDS_20251103",52318,NA,"N"
"1111","West Vancouver Island","Chinook","CK",2017,52318,"BEDWELL RIVER",1327,"N",49.36425733,-125.7768433,2022,66,"NuSEDS_20251103",52318,NA,"N"
"1112","West Vancouver Island","Chinook","CK",2017,52318,"BEDWELL RIVER",1327,"N",49.36425733,-125.7768433,2023,176,"NuSEDS_20251103",52318,NA,"N"
"1113","West Vancouver Island","Chinook","CK",2017,52318,"BEDWELL RIVER",1327,"N",49.36425733,-125.7768433,2024,81,"NuSEDS_20251103",52318,NA,"N"
"1114","West Vancouver Island","Chinook","CK",2018,52328,"URSUS CREEK",1328,"N",49.38667997,-125.7569994,1989,43,"NuSEDS_20251103",52328,NA,"N"
"1115","West Vancouver Island","Chinook","CK",2018,52328,"URSUS CREEK",1328,"N",49.38667997,-125.7569994,1993,107,"NuSEDS_20251103",52328,NA,"N"
"1116","West Vancouver Island","Chinook","CK",2018,52328,"URSUS CREEK",1328,"N",49.38667997,-125.7569994,1994,146,"NuSEDS_20251103",52328,NA,"N"
"1117","West Vancouver Island","Chinook","CK",2018,52328,"URSUS CREEK",1328,"N",49.38667997,-125.7569994,2011,56,"NuSEDS_20251103",52328,NA,"N"
"1118","West Vancouver Island","Chinook","CK",2018,52328,"URSUS CREEK",1328,"N",49.38667997,-125.7569994,2012,108,"NuSEDS_20251103",52328,NA,"N"
"1119","West Vancouver Island","Chinook","CK",2018,52328,"URSUS CREEK",1328,"N",49.38667997,-125.7569994,2013,297,"NuSEDS_20251103",52328,NA,"N"
"1120","West Vancouver Island","Chinook","CK",2018,52328,"URSUS CREEK",1328,"N",49.38667997,-125.7569994,2014,175,"NuSEDS_20251103",52328,NA,"N"
"1121","West Vancouver Island","Chinook","CK",2018,52328,"URSUS CREEK",1328,"N",49.38667997,-125.7569994,2015,239,"NuSEDS_20251103",52328,NA,"N"
"1122","West Vancouver Island","Chinook","CK",2018,52328,"URSUS CREEK",1328,"N",49.38667997,-125.7569994,2016,324,"NuSEDS_20251103",52328,NA,"N"
"1123","West Vancouver Island","Chinook","CK",2018,52328,"URSUS CREEK",1328,"N",49.38667997,-125.7569994,2017,226,"NuSEDS_20251103",52328,NA,"N"
"1124","West Vancouver Island","Chinook","CK",2018,52328,"URSUS CREEK",1328,"N",49.38667997,-125.7569994,2018,242,"NuSEDS_20251103",52328,NA,"N"
"1125","West Vancouver Island","Chinook","CK",2018,52328,"URSUS CREEK",1328,"N",49.38667997,-125.7569994,2019,98,"NuSEDS_20251103",52328,NA,"N"
"1126","West Vancouver Island","Chinook","CK",2018,52328,"URSUS CREEK",1328,"N",49.38667997,-125.7569994,2020,94,"NuSEDS_20251103",52328,NA,"N"
"1127","West Vancouver Island","Chinook","CK",2018,52328,"URSUS CREEK",1328,"N",49.38667997,-125.7569994,2021,184,"NuSEDS_20251103",52328,NA,"N"
"1128","West Vancouver Island","Chinook","CK",2018,52328,"URSUS CREEK",1328,"N",49.38667997,-125.7569994,2022,51,"NuSEDS_20251103",52328,NA,"N"
"1129","West Vancouver Island","Chinook","CK",2018,52328,"URSUS CREEK",1328,"N",49.38667997,-125.7569994,2023,132,"NuSEDS_20251103",52328,NA,"N"
"1130","West Vancouver Island","Chinook","CK",2018,52328,"URSUS CREEK",1328,"N",49.38667997,-125.7569994,2024,81,"NuSEDS_20251103",52328,NA,"N"
"1131","West Vancouver Island","Chinook","CK",1452,40253,"SAN JUAN RIVER",1231,"Y",48.55997814,-124.3987804,2025,230,"McHugh_20261024",40253,NA,"Y"
"1132","West Vancouver Island","Chinook","CK",1463,40458,"SARITA RIVER",1252,"Y",48.89706946,-125.0169178,2025,2260,"McHugh_20261024",40458,NA,"Y"
"1133","West Vancouver Island","Chinook","CK",1474,40618,"NAHMINT RIVER",1270,"Y",49.06233209,-124.8844262,2025,493,"McHugh_20261024",40618,NA,"Y"
"1134","West Vancouver Island","Chinook","CK",2017,52318,"BEDWELL RIVER",1327,"N",49.36425733,-125.7768433,2025,124,"McHugh_20261024",52318,NA,"N"
"1135","West Vancouver Island","Chinook","CK",1497,41178,"MEGIN RIVER",1341,"Y",49.43683073,-126.0849837,2025,40,"McHugh_20261024",41178,NA,"Y"
"1136","West Vancouver Island","Chinook","CK",1494,41123,"MOYEHA RIVER",1335,"Y",49.41797231,-125.9124379,2025,135,"McHugh_20261024",41123,NA,"Y"
"1137","West Vancouver Island","Chinook","CK",2014,52218,"TRANQUIL CREEK",1317,"Y",49.20924817,-125.6740736,2025,112,"McHugh_20261024",52218,NA,"Y"
"1138","West Vancouver Island","Chinook","CK",1527,41713,"ZEBALLOS RIVER",1397,"Y",49.98185341,-126.8526419,2025,251,"McHugh_20261024",41713,NA,"Y"
"1139","West Vancouver Island","Chinook","CK",1504,41328,"BURMAN RIVER",1356,"Y",49.60761042,-126.0461614,2025,1465,"McHugh_20261024",41328,NA,"Y"
"1140","West Vancouver Island","Chinook","CK",1518,41498,"LEINER RIVER",1375,"Y",49.91188568,-126.643389,2025,1119,"McHugh_20261024",41498,NA,"Y"
"1141","West Vancouver Island","Chinook","CK",1519,41518,"TAHSIS RIVER",1377,"Y",49.9237004,-126.6585564,2025,897,"McHugh_20261024",41518,NA,"Y"
"1142","West Vancouver Island","Chinook","CK",1505,41348,"GOLD RIVER",1358,"Y",49.68114958,-126.1125545,2025,1361,"McHugh_20261024",41348,NA,"Y"
"1143","West Vancouver Island","Chinook","CK",1541,41873,"ARTLISH RIVER",1413,"Y",50.1150961,-127.0875277,2025,295,"McHugh_20261024",41873,NA,"Y"
"1144","West Vancouver Island","Chinook","CK",1540,41863,"KAOUK RIVER",1412,"Y",50.0635084,-127.0985149,2025,343,"McHugh_20261024",41863,NA,"Y"
"1145","West Vancouver Island","Chinook","CK",1542,41883,"TAHSISH RIVER",1414,"Y",50.13979892,-127.1051293,2025,1012,"McHugh_20261024",41883,NA,"Y"
"1146","West Vancouver Island","Chinook","CK",1440,39958,"MARBLE RIVER",1455,"Y",50.53374517,-127.5095505,2025,491,"McHugh_20261024",39958,NA,"Y"
